"","z","Day","cond","Name_ID"
"SC1_9",-1.90006001315314,9,"Sequencing","CHD5"
"SC1_9.1",-1.7576718210686,9,"Sequencing","UTS2"
"SC1_9.2",-1.66922125566625,9,"Sequencing","TNFRSF9"
"SC1_9.3",-1.79605127677512,9,"Sequencing","FBXO6"
"SC1_9.4",-1.51718227097497,9,"Sequencing","NBL1"
"SC1_9.5",-1.66283629062159,9,"Sequencing","WNT4"
"SC1_9.6",-2.09322127386809,9,"Sequencing","IFNLR1"
"SC1_9.7",-1.39763776921282,9,"Sequencing","CSMD2"
"SC1_9.8",-2.01217586670595,9,"Sequencing","HPCAL4"
"SC1_9.9",-2.20974733749237,9,"Sequencing","FAAH"
"SC1_9.10",-0.557991820817322,9,"Sequencing","SLC25A3P1"
"SC1_9.11",-2.30695789198533,9,"Sequencing","PTGER3"
"SC1_9.12",-1.12560338357964,9,"Sequencing","ENSG00000269933"
"SC1_9.13",-1.58140248602674,9,"Sequencing","PTGFR"
"SC1_9.14",-1.52922166929588,9,"Sequencing","ST13P20"
"SC1_9.15",-1.35946827796651,9,"Sequencing","SAMD13"
"SC1_9.16",-1.67545980587736,9,"Sequencing","UOX"
"SC1_9.17",-1.64556169835216,9,"Sequencing","ENSG00000280099"
"SC1_9.18",-2.04341799131794,9,"Sequencing","PLPPR4"
"SC1_9.19",-2.24454532701176,9,"Sequencing","C1orf194"
"SC1_9.20",-1.50633446169498,9,"Sequencing","SLC6A17"
"SC1_9.21",-0.590632307003809,9,"Sequencing","ENSG00000224950"
"SC1_9.22",-1.47952059986831,9,"Sequencing","ECM1"
"SC1_9.23",-0.789532847174473,9,"Sequencing","S100A3"
"SC1_9.24",-1.23997392889986,9,"Sequencing","FMO2"
"SC1_9.25",-0.942800531065513,9,"Sequencing","SLC9C2"
"SC1_9.26",-1.78580523715816,9,"Sequencing","TNR"
"SC1_9.27",-1.73611311819253,9,"Sequencing","CACNA1E"
"SC1_9.28",-1.98445446314234,9,"Sequencing","BRINP3"
"SC1_9.29",-2.02420611152677,9,"Sequencing","LINC01351"
"SC1_9.30",-1.94087591643905,9,"Sequencing","ENSG00000241505"
"SC1_9.31",-1.86981334722828,9,"Sequencing","ATP2B4"
"SC1_9.32",-1.07401691338828,9,"Sequencing","ENSG00000236846"
"SC1_9.33",-1.42962264127221,9,"Sequencing","LEFTY1"
"SC1_9.34",-2.4920857427487,9,"Sequencing","MAP3K21"
"SC1_9.35",-1.9467534868593,9,"Sequencing","CHRM3"
"SC1_9.36",-1.21494257637907,9,"Sequencing","PLD5"
"SC1_9.37",-0.418860895243,9,"Sequencing","ENSG00000229727"
"SC1_9.38",-2.27437914524427,9,"Sequencing","HPCAL1"
"SC1_9.39",-1.62903967715469,9,"Sequencing","ENSG00000225649"
"SC1_9.40",-1.44015000977257,9,"Sequencing","POMC"
"SC1_9.41",-1.80461441753871,9,"Sequencing","KCNK12"
"SC1_9.42",-1.57072077262544,9,"Sequencing","SFXN5"
"SC1_9.43",-2.01002226846791,9,"Sequencing","CD8B"
"SC1_9.44",-2.12728458968007,9,"Sequencing","ANAPC1P1"
"SC1_9.45",-1.81764212044772,9,"Sequencing","CYTOR"
"SC1_9.46",-1.65148521353229,9,"Sequencing","IL1R1"
"SC1_9.47",-1.6095030559021,9,"Sequencing","LINC01123"
"SC1_9.48",-1.84298936151836,9,"Sequencing","MIR4435-2HG"
"SC1_9.49",-1.53489506184657,9,"Sequencing","SCTR"
"SC1_9.50",-1.73435196377385,9,"Sequencing","ENSG00000228400"
"SC1_9.51",-1.57548832589446,9,"Sequencing","LINC01854"
"SC1_9.52",-1.49411897378067,9,"Sequencing","CCDC74B"
"SC1_9.53",-1.49776312058867,9,"Sequencing","SMIM39"
"SC1_9.54",-1.82462444284888,9,"Sequencing","CCDC74A"
"SC1_9.55",-1.76247521608085,9,"Sequencing","LYPD1"
"SC1_9.56",-2.11004412892622,9,"Sequencing","KCNJ3"
"SC1_9.57",-1.7684154556608,9,"Sequencing","PLA2R1"
"SC1_9.58",-1.96062991263419,9,"Sequencing","SCN1A"
"SC1_9.59",-2.02276868678269,9,"Sequencing","C2orf88"
"SC1_9.60",-1.66192225056556,9,"Sequencing","MSTN"
"SC1_9.61",-2.38449130036346,9,"Sequencing","NYAP2"
"SC1_9.62",-2.01995739920871,9,"Sequencing","ENSG00000273301"
"SC1_9.63",-2.28955998862709,9,"Sequencing","ECEL1"
"SC1_9.64",-1.62949021019605,9,"Sequencing","RAMP1"
"SC1_9.65",-1.91938546067931,9,"Sequencing","CNTN6"
"SC1_9.66",-1.99896617474571,9,"Sequencing","GRM7"
"SC1_9.67",-1.81279662095451,9,"Sequencing","IRAK2"
"SC1_9.68",-2.01143082959029,9,"Sequencing","SYN2"
"SC1_9.69",-1.75362391919672,9,"Sequencing","GRIP2"
"SC1_9.70",-1.45431887664827,9,"Sequencing","ARPP21"
"SC1_9.71",-1.87680968838906,9,"Sequencing","DCLK3"
"SC1_9.72",-1.49872323878042,9,"Sequencing","CCK"
"SC1_9.73",-0.998164716242709,9,"Sequencing","IL17RB"
"SC1_9.74",-1.69500465934987,9,"Sequencing","CACNA2D3"
"SC1_9.75",-1.70630424984792,9,"Sequencing","DNAH12"
"SC1_9.76",-1.27310138956008,9,"Sequencing","CNTN3"
"SC1_9.77",-1.61919621449414,9,"Sequencing","EPHA6"
"SC1_9.78",-1.7408622502579,9,"Sequencing","ENSG00000261292"
"SC1_9.79",-0.692004782380792,9,"Sequencing","ENSG00000239482"
"SC1_9.80",-0.837448885365258,9,"Sequencing","ENSG00000251012"
"SC1_9.81",-1.12482481079738,9,"Sequencing","UPK1B"
"SC1_9.82",-1.94194741261883,9,"Sequencing","ADCY5"
"SC1_9.83",-1.52978306555746,9,"Sequencing","TRH"
"SC1_9.84",-1.59070293900967,9,"Sequencing","COL6A4P2"
"SC1_9.85",-2.15698234840166,9,"Sequencing","ZBTB38"
"SC1_9.86",-1.34823162744485,9,"Sequencing","PCOLCE2"
"SC1_9.87",-0.721532526773566,9,"Sequencing","CPB1"
"SC1_9.88",-1.48902861807789,9,"Sequencing","IQCJ"
"SC1_9.89",-1.46045753163817,9,"Sequencing","LINC01323"
"SC1_9.90",-1.70164500080994,9,"Sequencing","LINC01324"
"SC1_9.91",-2.57245258120143,9,"Sequencing","SLITRK3"
"SC1_9.92",-2.24867239693901,9,"Sequencing","LINC01322"
"SC1_9.93",-1.86154911544409,9,"Sequencing","BCL6"
"SC1_9.94",-1.19414909817715,9,"Sequencing",NA
"SC1_9.95",-1.66065968861128,9,"Sequencing","IL1RAP"
"SC1_9.96",-1.89344993031453,9,"Sequencing","UTS2B"
"SC1_9.97",-1.37710118288577,9,"Sequencing","ZDHHC19"
"SC1_9.98",-1.00962778101066,9,"Sequencing","RPSAP69"
"SC1_9.99",-0.579909922069064,9,"Sequencing","ENSG00000227189"
"SC1_9.100",-1.50871628591775,9,"Sequencing","ENSG00000284727"
"SC1_9.101",-1.74200587202678,9,"Sequencing","MSX1"
"SC1_9.102",-0.341639269637861,9,"Sequencing","GBA3"
"SC1_9.103",-1.68643214476515,9,"Sequencing","CCKAR"
"SC1_9.104",-2.26874453181764,9,"Sequencing","PCDH7"
"SC1_9.105",-0.40763446498949,9,"Sequencing","LINC02513"
"SC1_9.106",-1.69402544820087,9,"Sequencing","ENSG00000260878"
"SC1_9.107",-2.06198691745938,9,"Sequencing","GABRA2"
"SC1_9.108",-2.07100729848787,9,"Sequencing","ENSG00000249330"
"SC1_9.109",-2.00976150502117,9,"Sequencing","GABRB1"
"SC1_9.110",-1.77820649386345,9,"Sequencing","ENSG00000260918"
"SC1_9.111",-1.3220573855466,9,"Sequencing","ADAMTS3"
"SC1_9.112",-1.05505782799453,9,"Sequencing","BTC"
"SC1_9.113",-1.64686293984061,9,"Sequencing","FGF5"
"SC1_9.114",-1.72156588465581,9,"Sequencing","SCD5"
"SC1_9.115",-0.720599915379151,9,"Sequencing","NPNT"
"SC1_9.116",-1.7281679327613,9,"Sequencing","CAMK2D"
"SC1_9.117",-1.75610500752044,9,"Sequencing","PDE5A"
"SC1_9.118",-1.80220787656121,9,"Sequencing","PCDH18"
"SC1_9.119",-1.14803575502385,9,"Sequencing","ENSG00000250777"
"SC1_9.120",-2.2120387370578,9,"Sequencing","FREM3"
"SC1_9.121",-1.66795954640976,9,"Sequencing","TTC29"
"SC1_9.122",-1.09966338020207,9,"Sequencing",NA
"SC1_9.123",-1.84089481146763,9,"Sequencing","GUCY1A1"
"SC1_9.124",-1.98655647058408,9,"Sequencing","ENSG00000260244"
"SC1_9.125",-2.0236023190379,9,"Sequencing","PDGFC"
"SC1_9.126",-1.99885603263903,9,"Sequencing","FSTL5"
"SC1_9.127",-1.95909153521171,9,"Sequencing","ENSG00000250027"
"SC1_9.128",-1.84289929170814,9,"Sequencing","NPY1R"
"SC1_9.129",-2.11788532366781,9,"Sequencing","NPY5R"
"SC1_9.130",-2.13774549832515,9,"Sequencing","GALNTL6"
"SC1_9.131",-1.87712872006518,9,"Sequencing","GLRA3"
"SC1_9.132",-1.86358009852101,9,"Sequencing","ADAM29"
"SC1_9.133",-1.66387418256388,9,"Sequencing","MTNR1A"
"SC1_9.134",-1.55499364143386,9,"Sequencing","RANBP3L"
"SC1_9.135",-1.90389702372073,9,"Sequencing","LIFR"
"SC1_9.136",-1.81315887878664,9,"Sequencing","PTGER4"
"SC1_9.137",-1.75486037648112,9,"Sequencing","GHR"
"SC1_9.138",-0.954622339180995,9,"Sequencing","ESM1"
"SC1_9.139",-2.16175380615678,9,"Sequencing","IL6ST"
"SC1_9.140",-1.96985416062547,9,"Sequencing","RGS7BP"
"SC1_9.141",-0.555071816049211,9,"Sequencing","LINC02197"
"SC1_9.142",-2.05676808949535,9,"Sequencing","SV2C"
"SC1_9.143",-1.48427835618207,9,"Sequencing","MEF2C"
"SC1_9.144",0.0403106554765948,9,"Sequencing","EGR1"
"SC1_9.145",-1.99058898156104,9,"Sequencing","NR3C1"
"SC1_9.146",-1.92669729918901,9,"Sequencing","GRIA1"
"SC1_9.147",-1.40737467814398,9,"Sequencing","ENSG00000249738"
"SC1_9.148",-1.13928557140436,9,"Sequencing","IL12B"
"SC1_9.149",-2.01801537058466,9,"Sequencing","GABRB2"
"SC1_9.150",-1.69797023287748,9,"Sequencing","GABRA1"
"SC1_9.151",-2.22931080271685,9,"Sequencing","GABRG2"
"SC1_9.152",-2.18937296388458,9,"Sequencing","F12"
"SC1_9.153",-0.316169865965872,9,"Sequencing","PRR7-AS1"
"SC1_9.154",-1.70444981313173,9,"Sequencing","TRIM7"
"SC1_9.155",-2.19532125884271,9,"Sequencing","CD83"
"SC1_9.156",-1.83855870452684,9,"Sequencing","RBM24"
"SC1_9.157",-1.19286977846724,9,"Sequencing","RNF144B"
"SC1_9.158",-2.26917806723899,9,"Sequencing","DCDC2"
"SC1_9.159",-1.44086260536051,9,"Sequencing","SLC17A2"
"SC1_9.160",-1.79884614916011,9,"Sequencing","BTN3A1"
"SC1_9.161",-1.97088805151423,9,"Sequencing","RN7SL471P"
"SC1_9.162",-1.1843667993338,9,"Sequencing","TRIM31-AS1"
"SC1_9.163",-1.66495971653138,9,"Sequencing","HLA-DRB5"
"SC1_9.164",-1.81298332369875,9,"Sequencing","TAP1"
"SC1_9.165",-1.44201240278294,9,"Sequencing","CLIC5"
"SC1_9.166",-1.84476507528333,9,"Sequencing","RCAN2"
"SC1_9.167",-1.73933843236085,9,"Sequencing","TENT5A"
"SC1_9.168",-0.968089233303799,9,"Sequencing","TBX18"
"SC1_9.169",-1.98743227245183,9,"Sequencing","GJA10"
"SC1_9.170",-1.96640531970524,9,"Sequencing","FAM162B"
"SC1_9.171",-0.771506841376117,9,"Sequencing","RFX6"
"SC1_9.172",-2.3777846040454,9,"Sequencing","NKAIN2"
"SC1_9.173",-0.510989903326941,9,"Sequencing","ENSG00000237321"
"SC1_9.174",-1.97537166995564,9,"Sequencing","MOXD1"
"SC1_9.175",-1.51556212094401,9,"Sequencing","MAP7"
"SC1_9.176",-1.5915733670644,9,"Sequencing","STXBP5-AS1"
"SC1_9.177",-1.42818669348933,9,"Sequencing","MYCT1"
"SC1_9.178",-1.77004466724046,9,"Sequencing","ENSG00000232529"
"SC1_9.179",-1.95971483763488,9,"Sequencing","LPA"
"SC1_9.180",0.343230829030711,9,"Sequencing","LINC02538"
"SC1_9.181",-1.25858812246254,9,"Sequencing","ENSG00000235994"
"SC1_9.182",-1.24480812448906,9,"Sequencing","KIF25"
"SC1_9.183",-1.77250495423209,9,"Sequencing","ENSG00000234647"
"SC1_9.184",-2.36702349903856,9,"Sequencing","SMOC2"
"SC1_9.185",-2.24514421612685,9,"Sequencing","NXPH1"
"SC1_9.186",-1.80061193466056,9,"Sequencing","GALNT17"
"SC1_9.187",-1.97835323815375,9,"Sequencing","CALN1"
"SC1_9.188",-2.13383842930914,9,"Sequencing","CD36"
"SC1_9.189",-1.91048696492389,9,"Sequencing","GRM3"
"SC1_9.190",-1.98473086469825,9,"Sequencing","TAC1"
"SC1_9.191",-1.73596986541085,9,"Sequencing","AZGP1"
"SC1_9.192",-1.6610042791234,9,"Sequencing","VGF"
"SC1_9.193",-2.27596709889924,9,"Sequencing","LHFPL3"
"SC1_9.194",-1.78773757458942,9,"Sequencing","TMEM229A"
"SC1_9.195",-2.23381252844751,9,"Sequencing","ENSG00000279419"
"SC1_9.196",-1.69992442748355,9,"Sequencing","CHRM2"
"SC1_9.197",-2.06965184140232,9,"Sequencing","CRLF2"
"SC1_9.198",-2.17164648557105,9,"Sequencing","ADGRG2"
"SC1_9.199",-1.92459057223938,9,"Sequencing","MAP7D2"
"SC1_9.200",-1.15560302760998,9,"Sequencing","ENSG00000283400"
"SC1_9.201",-1.67577785635964,9,"Sequencing","PTCHD1"
"SC1_9.202",-1.6530855250598,9,"Sequencing","IL1RAPL1"
"SC1_9.203",-2.00495402122035,9,"Sequencing","DMD"
"SC1_9.204",-2.24255494610455,9,"Sequencing","ERAS"
"SC1_9.205",-0.469463957328504,9,"Sequencing","MAGED4"
"SC1_9.206",-2.01965489685126,9,"Sequencing","PCDH11X"
"SC1_9.207",-2.36362237339801,9,"Sequencing","TCEAL6"
"SC1_9.208",-2.26715419960143,9,"Sequencing","RNF128"
"SC1_9.209",-1.744943403047,9,"Sequencing","SERTM2"
"SC1_9.210",-1.5888957843799,9,"Sequencing","TRPC5"
"SC1_9.211",-1.99078708293067,9,"Sequencing","IL13RA1"
"SC1_9.212",-2.07818774727579,9,"Sequencing","SMIM10L2A"
"SC1_9.213",-1.50731264996869,9,"Sequencing","ARHGEF6"
"SC1_9.214",-2.01393302680858,9,"Sequencing","FGF13"
"SC1_9.215",-2.20217589371461,9,"Sequencing","MCF2"
"SC1_9.216",-1.55454781810231,9,"Sequencing","SLITRK2"
"SC1_9.217",-0.989591778065128,9,"Sequencing","GPR50"
"SC1_9.218",-0.762446651845831,9,"Sequencing","ENSG00000269993"
"SC1_9.219",-1.95334650488138,9,"Sequencing","CSMD1"
"SC1_9.220",-1.84033627190419,9,"Sequencing","ENSG00000284613"
"SC1_9.221",-0.98576269772817,9,"Sequencing","LPL"
"SC1_9.222",-1.81290972137608,9,"Sequencing","LGI3"
"SC1_9.223",-1.31040001859277,9,"Sequencing","STC1"
"SC1_9.224",-0.804759235650298,9,"Sequencing","ADAM28"
"SC1_9.225",-1.35546847205589,9,"Sequencing","ENSG00000253888"
"SC1_9.226",-0.0872335868122917,9,"Sequencing","ENSG00000279099"
"SC1_9.227",-0.770339890299655,9,"Sequencing","ENSG00000253746"
"SC1_9.228",-1.50292348980405,9,"Sequencing","CHRNA6"
"SC1_9.229",-1.63494114398229,9,"Sequencing","OPRK1"
"SC1_9.230",-1.03492580411614,9,"Sequencing","ENSG00000254254"
"SC1_9.231",-1.40761244802053,9,"Sequencing","TTPA"
"SC1_9.232",-2.06543359106069,9,"Sequencing","SBSPON"
"SC1_9.233",-1.84681023940355,9,"Sequencing","PI15"
"SC1_9.234",-0.946085977623681,9,"Sequencing","IL7"
"SC1_9.235",-1.8037565348478,9,"Sequencing","MATN2"
"SC1_9.236",-2.07572666700177,9,"Sequencing","SPAG1"
"SC1_9.237",-1.95763038586826,9,"Sequencing","ANGPT1"
"SC1_9.238",-2.06109353370629,9,"Sequencing","RSPO2"
"SC1_9.239",-1.0417978458791,9,"Sequencing","TRHR"
"SC1_9.240",-1.66683486982168,9,"Sequencing","SNTB1"
"SC1_9.241",-0.257802565250088,9,"Sequencing","ENSG00000244791"
"SC1_9.242",-2.11733268686937,9,"Sequencing","ADCY8"
"SC1_9.243",-0.604840721027125,9,"Sequencing","ENSG00000253259"
"SC1_9.244",-1.75968709919433,9,"Sequencing","ENSG00000253507"
"SC1_9.245",-1.72600977401175,9,"Sequencing","KCNK9"
"SC1_9.246",-2.09186975958302,9,"Sequencing","LY6H"
"SC1_9.247",-2.18184309154529,9,"Sequencing","CD274"
"SC1_9.248",-1.13666667699098,9,"Sequencing","ENSG00000226197"
"SC1_9.249",-1.09873974777582,9,"Sequencing","ENSG00000225472"
"SC1_9.250",-1.30303890916321,9,"Sequencing","BNC2"
"SC1_9.251",-1.88453016464391,9,"Sequencing","SLC24A2"
"SC1_9.252",-0.870899605660131,9,"Sequencing","ENSG00000260390"
"SC1_9.253",-2.12581456691152,9,"Sequencing","ENSG00000260412"
"SC1_9.254",-2.45002791277714,9,"Sequencing","LINGO2"
"SC1_9.255",-1.16140529032908,9,"Sequencing","AQP3"
"SC1_9.256",-2.17713389336328,9,"Sequencing","FAM189A2"
"SC1_9.257",-2.2189616819905,9,"Sequencing","NTRK2"
"SC1_9.258",-2.0642724251953,9,"Sequencing","FGD3"
"SC1_9.259",-1.87423174526039,9,"Sequencing","FBP1"
"SC1_9.260",-0.617569555842961,9,"Sequencing","GAS2L1P2"
"SC1_9.261",-1.88258666782761,9,"Sequencing","GRIN3A"
"SC1_9.262",-0.829193189349723,9,"Sequencing","PPP3R2"
"SC1_9.263",-1.42405962677717,9,"Sequencing","LINC01505"
"SC1_9.264",-1.9201469013756,9,"Sequencing","BRINP1"
"SC1_9.265",-1.99214440793513,9,"Sequencing","GPR21"
"SC1_9.266",-1.3485451643578,9,"Sequencing","MIR181A2HG"
"SC1_9.267",-0.843218759202735,9,"Sequencing","IER5L"
"SC1_9.268",-1.35973374101295,9,"Sequencing","C9orf50"
"SC1_9.269",-1.63079159704915,9,"Sequencing","NACC2"
"SC1_9.270",-1.58537778400056,9,"Sequencing","GRIN1"
"SC1_9.271",-1.65108823705696,9,"Sequencing","TH"
"SC1_9.272",-1.64290103822258,9,"Sequencing","SPON1"
"SC1_9.273",-1.72857185848524,9,"Sequencing","NCR3LG1"
"SC1_9.274",-1.90255441549316,9,"Sequencing","ENSG00000270607"
"SC1_9.275",-1.7960216057286,9,"Sequencing","ENSG00000279675"
"SC1_9.276",-1.83283509991946,9,"Sequencing","LRRC4C"
"SC1_9.277",-1.38032166744255,9,"Sequencing","LINC02740"
"SC1_9.278",-1.87502562113299,9,"Sequencing","MS4A7"
"SC1_9.279",-1.13550707012201,9,"Sequencing","MS4A14"
"SC1_9.280",-1.20005384680804,9,"Sequencing","MS4A1"
"SC1_9.281",-1.31981405808288,9,"Sequencing","MIR6746"
"SC1_9.282",-1.95936795959313,9,"Sequencing","KCNK4"
"SC1_9.283",-1.93913733717364,9,"Sequencing","ENSG00000257069"
"SC1_9.284",-1.62727067710472,9,"Sequencing","CATSPERZ"
"SC1_9.285",-0.894767926911372,9,"Sequencing","SHANK2-AS1"
"SC1_9.286",-1.94024366034054,9,"Sequencing","ARHGEF17"
"SC1_9.287",-1.68275512046112,9,"Sequencing","GRM5"
"SC1_9.288",-1.83028457534385,9,"Sequencing","MMP10"
"SC1_9.289",-1.87314180550565,9,"Sequencing","MMP1"
"SC1_9.290",-1.99900233510416,9,"Sequencing","PDGFD"
"SC1_9.291",-1.91672174208419,9,"Sequencing","C11orf87"
"SC1_9.292",-1.88136234091795,9,"Sequencing","ARHGAP20"
"SC1_9.293",-1.64934069082055,9,"Sequencing","LAYN"
"SC1_9.294",-1.65652309381929,9,"Sequencing","SCN2B"
"SC1_9.295",-1.78145938950982,9,"Sequencing","ABCG4"
"SC1_9.296",-1.29502828018358,9,"Sequencing","TRIM29"
"SC1_9.297",-2.18032617371076,9,"Sequencing","MIR100HG"
"SC1_9.298",-1.33294570311547,9,"Sequencing","MIR125B1"
"SC1_9.299",-1.10981740614408,9,"Sequencing","ENSG00000238117"
"SC1_9.300",-1.13780990826037,9,"Sequencing","LINC02714"
"SC1_9.301",-1.50586488918674,9,"Sequencing","LINC00707"
"SC1_9.302",-1.86116944144533,9,"Sequencing","SFMBT2"
"SC1_9.303",-1.64022800704334,9,"Sequencing","ARMC3"
"SC1_9.304",-1.45130829815892,9,"Sequencing","MKX"
"SC1_9.305",-1.73548691914165,9,"Sequencing","FZD8"
"SC1_9.306",-1.64999035692949,9,"Sequencing","MIR4683"
"SC1_9.307",-1.29445577576441,9,"Sequencing","ANXA8L1"
"SC1_9.308",-2.13960665716244,9,"Sequencing","LRRTM3"
"SC1_9.309",-1.81465260049899,9,"Sequencing","TLL2"
"SC1_9.310",-2.1441011845103,9,"Sequencing","SORCS1"
"SC1_9.311",-2.08227972925538,9,"Sequencing","CHST15"
"SC1_9.312",-1.98895049955013,9,"Sequencing","PTPRE"
"SC1_9.313",-1.77901456111411,9,"Sequencing","JAKMIP3"
"SC1_9.314",-1.17829999866139,9,"Sequencing","ENSG00000249695"
"SC1_9.315",-1.95452346435619,9,"Sequencing","GRIN2B"
"SC1_9.316",-1.9875596020288,9,"Sequencing","RERG"
"SC1_9.317",-1.3748460522247,9,"Sequencing","PTHLH"
"SC1_9.318",-1.87538555596209,9,"Sequencing","PDZRN4"
"SC1_9.319",-2.18096168671763,9,"Sequencing","TMEM117"
"SC1_9.320",-1.71242898480935,9,"Sequencing","ENSG00000258101"
"SC1_9.321",-1.89030000422307,9,"Sequencing","KRT18"
"SC1_9.322",-1.76029590313072,9,"Sequencing","TAFA2"
"SC1_9.323",-0.627559623046203,9,"Sequencing","LINC02458"
"SC1_9.324",-1.60161064325131,9,"Sequencing","NTN4"
"SC1_9.325",-2.10919350998555,9,"Sequencing","SLC17A8"
"SC1_9.326",-0.835892591984203,9,"Sequencing","ENSG00000257548"
"SC1_9.327",-1.68681093586949,9,"Sequencing","TMEM233"
"SC1_9.328",-1.67839366958015,9,"Sequencing","MIR1178"
"SC1_9.329",-0.296968319120024,9,"Sequencing","ENSG00000280381"
"SC1_9.330",-2.20087248430557,9,"Sequencing","TMEM132D"
"SC1_9.331",-1.09379394298919,9,"Sequencing","LINC02340"
"SC1_9.332",-2.0329560599542,9,"Sequencing","FLT3"
"SC1_9.333",-0.798969533489442,9,"Sequencing","STOML3"
"SC1_9.334",-1.91276021187238,9,"Sequencing","KCTD4"
"SC1_9.335",-0.739664707938501,9,"Sequencing","ENSG00000278727"
"SC1_9.336",-2.06370080718157,9,"Sequencing","SLITRK6"
"SC1_9.337",-1.65499811261597,9,"Sequencing","ENSG00000232636"
"SC1_9.338",-2.03765471302285,9,"Sequencing","MIR4500HG"
"SC1_9.339",-1.81768271032824,9,"Sequencing","COL4A2"
"SC1_9.340",-1.88232407744421,9,"Sequencing","NPAS3"
"SC1_9.341",-1.85037303969994,9,"Sequencing","ENSG00000258636"
"SC1_9.342",-1.95960459563478,9,"Sequencing","LRFN5"
"SC1_9.343",-2.02837683165232,9,"Sequencing","MDGA2"
"SC1_9.344",-1.89721474446174,9,"Sequencing","PTGER2"
"SC1_9.345",-1.58837292075304,9,"Sequencing","LGALS3"
"SC1_9.346",-2.17907247640386,9,"Sequencing","SYT16"
"SC1_9.347",-1.83315754256359,9,"Sequencing","KCNH5"
"SC1_9.348",-2.02215431298938,9,"Sequencing","TMEM229B"
"SC1_9.349",-1.49711979098601,9,"Sequencing","ENSG00000258422"
"SC1_9.350",-1.55603334021434,9,"Sequencing","FOS"
"SC1_9.351",-1.8752911230168,9,"Sequencing","NRXN3"
"SC1_9.352",-1.51259191606343,9,"Sequencing","ENSG00000258419"
"SC1_9.353",-2.14169533368009,9,"Sequencing","TSHR"
"SC1_9.354",-1.54142032578448,9,"Sequencing","MEG8"
"SC1_9.355",-1.39721348260798,9,"Sequencing","DIO3"
"SC1_9.356",-1.45775535452372,9,"Sequencing","ENSG00000260780"
"SC1_9.357",-0.598956215340674,9,"Sequencing","SNORD116-18"
"SC1_9.358",-1.78022180218443,9,"Sequencing","SNORD115-1"
"SC1_9.359",-1.66566297493479,9,"Sequencing","SNORD115-46"
"SC1_9.360",-2.12957384649596,9,"Sequencing","GABRA5"
"SC1_9.361",-2.23445394191759,9,"Sequencing","GJD2"
"SC1_9.362",-1.82084379562486,9,"Sequencing","MEIS2"
"SC1_9.363",-1.08747895383211,9,"Sequencing","ENSG00000276121"
"SC1_9.364",-1.21550884775195,9,"Sequencing","FGF7"
"SC1_9.365",-2.1924342332713,9,"Sequencing","LYSMD2"
"SC1_9.366",-1.42729249740786,9,"Sequencing","THSD4"
"SC1_9.367",-1.86531924099401,9,"Sequencing","ENSG00000275120"
"SC1_9.368",-1.81335175330966,9,"Sequencing","ENSG00000276278"
"SC1_9.369",-1.43098706579893,9,"Sequencing","PLIN1"
"SC1_9.370",-1.65790392751663,9,"Sequencing","ENSG00000260337"
"SC1_9.371",-1.45775387813602,9,"Sequencing","FAM169B"
"SC1_9.372",-1.90621436406366,9,"Sequencing","ADAMTS17"
"SC1_9.373",-1.68749905365031,9,"Sequencing","TNFRSF12A"
"SC1_9.374",-0.922869492042167,9,"Sequencing","ENSG00000262668"
"SC1_9.375",-2.40212386595141,9,"Sequencing","GRIN2A"
"SC1_9.376",-1.91765841283421,9,"Sequencing","SOCS1"
"SC1_9.377",-1.68962518354209,9,"Sequencing","ENSG00000262801"
"SC1_9.378",-1.15229571379132,9,"Sequencing","ENSG00000262267"
"SC1_9.379",-1.80815725899105,9,"Sequencing","TMC5"
"SC1_9.380",-1.52148147133387,9,"Sequencing","RNU4-46P"
"SC1_9.381",-1.46068946534693,9,"Sequencing","HS3ST4"
"SC1_9.382",-1.21458292837079,9,"Sequencing","ENSG00000283662"
"SC1_9.383",-1.94617454081745,9,"Sequencing","LPCAT2"
"SC1_9.384",-1.67159525530169,9,"Sequencing","MT3"
"SC1_9.385",-1.98650989933403,9,"Sequencing","CDH8"
"SC1_9.386",-0.953412896798723,9,"Sequencing","ENSG00000260600"
"SC1_9.387",-1.04896916805397,9,"Sequencing","ENSG00000231589"
"SC1_9.388",-1.3939106427973,9,"Sequencing","HSF4"
"SC1_9.389",-0.849272290447404,9,"Sequencing","ENSG00000262691"
"SC1_9.390",-2.03658984054131,9,"Sequencing","ENSG00000260577"
"SC1_9.391",-1.67381383233567,9,"Sequencing","HAS3"
"SC1_9.392",-1.45186705410628,9,"Sequencing","HPR"
"SC1_9.393",-1.89325478046673,9,"Sequencing","ENSG00000277954"
"SC1_9.394",-1.66203159258021,9,"Sequencing","ENSG00000261722"
"SC1_9.395",-1.57553786905661,9,"Sequencing","MAF"
"SC1_9.396",-1.34084039844523,9,"Sequencing","ENSG00000277214"
"SC1_9.397",-1.41231704213846,9,"Sequencing","ENSG00000278058"
"SC1_9.398",-1.5708095563593,9,"Sequencing","HSD17B2"
"SC1_9.399",-1.51207598032043,9,"Sequencing","ATP2C2"
"SC1_9.400",-1.27963902214732,9,"Sequencing","ENSG00000260279"
"SC1_9.401",-1.54827788127923,9,"Sequencing","SERPINF2"
"SC1_9.402",-1.81858011077271,9,"Sequencing","GUCY2D"
"SC1_9.403",-1.57555071967834,9,"Sequencing","ENSG00000279174"
"SC1_9.404",-1.0052273185513,9,"Sequencing","LINC00670"
"SC1_9.405",-1.82248797143632,9,"Sequencing","ASIC2"
"SC1_9.406",-1.65075447604199,9,"Sequencing","PLXDC1"
"SC1_9.407",-1.49696716858281,9,"Sequencing","HAP1"
"SC1_9.408",-1.29183781477607,9,"Sequencing","ENSG00000276851"
"SC1_9.409",-1.66600452278051,9,"Sequencing","CA10"
"SC1_9.410",-1.48262727722602,9,"Sequencing","NOG"
"SC1_9.411",-1.6641689498934,9,"Sequencing","TRIM25"
"SC1_9.412",-1.80586952703345,9,"Sequencing","PRKCA"
"SC1_9.413",-1.97895604534118,9,"Sequencing","KCNJ2-AS1"
"SC1_9.414",-2.23808556297822,9,"Sequencing","KCNJ2"
"SC1_9.415",-1.15123010240457,9,"Sequencing","ENSG00000276863"
"SC1_9.416",-0.968883296831803,9,"Sequencing","ENSG00000263606"
"SC1_9.417",-1.66863065323503,9,"Sequencing","LDLRAD4"
"SC1_9.418",-0.155885977218626,9,"Sequencing","RN7SL362P"
"SC1_9.419",-1.34090430515165,9,"Sequencing","CHST9"
"SC1_9.420",-1.8506285017742,9,"Sequencing","GAREM1"
"SC1_9.421",-2.27878317962074,9,"Sequencing","RIT2"
"SC1_9.422",-1.77426406129842,9,"Sequencing","PSTPIP2"
"SC1_9.423",-2.15177216038794,9,"Sequencing","RAB27B"
"SC1_9.424",-0.766133896487832,9,"Sequencing","SERPINB2"
"SC1_9.425",-0.667457526725066,9,"Sequencing","SERPINB10"
"SC1_9.426",-1.48237019466463,9,"Sequencing","LINC00305"
"SC1_9.427",-1.91011849759403,9,"Sequencing","CDH7"
"SC1_9.428",-1.59601323023886,9,"Sequencing","ENSG00000263720"
"SC1_9.429",-1.63115222810525,9,"Sequencing","CBLN2"
"SC1_9.430",-2.01078348449661,9,"Sequencing","LINC01896"
"SC1_9.431",-1.79135331895999,9,"Sequencing","SALL3"
"SC1_9.432",-0.943135824853898,9,"Sequencing","PDYN"
"SC1_9.433",-0.937259697454617,9,"Sequencing","TGM3"
"SC1_9.434",-1.62957650889613,9,"Sequencing","EBF4"
"SC1_9.435",-1.98621659721202,9,"Sequencing","SLC24A3"
"SC1_9.436",-1.40121849564341,9,"Sequencing","ANKRD20A21P"
"SC1_9.437",-1.99245125116325,9,"Sequencing","MAFB"
"SC1_9.438",-1.96088920369437,9,"Sequencing","PTPRT"
"SC1_9.439",-1.78448267887829,9,"Sequencing","ENSG00000233508"
"SC1_9.440",-1.65407850391649,9,"Sequencing","SYCP2"
"SC1_9.441",-1.64098217225509,9,"Sequencing","CDH4"
"SC1_9.442",-1.83375465506646,9,"Sequencing","MIR1-1HG-AS1"
"SC1_9.443",-1.45689299882872,9,"Sequencing","THEG"
"SC1_9.444",-1.89826004614787,9,"Sequencing","SBNO2"
"SC1_9.445",-1.48630250730277,9,"Sequencing","ZNF556"
"SC1_9.446",-1.71306645600193,9,"Sequencing","FUT3"
"SC1_9.447",-1.80863065294314,9,"Sequencing","JUNB"
"SC1_9.448",-2.29420729000512,9,"Sequencing","NANOS3"
"SC1_9.449",-2.11787718796037,9,"Sequencing","IL27RA"
"SC1_9.450",-1.71717344846522,9,"Sequencing","WTIP"
"SC1_9.451",-2.07750131599027,9,"Sequencing","CYP2A13"
"SC1_9.452",-1.92335088432838,9,"Sequencing","BCL3"
"SC1_9.453",-1.56303241032381,9,"Sequencing","GFY"
"SC1_9.454",-1.86822666786589,9,"Sequencing","HAS1"
"SC1_9.455",-1.30714233236716,9,"Sequencing","MIR935"
"SC1_9.456",-1.62315345221298,9,"Sequencing","LINC01864"
"SC1_9.457",-0.760631207889725,9,"Sequencing","ZSCAN4"
"SC1_9.458",-1.71426926355829,9,"Sequencing","LINC01638"
"SC1_9.459",-1.99269333066916,9,"Sequencing","C22orf42"
"SC1_9.460",-1.40322247724763,9,"Sequencing","CACNA1I"
"SC1_9.461",-1.6854668043043,9,"Sequencing","NFAM1"
"SC1_9.462",-1.36201397932113,9,"Sequencing","ENSG00000230107"
"SC1_9.463",-2.01214002510573,9,"Sequencing","SHISAL1"
"SC1_9.464",-2.14143895494365,9,"Sequencing","NCAM2"
"SC1_9.465",-1.45993014684021,9,"Sequencing","ADAMTS1"
"SC1_9.466",-1.68724949692311,9,"Sequencing","RUNX1"
"SC1_9.467",-2.13608108073193,9,"Sequencing","PCP4"
"SC1_9.468",-1.82808783902822,9,"Sequencing","COL18A1"
"SC2_9",-2.04078336562805,9,"Sequencing","CHD5"
"SC2_9.1",-1.55601293944643,9,"Sequencing","UTS2"
"SC2_9.2",-1.21309627347063,9,"Sequencing","TNFRSF9"
"SC2_9.3",-1.90141195317092,9,"Sequencing","FBXO6"
"SC2_9.4",-1.76489901014849,9,"Sequencing","NBL1"
"SC2_9.5",-1.48342129410162,9,"Sequencing","WNT4"
"SC2_9.6",-2.29572049027452,9,"Sequencing","IFNLR1"
"SC2_9.7",-2.2186788128132,9,"Sequencing","CSMD2"
"SC2_9.8",-1.73754598674024,9,"Sequencing","HPCAL4"
"SC2_9.9",-2.06051622717797,9,"Sequencing","FAAH"
"SC2_9.10",-0.557991820817322,9,"Sequencing","SLC25A3P1"
"SC2_9.11",-1.89122212496125,9,"Sequencing","PTGER3"
"SC2_9.12",-1.41435572351122,9,"Sequencing","ENSG00000269933"
"SC2_9.13",-1.78699342567711,9,"Sequencing","PTGFR"
"SC2_9.14",-0.826199774032749,9,"Sequencing","ST13P20"
"SC2_9.15",-2.01476924968406,9,"Sequencing","SAMD13"
"SC2_9.16",-1.6095164588637,9,"Sequencing","UOX"
"SC2_9.17",-1.08768943707106,9,"Sequencing","ENSG00000280099"
"SC2_9.18",-1.85929111023555,9,"Sequencing","PLPPR4"
"SC2_9.19",-1.22168748284464,9,"Sequencing","C1orf194"
"SC2_9.20",-1.57011584501444,9,"Sequencing","SLC6A17"
"SC2_9.21",-1.18390895767047,9,"Sequencing","ENSG00000224950"
"SC2_9.22",-1.51416370767881,9,"Sequencing","ECM1"
"SC2_9.23",-0.953816786354158,9,"Sequencing","S100A3"
"SC2_9.24",-1.23997392889986,9,"Sequencing","FMO2"
"SC2_9.25",-1.47402234762123,9,"Sequencing","SLC9C2"
"SC2_9.26",-1.91350166702938,9,"Sequencing","TNR"
"SC2_9.27",-1.94720113855375,9,"Sequencing","CACNA1E"
"SC2_9.28",-2.25368043021081,9,"Sequencing","BRINP3"
"SC2_9.29",-1.83734998141549,9,"Sequencing","LINC01351"
"SC2_9.30",-1.56191737874075,9,"Sequencing","ENSG00000241505"
"SC2_9.31",-1.98951344141267,9,"Sequencing","ATP2B4"
"SC2_9.32",-0.687723367630188,9,"Sequencing","ENSG00000236846"
"SC2_9.33",-1.7362952597945,9,"Sequencing","LEFTY1"
"SC2_9.34",-1.6905878900644,9,"Sequencing","MAP3K21"
"SC2_9.35",-1.79547509456315,9,"Sequencing","CHRM3"
"SC2_9.36",-1.79732922704784,9,"Sequencing","PLD5"
"SC2_9.37",-0.93808500772259,9,"Sequencing","ENSG00000229727"
"SC2_9.38",-1.72067221411817,9,"Sequencing","HPCAL1"
"SC2_9.39",-1.95746526095115,9,"Sequencing","ENSG00000225649"
"SC2_9.40",-1.01214573775283,9,"Sequencing","POMC"
"SC2_9.41",-1.83493314615968,9,"Sequencing","KCNK12"
"SC2_9.42",-1.79813219782293,9,"Sequencing","SFXN5"
"SC2_9.43",-1.85338280745496,9,"Sequencing","CD8B"
"SC2_9.44",-1.94769133889441,9,"Sequencing","ANAPC1P1"
"SC2_9.45",-1.07824998492822,9,"Sequencing","CYTOR"
"SC2_9.46",-1.02487310567414,9,"Sequencing","IL1R1"
"SC2_9.47",-1.77718786114163,9,"Sequencing","LINC01123"
"SC2_9.48",-1.45442294748075,9,"Sequencing","MIR4435-2HG"
"SC2_9.49",-1.37146224962399,9,"Sequencing","SCTR"
"SC2_9.50",-2.39340299713511,9,"Sequencing","ENSG00000228400"
"SC2_9.51",-1.6473982550013,9,"Sequencing","LINC01854"
"SC2_9.52",-1.94268727093241,9,"Sequencing","CCDC74B"
"SC2_9.53",-1.85764687705992,9,"Sequencing","SMIM39"
"SC2_9.54",-1.55840877383924,9,"Sequencing","CCDC74A"
"SC2_9.55",-1.6150594649979,9,"Sequencing","LYPD1"
"SC2_9.56",-2.02538197412822,9,"Sequencing","KCNJ3"
"SC2_9.57",-1.80834798174709,9,"Sequencing","PLA2R1"
"SC2_9.58",-2.2414530781995,9,"Sequencing","SCN1A"
"SC2_9.59",-1.87303545976126,9,"Sequencing","C2orf88"
"SC2_9.60",-1.64991899019908,9,"Sequencing","MSTN"
"SC2_9.61",-2.09139196691294,9,"Sequencing","NYAP2"
"SC2_9.62",-1.89818404685758,9,"Sequencing","ENSG00000273301"
"SC2_9.63",-1.66676840501916,9,"Sequencing","ECEL1"
"SC2_9.64",-1.41732650352409,9,"Sequencing","RAMP1"
"SC2_9.65",-2.03815956699085,9,"Sequencing","CNTN6"
"SC2_9.66",-1.76484884990685,9,"Sequencing","GRM7"
"SC2_9.67",-1.99074711747537,9,"Sequencing","IRAK2"
"SC2_9.68",-1.81906917679303,9,"Sequencing","SYN2"
"SC2_9.69",-2.13132640721773,9,"Sequencing","GRIP2"
"SC2_9.70",-1.97692950009788,9,"Sequencing","ARPP21"
"SC2_9.71",-0.977875363822339,9,"Sequencing","DCLK3"
"SC2_9.72",-1.11600760412196,9,"Sequencing","CCK"
"SC2_9.73",-0.878509477327049,9,"Sequencing","IL17RB"
"SC2_9.74",-2.16111771569993,9,"Sequencing","CACNA2D3"
"SC2_9.75",-1.73976072494723,9,"Sequencing","DNAH12"
"SC2_9.76",-1.81783345883388,9,"Sequencing","CNTN3"
"SC2_9.77",-2.29190260230153,9,"Sequencing","EPHA6"
"SC2_9.78",-2.21518364003337,9,"Sequencing","ENSG00000261292"
"SC2_9.79",-0.753552718639542,9,"Sequencing","ENSG00000239482"
"SC2_9.80",-0.883733260423445,9,"Sequencing","ENSG00000251012"
"SC2_9.81",-1.27388501969484,9,"Sequencing","UPK1B"
"SC2_9.82",-1.96321421956232,9,"Sequencing","ADCY5"
"SC2_9.83",-1.36374115908502,9,"Sequencing","TRH"
"SC2_9.84",-2.00619799023679,9,"Sequencing","COL6A4P2"
"SC2_9.85",-1.74350254327454,9,"Sequencing","ZBTB38"
"SC2_9.86",-1.49530580730327,9,"Sequencing","PCOLCE2"
"SC2_9.87",-0.69370293467873,9,"Sequencing","CPB1"
"SC2_9.88",-1.59239665806315,9,"Sequencing","IQCJ"
"SC2_9.89",-1.49343479775135,9,"Sequencing","LINC01323"
"SC2_9.90",-1.94718642563017,9,"Sequencing","LINC01324"
"SC2_9.91",-2.04714859919171,9,"Sequencing","SLITRK3"
"SC2_9.92",-1.94603986465467,9,"Sequencing","LINC01322"
"SC2_9.93",-2.0507371023671,9,"Sequencing","BCL6"
"SC2_9.94",-1.19248071101693,9,"Sequencing",NA
"SC2_9.95",-1.57657857717675,9,"Sequencing","IL1RAP"
"SC2_9.96",-1.57021407866757,9,"Sequencing","UTS2B"
"SC2_9.97",-1.04299735079741,9,"Sequencing","ZDHHC19"
"SC2_9.98",-1.12399789474378,9,"Sequencing","RPSAP69"
"SC2_9.99",-0.646807238952405,9,"Sequencing","ENSG00000227189"
"SC2_9.100",-1.91226827594087,9,"Sequencing","ENSG00000284727"
"SC2_9.101",-1.82018630330385,9,"Sequencing","MSX1"
"SC2_9.102",-0.960235998225286,9,"Sequencing","GBA3"
"SC2_9.103",-1.68643214476515,9,"Sequencing","CCKAR"
"SC2_9.104",-1.96618300266551,9,"Sequencing","PCDH7"
"SC2_9.105",-1.18539310181547,9,"Sequencing","LINC02513"
"SC2_9.106",-2.04733841068232,9,"Sequencing","ENSG00000260878"
"SC2_9.107",-2.17679719251405,9,"Sequencing","GABRA2"
"SC2_9.108",-1.63770063889866,9,"Sequencing","ENSG00000249330"
"SC2_9.109",-1.9142722593694,9,"Sequencing","GABRB1"
"SC2_9.110",-2.02466421839683,9,"Sequencing","ENSG00000260918"
"SC2_9.111",-1.75535901528581,9,"Sequencing","ADAMTS3"
"SC2_9.112",-0.822343306149925,9,"Sequencing","BTC"
"SC2_9.113",-2.1408093233673,9,"Sequencing","FGF5"
"SC2_9.114",-2.12983294537038,9,"Sequencing","SCD5"
"SC2_9.115",-1.23914731340813,9,"Sequencing","NPNT"
"SC2_9.116",-1.86787027517128,9,"Sequencing","CAMK2D"
"SC2_9.117",-2.11485783900002,9,"Sequencing","PDE5A"
"SC2_9.118",-1.87914119943374,9,"Sequencing","PCDH18"
"SC2_9.119",-1.17872023928717,9,"Sequencing","ENSG00000250777"
"SC2_9.120",-1.89490037439668,9,"Sequencing","FREM3"
"SC2_9.121",-1.99994813191878,9,"Sequencing","TTC29"
"SC2_9.122",-1.09966338020207,9,"Sequencing",NA
"SC2_9.123",-2.17388380753803,9,"Sequencing","GUCY1A1"
"SC2_9.124",-2.06945013770538,9,"Sequencing","ENSG00000260244"
"SC2_9.125",-1.94065787570652,9,"Sequencing","PDGFC"
"SC2_9.126",-1.91996932745625,9,"Sequencing","FSTL5"
"SC2_9.127",-1.95909153521171,9,"Sequencing","ENSG00000250027"
"SC2_9.128",-2.11766359037776,9,"Sequencing","NPY1R"
"SC2_9.129",-2.11166613700895,9,"Sequencing","NPY5R"
"SC2_9.130",-2.09408212298005,9,"Sequencing","GALNTL6"
"SC2_9.131",-2.26727972181622,9,"Sequencing","GLRA3"
"SC2_9.132",-2.12983230720357,9,"Sequencing","ADAM29"
"SC2_9.133",-1.23196401063195,9,"Sequencing","MTNR1A"
"SC2_9.134",-0.815944267631238,9,"Sequencing","RANBP3L"
"SC2_9.135",-1.92072400720813,9,"Sequencing","LIFR"
"SC2_9.136",-1.71637675076606,9,"Sequencing","PTGER4"
"SC2_9.137",-1.21014504595941,9,"Sequencing","GHR"
"SC2_9.138",-0.738320896069698,9,"Sequencing","ESM1"
"SC2_9.139",-1.79311681319634,9,"Sequencing","IL6ST"
"SC2_9.140",-1.83151935319877,9,"Sequencing","RGS7BP"
"SC2_9.141",-1.42084223828291,9,"Sequencing","LINC02197"
"SC2_9.142",-1.461153510497,9,"Sequencing","SV2C"
"SC2_9.143",-2.49655455731343,9,"Sequencing","MEF2C"
"SC2_9.144",-1.03448357557585,9,"Sequencing","EGR1"
"SC2_9.145",-1.96813299705446,9,"Sequencing","NR3C1"
"SC2_9.146",-1.88731971990723,9,"Sequencing","GRIA1"
"SC2_9.147",-1.40492375807073,9,"Sequencing","ENSG00000249738"
"SC2_9.148",-0.896260783748444,9,"Sequencing","IL12B"
"SC2_9.149",-1.77067452233277,9,"Sequencing","GABRB2"
"SC2_9.150",-1.43021720713349,9,"Sequencing","GABRA1"
"SC2_9.151",-1.77505990239,9,"Sequencing","GABRG2"
"SC2_9.152",-2.08115219361077,9,"Sequencing","F12"
"SC2_9.153",-1.51525339627308,9,"Sequencing","PRR7-AS1"
"SC2_9.154",-1.91233612120132,9,"Sequencing","TRIM7"
"SC2_9.155",-1.85064999196509,9,"Sequencing","CD83"
"SC2_9.156",-1.97570384789593,9,"Sequencing","RBM24"
"SC2_9.157",-1.18435576139324,9,"Sequencing","RNF144B"
"SC2_9.158",-1.53569968600735,9,"Sequencing","DCDC2"
"SC2_9.159",-1.32541204725555,9,"Sequencing","SLC17A2"
"SC2_9.160",-2.22687474852061,9,"Sequencing","BTN3A1"
"SC2_9.161",-1.69622977012946,9,"Sequencing","RN7SL471P"
"SC2_9.162",-1.23491057584508,9,"Sequencing","TRIM31-AS1"
"SC2_9.163",-1.03451172901926,9,"Sequencing","HLA-DRB5"
"SC2_9.164",-1.75905259800709,9,"Sequencing","TAP1"
"SC2_9.165",-1.53627568126133,9,"Sequencing","CLIC5"
"SC2_9.166",-1.44148489523728,9,"Sequencing","RCAN2"
"SC2_9.167",-1.80613166686245,9,"Sequencing","TENT5A"
"SC2_9.168",-1.11929292466189,9,"Sequencing","TBX18"
"SC2_9.169",-1.91924620413419,9,"Sequencing","GJA10"
"SC2_9.170",-2.1055291523702,9,"Sequencing","FAM162B"
"SC2_9.171",-0.964475575179833,9,"Sequencing","RFX6"
"SC2_9.172",-1.91864689147174,9,"Sequencing","NKAIN2"
"SC2_9.173",-1.22724825362173,9,"Sequencing","ENSG00000237321"
"SC2_9.174",-1.73366497204222,9,"Sequencing","MOXD1"
"SC2_9.175",-2.02323065239291,9,"Sequencing","MAP7"
"SC2_9.176",-1.65601576271182,9,"Sequencing","STXBP5-AS1"
"SC2_9.177",-1.76839880034007,9,"Sequencing","MYCT1"
"SC2_9.178",-1.70127310929429,9,"Sequencing","ENSG00000232529"
"SC2_9.179",-1.44196026469564,9,"Sequencing","LPA"
"SC2_9.180",-1.03731856968338,9,"Sequencing","LINC02538"
"SC2_9.181",-1.16120530717933,9,"Sequencing","ENSG00000235994"
"SC2_9.182",-0.356766886851997,9,"Sequencing","KIF25"
"SC2_9.183",-1.25913845100705,9,"Sequencing","ENSG00000234647"
"SC2_9.184",-2.05392205167584,9,"Sequencing","SMOC2"
"SC2_9.185",-1.90150313549294,9,"Sequencing","NXPH1"
"SC2_9.186",-1.87366863570951,9,"Sequencing","GALNT17"
"SC2_9.187",-1.6951135530307,9,"Sequencing","CALN1"
"SC2_9.188",-2.08434354392609,9,"Sequencing","CD36"
"SC2_9.189",-1.90336682534124,9,"Sequencing","GRM3"
"SC2_9.190",-1.53075521346424,9,"Sequencing","TAC1"
"SC2_9.191",-1.61963711862329,9,"Sequencing","AZGP1"
"SC2_9.192",-1.56388190232107,9,"Sequencing","VGF"
"SC2_9.193",-1.80215029596716,9,"Sequencing","LHFPL3"
"SC2_9.194",-1.65534580977111,9,"Sequencing","TMEM229A"
"SC2_9.195",-2.04914070561001,9,"Sequencing","ENSG00000279419"
"SC2_9.196",-1.69815432363145,9,"Sequencing","CHRM2"
"SC2_9.197",-1.6893103866092,9,"Sequencing","CRLF2"
"SC2_9.198",-1.9738315241248,9,"Sequencing","ADGRG2"
"SC2_9.199",-1.73945868290601,9,"Sequencing","MAP7D2"
"SC2_9.200",-1.15560302760998,9,"Sequencing","ENSG00000283400"
"SC2_9.201",-1.39237661855576,9,"Sequencing","PTCHD1"
"SC2_9.202",-2.09348466329824,9,"Sequencing","IL1RAPL1"
"SC2_9.203",-2.2147996072962,9,"Sequencing","DMD"
"SC2_9.204",-1.69213435497677,9,"Sequencing","ERAS"
"SC2_9.205",-0.469463957328504,9,"Sequencing","MAGED4"
"SC2_9.206",-1.94347138499778,9,"Sequencing","PCDH11X"
"SC2_9.207",-1.87189444657221,9,"Sequencing","TCEAL6"
"SC2_9.208",-2.18964198101184,9,"Sequencing","RNF128"
"SC2_9.209",-1.07760301999633,9,"Sequencing","SERTM2"
"SC2_9.210",-2.058516077517,9,"Sequencing","TRPC5"
"SC2_9.211",-1.75174066107001,9,"Sequencing","IL13RA1"
"SC2_9.212",-1.69487830905535,9,"Sequencing","SMIM10L2A"
"SC2_9.213",-1.6268315560623,9,"Sequencing","ARHGEF6"
"SC2_9.214",-1.82317918665259,9,"Sequencing","FGF13"
"SC2_9.215",-1.69443503138115,9,"Sequencing","MCF2"
"SC2_9.216",-1.74158901961433,9,"Sequencing","SLITRK2"
"SC2_9.217",-0.779219420748902,9,"Sequencing","GPR50"
"SC2_9.218",-0.762446651845831,9,"Sequencing","ENSG00000269993"
"SC2_9.219",-2.1647862693528,9,"Sequencing","CSMD1"
"SC2_9.220",-1.45644414063003,9,"Sequencing","ENSG00000284613"
"SC2_9.221",-1.20868662363392,9,"Sequencing","LPL"
"SC2_9.222",-1.76392744736507,9,"Sequencing","LGI3"
"SC2_9.223",-1.44703301251883,9,"Sequencing","STC1"
"SC2_9.224",-0.972831614204642,9,"Sequencing","ADAM28"
"SC2_9.225",-1.67337045339621,9,"Sequencing","ENSG00000253888"
"SC2_9.226",-1.13950392883616,9,"Sequencing","ENSG00000279099"
"SC2_9.227",-0.626073588062243,9,"Sequencing","ENSG00000253746"
"SC2_9.228",-1.52328128179373,9,"Sequencing","CHRNA6"
"SC2_9.229",-1.54655704570537,9,"Sequencing","OPRK1"
"SC2_9.230",-0.86712245732189,9,"Sequencing","ENSG00000254254"
"SC2_9.231",-1.04471019838271,9,"Sequencing","TTPA"
"SC2_9.232",-2.09255122566803,9,"Sequencing","SBSPON"
"SC2_9.233",-1.79124671934516,9,"Sequencing","PI15"
"SC2_9.234",-1.09147377218986,9,"Sequencing","IL7"
"SC2_9.235",-1.82781379422496,9,"Sequencing","MATN2"
"SC2_9.236",-1.70009507211457,9,"Sequencing","SPAG1"
"SC2_9.237",-2.12911442956124,9,"Sequencing","ANGPT1"
"SC2_9.238",-1.85783814110371,9,"Sequencing","RSPO2"
"SC2_9.239",-1.41857810326036,9,"Sequencing","TRHR"
"SC2_9.240",-1.75745580361341,9,"Sequencing","SNTB1"
"SC2_9.241",-0.881244925028651,9,"Sequencing","ENSG00000244791"
"SC2_9.242",-2.00325456080464,9,"Sequencing","ADCY8"
"SC2_9.243",-1.25119302103095,9,"Sequencing","ENSG00000253259"
"SC2_9.244",-1.97551023430006,9,"Sequencing","ENSG00000253507"
"SC2_9.245",-1.86576007694432,9,"Sequencing","KCNK9"
"SC2_9.246",-1.88174141449695,9,"Sequencing","LY6H"
"SC2_9.247",-1.51767652986724,9,"Sequencing","CD274"
"SC2_9.248",-1.17541852131395,9,"Sequencing","ENSG00000226197"
"SC2_9.249",-0.364125877911655,9,"Sequencing","ENSG00000225472"
"SC2_9.250",-1.89359261206311,9,"Sequencing","BNC2"
"SC2_9.251",-1.90350659191432,9,"Sequencing","SLC24A2"
"SC2_9.252",-0.674323353244767,9,"Sequencing","ENSG00000260390"
"SC2_9.253",-1.94448979462225,9,"Sequencing","ENSG00000260412"
"SC2_9.254",-1.90902451139482,9,"Sequencing","LINGO2"
"SC2_9.255",-1.02716849892407,9,"Sequencing","AQP3"
"SC2_9.256",-1.6931534526135,9,"Sequencing","FAM189A2"
"SC2_9.257",-1.99596702508299,9,"Sequencing","NTRK2"
"SC2_9.258",-1.97439293986212,9,"Sequencing","FGD3"
"SC2_9.259",-1.69433285447358,9,"Sequencing","FBP1"
"SC2_9.260",-1.37840256457462,9,"Sequencing","GAS2L1P2"
"SC2_9.261",-2.03499561540124,9,"Sequencing","GRIN3A"
"SC2_9.262",-1.03974014466333,9,"Sequencing","PPP3R2"
"SC2_9.263",-1.897269218731,9,"Sequencing","LINC01505"
"SC2_9.264",-1.86384114234703,9,"Sequencing","BRINP1"
"SC2_9.265",-1.92817275258414,9,"Sequencing","GPR21"
"SC2_9.266",-1.83786732949562,9,"Sequencing","MIR181A2HG"
"SC2_9.267",-1.03936550451082,9,"Sequencing","IER5L"
"SC2_9.268",-1.29729887287493,9,"Sequencing","C9orf50"
"SC2_9.269",-2.19417677686201,9,"Sequencing","NACC2"
"SC2_9.270",-2.0646210867442,9,"Sequencing","GRIN1"
"SC2_9.271",-1.46700557274933,9,"Sequencing","TH"
"SC2_9.272",-1.70021095259426,9,"Sequencing","SPON1"
"SC2_9.273",-1.82202544917388,9,"Sequencing","NCR3LG1"
"SC2_9.274",-1.68003082278576,9,"Sequencing","ENSG00000270607"
"SC2_9.275",-2.25852079598974,9,"Sequencing","ENSG00000279675"
"SC2_9.276",-2.42804767710791,9,"Sequencing","LRRC4C"
"SC2_9.277",-1.52027602885786,9,"Sequencing","LINC02740"
"SC2_9.278",-1.44482735036428,9,"Sequencing","MS4A7"
"SC2_9.279",-1.13550707012201,9,"Sequencing","MS4A14"
"SC2_9.280",-1.36188211832481,9,"Sequencing","MS4A1"
"SC2_9.281",-1.54976852343013,9,"Sequencing","MIR6746"
"SC2_9.282",-2.23494246911689,9,"Sequencing","KCNK4"
"SC2_9.283",-2.30988491902164,9,"Sequencing","ENSG00000257069"
"SC2_9.284",-2.24367810128496,9,"Sequencing","CATSPERZ"
"SC2_9.285",-0.802365632257034,9,"Sequencing","SHANK2-AS1"
"SC2_9.286",-2.07179258819632,9,"Sequencing","ARHGEF17"
"SC2_9.287",-1.22390093717055,9,"Sequencing","GRM5"
"SC2_9.288",-1.66425346587299,9,"Sequencing","MMP10"
"SC2_9.289",-1.78039829696558,9,"Sequencing","MMP1"
"SC2_9.290",-2.0349866123086,9,"Sequencing","PDGFD"
"SC2_9.291",-2.11146185751136,9,"Sequencing","C11orf87"
"SC2_9.292",-1.60228933026406,9,"Sequencing","ARHGAP20"
"SC2_9.293",-1.41080890258989,9,"Sequencing","LAYN"
"SC2_9.294",-2.223446310556,9,"Sequencing","SCN2B"
"SC2_9.295",-2.14083311649152,9,"Sequencing","ABCG4"
"SC2_9.296",-1.082684282418,9,"Sequencing","TRIM29"
"SC2_9.297",-2.07414432475451,9,"Sequencing","MIR100HG"
"SC2_9.298",-1.652971525472,9,"Sequencing","MIR125B1"
"SC2_9.299",-0.500352694882518,9,"Sequencing","ENSG00000238117"
"SC2_9.300",-1.17521252726504,9,"Sequencing","LINC02714"
"SC2_9.301",-1.37302982368863,9,"Sequencing","LINC00707"
"SC2_9.302",-1.83792618655118,9,"Sequencing","SFMBT2"
"SC2_9.303",-0.930545422414556,9,"Sequencing","ARMC3"
"SC2_9.304",-1.95304000601086,9,"Sequencing","MKX"
"SC2_9.305",-2.22621529025348,9,"Sequencing","FZD8"
"SC2_9.306",-1.82275370360532,9,"Sequencing","MIR4683"
"SC2_9.307",-1.38691346663666,9,"Sequencing","ANXA8L1"
"SC2_9.308",-2.1998838814557,9,"Sequencing","LRRTM3"
"SC2_9.309",-1.76724978584194,9,"Sequencing","TLL2"
"SC2_9.310",-2.01448967780439,9,"Sequencing","SORCS1"
"SC2_9.311",-1.49798990267347,9,"Sequencing","CHST15"
"SC2_9.312",-1.42859231103764,9,"Sequencing","PTPRE"
"SC2_9.313",-2.07307274301619,9,"Sequencing","JAKMIP3"
"SC2_9.314",-0.356011913625107,9,"Sequencing","ENSG00000249695"
"SC2_9.315",-1.94476256383275,9,"Sequencing","GRIN2B"
"SC2_9.316",-1.55700425864578,9,"Sequencing","RERG"
"SC2_9.317",-1.14314876289164,9,"Sequencing","PTHLH"
"SC2_9.318",-2.14251337889698,9,"Sequencing","PDZRN4"
"SC2_9.319",-1.96147846489145,9,"Sequencing","TMEM117"
"SC2_9.320",-2.04028227354037,9,"Sequencing","ENSG00000258101"
"SC2_9.321",-1.5854845812287,9,"Sequencing","KRT18"
"SC2_9.322",-1.82467330340107,9,"Sequencing","TAFA2"
"SC2_9.323",-0.227323662015439,9,"Sequencing","LINC02458"
"SC2_9.324",-1.79409988485575,9,"Sequencing","NTN4"
"SC2_9.325",-1.77047187652,9,"Sequencing","SLC17A8"
"SC2_9.326",-0.648861671245123,9,"Sequencing","ENSG00000257548"
"SC2_9.327",-1.66941631298504,9,"Sequencing","TMEM233"
"SC2_9.328",-1.37265786158005,9,"Sequencing","MIR1178"
"SC2_9.329",-1.00928174243336,9,"Sequencing","ENSG00000280381"
"SC2_9.330",-1.58259701769383,9,"Sequencing","TMEM132D"
"SC2_9.331",-0.90396198182248,9,"Sequencing","LINC02340"
"SC2_9.332",-1.42510922564758,9,"Sequencing","FLT3"
"SC2_9.333",-0.999679228169129,9,"Sequencing","STOML3"
"SC2_9.334",-2.03944723139032,9,"Sequencing","KCTD4"
"SC2_9.335",-1.621565699869,9,"Sequencing","ENSG00000278727"
"SC2_9.336",-1.13635348982928,9,"Sequencing","SLITRK6"
"SC2_9.337",-1.81008734514717,9,"Sequencing","ENSG00000232636"
"SC2_9.338",-1.97252956342722,9,"Sequencing","MIR4500HG"
"SC2_9.339",-1.64284146842432,9,"Sequencing","COL4A2"
"SC2_9.340",-1.97288671451624,9,"Sequencing","NPAS3"
"SC2_9.341",-1.99242271851122,9,"Sequencing","ENSG00000258636"
"SC2_9.342",-2.31069754581112,9,"Sequencing","LRFN5"
"SC2_9.343",-2.09709667427637,9,"Sequencing","MDGA2"
"SC2_9.344",-1.78863986767563,9,"Sequencing","PTGER2"
"SC2_9.345",-1.44432422394991,9,"Sequencing","LGALS3"
"SC2_9.346",-1.9371385832403,9,"Sequencing","SYT16"
"SC2_9.347",-2.10060145866139,9,"Sequencing","KCNH5"
"SC2_9.348",-2.02143224791847,9,"Sequencing","TMEM229B"
"SC2_9.349",-1.71034719728982,9,"Sequencing","ENSG00000258422"
"SC2_9.350",-1.91796455097502,9,"Sequencing","FOS"
"SC2_9.351",-1.99843464573596,9,"Sequencing","NRXN3"
"SC2_9.352",-1.51259191606343,9,"Sequencing","ENSG00000258419"
"SC2_9.353",-1.93986467798119,9,"Sequencing","TSHR"
"SC2_9.354",-0.991957663100855,9,"Sequencing","MEG8"
"SC2_9.355",-1.6159517979527,9,"Sequencing","DIO3"
"SC2_9.356",-1.23602937485191,9,"Sequencing","ENSG00000260780"
"SC2_9.357",-0.65413398080773,9,"Sequencing","SNORD116-18"
"SC2_9.358",-1.38333743052715,9,"Sequencing","SNORD115-1"
"SC2_9.359",-2.21115221847654,9,"Sequencing","SNORD115-46"
"SC2_9.360",-1.7638494562575,9,"Sequencing","GABRA5"
"SC2_9.361",-1.6917165279306,9,"Sequencing","GJD2"
"SC2_9.362",-1.80231711807516,9,"Sequencing","MEIS2"
"SC2_9.363",-0.936870347994243,9,"Sequencing","ENSG00000276121"
"SC2_9.364",-0.982504829508745,9,"Sequencing","FGF7"
"SC2_9.365",-1.88207261152534,9,"Sequencing","LYSMD2"
"SC2_9.366",-1.92754713242334,9,"Sequencing","THSD4"
"SC2_9.367",-1.73399404212796,9,"Sequencing","ENSG00000275120"
"SC2_9.368",-1.52406558438136,9,"Sequencing","ENSG00000276278"
"SC2_9.369",-1.50424654268303,9,"Sequencing","PLIN1"
"SC2_9.370",-1.56583886593112,9,"Sequencing","ENSG00000260337"
"SC2_9.371",-1.27031195252232,9,"Sequencing","FAM169B"
"SC2_9.372",-2.1661820378677,9,"Sequencing","ADAMTS17"
"SC2_9.373",-1.72759413812101,9,"Sequencing","TNFRSF12A"
"SC2_9.374",-1.79150821859116,9,"Sequencing","ENSG00000262668"
"SC2_9.375",-1.84320439445944,9,"Sequencing","GRIN2A"
"SC2_9.376",-1.61475465912245,9,"Sequencing","SOCS1"
"SC2_9.377",-1.65899553364464,9,"Sequencing","ENSG00000262801"
"SC2_9.378",-1.10436731288821,9,"Sequencing","ENSG00000262267"
"SC2_9.379",-1.82442200601056,9,"Sequencing","TMC5"
"SC2_9.380",-1.41913461920217,9,"Sequencing","RNU4-46P"
"SC2_9.381",-1.77126992753169,9,"Sequencing","HS3ST4"
"SC2_9.382",-1.28198022927031,9,"Sequencing","ENSG00000283662"
"SC2_9.383",-1.84609664341966,9,"Sequencing","LPCAT2"
"SC2_9.384",-1.53323454344863,9,"Sequencing","MT3"
"SC2_9.385",-2.10723272630736,9,"Sequencing","CDH8"
"SC2_9.386",-1.24863191332255,9,"Sequencing","ENSG00000260600"
"SC2_9.387",-1.258241537074,9,"Sequencing","ENSG00000231589"
"SC2_9.388",-1.8966778346338,9,"Sequencing","HSF4"
"SC2_9.389",-1.33981009196434,9,"Sequencing","ENSG00000262691"
"SC2_9.390",-1.31429672928258,9,"Sequencing","ENSG00000260577"
"SC2_9.391",-1.5912861298859,9,"Sequencing","HAS3"
"SC2_9.392",-1.57866708588037,9,"Sequencing","HPR"
"SC2_9.393",-1.78601562261159,9,"Sequencing","ENSG00000277954"
"SC2_9.394",-2.08718573529134,9,"Sequencing","ENSG00000261722"
"SC2_9.395",-1.80223715241193,9,"Sequencing","MAF"
"SC2_9.396",-1.12107321781359,9,"Sequencing","ENSG00000277214"
"SC2_9.397",-1.85251396781425,9,"Sequencing","ENSG00000278058"
"SC2_9.398",-1.60878461610156,9,"Sequencing","HSD17B2"
"SC2_9.399",-1.43923007116671,9,"Sequencing","ATP2C2"
"SC2_9.400",-1.27661519585936,9,"Sequencing","ENSG00000260279"
"SC2_9.401",-1.96019637065961,9,"Sequencing","SERPINF2"
"SC2_9.402",-2.01172607335151,9,"Sequencing","GUCY2D"
"SC2_9.403",-1.78879662270446,9,"Sequencing","ENSG00000279174"
"SC2_9.404",-1.04507207296129,9,"Sequencing","LINC00670"
"SC2_9.405",-1.68805297567581,9,"Sequencing","ASIC2"
"SC2_9.406",-1.537914063506,9,"Sequencing","PLXDC1"
"SC2_9.407",-1.69514193710039,9,"Sequencing","HAP1"
"SC2_9.408",-1.21622672703951,9,"Sequencing","ENSG00000276851"
"SC2_9.409",-2.21168832153941,9,"Sequencing","CA10"
"SC2_9.410",-1.67793797118064,9,"Sequencing","NOG"
"SC2_9.411",-1.80703910290969,9,"Sequencing","TRIM25"
"SC2_9.412",-1.94741724675287,9,"Sequencing","PRKCA"
"SC2_9.413",-1.97339710769446,9,"Sequencing","KCNJ2-AS1"
"SC2_9.414",-2.0740048215115,9,"Sequencing","KCNJ2"
"SC2_9.415",-1.76977309185867,9,"Sequencing","ENSG00000276863"
"SC2_9.416",-0.935624845554959,9,"Sequencing","ENSG00000263606"
"SC2_9.417",-1.67652119031854,9,"Sequencing","LDLRAD4"
"SC2_9.418",-0.582447443903507,9,"Sequencing","RN7SL362P"
"SC2_9.419",-1.59161286625867,9,"Sequencing","CHST9"
"SC2_9.420",-1.64486593430057,9,"Sequencing","GAREM1"
"SC2_9.421",-1.97207678040436,9,"Sequencing","RIT2"
"SC2_9.422",-1.91582224694588,9,"Sequencing","PSTPIP2"
"SC2_9.423",-1.90776315305396,9,"Sequencing","RAB27B"
"SC2_9.424",-0.431354964916353,9,"Sequencing","SERPINB2"
"SC2_9.425",-0.333971940649173,9,"Sequencing","SERPINB10"
"SC2_9.426",-1.55075566639152,9,"Sequencing","LINC00305"
"SC2_9.427",-2.30831917374458,9,"Sequencing","CDH7"
"SC2_9.428",-1.77556794194828,9,"Sequencing","ENSG00000263720"
"SC2_9.429",-1.50556070593566,9,"Sequencing","CBLN2"
"SC2_9.430",-2.11096876396561,9,"Sequencing","LINC01896"
"SC2_9.431",-2.27341314168782,9,"Sequencing","SALL3"
"SC2_9.432",-1.00070686622107,9,"Sequencing","PDYN"
"SC2_9.433",-1.200410487993,9,"Sequencing","TGM3"
"SC2_9.434",-1.96715453597776,9,"Sequencing","EBF4"
"SC2_9.435",-1.85929402856329,9,"Sequencing","SLC24A3"
"SC2_9.436",-0.366803960901282,9,"Sequencing","ANKRD20A21P"
"SC2_9.437",-2.1008201534091,9,"Sequencing","MAFB"
"SC2_9.438",-1.81223273040722,9,"Sequencing","PTPRT"
"SC2_9.439",-1.93260591831958,9,"Sequencing","ENSG00000233508"
"SC2_9.440",-1.72115978180981,9,"Sequencing","SYCP2"
"SC2_9.441",-1.93852693847284,9,"Sequencing","CDH4"
"SC2_9.442",-1.98528561401238,9,"Sequencing","MIR1-1HG-AS1"
"SC2_9.443",-1.66418292096193,9,"Sequencing","THEG"
"SC2_9.444",-2.02184988293702,9,"Sequencing","SBNO2"
"SC2_9.445",-1.48294681109688,9,"Sequencing","ZNF556"
"SC2_9.446",-1.53858477390728,9,"Sequencing","FUT3"
"SC2_9.447",-1.63508052358821,9,"Sequencing","JUNB"
"SC2_9.448",-1.93748669218283,9,"Sequencing","NANOS3"
"SC2_9.449",-1.77928184558874,9,"Sequencing","IL27RA"
"SC2_9.450",-1.99896380905175,9,"Sequencing","WTIP"
"SC2_9.451",-1.59949280325593,9,"Sequencing","CYP2A13"
"SC2_9.452",-2.46774370335189,9,"Sequencing","BCL3"
"SC2_9.453",-1.4617193036686,9,"Sequencing","GFY"
"SC2_9.454",-1.6038414853312,9,"Sequencing","HAS1"
"SC2_9.455",-1.59469877492601,9,"Sequencing","MIR935"
"SC2_9.456",-2.12912225089456,9,"Sequencing","LINC01864"
"SC2_9.457",-0.726701596498732,9,"Sequencing","ZSCAN4"
"SC2_9.458",-1.64600076780062,9,"Sequencing","LINC01638"
"SC2_9.459",-1.7624784930148,9,"Sequencing","C22orf42"
"SC2_9.460",-1.93586288498735,9,"Sequencing","CACNA1I"
"SC2_9.461",-1.95593279997034,9,"Sequencing","NFAM1"
"SC2_9.462",-1.42483546037888,9,"Sequencing","ENSG00000230107"
"SC2_9.463",-1.86357545374919,9,"Sequencing","SHISAL1"
"SC2_9.464",-1.83284744581495,9,"Sequencing","NCAM2"
"SC2_9.465",-1.39329403477104,9,"Sequencing","ADAMTS1"
"SC2_9.466",-1.94529704934879,9,"Sequencing","RUNX1"
"SC2_9.467",-1.79054953379268,9,"Sequencing","PCP4"
"SC2_9.468",-2.05056470587695,9,"Sequencing","COL18A1"
"SC3_9",-1.77809161014007,9,"Sequencing","CHD5"
"SC3_9.1",-1.73853291607701,9,"Sequencing","UTS2"
"SC3_9.2",-1.03165187017263,9,"Sequencing","TNFRSF9"
"SC3_9.3",-1.76973847697312,9,"Sequencing","FBXO6"
"SC3_9.4",-1.56284231494419,9,"Sequencing","NBL1"
"SC3_9.5",-1.46075362748458,9,"Sequencing","WNT4"
"SC3_9.6",-1.76736332997542,9,"Sequencing","IFNLR1"
"SC3_9.7",-2.14599544193578,9,"Sequencing","CSMD2"
"SC3_9.8",-1.78345377544708,9,"Sequencing","HPCAL4"
"SC3_9.9",-1.83573162246865,9,"Sequencing","FAAH"
"SC3_9.10",-0.167446482705795,9,"Sequencing","SLC25A3P1"
"SC3_9.11",-1.35227274255105,9,"Sequencing","PTGER3"
"SC3_9.12",-1.22933754910802,9,"Sequencing","ENSG00000269933"
"SC3_9.13",-1.80724905477831,9,"Sequencing","PTGFR"
"SC3_9.14",-1.52922166929588,9,"Sequencing","ST13P20"
"SC3_9.15",-1.25487331144481,9,"Sequencing","SAMD13"
"SC3_9.16",-1.40222996090306,9,"Sequencing","UOX"
"SC3_9.17",-1.25783036967437,9,"Sequencing","ENSG00000280099"
"SC3_9.18",-1.70290796515972,9,"Sequencing","PLPPR4"
"SC3_9.19",-1.64671760892844,9,"Sequencing","C1orf194"
"SC3_9.20",-1.40965877285891,9,"Sequencing","SLC6A17"
"SC3_9.21",-0.460406911535033,9,"Sequencing","ENSG00000224950"
"SC3_9.22",-1.41790796938859,9,"Sequencing","ECM1"
"SC3_9.23",-0.607878320472816,9,"Sequencing","S100A3"
"SC3_9.24",-1.19084329240468,9,"Sequencing","FMO2"
"SC3_9.25",-1.66113630483766,9,"Sequencing","SLC9C2"
"SC3_9.26",-2.44710895066373,9,"Sequencing","TNR"
"SC3_9.27",-1.87744643403442,9,"Sequencing","CACNA1E"
"SC3_9.28",-2.2235778260338,9,"Sequencing","BRINP3"
"SC3_9.29",-1.86631786936301,9,"Sequencing","LINC01351"
"SC3_9.30",-1.36682450954487,9,"Sequencing","ENSG00000241505"
"SC3_9.31",-1.89957410119798,9,"Sequencing","ATP2B4"
"SC3_9.32",-0.8504115821686,9,"Sequencing","ENSG00000236846"
"SC3_9.33",-1.18838838011676,9,"Sequencing","LEFTY1"
"SC3_9.34",-1.71569169297502,9,"Sequencing","MAP3K21"
"SC3_9.35",-1.78934636343415,9,"Sequencing","CHRM3"
"SC3_9.36",-1.86053078307293,9,"Sequencing","PLD5"
"SC3_9.37",-1.02855124824835,9,"Sequencing","ENSG00000229727"
"SC3_9.38",-1.38299985227941,9,"Sequencing","HPCAL1"
"SC3_9.39",-1.83742094717574,9,"Sequencing","ENSG00000225649"
"SC3_9.40",-0.998717838960736,9,"Sequencing","POMC"
"SC3_9.41",-1.9173500513058,9,"Sequencing","KCNK12"
"SC3_9.42",-1.41357024547286,9,"Sequencing","SFXN5"
"SC3_9.43",-2.00305716292893,9,"Sequencing","CD8B"
"SC3_9.44",-1.78928237703676,9,"Sequencing","ANAPC1P1"
"SC3_9.45",-1.16091619357776,9,"Sequencing","CYTOR"
"SC3_9.46",-1.67035767246187,9,"Sequencing","IL1R1"
"SC3_9.47",-1.39308207477388,9,"Sequencing","LINC01123"
"SC3_9.48",-1.16946830388366,9,"Sequencing","MIR4435-2HG"
"SC3_9.49",-1.46708764226363,9,"Sequencing","SCTR"
"SC3_9.50",-2.04870289371904,9,"Sequencing","ENSG00000228400"
"SC3_9.51",-1.61080561254142,9,"Sequencing","LINC01854"
"SC3_9.52",-1.7630426992726,9,"Sequencing","CCDC74B"
"SC3_9.53",-1.62645379628102,9,"Sequencing","SMIM39"
"SC3_9.54",-1.93079628736596,9,"Sequencing","CCDC74A"
"SC3_9.55",-2.04048183470244,9,"Sequencing","LYPD1"
"SC3_9.56",-1.78004859711624,9,"Sequencing","KCNJ3"
"SC3_9.57",-1.32342530451763,9,"Sequencing","PLA2R1"
"SC3_9.58",-1.65968240722563,9,"Sequencing","SCN1A"
"SC3_9.59",-1.67997428977663,9,"Sequencing","C2orf88"
"SC3_9.60",-1.64014132280024,9,"Sequencing","MSTN"
"SC3_9.61",-1.62035521957033,9,"Sequencing","NYAP2"
"SC3_9.62",-1.97219059843057,9,"Sequencing","ENSG00000273301"
"SC3_9.63",-1.49043451069597,9,"Sequencing","ECEL1"
"SC3_9.64",-1.22663790643276,9,"Sequencing","RAMP1"
"SC3_9.65",-1.84599843257551,9,"Sequencing","CNTN6"
"SC3_9.66",-1.88937238411048,9,"Sequencing","GRM7"
"SC3_9.67",-1.87273803016079,9,"Sequencing","IRAK2"
"SC3_9.68",-1.53389615832452,9,"Sequencing","SYN2"
"SC3_9.69",-1.94023705768033,9,"Sequencing","GRIP2"
"SC3_9.70",-1.69420678854397,9,"Sequencing","ARPP21"
"SC3_9.71",-1.23708908965193,9,"Sequencing","DCLK3"
"SC3_9.72",-0.705291717760746,9,"Sequencing","CCK"
"SC3_9.73",-0.548607760000099,9,"Sequencing","IL17RB"
"SC3_9.74",-2.29523249176245,9,"Sequencing","CACNA2D3"
"SC3_9.75",-1.85960838962751,9,"Sequencing","DNAH12"
"SC3_9.76",-1.18901108288976,9,"Sequencing","CNTN3"
"SC3_9.77",-2.334625581571,9,"Sequencing","EPHA6"
"SC3_9.78",-2.13534985330518,9,"Sequencing","ENSG00000261292"
"SC3_9.79",-0.350207403927896,9,"Sequencing","ENSG00000239482"
"SC3_9.80",-0.939684997445317,9,"Sequencing","ENSG00000251012"
"SC3_9.81",-1.12724968981128,9,"Sequencing","UPK1B"
"SC3_9.82",-1.70252771725514,9,"Sequencing","ADCY5"
"SC3_9.83",-1.34971932729469,9,"Sequencing","TRH"
"SC3_9.84",-2.07474166281541,9,"Sequencing","COL6A4P2"
"SC3_9.85",-1.75179071303798,9,"Sequencing","ZBTB38"
"SC3_9.86",-1.08132188954297,9,"Sequencing","PCOLCE2"
"SC3_9.87",-0.846355334385053,9,"Sequencing","CPB1"
"SC3_9.88",-1.37656694033449,9,"Sequencing","IQCJ"
"SC3_9.89",-1.59842482055328,9,"Sequencing","LINC01323"
"SC3_9.90",-2.10655548921054,9,"Sequencing","LINC01324"
"SC3_9.91",-1.73913328119742,9,"Sequencing","SLITRK3"
"SC3_9.92",-1.80681189050612,9,"Sequencing","LINC01322"
"SC3_9.93",-1.8193125764147,9,"Sequencing","BCL6"
"SC3_9.94",-1.37586668521262,9,"Sequencing",NA
"SC3_9.95",-1.47275277011002,9,"Sequencing","IL1RAP"
"SC3_9.96",-1.6994688893558,9,"Sequencing","UTS2B"
"SC3_9.97",-0.618356261266534,9,"Sequencing","ZDHHC19"
"SC3_9.98",-1.56632302233361,9,"Sequencing","RPSAP69"
"SC3_9.99",-0.993141769206348,9,"Sequencing","ENSG00000227189"
"SC3_9.100",-1.96729944831581,9,"Sequencing","ENSG00000284727"
"SC3_9.101",-1.82921250256549,9,"Sequencing","MSX1"
"SC3_9.102",-0.863111102351495,9,"Sequencing","GBA3"
"SC3_9.103",-1.68643214476515,9,"Sequencing","CCKAR"
"SC3_9.104",-2.05725335075572,9,"Sequencing","PCDH7"
"SC3_9.105",-1.18539310181547,9,"Sequencing","LINC02513"
"SC3_9.106",-1.63755605691307,9,"Sequencing","ENSG00000260878"
"SC3_9.107",-1.88106987833897,9,"Sequencing","GABRA2"
"SC3_9.108",-1.09269877937826,9,"Sequencing","ENSG00000249330"
"SC3_9.109",-1.33616438193656,9,"Sequencing","GABRB1"
"SC3_9.110",-1.40056248465699,9,"Sequencing","ENSG00000260918"
"SC3_9.111",-1.36723385806674,9,"Sequencing","ADAMTS3"
"SC3_9.112",-0.274646526449009,9,"Sequencing","BTC"
"SC3_9.113",-1.83676998152274,9,"Sequencing","FGF5"
"SC3_9.114",-2.31845631972965,9,"Sequencing","SCD5"
"SC3_9.115",-0.675467049445702,9,"Sequencing","NPNT"
"SC3_9.116",-1.95372338940827,9,"Sequencing","CAMK2D"
"SC3_9.117",-1.08660543299498,9,"Sequencing","PDE5A"
"SC3_9.118",-1.63729919590449,9,"Sequencing","PCDH18"
"SC3_9.119",-1.09612471463845,9,"Sequencing","ENSG00000250777"
"SC3_9.120",-1.53941550181604,9,"Sequencing","FREM3"
"SC3_9.121",-2.00444989439227,9,"Sequencing","TTC29"
"SC3_9.122",-0.890873481264168,9,"Sequencing",NA
"SC3_9.123",-1.8469721566256,9,"Sequencing","GUCY1A1"
"SC3_9.124",-1.65570996129705,9,"Sequencing","ENSG00000260244"
"SC3_9.125",-1.85185816272814,9,"Sequencing","PDGFC"
"SC3_9.126",-1.66891099704645,9,"Sequencing","FSTL5"
"SC3_9.127",-1.95909153521171,9,"Sequencing","ENSG00000250027"
"SC3_9.128",-2.32344305459111,9,"Sequencing","NPY1R"
"SC3_9.129",-1.91735439296694,9,"Sequencing","NPY5R"
"SC3_9.130",-2.03936193977699,9,"Sequencing","GALNTL6"
"SC3_9.131",-2.07727455202908,9,"Sequencing","GLRA3"
"SC3_9.132",-2.28584357211481,9,"Sequencing","ADAM29"
"SC3_9.133",-1.1468107820843,9,"Sequencing","MTNR1A"
"SC3_9.134",-1.18920702167709,9,"Sequencing","RANBP3L"
"SC3_9.135",-1.88612135499762,9,"Sequencing","LIFR"
"SC3_9.136",-1.83830472354711,9,"Sequencing","PTGER4"
"SC3_9.137",-2.1904599986896,9,"Sequencing","GHR"
"SC3_9.138",-1.36163058699849,9,"Sequencing","ESM1"
"SC3_9.139",-1.76236382327636,9,"Sequencing","IL6ST"
"SC3_9.140",-1.83388640431802,9,"Sequencing","RGS7BP"
"SC3_9.141",-1.19111009801526,9,"Sequencing","LINC02197"
"SC3_9.142",-1.17788507077759,9,"Sequencing","SV2C"
"SC3_9.143",-2.17622993248485,9,"Sequencing","MEF2C"
"SC3_9.144",-0.728753823529943,9,"Sequencing","EGR1"
"SC3_9.145",-2.06784696746956,9,"Sequencing","NR3C1"
"SC3_9.146",-1.83403841216144,9,"Sequencing","GRIA1"
"SC3_9.147",-1.77048641973124,9,"Sequencing","ENSG00000249738"
"SC3_9.148",-0.679965814356991,9,"Sequencing","IL12B"
"SC3_9.149",-2.18924288649936,9,"Sequencing","GABRB2"
"SC3_9.150",-2.27231852107024,9,"Sequencing","GABRA1"
"SC3_9.151",-1.70785804718957,9,"Sequencing","GABRG2"
"SC3_9.152",-1.23336350091827,9,"Sequencing","F12"
"SC3_9.153",-1.2016875914935,9,"Sequencing","PRR7-AS1"
"SC3_9.154",-1.48774632770741,9,"Sequencing","TRIM7"
"SC3_9.155",-1.79040138281043,9,"Sequencing","CD83"
"SC3_9.156",-1.70151285562861,9,"Sequencing","RBM24"
"SC3_9.157",-0.559271356678388,9,"Sequencing","RNF144B"
"SC3_9.158",-1.23673335736063,9,"Sequencing","DCDC2"
"SC3_9.159",-1.51748687496091,9,"Sequencing","SLC17A2"
"SC3_9.160",-1.75211577226312,9,"Sequencing","BTN3A1"
"SC3_9.161",-1.22079202085167,9,"Sequencing","RN7SL471P"
"SC3_9.162",-0.903679397630578,9,"Sequencing","TRIM31-AS1"
"SC3_9.163",-0.979154139590788,9,"Sequencing","HLA-DRB5"
"SC3_9.164",-1.48841486301219,9,"Sequencing","TAP1"
"SC3_9.165",-1.44003413387007,9,"Sequencing","CLIC5"
"SC3_9.166",-1.62088995739083,9,"Sequencing","RCAN2"
"SC3_9.167",-1.54749621176041,9,"Sequencing","TENT5A"
"SC3_9.168",-0.734830171967091,9,"Sequencing","TBX18"
"SC3_9.169",-1.72415478495985,9,"Sequencing","GJA10"
"SC3_9.170",-1.83083831519785,9,"Sequencing","FAM162B"
"SC3_9.171",-1.08622957489694,9,"Sequencing","RFX6"
"SC3_9.172",-1.69264814898243,9,"Sequencing","NKAIN2"
"SC3_9.173",-1.1863351736145,9,"Sequencing","ENSG00000237321"
"SC3_9.174",-1.68348580916299,9,"Sequencing","MOXD1"
"SC3_9.175",-1.94073417046954,9,"Sequencing","MAP7"
"SC3_9.176",-1.65903429865806,9,"Sequencing","STXBP5-AS1"
"SC3_9.177",-1.66034621353009,9,"Sequencing","MYCT1"
"SC3_9.178",-1.76515489553104,9,"Sequencing","ENSG00000232529"
"SC3_9.179",-1.45607750340408,9,"Sequencing","LPA"
"SC3_9.180",-0.738173464021922,9,"Sequencing","LINC02538"
"SC3_9.181",-0.407277474506436,9,"Sequencing","ENSG00000235994"
"SC3_9.182",0.485942209891311,9,"Sequencing","KIF25"
"SC3_9.183",-1.43135679841636,9,"Sequencing","ENSG00000234647"
"SC3_9.184",-1.60098712655987,9,"Sequencing","SMOC2"
"SC3_9.185",-1.89447581570733,9,"Sequencing","NXPH1"
"SC3_9.186",-2.19788721373851,9,"Sequencing","GALNT17"
"SC3_9.187",-1.88783919079218,9,"Sequencing","CALN1"
"SC3_9.188",-1.99797648469197,9,"Sequencing","CD36"
"SC3_9.189",-1.6445368539064,9,"Sequencing","GRM3"
"SC3_9.190",-2.10942571377892,9,"Sequencing","TAC1"
"SC3_9.191",-1.61598737853379,9,"Sequencing","AZGP1"
"SC3_9.192",-1.63220594896596,9,"Sequencing","VGF"
"SC3_9.193",-1.75183386733402,9,"Sequencing","LHFPL3"
"SC3_9.194",-1.87508921505199,9,"Sequencing","TMEM229A"
"SC3_9.195",-1.48032242198631,9,"Sequencing","ENSG00000279419"
"SC3_9.196",-1.82060412323021,9,"Sequencing","CHRM2"
"SC3_9.197",-1.30506408058352,9,"Sequencing","CRLF2"
"SC3_9.198",-1.59447043662461,9,"Sequencing","ADGRG2"
"SC3_9.199",-1.62716132047948,9,"Sequencing","MAP7D2"
"SC3_9.200",-0.963671011872221,9,"Sequencing","ENSG00000283400"
"SC3_9.201",-1.65454705956175,9,"Sequencing","PTCHD1"
"SC3_9.202",-2.12657772966462,9,"Sequencing","IL1RAPL1"
"SC3_9.203",-2.01721724070828,9,"Sequencing","DMD"
"SC3_9.204",-1.47574194560695,9,"Sequencing","ERAS"
"SC3_9.205",-0.469463957328504,9,"Sequencing","MAGED4"
"SC3_9.206",-2.11358074427894,9,"Sequencing","PCDH11X"
"SC3_9.207",-0.998298451977085,9,"Sequencing","TCEAL6"
"SC3_9.208",-1.61370849716878,9,"Sequencing","RNF128"
"SC3_9.209",-0.665352076241733,9,"Sequencing","SERTM2"
"SC3_9.210",-2.23301601350314,9,"Sequencing","TRPC5"
"SC3_9.211",-1.66154733721727,9,"Sequencing","IL13RA1"
"SC3_9.212",-1.35361843358221,9,"Sequencing","SMIM10L2A"
"SC3_9.213",-1.09698469879906,9,"Sequencing","ARHGEF6"
"SC3_9.214",-1.71515361731544,9,"Sequencing","FGF13"
"SC3_9.215",-2.10567607821616,9,"Sequencing","MCF2"
"SC3_9.216",-1.59009961762549,9,"Sequencing","SLITRK2"
"SC3_9.217",-0.670053134582355,9,"Sequencing","GPR50"
"SC3_9.218",-0.762446651845831,9,"Sequencing","ENSG00000269993"
"SC3_9.219",-2.07226993373105,9,"Sequencing","CSMD1"
"SC3_9.220",-1.50587956297255,9,"Sequencing","ENSG00000284613"
"SC3_9.221",-1.22645418492164,9,"Sequencing","LPL"
"SC3_9.222",-1.36158592802368,9,"Sequencing","LGI3"
"SC3_9.223",-1.267845874778,9,"Sequencing","STC1"
"SC3_9.224",-0.725421656353611,9,"Sequencing","ADAM28"
"SC3_9.225",-1.47960420494006,9,"Sequencing","ENSG00000253888"
"SC3_9.226",-1.19845973485248,9,"Sequencing","ENSG00000279099"
"SC3_9.227",-0.71048455553267,9,"Sequencing","ENSG00000253746"
"SC3_9.228",-1.45925219188702,9,"Sequencing","CHRNA6"
"SC3_9.229",-1.29713041368146,9,"Sequencing","OPRK1"
"SC3_9.230",-0.885587691018087,9,"Sequencing","ENSG00000254254"
"SC3_9.231",-1.40761244802053,9,"Sequencing","TTPA"
"SC3_9.232",-2.05263287089177,9,"Sequencing","SBSPON"
"SC3_9.233",-1.77827538544052,9,"Sequencing","PI15"
"SC3_9.234",-1.50189204945003,9,"Sequencing","IL7"
"SC3_9.235",-1.9418736946946,9,"Sequencing","MATN2"
"SC3_9.236",-1.75744434626731,9,"Sequencing","SPAG1"
"SC3_9.237",-1.77846098874695,9,"Sequencing","ANGPT1"
"SC3_9.238",-1.92607174766159,9,"Sequencing","RSPO2"
"SC3_9.239",-1.3396953619287,9,"Sequencing","TRHR"
"SC3_9.240",-1.44667777023437,9,"Sequencing","SNTB1"
"SC3_9.241",-0.680055526091686,9,"Sequencing","ENSG00000244791"
"SC3_9.242",-1.89166429033852,9,"Sequencing","ADCY8"
"SC3_9.243",-1.36041310695199,9,"Sequencing","ENSG00000253259"
"SC3_9.244",-1.22642646860536,9,"Sequencing","ENSG00000253507"
"SC3_9.245",-1.92741659171337,9,"Sequencing","KCNK9"
"SC3_9.246",-2.07767282452192,9,"Sequencing","LY6H"
"SC3_9.247",-1.51836718243445,9,"Sequencing","CD274"
"SC3_9.248",-1.07110753190658,9,"Sequencing","ENSG00000226197"
"SC3_9.249",-1.21405594951827,9,"Sequencing","ENSG00000225472"
"SC3_9.250",-2.5930886233945,9,"Sequencing","BNC2"
"SC3_9.251",-1.74876947342527,9,"Sequencing","SLC24A2"
"SC3_9.252",-0.50497706398004,9,"Sequencing","ENSG00000260390"
"SC3_9.253",-2.03434416436106,9,"Sequencing","ENSG00000260412"
"SC3_9.254",-1.8248328265024,9,"Sequencing","LINGO2"
"SC3_9.255",-1.02367510014539,9,"Sequencing","AQP3"
"SC3_9.256",-1.67440697836846,9,"Sequencing","FAM189A2"
"SC3_9.257",-1.82886391635598,9,"Sequencing","NTRK2"
"SC3_9.258",-0.827283576190488,9,"Sequencing","FGD3"
"SC3_9.259",-1.78601302185158,9,"Sequencing","FBP1"
"SC3_9.260",-1.44888313029075,9,"Sequencing","GAS2L1P2"
"SC3_9.261",-2.0282377702211,9,"Sequencing","GRIN3A"
"SC3_9.262",-1.10717021931069,9,"Sequencing","PPP3R2"
"SC3_9.263",-1.19895119503831,9,"Sequencing","LINC01505"
"SC3_9.264",-2.16739418275253,9,"Sequencing","BRINP1"
"SC3_9.265",-2.05928699603496,9,"Sequencing","GPR21"
"SC3_9.266",-1.03746644368137,9,"Sequencing","MIR181A2HG"
"SC3_9.267",-1.28907916988724,9,"Sequencing","IER5L"
"SC3_9.268",-1.09582162146679,9,"Sequencing","C9orf50"
"SC3_9.269",-1.33273140915692,9,"Sequencing","NACC2"
"SC3_9.270",-1.55026712248762,9,"Sequencing","GRIN1"
"SC3_9.271",-1.35131711377241,9,"Sequencing","TH"
"SC3_9.272",-2.04948487525328,9,"Sequencing","SPON1"
"SC3_9.273",-1.84257686027085,9,"Sequencing","NCR3LG1"
"SC3_9.274",-1.47770016167689,9,"Sequencing","ENSG00000270607"
"SC3_9.275",-2.08599589014708,9,"Sequencing","ENSG00000279675"
"SC3_9.276",-2.10250205959958,9,"Sequencing","LRRC4C"
"SC3_9.277",-1.34175921900126,9,"Sequencing","LINC02740"
"SC3_9.278",-1.77913480990902,9,"Sequencing","MS4A7"
"SC3_9.279",-1.13550707012201,9,"Sequencing","MS4A14"
"SC3_9.280",-1.6419383486946,9,"Sequencing","MS4A1"
"SC3_9.281",-1.17750739052435,9,"Sequencing","MIR6746"
"SC3_9.282",-1.72714674798179,9,"Sequencing","KCNK4"
"SC3_9.283",-1.7752088482733,9,"Sequencing","ENSG00000257069"
"SC3_9.284",-1.90143435768642,9,"Sequencing","CATSPERZ"
"SC3_9.285",-1.26493899974942,9,"Sequencing","SHANK2-AS1"
"SC3_9.286",-1.54340095335068,9,"Sequencing","ARHGEF17"
"SC3_9.287",-0.77270088667601,9,"Sequencing","GRM5"
"SC3_9.288",-2.00101018570464,9,"Sequencing","MMP10"
"SC3_9.289",-1.73157602820681,9,"Sequencing","MMP1"
"SC3_9.290",-2.16298665154389,9,"Sequencing","PDGFD"
"SC3_9.291",-1.56278677059101,9,"Sequencing","C11orf87"
"SC3_9.292",-1.73049836787948,9,"Sequencing","ARHGAP20"
"SC3_9.293",-1.4718158092182,9,"Sequencing","LAYN"
"SC3_9.294",-1.46511369398115,9,"Sequencing","SCN2B"
"SC3_9.295",-1.65698952688783,9,"Sequencing","ABCG4"
"SC3_9.296",-0.98749109857901,9,"Sequencing","TRIM29"
"SC3_9.297",-2.01638144012844,9,"Sequencing","MIR100HG"
"SC3_9.298",-1.70822026393063,9,"Sequencing","MIR125B1"
"SC3_9.299",-0.413506140275515,9,"Sequencing","ENSG00000238117"
"SC3_9.300",-0.930099984903693,9,"Sequencing","LINC02714"
"SC3_9.301",-1.10478037178653,9,"Sequencing","LINC00707"
"SC3_9.302",-1.43103197128437,9,"Sequencing","SFMBT2"
"SC3_9.303",-1.35964322636345,9,"Sequencing","ARMC3"
"SC3_9.304",-1.62003457837629,9,"Sequencing","MKX"
"SC3_9.305",-1.89506821334139,9,"Sequencing","FZD8"
"SC3_9.306",-1.79067042455354,9,"Sequencing","MIR4683"
"SC3_9.307",-1.62115936683206,9,"Sequencing","ANXA8L1"
"SC3_9.308",-2.06443844093595,9,"Sequencing","LRRTM3"
"SC3_9.309",-1.57725845760802,9,"Sequencing","TLL2"
"SC3_9.310",-1.71058483304012,9,"Sequencing","SORCS1"
"SC3_9.311",-1.42287649651412,9,"Sequencing","CHST15"
"SC3_9.312",-1.69730381489505,9,"Sequencing","PTPRE"
"SC3_9.313",-1.85135258285562,9,"Sequencing","JAKMIP3"
"SC3_9.314",-0.859360019727448,9,"Sequencing","ENSG00000249695"
"SC3_9.315",-1.91072439216773,9,"Sequencing","GRIN2B"
"SC3_9.316",-1.23003164551116,9,"Sequencing","RERG"
"SC3_9.317",-1.24740325633167,9,"Sequencing","PTHLH"
"SC3_9.318",-1.79828466621167,9,"Sequencing","PDZRN4"
"SC3_9.319",-1.73305900904141,9,"Sequencing","TMEM117"
"SC3_9.320",-1.86655780250323,9,"Sequencing","ENSG00000258101"
"SC3_9.321",-1.16135321558246,9,"Sequencing","KRT18"
"SC3_9.322",-2.06053784446876,9,"Sequencing","TAFA2"
"SC3_9.323",-0.414918045000406,9,"Sequencing","LINC02458"
"SC3_9.324",-1.56536265636867,9,"Sequencing","NTN4"
"SC3_9.325",-1.60243631926528,9,"Sequencing","SLC17A8"
"SC3_9.326",-0.550913866615988,9,"Sequencing","ENSG00000257548"
"SC3_9.327",-1.39360479336265,9,"Sequencing","TMEM233"
"SC3_9.328",-1.78885357021118,9,"Sequencing","MIR1178"
"SC3_9.329",-1.02458062120994,9,"Sequencing","ENSG00000280381"
"SC3_9.330",-1.56072863295852,9,"Sequencing","TMEM132D"
"SC3_9.331",-1.20343135154373,9,"Sequencing","LINC02340"
"SC3_9.332",-2.13192916636127,9,"Sequencing","FLT3"
"SC3_9.333",-0.617434336299005,9,"Sequencing","STOML3"
"SC3_9.334",-1.9791546105535,9,"Sequencing","KCTD4"
"SC3_9.335",-1.52544586592436,9,"Sequencing","ENSG00000278727"
"SC3_9.336",-0.76168588976523,9,"Sequencing","SLITRK6"
"SC3_9.337",-1.94673318624112,9,"Sequencing","ENSG00000232636"
"SC3_9.338",-1.62251080096699,9,"Sequencing","MIR4500HG"
"SC3_9.339",-1.52223140523732,9,"Sequencing","COL4A2"
"SC3_9.340",-1.90302489631879,9,"Sequencing","NPAS3"
"SC3_9.341",-1.6355940006458,9,"Sequencing","ENSG00000258636"
"SC3_9.342",-1.97677333103726,9,"Sequencing","LRFN5"
"SC3_9.343",-2.14298841217294,9,"Sequencing","MDGA2"
"SC3_9.344",-1.98414878243356,9,"Sequencing","PTGER2"
"SC3_9.345",-1.51593512562742,9,"Sequencing","LGALS3"
"SC3_9.346",-2.09275998775851,9,"Sequencing","SYT16"
"SC3_9.347",-1.71372573519486,9,"Sequencing","KCNH5"
"SC3_9.348",-1.58229481807071,9,"Sequencing","TMEM229B"
"SC3_9.349",-1.51217402027711,9,"Sequencing","ENSG00000258422"
"SC3_9.350",-1.83183425664715,9,"Sequencing","FOS"
"SC3_9.351",-2.01339284104244,9,"Sequencing","NRXN3"
"SC3_9.352",-1.51259191606343,9,"Sequencing","ENSG00000258419"
"SC3_9.353",-1.14042763598747,9,"Sequencing","TSHR"
"SC3_9.354",-0.930390512566173,9,"Sequencing","MEG8"
"SC3_9.355",-1.25809951344183,9,"Sequencing","DIO3"
"SC3_9.356",-1.15578182609927,9,"Sequencing","ENSG00000260780"
"SC3_9.357",-0.341587829084788,9,"Sequencing","SNORD116-18"
"SC3_9.358",-1.87046200632936,9,"Sequencing","SNORD115-1"
"SC3_9.359",-1.95711453554716,9,"Sequencing","SNORD115-46"
"SC3_9.360",-1.70236159524831,9,"Sequencing","GABRA5"
"SC3_9.361",-1.90207292005087,9,"Sequencing","GJD2"
"SC3_9.362",-1.22065804835476,9,"Sequencing","MEIS2"
"SC3_9.363",-1.11211686309,9,"Sequencing","ENSG00000276121"
"SC3_9.364",-0.912188447736825,9,"Sequencing","FGF7"
"SC3_9.365",-1.67142705114724,9,"Sequencing","LYSMD2"
"SC3_9.366",-1.74963670111987,9,"Sequencing","THSD4"
"SC3_9.367",-2.10813024909931,9,"Sequencing","ENSG00000275120"
"SC3_9.368",-2.19951278038627,9,"Sequencing","ENSG00000276278"
"SC3_9.369",-1.30780826295714,9,"Sequencing","PLIN1"
"SC3_9.370",-1.61970661465784,9,"Sequencing","ENSG00000260337"
"SC3_9.371",-1.46941733777791,9,"Sequencing","FAM169B"
"SC3_9.372",-1.98298890738207,9,"Sequencing","ADAMTS17"
"SC3_9.373",-1.29236582743521,9,"Sequencing","TNFRSF12A"
"SC3_9.374",-1.83989868693812,9,"Sequencing","ENSG00000262668"
"SC3_9.375",-1.99025186748625,9,"Sequencing","GRIN2A"
"SC3_9.376",-1.3871968605835,9,"Sequencing","SOCS1"
"SC3_9.377",-1.44905435732844,9,"Sequencing","ENSG00000262801"
"SC3_9.378",-1.21437459380329,9,"Sequencing","ENSG00000262267"
"SC3_9.379",-1.90112538824997,9,"Sequencing","TMC5"
"SC3_9.380",-1.67559270242586,9,"Sequencing","RNU4-46P"
"SC3_9.381",-2.22594522751018,9,"Sequencing","HS3ST4"
"SC3_9.382",-1.40553102902628,9,"Sequencing","ENSG00000283662"
"SC3_9.383",-1.66922250684771,9,"Sequencing","LPCAT2"
"SC3_9.384",-1.43959778201474,9,"Sequencing","MT3"
"SC3_9.385",-2.28468381788211,9,"Sequencing","CDH8"
"SC3_9.386",-1.34317918564892,9,"Sequencing","ENSG00000260600"
"SC3_9.387",-0.729274381686434,9,"Sequencing","ENSG00000231589"
"SC3_9.388",-1.63619963124018,9,"Sequencing","HSF4"
"SC3_9.389",-1.1402535756683,9,"Sequencing","ENSG00000262691"
"SC3_9.390",-1.85737727895871,9,"Sequencing","ENSG00000260577"
"SC3_9.391",-1.68584589970796,9,"Sequencing","HAS3"
"SC3_9.392",-1.52652362519549,9,"Sequencing","HPR"
"SC3_9.393",-2.50759643862985,9,"Sequencing","ENSG00000277954"
"SC3_9.394",-2.11276369098635,9,"Sequencing","ENSG00000261722"
"SC3_9.395",-2.55398669274839,9,"Sequencing","MAF"
"SC3_9.396",-1.42439162069884,9,"Sequencing","ENSG00000277214"
"SC3_9.397",-1.59503515177334,9,"Sequencing","ENSG00000278058"
"SC3_9.398",-1.5435968676895,9,"Sequencing","HSD17B2"
"SC3_9.399",-0.926805288032737,9,"Sequencing","ATP2C2"
"SC3_9.400",-1.84735312346282,9,"Sequencing","ENSG00000260279"
"SC3_9.401",-1.92873718734265,9,"Sequencing","SERPINF2"
"SC3_9.402",-1.31487259958854,9,"Sequencing","GUCY2D"
"SC3_9.403",-1.54512078684747,9,"Sequencing","ENSG00000279174"
"SC3_9.404",-1.09323915348567,9,"Sequencing","LINC00670"
"SC3_9.405",-1.64512407303344,9,"Sequencing","ASIC2"
"SC3_9.406",-1.44846358991855,9,"Sequencing","PLXDC1"
"SC3_9.407",-1.56120808401894,9,"Sequencing","HAP1"
"SC3_9.408",-1.40569102640482,9,"Sequencing","ENSG00000276851"
"SC3_9.409",-1.9466684772244,9,"Sequencing","CA10"
"SC3_9.410",-1.54906800628088,9,"Sequencing","NOG"
"SC3_9.411",-1.67118645703895,9,"Sequencing","TRIM25"
"SC3_9.412",-2.1077405983687,9,"Sequencing","PRKCA"
"SC3_9.413",-2.09143059755509,9,"Sequencing","KCNJ2-AS1"
"SC3_9.414",-1.93291607433613,9,"Sequencing","KCNJ2"
"SC3_9.415",-1.40650327437107,9,"Sequencing","ENSG00000276863"
"SC3_9.416",-1.72759580821696,9,"Sequencing","ENSG00000263606"
"SC3_9.417",-1.75279478926991,9,"Sequencing","LDLRAD4"
"SC3_9.418",-0.89338726262698,9,"Sequencing","RN7SL362P"
"SC3_9.419",-1.26832126248561,9,"Sequencing","CHST9"
"SC3_9.420",-1.93830818704422,9,"Sequencing","GAREM1"
"SC3_9.421",-1.83072806438178,9,"Sequencing","RIT2"
"SC3_9.422",-1.89442484205828,9,"Sequencing","PSTPIP2"
"SC3_9.423",-1.58932946214431,9,"Sequencing","RAB27B"
"SC3_9.424",-0.606450439143852,9,"Sequencing","SERPINB2"
"SC3_9.425",-0.665810012057102,9,"Sequencing","SERPINB10"
"SC3_9.426",-1.8152357085944,9,"Sequencing","LINC00305"
"SC3_9.427",-2.01878848979663,9,"Sequencing","CDH7"
"SC3_9.428",-1.04581366908755,9,"Sequencing","ENSG00000263720"
"SC3_9.429",-1.73621378122709,9,"Sequencing","CBLN2"
"SC3_9.430",-2.03732098853918,9,"Sequencing","LINC01896"
"SC3_9.431",-2.10318977874257,9,"Sequencing","SALL3"
"SC3_9.432",-0.898355652855638,9,"Sequencing","PDYN"
"SC3_9.433",-0.846231632367416,9,"Sequencing","TGM3"
"SC3_9.434",-1.78203517814079,9,"Sequencing","EBF4"
"SC3_9.435",-2.18480178399222,9,"Sequencing","SLC24A3"
"SC3_9.436",-1.07834417130882,9,"Sequencing","ANKRD20A21P"
"SC3_9.437",-2.01979617001465,9,"Sequencing","MAFB"
"SC3_9.438",-2.16584637286508,9,"Sequencing","PTPRT"
"SC3_9.439",-2.06311279428114,9,"Sequencing","ENSG00000233508"
"SC3_9.440",-1.87063846337636,9,"Sequencing","SYCP2"
"SC3_9.441",-1.9241648287458,9,"Sequencing","CDH4"
"SC3_9.442",-1.80529390527249,9,"Sequencing","MIR1-1HG-AS1"
"SC3_9.443",-1.21891531389509,9,"Sequencing","THEG"
"SC3_9.444",-1.8305994739927,9,"Sequencing","SBNO2"
"SC3_9.445",-1.36948278080493,9,"Sequencing","ZNF556"
"SC3_9.446",-1.96904556978413,9,"Sequencing","FUT3"
"SC3_9.447",-1.63926505187478,9,"Sequencing","JUNB"
"SC3_9.448",-1.97004444815897,9,"Sequencing","NANOS3"
"SC3_9.449",-1.73648777083299,9,"Sequencing","IL27RA"
"SC3_9.450",-2.22825144195901,9,"Sequencing","WTIP"
"SC3_9.451",-1.57204365476312,9,"Sequencing","CYP2A13"
"SC3_9.452",-1.42853511368491,9,"Sequencing","BCL3"
"SC3_9.453",-1.50548280198807,9,"Sequencing","GFY"
"SC3_9.454",-1.363362604522,9,"Sequencing","HAS1"
"SC3_9.455",-1.17299281156096,9,"Sequencing","MIR935"
"SC3_9.456",-1.5911691867829,9,"Sequencing","LINC01864"
"SC3_9.457",-0.555134257615834,9,"Sequencing","ZSCAN4"
"SC3_9.458",-1.76231387667631,9,"Sequencing","LINC01638"
"SC3_9.459",-1.83178607171085,9,"Sequencing","C22orf42"
"SC3_9.460",-1.88422490782206,9,"Sequencing","CACNA1I"
"SC3_9.461",-2.06971210435945,9,"Sequencing","NFAM1"
"SC3_9.462",-1.53780026151972,9,"Sequencing","ENSG00000230107"
"SC3_9.463",-1.74866469096704,9,"Sequencing","SHISAL1"
"SC3_9.464",-2.09055860251159,9,"Sequencing","NCAM2"
"SC3_9.465",-1.27748271395417,9,"Sequencing","ADAMTS1"
"SC3_9.466",-1.95079901304591,9,"Sequencing","RUNX1"
"SC3_9.467",-1.5353413508669,9,"Sequencing","PCP4"
"SC3_9.468",-1.32792970997129,9,"Sequencing","COL18A1"
"SC1_15",-0.188536946825401,15,"Sequencing","CHD5"
"SC1_15.1",-1.02239455183975,15,"Sequencing","UTS2"
"SC1_15.2",-1.50364653580433,15,"Sequencing","TNFRSF9"
"SC1_15.3",-0.826266088884938,15,"Sequencing","FBXO6"
"SC1_15.4",-0.787249184514483,15,"Sequencing","NBL1"
"SC1_15.5",-0.941972555172015,15,"Sequencing","WNT4"
"SC1_15.6",-0.0636002307970058,15,"Sequencing","IFNLR1"
"SC1_15.7",0.468889966003676,15,"Sequencing","CSMD2"
"SC1_15.8",-0.714840341724813,15,"Sequencing","HPCAL4"
"SC1_15.9",-0.306596853323497,15,"Sequencing","FAAH"
"SC1_15.10",-0.557991820817322,15,"Sequencing","SLC25A3P1"
"SC1_15.11",-0.339219211902493,15,"Sequencing","PTGER3"
"SC1_15.12",-0.56121174016478,15,"Sequencing","ENSG00000269933"
"SC1_15.13",-0.841751671192553,15,"Sequencing","PTGFR"
"SC1_15.14",-0.175429213385932,15,"Sequencing","ST13P20"
"SC1_15.15",-1.36037841290924,15,"Sequencing","SAMD13"
"SC1_15.16",-0.786745848458524,15,"Sequencing","UOX"
"SC1_15.17",-0.289002866352975,15,"Sequencing","ENSG00000280099"
"SC1_15.18",-0.654003897730623,15,"Sequencing","PLPPR4"
"SC1_15.19",-0.297888008569302,15,"Sequencing","C1orf194"
"SC1_15.20",-0.720836892893402,15,"Sequencing","SLC6A17"
"SC1_15.21",-0.0797580164219518,15,"Sequencing","ENSG00000224950"
"SC1_15.22",-0.892830761192153,15,"Sequencing","ECM1"
"SC1_15.23",-0.739326311229905,15,"Sequencing","S100A3"
"SC1_15.24",-1.05295133507706,15,"Sequencing","FMO2"
"SC1_15.25",0.780875499438067,15,"Sequencing","SLC9C2"
"SC1_15.26",-0.324544878962225,15,"Sequencing","TNR"
"SC1_15.27",-0.178162021747445,15,"Sequencing","CACNA1E"
"SC1_15.28",0.182614410746397,15,"Sequencing","BRINP3"
"SC1_15.29",-0.325313015363075,15,"Sequencing","LINC01351"
"SC1_15.30",-0.496423629081467,15,"Sequencing","ENSG00000241505"
"SC1_15.31",-0.522879693970608,15,"Sequencing","ATP2B4"
"SC1_15.32",0.560986041062265,15,"Sequencing","ENSG00000236846"
"SC1_15.33",0.28299386336294,15,"Sequencing","LEFTY1"
"SC1_15.34",-0.395867778548541,15,"Sequencing","MAP3K21"
"SC1_15.35",-0.80147264156435,15,"Sequencing","CHRM3"
"SC1_15.36",-0.58520423833283,15,"Sequencing","PLD5"
"SC1_15.37",0.812055854704745,15,"Sequencing","ENSG00000229727"
"SC1_15.38",-0.993540925075068,15,"Sequencing","HPCAL1"
"SC1_15.39",-0.828688800910679,15,"Sequencing","ENSG00000225649"
"SC1_15.40",-0.598788920489934,15,"Sequencing","POMC"
"SC1_15.41",-0.419498412115315,15,"Sequencing","KCNK12"
"SC1_15.42",-0.94276329322486,15,"Sequencing","SFXN5"
"SC1_15.43",-0.168281061255661,15,"Sequencing","CD8B"
"SC1_15.44",0.0335388852174587,15,"Sequencing","ANAPC1P1"
"SC1_15.45",-1.37462115238899,15,"Sequencing","CYTOR"
"SC1_15.46",-0.308114895181541,15,"Sequencing","IL1R1"
"SC1_15.47",0.0519123897691327,15,"Sequencing","LINC01123"
"SC1_15.48",-0.928843150329038,15,"Sequencing","MIR4435-2HG"
"SC1_15.49",-1.05388504952466,15,"Sequencing","SCTR"
"SC1_15.50",0.679794034414901,15,"Sequencing","ENSG00000228400"
"SC1_15.51",-0.8730288959096,15,"Sequencing","LINC01854"
"SC1_15.52",-0.221471495674691,15,"Sequencing","CCDC74B"
"SC1_15.53",-0.642378723760023,15,"Sequencing","SMIM39"
"SC1_15.54",-0.269229757425554,15,"Sequencing","CCDC74A"
"SC1_15.55",-0.668885081571909,15,"Sequencing","LYPD1"
"SC1_15.56",-0.215050131714115,15,"Sequencing","KCNJ3"
"SC1_15.57",-0.848623183606655,15,"Sequencing","PLA2R1"
"SC1_15.58",-0.306121880954195,15,"Sequencing","SCN1A"
"SC1_15.59",-0.619916222067971,15,"Sequencing","C2orf88"
"SC1_15.60",-0.745853929726179,15,"Sequencing","MSTN"
"SC1_15.61",-0.604678958588242,15,"Sequencing","NYAP2"
"SC1_15.62",-0.345284342047337,15,"Sequencing","ENSG00000273301"
"SC1_15.63",-0.990357731483952,15,"Sequencing","ECEL1"
"SC1_15.64",-1.27111444640764,15,"Sequencing","RAMP1"
"SC1_15.65",-0.689650219317211,15,"Sequencing","CNTN6"
"SC1_15.66",-0.66130406781733,15,"Sequencing","GRM7"
"SC1_15.67",-0.856158035427611,15,"Sequencing","IRAK2"
"SC1_15.68",-0.913976135162757,15,"Sequencing","SYN2"
"SC1_15.69",0.0647425368981999,15,"Sequencing","GRIP2"
"SC1_15.70",-0.128661634069165,15,"Sequencing","ARPP21"
"SC1_15.71",-0.873026004228326,15,"Sequencing","DCLK3"
"SC1_15.72",-1.00650075507483,15,"Sequencing","CCK"
"SC1_15.73",-0.439050878729038,15,"Sequencing","IL17RB"
"SC1_15.74",-0.0422897901251656,15,"Sequencing","CACNA2D3"
"SC1_15.75",-0.723751742664871,15,"Sequencing","DNAH12"
"SC1_15.76",-0.570220331823914,15,"Sequencing","CNTN3"
"SC1_15.77",0.545425226721215,15,"Sequencing","EPHA6"
"SC1_15.78",0.406763777386317,15,"Sequencing","ENSG00000261292"
"SC1_15.79",1.80631432173874,15,"Sequencing","ENSG00000239482"
"SC1_15.80",0.228466480626286,15,"Sequencing","ENSG00000251012"
"SC1_15.81",1.05527574110155,15,"Sequencing","UPK1B"
"SC1_15.82",-0.50144620634467,15,"Sequencing","ADCY5"
"SC1_15.83",-1.03487837427811,15,"Sequencing","TRH"
"SC1_15.84",-0.377480818952854,15,"Sequencing","COL6A4P2"
"SC1_15.85",-0.623916771765855,15,"Sequencing","ZBTB38"
"SC1_15.86",-0.137311714575172,15,"Sequencing","PCOLCE2"
"SC1_15.87",0.307360146750599,15,"Sequencing","CPB1"
"SC1_15.88",1.47005157274983,15,"Sequencing","IQCJ"
"SC1_15.89",1.11194633545733,15,"Sequencing","LINC01323"
"SC1_15.90",0.739701469566035,15,"Sequencing","LINC01324"
"SC1_15.91",0.0596120117739143,15,"Sequencing","SLITRK3"
"SC1_15.92",-0.365189041767311,15,"Sequencing","LINC01322"
"SC1_15.93",-0.322008100242748,15,"Sequencing","BCL6"
"SC1_15.94",-0.807683473128526,15,"Sequencing",NA
"SC1_15.95",-0.992242118329733,15,"Sequencing","IL1RAP"
"SC1_15.96",-0.625835404304626,15,"Sequencing","UTS2B"
"SC1_15.97",0.711547820609803,15,"Sequencing","ZDHHC19"
"SC1_15.98",-1.01022009876016,15,"Sequencing","RPSAP69"
"SC1_15.99",0.0173855458291705,15,"Sequencing","ENSG00000227189"
"SC1_15.100",0.101817037403422,15,"Sequencing","ENSG00000284727"
"SC1_15.101",0.0500199368805287,15,"Sequencing","MSX1"
"SC1_15.102",0.909904385445932,15,"Sequencing","GBA3"
"SC1_15.103",0.219665834669054,15,"Sequencing","CCKAR"
"SC1_15.104",-0.188122667950982,15,"Sequencing","PCDH7"
"SC1_15.105",-0.408287280896161,15,"Sequencing","LINC02513"
"SC1_15.106",-0.499557186139976,15,"Sequencing","ENSG00000260878"
"SC1_15.107",-0.297033379775739,15,"Sequencing","GABRA2"
"SC1_15.108",1.04572838715672,15,"Sequencing","ENSG00000249330"
"SC1_15.109",-0.895438387015342,15,"Sequencing","GABRB1"
"SC1_15.110",-0.818641491227497,15,"Sequencing","ENSG00000260918"
"SC1_15.111",-0.559702549913223,15,"Sequencing","ADAMTS3"
"SC1_15.112",-0.532322551689237,15,"Sequencing","BTC"
"SC1_15.113",0.477962613239209,15,"Sequencing","FGF5"
"SC1_15.114",0.00737387188770328,15,"Sequencing","SCD5"
"SC1_15.115",2.02001209902136,15,"Sequencing","NPNT"
"SC1_15.116",-0.418020132968391,15,"Sequencing","CAMK2D"
"SC1_15.117",0.461172748256022,15,"Sequencing","PDE5A"
"SC1_15.118",-0.915089421449993,15,"Sequencing","PCDH18"
"SC1_15.119",-0.421657575294367,15,"Sequencing","ENSG00000250777"
"SC1_15.120",-0.790749016411435,15,"Sequencing","FREM3"
"SC1_15.121",-0.113677386999451,15,"Sequencing","TTC29"
"SC1_15.122",-0.453211776022699,15,"Sequencing",NA
"SC1_15.123",-0.51422671581235,15,"Sequencing","GUCY1A1"
"SC1_15.124",-0.411273942356094,15,"Sequencing","ENSG00000260244"
"SC1_15.125",0.798610784385635,15,"Sequencing","PDGFC"
"SC1_15.126",-0.368666232964694,15,"Sequencing","FSTL5"
"SC1_15.127",0.278744580778572,15,"Sequencing","ENSG00000250027"
"SC1_15.128",0.564948195059849,15,"Sequencing","NPY1R"
"SC1_15.129",0.266812043327184,15,"Sequencing","NPY5R"
"SC1_15.130",0.0526161848084427,15,"Sequencing","GALNTL6"
"SC1_15.131",0.0825004094241261,15,"Sequencing","GLRA3"
"SC1_15.132",0.885566160863187,15,"Sequencing","ADAM29"
"SC1_15.133",-0.304476126186101,15,"Sequencing","MTNR1A"
"SC1_15.134",-0.40890554162243,15,"Sequencing","RANBP3L"
"SC1_15.135",-0.5758446082418,15,"Sequencing","LIFR"
"SC1_15.136",-0.581074483457112,15,"Sequencing","PTGER4"
"SC1_15.137",-0.338611387807962,15,"Sequencing","GHR"
"SC1_15.138",-1.19466717167284,15,"Sequencing","ESM1"
"SC1_15.139",-0.633201618721529,15,"Sequencing","IL6ST"
"SC1_15.140",-0.522612796271897,15,"Sequencing","RGS7BP"
"SC1_15.141",0.975341201496,15,"Sequencing","LINC02197"
"SC1_15.142",-1.18971705153368,15,"Sequencing","SV2C"
"SC1_15.143",0.360461208132737,15,"Sequencing","MEF2C"
"SC1_15.144",0.773609957181217,15,"Sequencing","EGR1"
"SC1_15.145",0.0307448976478721,15,"Sequencing","NR3C1"
"SC1_15.146",-0.563771157529427,15,"Sequencing","GRIA1"
"SC1_15.147",0.337771222077281,15,"Sequencing","ENSG00000249738"
"SC1_15.148",-0.294238417761756,15,"Sequencing","IL12B"
"SC1_15.149",0.791230620123197,15,"Sequencing","GABRB2"
"SC1_15.150",-0.00574536646078427,15,"Sequencing","GABRA1"
"SC1_15.151",-0.826133650196668,15,"Sequencing","GABRG2"
"SC1_15.152",-0.670839012798956,15,"Sequencing","F12"
"SC1_15.153",0.687733453553453,15,"Sequencing","PRR7-AS1"
"SC1_15.154",-0.522350058443348,15,"Sequencing","TRIM7"
"SC1_15.155",-0.632918148260091,15,"Sequencing","CD83"
"SC1_15.156",0.0822034283798704,15,"Sequencing","RBM24"
"SC1_15.157",-1.4984815571248,15,"Sequencing","RNF144B"
"SC1_15.158",-0.669280748234551,15,"Sequencing","DCDC2"
"SC1_15.159",-0.602046860862559,15,"Sequencing","SLC17A2"
"SC1_15.160",-0.23761993133814,15,"Sequencing","BTN3A1"
"SC1_15.161",-0.989605948903325,15,"Sequencing","RN7SL471P"
"SC1_15.162",-0.577790423631902,15,"Sequencing","TRIM31-AS1"
"SC1_15.163",-0.881439535281804,15,"Sequencing","HLA-DRB5"
"SC1_15.164",-1.04026067085575,15,"Sequencing","TAP1"
"SC1_15.165",-1.18781164966319,15,"Sequencing","CLIC5"
"SC1_15.166",-1.19306775873975,15,"Sequencing","RCAN2"
"SC1_15.167",-0.79738221093219,15,"Sequencing","TENT5A"
"SC1_15.168",0.885859014363271,15,"Sequencing","TBX18"
"SC1_15.169",-0.828822371377341,15,"Sequencing","GJA10"
"SC1_15.170",0.618373619752153,15,"Sequencing","FAM162B"
"SC1_15.171",1.30408319258742,15,"Sequencing","RFX6"
"SC1_15.172",-0.530691448993428,15,"Sequencing","NKAIN2"
"SC1_15.173",0.412835667227949,15,"Sequencing","ENSG00000237321"
"SC1_15.174",-0.673638835521338,15,"Sequencing","MOXD1"
"SC1_15.175",-0.268249884023511,15,"Sequencing","MAP7"
"SC1_15.176",-0.676694530301775,15,"Sequencing","STXBP5-AS1"
"SC1_15.177",-0.778330128782156,15,"Sequencing","MYCT1"
"SC1_15.178",-0.749753611059247,15,"Sequencing","ENSG00000232529"
"SC1_15.179",-0.50093609936794,15,"Sequencing","LPA"
"SC1_15.180",2.09295999839655,15,"Sequencing","LINC02538"
"SC1_15.181",0.423214523150029,15,"Sequencing","ENSG00000235994"
"SC1_15.182",-0.214688153895368,15,"Sequencing","KIF25"
"SC1_15.183",-0.171460113820038,15,"Sequencing","ENSG00000234647"
"SC1_15.184",-0.161123752058612,15,"Sequencing","SMOC2"
"SC1_15.185",-0.0832760941457774,15,"Sequencing","NXPH1"
"SC1_15.186",-0.34951442417441,15,"Sequencing","GALNT17"
"SC1_15.187",-0.6423748356552,15,"Sequencing","CALN1"
"SC1_15.188",-0.302888817019599,15,"Sequencing","CD36"
"SC1_15.189",0.572360855785179,15,"Sequencing","GRM3"
"SC1_15.190",-0.382193398821905,15,"Sequencing","TAC1"
"SC1_15.191",-1.07716110345449,15,"Sequencing","AZGP1"
"SC1_15.192",-0.606559457971798,15,"Sequencing","VGF"
"SC1_15.193",-0.465213919301003,15,"Sequencing","LHFPL3"
"SC1_15.194",-0.461314733201745,15,"Sequencing","TMEM229A"
"SC1_15.195",0.140545910852402,15,"Sequencing","ENSG00000279419"
"SC1_15.196",-0.865443621152892,15,"Sequencing","CHRM2"
"SC1_15.197",-1.201237991044,15,"Sequencing","CRLF2"
"SC1_15.198",-0.462168451270076,15,"Sequencing","ADGRG2"
"SC1_15.199",-0.919952213357332,15,"Sequencing","MAP7D2"
"SC1_15.200",-0.270578380888648,15,"Sequencing","ENSG00000283400"
"SC1_15.201",-1.14979847294298,15,"Sequencing","PTCHD1"
"SC1_15.202",-0.48120942848899,15,"Sequencing","IL1RAPL1"
"SC1_15.203",0.0596916298716707,15,"Sequencing","DMD"
"SC1_15.204",0.0360341670028101,15,"Sequencing","ERAS"
"SC1_15.205",-0.304867925789553,15,"Sequencing","MAGED4"
"SC1_15.206",-0.250147879296774,15,"Sequencing","PCDH11X"
"SC1_15.207",-0.723932270248121,15,"Sequencing","TCEAL6"
"SC1_15.208",-0.401412562542577,15,"Sequencing","RNF128"
"SC1_15.209",-0.396108116107123,15,"Sequencing","SERTM2"
"SC1_15.210",0.23741672640396,15,"Sequencing","TRPC5"
"SC1_15.211",-0.700868331234603,15,"Sequencing","IL13RA1"
"SC1_15.212",-1.02647845494864,15,"Sequencing","SMIM10L2A"
"SC1_15.213",-0.847282580535409,15,"Sequencing","ARHGEF6"
"SC1_15.214",-0.799863794745005,15,"Sequencing","FGF13"
"SC1_15.215",-0.270672405277046,15,"Sequencing","MCF2"
"SC1_15.216",-1.08196166919196,15,"Sequencing","SLITRK2"
"SC1_15.217",1.04150060416356,15,"Sequencing","GPR50"
"SC1_15.218",0.839818280047342,15,"Sequencing","ENSG00000269993"
"SC1_15.219",0.175997482279696,15,"Sequencing","CSMD1"
"SC1_15.220",-0.0895039615345887,15,"Sequencing","ENSG00000284613"
"SC1_15.221",1.75817625988246,15,"Sequencing","LPL"
"SC1_15.222",-0.684304183094426,15,"Sequencing","LGI3"
"SC1_15.223",-0.818282342085462,15,"Sequencing","STC1"
"SC1_15.224",-0.662938611176083,15,"Sequencing","ADAM28"
"SC1_15.225",0.278052506770684,15,"Sequencing","ENSG00000253888"
"SC1_15.226",1.48095512262985,15,"Sequencing","ENSG00000279099"
"SC1_15.227",-0.770523542007668,15,"Sequencing","ENSG00000253746"
"SC1_15.228",-0.905174809577297,15,"Sequencing","CHRNA6"
"SC1_15.229",-1.23198949994893,15,"Sequencing","OPRK1"
"SC1_15.230",-0.910133208736965,15,"Sequencing","ENSG00000254254"
"SC1_15.231",-0.763288344432187,15,"Sequencing","TTPA"
"SC1_15.232",-0.118221698791401,15,"Sequencing","SBSPON"
"SC1_15.233",-0.928494511816369,15,"Sequencing","PI15"
"SC1_15.234",-0.26033809492039,15,"Sequencing","IL7"
"SC1_15.235",-0.251909253830874,15,"Sequencing","MATN2"
"SC1_15.236",-0.471070054732153,15,"Sequencing","SPAG1"
"SC1_15.237",0.0539401205074883,15,"Sequencing","ANGPT1"
"SC1_15.238",-0.366169627205318,15,"Sequencing","RSPO2"
"SC1_15.239",0.87139280652823,15,"Sequencing","TRHR"
"SC1_15.240",0.611917813032122,15,"Sequencing","SNTB1"
"SC1_15.241",-0.567520090154518,15,"Sequencing","ENSG00000244791"
"SC1_15.242",-0.461753591383473,15,"Sequencing","ADCY8"
"SC1_15.243",0.735783277084572,15,"Sequencing","ENSG00000253259"
"SC1_15.244",-1.13408682383274,15,"Sequencing","ENSG00000253507"
"SC1_15.245",-0.420580154604369,15,"Sequencing","KCNK9"
"SC1_15.246",-0.417783107006771,15,"Sequencing","LY6H"
"SC1_15.247",-0.535394600823834,15,"Sequencing","CD274"
"SC1_15.248",-0.671605399348841,15,"Sequencing","ENSG00000226197"
"SC1_15.249",1.31042883213672,15,"Sequencing","ENSG00000225472"
"SC1_15.250",0.78327310683047,15,"Sequencing","BNC2"
"SC1_15.251",-0.727331205494795,15,"Sequencing","SLC24A2"
"SC1_15.252",0.915095655419212,15,"Sequencing","ENSG00000260390"
"SC1_15.253",0.0352331670970023,15,"Sequencing","ENSG00000260412"
"SC1_15.254",-0.103841420240654,15,"Sequencing","LINGO2"
"SC1_15.255",-0.572807571989808,15,"Sequencing","AQP3"
"SC1_15.256",-0.507297319023426,15,"Sequencing","FAM189A2"
"SC1_15.257",-0.514001371816054,15,"Sequencing","NTRK2"
"SC1_15.258",-0.892091143460401,15,"Sequencing","FGD3"
"SC1_15.259",-0.339682643126084,15,"Sequencing","FBP1"
"SC1_15.260",-0.274960067462044,15,"Sequencing","GAS2L1P2"
"SC1_15.261",-0.233907006585283,15,"Sequencing","GRIN3A"
"SC1_15.262",0.404864105099525,15,"Sequencing","PPP3R2"
"SC1_15.263",1.04907128358048,15,"Sequencing","LINC01505"
"SC1_15.264",-0.0603819960844159,15,"Sequencing","BRINP1"
"SC1_15.265",0.00548777442635605,15,"Sequencing","GPR21"
"SC1_15.266",-0.228673340108201,15,"Sequencing","MIR181A2HG"
"SC1_15.267",-0.484568458487721,15,"Sequencing","IER5L"
"SC1_15.268",-1.18431476752328,15,"Sequencing","C9orf50"
"SC1_15.269",-0.687333560324213,15,"Sequencing","NACC2"
"SC1_15.270",-0.169559572254021,15,"Sequencing","GRIN1"
"SC1_15.271",-1.06464464497088,15,"Sequencing","TH"
"SC1_15.272",0.625900914953294,15,"Sequencing","SPON1"
"SC1_15.273",-0.735997293950565,15,"Sequencing","NCR3LG1"
"SC1_15.274",-1.07728354452391,15,"Sequencing","ENSG00000270607"
"SC1_15.275",0.657618774106532,15,"Sequencing","ENSG00000279675"
"SC1_15.276",0.257541006287574,15,"Sequencing","LRRC4C"
"SC1_15.277",-0.206366241865652,15,"Sequencing","LINC02740"
"SC1_15.278",1.21937479903819,15,"Sequencing","MS4A7"
"SC1_15.279",-0.227019197119224,15,"Sequencing","MS4A14"
"SC1_15.280",0.171530520598875,15,"Sequencing","MS4A1"
"SC1_15.281",-0.333021721891565,15,"Sequencing","MIR6746"
"SC1_15.282",-0.014535421794954,15,"Sequencing","KCNK4"
"SC1_15.283",0.1099991085202,15,"Sequencing","ENSG00000257069"
"SC1_15.284",0.489238256905039,15,"Sequencing","CATSPERZ"
"SC1_15.285",-1.26493899974942,15,"Sequencing","SHANK2-AS1"
"SC1_15.286",-0.553886989209792,15,"Sequencing","ARHGEF17"
"SC1_15.287",-1.23298958841213,15,"Sequencing","GRM5"
"SC1_15.288",-0.518759626986461,15,"Sequencing","MMP10"
"SC1_15.289",-0.360517079176502,15,"Sequencing","MMP1"
"SC1_15.290",-0.141937321603494,15,"Sequencing","PDGFD"
"SC1_15.291",-0.424868227319115,15,"Sequencing","C11orf87"
"SC1_15.292",-0.799272290933268,15,"Sequencing","ARHGAP20"
"SC1_15.293",-0.778618096111655,15,"Sequencing","LAYN"
"SC1_15.294",-0.52356589033754,15,"Sequencing","SCN2B"
"SC1_15.295",-0.429405729227149,15,"Sequencing","ABCG4"
"SC1_15.296",-0.347256276962561,15,"Sequencing","TRIM29"
"SC1_15.297",-0.101796545172983,15,"Sequencing","MIR100HG"
"SC1_15.298",0.281083134248617,15,"Sequencing","MIR125B1"
"SC1_15.299",-0.924646166746304,15,"Sequencing","ENSG00000238117"
"SC1_15.300",-0.688940697378483,15,"Sequencing","LINC02714"
"SC1_15.301",0.122115313190567,15,"Sequencing","LINC00707"
"SC1_15.302",-0.857241817621639,15,"Sequencing","SFMBT2"
"SC1_15.303",-0.205408756734163,15,"Sequencing","ARMC3"
"SC1_15.304",0.178123613479284,15,"Sequencing","MKX"
"SC1_15.305",0.110911105277385,15,"Sequencing","FZD8"
"SC1_15.306",-0.00202275608914913,15,"Sequencing","MIR4683"
"SC1_15.307",-0.390221649351201,15,"Sequencing","ANXA8L1"
"SC1_15.308",0.034013083058003,15,"Sequencing","LRRTM3"
"SC1_15.309",-1.00598945156503,15,"Sequencing","TLL2"
"SC1_15.310",-0.405349385915799,15,"Sequencing","SORCS1"
"SC1_15.311",-1.05522830911175,15,"Sequencing","CHST15"
"SC1_15.312",-0.989715969321026,15,"Sequencing","PTPRE"
"SC1_15.313",-0.097503931351127,15,"Sequencing","JAKMIP3"
"SC1_15.314",0.0357893433293141,15,"Sequencing","ENSG00000249695"
"SC1_15.315",-0.430135033265034,15,"Sequencing","GRIN2B"
"SC1_15.316",-1.11120769804204,15,"Sequencing","RERG"
"SC1_15.317",-0.901359704761737,15,"Sequencing","PTHLH"
"SC1_15.318",-0.535077346347981,15,"Sequencing","PDZRN4"
"SC1_15.319",-0.55006923741716,15,"Sequencing","TMEM117"
"SC1_15.320",-0.874614969501775,15,"Sequencing","ENSG00000258101"
"SC1_15.321",-1.34200426367201,15,"Sequencing","KRT18"
"SC1_15.322",0.0070510288377639,15,"Sequencing","TAFA2"
"SC1_15.323",0.635289644530278,15,"Sequencing","LINC02458"
"SC1_15.324",-0.908359715695561,15,"Sequencing","NTN4"
"SC1_15.325",-0.0606320688052504,15,"Sequencing","SLC17A8"
"SC1_15.326",0.0380480459334588,15,"Sequencing","ENSG00000257548"
"SC1_15.327",1.34816809824342,15,"Sequencing","TMEM233"
"SC1_15.328",-0.362514490653281,15,"Sequencing","MIR1178"
"SC1_15.329",0.924693001772765,15,"Sequencing","ENSG00000280381"
"SC1_15.330",-0.905087234259702,15,"Sequencing","TMEM132D"
"SC1_15.331",-0.961309475017575,15,"Sequencing","LINC02340"
"SC1_15.332",-0.223437187158881,15,"Sequencing","FLT3"
"SC1_15.333",-0.21456919881462,15,"Sequencing","STOML3"
"SC1_15.334",0.409602055581176,15,"Sequencing","KCTD4"
"SC1_15.335",1.18504860711867,15,"Sequencing","ENSG00000278727"
"SC1_15.336",-1.36070859164008,15,"Sequencing","SLITRK6"
"SC1_15.337",-0.953035405323663,15,"Sequencing","ENSG00000232636"
"SC1_15.338",-0.514184292377795,15,"Sequencing","MIR4500HG"
"SC1_15.339",-0.72909580049431,15,"Sequencing","COL4A2"
"SC1_15.340",-0.242979053757112,15,"Sequencing","NPAS3"
"SC1_15.341",-0.140762841957066,15,"Sequencing","ENSG00000258636"
"SC1_15.342",0.00349071095828477,15,"Sequencing","LRFN5"
"SC1_15.343",-0.107262883776123,15,"Sequencing","MDGA2"
"SC1_15.344",-0.896422521820646,15,"Sequencing","PTGER2"
"SC1_15.345",-0.285822602346378,15,"Sequencing","LGALS3"
"SC1_15.346",-0.24015483512534,15,"Sequencing","SYT16"
"SC1_15.347",-0.488604803984391,15,"Sequencing","KCNH5"
"SC1_15.348",-0.586642686622849,15,"Sequencing","TMEM229B"
"SC1_15.349",0.0391303073936224,15,"Sequencing","ENSG00000258422"
"SC1_15.350",-0.525907200294696,15,"Sequencing","FOS"
"SC1_15.351",-0.457939199563363,15,"Sequencing","NRXN3"
"SC1_15.352",0.635984822510875,15,"Sequencing","ENSG00000258419"
"SC1_15.353",-0.928077578024094,15,"Sequencing","TSHR"
"SC1_15.354",-0.634051186942863,15,"Sequencing","MEG8"
"SC1_15.355",-0.939213518994029,15,"Sequencing","DIO3"
"SC1_15.356",-0.485638465868453,15,"Sequencing","ENSG00000260780"
"SC1_15.357",0.31327053720537,15,"Sequencing","SNORD116-18"
"SC1_15.358",-0.401859912946434,15,"Sequencing","SNORD115-1"
"SC1_15.359",-0.0523863848942559,15,"Sequencing","SNORD115-46"
"SC1_15.360",-0.769506106817444,15,"Sequencing","GABRA5"
"SC1_15.361",-0.656921743400969,15,"Sequencing","GJD2"
"SC1_15.362",-0.993099233492875,15,"Sequencing","MEIS2"
"SC1_15.363",0.62195470647671,15,"Sequencing","ENSG00000276121"
"SC1_15.364",-0.450025137783327,15,"Sequencing","FGF7"
"SC1_15.365",-0.619726591674813,15,"Sequencing","LYSMD2"
"SC1_15.366",1.07369086199099,15,"Sequencing","THSD4"
"SC1_15.367",-0.566813360329554,15,"Sequencing","ENSG00000275120"
"SC1_15.368",-0.595759244609335,15,"Sequencing","ENSG00000276278"
"SC1_15.369",-0.174310166499136,15,"Sequencing","PLIN1"
"SC1_15.370",-0.495064313188303,15,"Sequencing","ENSG00000260337"
"SC1_15.371",0.452748922970378,15,"Sequencing","FAM169B"
"SC1_15.372",0.95212908896578,15,"Sequencing","ADAMTS17"
"SC1_15.373",-1.15034519815039,15,"Sequencing","TNFRSF12A"
"SC1_15.374",-0.185187445037624,15,"Sequencing","ENSG00000262668"
"SC1_15.375",0.0497925454241328,15,"Sequencing","GRIN2A"
"SC1_15.376",-0.148319321957824,15,"Sequencing","SOCS1"
"SC1_15.377",-0.405380909161231,15,"Sequencing","ENSG00000262801"
"SC1_15.378",-1.29298751807964,15,"Sequencing","ENSG00000262267"
"SC1_15.379",-0.638804772828416,15,"Sequencing","TMC5"
"SC1_15.380",-0.50264152971663,15,"Sequencing","RNU4-46P"
"SC1_15.381",-0.336883917306339,15,"Sequencing","HS3ST4"
"SC1_15.382",0.183792617342993,15,"Sequencing","ENSG00000283662"
"SC1_15.383",-0.505832206493105,15,"Sequencing","LPCAT2"
"SC1_15.384",-1.08816424697344,15,"Sequencing","MT3"
"SC1_15.385",0.377340446616884,15,"Sequencing","CDH8"
"SC1_15.386",1.97199396868507,15,"Sequencing","ENSG00000260600"
"SC1_15.387",0.706434740405664,15,"Sequencing","ENSG00000231589"
"SC1_15.388",-0.312522152064837,15,"Sequencing","HSF4"
"SC1_15.389",1.26639600589756,15,"Sequencing","ENSG00000262691"
"SC1_15.390",-0.708363244699453,15,"Sequencing","ENSG00000260577"
"SC1_15.391",-1.12547616891852,15,"Sequencing","HAS3"
"SC1_15.392",-0.939339580926273,15,"Sequencing","HPR"
"SC1_15.393",0.332098806208926,15,"Sequencing","ENSG00000277954"
"SC1_15.394",-0.112949289387207,15,"Sequencing","ENSG00000261722"
"SC1_15.395",0.960724273640334,15,"Sequencing","MAF"
"SC1_15.396",0.737440932177975,15,"Sequencing","ENSG00000277214"
"SC1_15.397",-0.0665163271053894,15,"Sequencing","ENSG00000278058"
"SC1_15.398",-0.378000378613413,15,"Sequencing","HSD17B2"
"SC1_15.399",-0.201020869233911,15,"Sequencing","ATP2C2"
"SC1_15.400",-0.242185775737019,15,"Sequencing","ENSG00000260279"
"SC1_15.401",0.0126019869581265,15,"Sequencing","SERPINF2"
"SC1_15.402",-0.220966091705234,15,"Sequencing","GUCY2D"
"SC1_15.403",0.135326287422072,15,"Sequencing","ENSG00000279174"
"SC1_15.404",0.33644073823938,15,"Sequencing","LINC00670"
"SC1_15.405",-0.861645736585109,15,"Sequencing","ASIC2"
"SC1_15.406",-0.694801043491876,15,"Sequencing","PLXDC1"
"SC1_15.407",-0.924995789320272,15,"Sequencing","HAP1"
"SC1_15.408",-0.85287623894392,15,"Sequencing","ENSG00000276851"
"SC1_15.409",-0.204100791797341,15,"Sequencing","CA10"
"SC1_15.410",-0.559240507930842,15,"Sequencing","NOG"
"SC1_15.411",-0.660107306026081,15,"Sequencing","TRIM25"
"SC1_15.412",0.693074675237757,15,"Sequencing","PRKCA"
"SC1_15.413",-0.314479685209266,15,"Sequencing","KCNJ2-AS1"
"SC1_15.414",-0.250148506663947,15,"Sequencing","KCNJ2"
"SC1_15.415",-0.632119427305156,15,"Sequencing","ENSG00000276863"
"SC1_15.416",0.0918309812887135,15,"Sequencing","ENSG00000263606"
"SC1_15.417",-0.683914678914654,15,"Sequencing","LDLRAD4"
"SC1_15.418",0.204049510707648,15,"Sequencing","RN7SL362P"
"SC1_15.419",0.692647267241119,15,"Sequencing","CHST9"
"SC1_15.420",-0.442683033935118,15,"Sequencing","GAREM1"
"SC1_15.421",-0.0810138594932787,15,"Sequencing","RIT2"
"SC1_15.422",-0.612985519451688,15,"Sequencing","PSTPIP2"
"SC1_15.423",-0.614377558147869,15,"Sequencing","RAB27B"
"SC1_15.424",0.034427766809656,15,"Sequencing","SERPINB2"
"SC1_15.425",-0.121863907307583,15,"Sequencing","SERPINB10"
"SC1_15.426",-0.18718839311302,15,"Sequencing","LINC00305"
"SC1_15.427",0.0492315659853938,15,"Sequencing","CDH7"
"SC1_15.428",-0.014612684463879,15,"Sequencing","ENSG00000263720"
"SC1_15.429",-0.735855734560707,15,"Sequencing","CBLN2"
"SC1_15.430",0.0252160133339385,15,"Sequencing","LINC01896"
"SC1_15.431",0.438130151378485,15,"Sequencing","SALL3"
"SC1_15.432",1.24970914918129,15,"Sequencing","PDYN"
"SC1_15.433",-0.799207622962262,15,"Sequencing","TGM3"
"SC1_15.434",-0.255151325118248,15,"Sequencing","EBF4"
"SC1_15.435",-0.408368431259747,15,"Sequencing","SLC24A3"
"SC1_15.436",-0.411063905641584,15,"Sequencing","ANKRD20A21P"
"SC1_15.437",0.707054550824542,15,"Sequencing","MAFB"
"SC1_15.438",-0.363522521165203,15,"Sequencing","PTPRT"
"SC1_15.439",-0.370079779785044,15,"Sequencing","ENSG00000233508"
"SC1_15.440",-0.738671161051197,15,"Sequencing","SYCP2"
"SC1_15.441",-0.296962070536496,15,"Sequencing","CDH4"
"SC1_15.442",-0.333729394514774,15,"Sequencing","MIR1-1HG-AS1"
"SC1_15.443",0.414313415345842,15,"Sequencing","THEG"
"SC1_15.444",-0.31432719283688,15,"Sequencing","SBNO2"
"SC1_15.445",-1.10449885117207,15,"Sequencing","ZNF556"
"SC1_15.446",1.1895224202069,15,"Sequencing","FUT3"
"SC1_15.447",-0.473079666909485,15,"Sequencing","JUNB"
"SC1_15.448",0.0500573411646915,15,"Sequencing","NANOS3"
"SC1_15.449",-0.787909424033319,15,"Sequencing","IL27RA"
"SC1_15.450",-0.0644670267426981,15,"Sequencing","WTIP"
"SC1_15.451",-0.611646202894924,15,"Sequencing","CYP2A13"
"SC1_15.452",-0.109676765796467,15,"Sequencing","BCL3"
"SC1_15.453",0.573628211907529,15,"Sequencing","GFY"
"SC1_15.454",-1.13739239934867,15,"Sequencing","HAS1"
"SC1_15.455",-0.720674470724068,15,"Sequencing","MIR935"
"SC1_15.456",-0.152590580867277,15,"Sequencing","LINC01864"
"SC1_15.457",1.42337683326988,15,"Sequencing","ZSCAN4"
"SC1_15.458",-0.135560139655316,15,"Sequencing","LINC01638"
"SC1_15.459",-0.633636691247787,15,"Sequencing","C22orf42"
"SC1_15.460",0.100082339213342,15,"Sequencing","CACNA1I"
"SC1_15.461",0.173639821227165,15,"Sequencing","NFAM1"
"SC1_15.462",-0.191217656073177,15,"Sequencing","ENSG00000230107"
"SC1_15.463",-0.676918390261222,15,"Sequencing","SHISAL1"
"SC1_15.464",-0.288334858387999,15,"Sequencing","NCAM2"
"SC1_15.465",-0.925569232358056,15,"Sequencing","ADAMTS1"
"SC1_15.466",-0.18240238700389,15,"Sequencing","RUNX1"
"SC1_15.467",-0.898734206878583,15,"Sequencing","PCP4"
"SC1_15.468",-0.677893617818915,15,"Sequencing","COL18A1"
"SC2_15",-0.46778344849934,15,"Sequencing","CHD5"
"SC2_15.1",-0.297217702724479,15,"Sequencing","UTS2"
"SC2_15.2",-0.658233528849703,15,"Sequencing","TNFRSF9"
"SC2_15.3",-0.431218532241593,15,"Sequencing","FBXO6"
"SC2_15.4",-0.738255273757575,15,"Sequencing","NBL1"
"SC2_15.5",-0.72773357323142,15,"Sequencing","WNT4"
"SC2_15.6",0.246120693826234,15,"Sequencing","IFNLR1"
"SC2_15.7",-0.142386069781965,15,"Sequencing","CSMD2"
"SC2_15.8",-0.461454206925098,15,"Sequencing","HPCAL4"
"SC2_15.9",-0.187068901361073,15,"Sequencing","FAAH"
"SC2_15.10",0.773065988062188,15,"Sequencing","SLC25A3P1"
"SC2_15.11",-0.387900668266408,15,"Sequencing","PTGER3"
"SC2_15.12",-0.172766339029376,15,"Sequencing","ENSG00000269933"
"SC2_15.13",-0.75215641206542,15,"Sequencing","PTGFR"
"SC2_15.14",-0.760083603215176,15,"Sequencing","ST13P20"
"SC2_15.15",-0.175736607151639,15,"Sequencing","SAMD13"
"SC2_15.16",-0.346105558561133,15,"Sequencing","UOX"
"SC2_15.17",-1.43159483165169,15,"Sequencing","ENSG00000280099"
"SC2_15.18",-0.523526938321456,15,"Sequencing","PLPPR4"
"SC2_15.19",-0.642935061301149,15,"Sequencing","C1orf194"
"SC2_15.20",-0.980905614080831,15,"Sequencing","SLC6A17"
"SC2_15.21",0.0564257731920371,15,"Sequencing","ENSG00000224950"
"SC2_15.22",-0.371174513674278,15,"Sequencing","ECM1"
"SC2_15.23",-0.55308973587094,15,"Sequencing","S100A3"
"SC2_15.24",-0.224714495612401,15,"Sequencing","FMO2"
"SC2_15.25",-0.070627968560917,15,"Sequencing","SLC9C2"
"SC2_15.26",-0.0551697747079879,15,"Sequencing","TNR"
"SC2_15.27",-0.407910130663133,15,"Sequencing","CACNA1E"
"SC2_15.28",0.235608843304646,15,"Sequencing","BRINP3"
"SC2_15.29",0.309514289658064,15,"Sequencing","LINC01351"
"SC2_15.30",0.0421954735558936,15,"Sequencing","ENSG00000241505"
"SC2_15.31",-0.375629403248107,15,"Sequencing","ATP2B4"
"SC2_15.32",2.32828456713516,15,"Sequencing","ENSG00000236846"
"SC2_15.33",-0.955561097033981,15,"Sequencing","LEFTY1"
"SC2_15.34",-0.0604461260724599,15,"Sequencing","MAP3K21"
"SC2_15.35",-0.368419577871005,15,"Sequencing","CHRM3"
"SC2_15.36",-1.36156831976627,15,"Sequencing","PLD5"
"SC2_15.37",-0.330859306553189,15,"Sequencing","ENSG00000229727"
"SC2_15.38",-0.355044904320976,15,"Sequencing","HPCAL1"
"SC2_15.39",-0.511130483136327,15,"Sequencing","ENSG00000225649"
"SC2_15.40",-0.187866861097953,15,"Sequencing","POMC"
"SC2_15.41",-0.442946189926383,15,"Sequencing","KCNK12"
"SC2_15.42",-0.903302797868831,15,"Sequencing","SFXN5"
"SC2_15.43",-0.441650279952071,15,"Sequencing","CD8B"
"SC2_15.44",-0.1084470128696,15,"Sequencing","ANAPC1P1"
"SC2_15.45",-0.52636941561269,15,"Sequencing","CYTOR"
"SC2_15.46",-0.932727708135698,15,"Sequencing","IL1R1"
"SC2_15.47",-0.912092808427286,15,"Sequencing","LINC01123"
"SC2_15.48",-0.435298007016202,15,"Sequencing","MIR4435-2HG"
"SC2_15.49",0.272547604616831,15,"Sequencing","SCTR"
"SC2_15.50",0.564753392834844,15,"Sequencing","ENSG00000228400"
"SC2_15.51",-0.790447084565222,15,"Sequencing","LINC01854"
"SC2_15.52",-0.225265727329116,15,"Sequencing","CCDC74B"
"SC2_15.53",-0.168502722412943,15,"Sequencing","SMIM39"
"SC2_15.54",-0.320546365965191,15,"Sequencing","CCDC74A"
"SC2_15.55",-0.658445933622789,15,"Sequencing","LYPD1"
"SC2_15.56",-0.327792535831374,15,"Sequencing","KCNJ3"
"SC2_15.57",-0.851370144429632,15,"Sequencing","PLA2R1"
"SC2_15.58",-0.426507339477093,15,"Sequencing","SCN1A"
"SC2_15.59",-0.575084830995742,15,"Sequencing","C2orf88"
"SC2_15.60",-1.02279775940426,15,"Sequencing","MSTN"
"SC2_15.61",0.0272946596238321,15,"Sequencing","NYAP2"
"SC2_15.62",-0.236017380795676,15,"Sequencing","ENSG00000273301"
"SC2_15.63",-0.35593667544833,15,"Sequencing","ECEL1"
"SC2_15.64",-1.00820479080095,15,"Sequencing","RAMP1"
"SC2_15.65",-0.399880936796878,15,"Sequencing","CNTN6"
"SC2_15.66",-0.444455728393478,15,"Sequencing","GRM7"
"SC2_15.67",-0.554283658014837,15,"Sequencing","IRAK2"
"SC2_15.68",-0.735632607257662,15,"Sequencing","SYN2"
"SC2_15.69",-0.458081835009834,15,"Sequencing","GRIP2"
"SC2_15.70",-0.913325569556449,15,"Sequencing","ARPP21"
"SC2_15.71",-0.851224971787153,15,"Sequencing","DCLK3"
"SC2_15.72",-0.246192988426284,15,"Sequencing","CCK"
"SC2_15.73",-0.0902164657351221,15,"Sequencing","IL17RB"
"SC2_15.74",-0.0971345371529167,15,"Sequencing","CACNA2D3"
"SC2_15.75",-0.790328862608044,15,"Sequencing","DNAH12"
"SC2_15.76",-1.6361827067478,15,"Sequencing","CNTN3"
"SC2_15.77",0.0578413527080926,15,"Sequencing","EPHA6"
"SC2_15.78",-0.196316547405382,15,"Sequencing","ENSG00000261292"
"SC2_15.79",1.70979004994214,15,"Sequencing","ENSG00000239482"
"SC2_15.80",1.27457064768683,15,"Sequencing","ENSG00000251012"
"SC2_15.81",0.772617975574071,15,"Sequencing","UPK1B"
"SC2_15.82",-0.504448024312023,15,"Sequencing","ADCY5"
"SC2_15.83",-0.989555433086851,15,"Sequencing","TRH"
"SC2_15.84",-0.415933487613504,15,"Sequencing","COL6A4P2"
"SC2_15.85",-0.362043325440146,15,"Sequencing","ZBTB38"
"SC2_15.86",-0.559769548509004,15,"Sequencing","PCOLCE2"
"SC2_15.87",2.0273627427416,15,"Sequencing","CPB1"
"SC2_15.88",0.135286739653256,15,"Sequencing","IQCJ"
"SC2_15.89",1.11694213744236,15,"Sequencing","LINC01323"
"SC2_15.90",0.674965304509796,15,"Sequencing","LINC01324"
"SC2_15.91",0.154475825364281,15,"Sequencing","SLITRK3"
"SC2_15.92",-0.225301409704986,15,"Sequencing","LINC01322"
"SC2_15.93",-0.636383417579569,15,"Sequencing","BCL6"
"SC2_15.94",-0.619535659412466,15,"Sequencing",NA
"SC2_15.95",-1.00900443509949,15,"Sequencing","IL1RAP"
"SC2_15.96",0.0980404353060093,15,"Sequencing","UTS2B"
"SC2_15.97",-1.11007445684208,15,"Sequencing","ZDHHC19"
"SC2_15.98",1.64309569603443,15,"Sequencing","RPSAP69"
"SC2_15.99",-0.538647899032773,15,"Sequencing","ENSG00000227189"
"SC2_15.100",0.220654007234921,15,"Sequencing","ENSG00000284727"
"SC2_15.101",-0.582638369825049,15,"Sequencing","MSX1"
"SC2_15.102",0.723826958709293,15,"Sequencing","GBA3"
"SC2_15.103",-0.798637226450272,15,"Sequencing","CCKAR"
"SC2_15.104",0.187100146408957,15,"Sequencing","PCDH7"
"SC2_15.105",-1.18539310181547,15,"Sequencing","LINC02513"
"SC2_15.106",-1.16632354587573,15,"Sequencing","ENSG00000260878"
"SC2_15.107",-0.399666346557564,15,"Sequencing","GABRA2"
"SC2_15.108",0.101776094384398,15,"Sequencing","ENSG00000249330"
"SC2_15.109",-0.745971550958703,15,"Sequencing","GABRB1"
"SC2_15.110",-0.670399877437128,15,"Sequencing","ENSG00000260918"
"SC2_15.111",-0.96434727942415,15,"Sequencing","ADAMTS3"
"SC2_15.112",-0.242731458588863,15,"Sequencing","BTC"
"SC2_15.113",-0.286642608630799,15,"Sequencing","FGF5"
"SC2_15.114",-0.0770391373405063,15,"Sequencing","SCD5"
"SC2_15.115",0.742757341494262,15,"Sequencing","NPNT"
"SC2_15.116",-0.736485012868375,15,"Sequencing","CAMK2D"
"SC2_15.117",0.268490468580238,15,"Sequencing","PDE5A"
"SC2_15.118",-0.696236346466218,15,"Sequencing","PCDH18"
"SC2_15.119",-0.526344597474234,15,"Sequencing","ENSG00000250777"
"SC2_15.120",0.437591236129387,15,"Sequencing","FREM3"
"SC2_15.121",-0.336658947067821,15,"Sequencing","TTC29"
"SC2_15.122",1.93705954166675,15,"Sequencing",NA
"SC2_15.123",-0.400944143646473,15,"Sequencing","GUCY1A1"
"SC2_15.124",-0.340046842232159,15,"Sequencing","ENSG00000260244"
"SC2_15.125",0.810518760011485,15,"Sequencing","PDGFC"
"SC2_15.126",-0.416135111088307,15,"Sequencing","FSTL5"
"SC2_15.127",0.342578287110407,15,"Sequencing","ENSG00000250027"
"SC2_15.128",0.0943570685352222,15,"Sequencing","NPY1R"
"SC2_15.129",-0.359911811162884,15,"Sequencing","NPY5R"
"SC2_15.130",-0.216515433327234,15,"Sequencing","GALNTL6"
"SC2_15.131",-0.209404797562049,15,"Sequencing","GLRA3"
"SC2_15.132",0.254100404672956,15,"Sequencing","ADAM29"
"SC2_15.133",1.78494237943603,15,"Sequencing","MTNR1A"
"SC2_15.134",-1.27153792975113,15,"Sequencing","RANBP3L"
"SC2_15.135",-0.665188139876365,15,"Sequencing","LIFR"
"SC2_15.136",-0.715065816778927,15,"Sequencing","PTGER4"
"SC2_15.137",0.170112315392517,15,"Sequencing","GHR"
"SC2_15.138",-0.163337964537339,15,"Sequencing","ESM1"
"SC2_15.139",-0.33625362671413,15,"Sequencing","IL6ST"
"SC2_15.140",-0.388416257408515,15,"Sequencing","RGS7BP"
"SC2_15.141",-0.233787928246865,15,"Sequencing","LINC02197"
"SC2_15.142",-0.52708873103515,15,"Sequencing","SV2C"
"SC2_15.143",-0.111699439924006,15,"Sequencing","MEF2C"
"SC2_15.144",-0.219555170274541,15,"Sequencing","EGR1"
"SC2_15.145",-0.300501276506327,15,"Sequencing","NR3C1"
"SC2_15.146",-0.71731230549738,15,"Sequencing","GRIA1"
"SC2_15.147",-1.17493638223398,15,"Sequencing","ENSG00000249738"
"SC2_15.148",0.221698469903835,15,"Sequencing","IL12B"
"SC2_15.149",0.499198891966979,15,"Sequencing","GABRB2"
"SC2_15.150",-0.388917586431503,15,"Sequencing","GABRA1"
"SC2_15.151",-0.386539183525242,15,"Sequencing","GABRG2"
"SC2_15.152",-0.431495343017385,15,"Sequencing","F12"
"SC2_15.153",-0.410995009579857,15,"Sequencing","PRR7-AS1"
"SC2_15.154",-0.692258474648971,15,"Sequencing","TRIM7"
"SC2_15.155",-0.250911174711167,15,"Sequencing","CD83"
"SC2_15.156",-0.415557169194331,15,"Sequencing","RBM24"
"SC2_15.157",-0.681292939561073,15,"Sequencing","RNF144B"
"SC2_15.158",-0.115036239665882,15,"Sequencing","DCDC2"
"SC2_15.159",-0.460290054744881,15,"Sequencing","SLC17A2"
"SC2_15.160",-0.266443721607832,15,"Sequencing","BTN3A1"
"SC2_15.161",-0.698652708716664,15,"Sequencing","RN7SL471P"
"SC2_15.162",-0.160311167289354,15,"Sequencing","TRIM31-AS1"
"SC2_15.163",-0.205067563074807,15,"Sequencing","HLA-DRB5"
"SC2_15.164",-0.681837266823087,15,"Sequencing","TAP1"
"SC2_15.165",-0.905791672398923,15,"Sequencing","CLIC5"
"SC2_15.166",-0.877163464007479,15,"Sequencing","RCAN2"
"SC2_15.167",-0.754628837922682,15,"Sequencing","TENT5A"
"SC2_15.168",-0.130843690387095,15,"Sequencing","TBX18"
"SC2_15.169",0.17238834800604,15,"Sequencing","GJA10"
"SC2_15.170",-0.747087894193884,15,"Sequencing","FAM162B"
"SC2_15.171",0.755068195755119,15,"Sequencing","RFX6"
"SC2_15.172",-0.442527248738682,15,"Sequencing","NKAIN2"
"SC2_15.173",-0.526635342744003,15,"Sequencing","ENSG00000237321"
"SC2_15.174",-0.826934609412406,15,"Sequencing","MOXD1"
"SC2_15.175",-0.686489783928712,15,"Sequencing","MAP7"
"SC2_15.176",-0.760394299333254,15,"Sequencing","STXBP5-AS1"
"SC2_15.177",-0.281531173177989,15,"Sequencing","MYCT1"
"SC2_15.178",-0.867671577004341,15,"Sequencing","ENSG00000232529"
"SC2_15.179",-0.350653210236604,15,"Sequencing","LPA"
"SC2_15.180",1.45282478400081,15,"Sequencing","LINC02538"
"SC2_15.181",0.576899480502334,15,"Sequencing","ENSG00000235994"
"SC2_15.182",1.70700422359605,15,"Sequencing","KIF25"
"SC2_15.183",0.0082232435461635,15,"Sequencing","ENSG00000234647"
"SC2_15.184",0.177050759898353,15,"Sequencing","SMOC2"
"SC2_15.185",0.468798377428002,15,"Sequencing","NXPH1"
"SC2_15.186",-0.297441430158642,15,"Sequencing","GALNT17"
"SC2_15.187",-0.33084554773638,15,"Sequencing","CALN1"
"SC2_15.188",-0.136621931449306,15,"Sequencing","CD36"
"SC2_15.189",0.219801668019019,15,"Sequencing","GRM3"
"SC2_15.190",-0.530966629861593,15,"Sequencing","TAC1"
"SC2_15.191",-0.715372366651577,15,"Sequencing","AZGP1"
"SC2_15.192",-0.706736944330488,15,"Sequencing","VGF"
"SC2_15.193",-0.0641368305403629,15,"Sequencing","LHFPL3"
"SC2_15.194",-0.548873996148338,15,"Sequencing","TMEM229A"
"SC2_15.195",0.0297688676243402,15,"Sequencing","ENSG00000279419"
"SC2_15.196",-0.924280178003325,15,"Sequencing","CHRM2"
"SC2_15.197",-0.672943814585561,15,"Sequencing","CRLF2"
"SC2_15.198",0.106113608128162,15,"Sequencing","ADGRG2"
"SC2_15.199",-0.716199466021862,15,"Sequencing","MAP7D2"
"SC2_15.200",-0.825912827151145,15,"Sequencing","ENSG00000283400"
"SC2_15.201",-0.962670705274069,15,"Sequencing","PTCHD1"
"SC2_15.202",-0.62068762732325,15,"Sequencing","IL1RAPL1"
"SC2_15.203",-0.284856551460117,15,"Sequencing","DMD"
"SC2_15.204",-0.190177797326476,15,"Sequencing","ERAS"
"SC2_15.205",-0.109713782735088,15,"Sequencing","MAGED4"
"SC2_15.206",0.156154702690563,15,"Sequencing","PCDH11X"
"SC2_15.207",-0.64232601269052,15,"Sequencing","TCEAL6"
"SC2_15.208",-0.148066588343706,15,"Sequencing","RNF128"
"SC2_15.209",1.15558915207462,15,"Sequencing","SERTM2"
"SC2_15.210",0.419614665796267,15,"Sequencing","TRPC5"
"SC2_15.211",-0.661032589088773,15,"Sequencing","IL13RA1"
"SC2_15.212",-0.394684566007836,15,"Sequencing","SMIM10L2A"
"SC2_15.213",-0.958107020279828,15,"Sequencing","ARHGEF6"
"SC2_15.214",-0.737039401545851,15,"Sequencing","FGF13"
"SC2_15.215",0.302005462422574,15,"Sequencing","MCF2"
"SC2_15.216",-0.826988817517142,15,"Sequencing","SLITRK2"
"SC2_15.217",0.0653044580772526,15,"Sequencing","GPR50"
"SC2_15.218",0.656455477103805,15,"Sequencing","ENSG00000269993"
"SC2_15.219",-0.175611000624207,15,"Sequencing","CSMD1"
"SC2_15.220",-0.9616838740905,15,"Sequencing","ENSG00000284613"
"SC2_15.221",1.61240177199036,15,"Sequencing","LPL"
"SC2_15.222",-0.544418442559669,15,"Sequencing","LGI3"
"SC2_15.223",-0.531085204279402,15,"Sequencing","STC1"
"SC2_15.224",-0.466058482002764,15,"Sequencing","ADAM28"
"SC2_15.225",0.522877686432192,15,"Sequencing","ENSG00000253888"
"SC2_15.226",-0.597786708768177,15,"Sequencing","ENSG00000279099"
"SC2_15.227",0.392328028627987,15,"Sequencing","ENSG00000253746"
"SC2_15.228",-1.03350525643104,15,"Sequencing","CHRNA6"
"SC2_15.229",0.0741231585317525,15,"Sequencing","OPRK1"
"SC2_15.230",-0.603747849256966,15,"Sequencing","ENSG00000254254"
"SC2_15.231",-0.931376804373759,15,"Sequencing","TTPA"
"SC2_15.232",-0.115040610814404,15,"Sequencing","SBSPON"
"SC2_15.233",-0.154528059727774,15,"Sequencing","PI15"
"SC2_15.234",-1.24880731173926,15,"Sequencing","IL7"
"SC2_15.235",-0.466593938093654,15,"Sequencing","MATN2"
"SC2_15.236",-0.663684910290402,15,"Sequencing","SPAG1"
"SC2_15.237",-0.293128675065355,15,"Sequencing","ANGPT1"
"SC2_15.238",-0.388344973243499,15,"Sequencing","RSPO2"
"SC2_15.239",0.191708755756211,15,"Sequencing","TRHR"
"SC2_15.240",0.583971298296146,15,"Sequencing","SNTB1"
"SC2_15.241",-0.195550603816834,15,"Sequencing","ENSG00000244791"
"SC2_15.242",-0.278286898750949,15,"Sequencing","ADCY8"
"SC2_15.243",-0.271703555833963,15,"Sequencing","ENSG00000253259"
"SC2_15.244",-0.860382841180044,15,"Sequencing","ENSG00000253507"
"SC2_15.245",-0.800321015066359,15,"Sequencing","KCNK9"
"SC2_15.246",-0.0841075313696318,15,"Sequencing","LY6H"
"SC2_15.247",-0.179959689938557,15,"Sequencing","CD274"
"SC2_15.248",0.610847042469471,15,"Sequencing","ENSG00000226197"
"SC2_15.249",1.57169661039256,15,"Sequencing","ENSG00000225472"
"SC2_15.250",0.0372811354762387,15,"Sequencing","BNC2"
"SC2_15.251",-0.595704353839315,15,"Sequencing","SLC24A2"
"SC2_15.252",-0.0274037859315116,15,"Sequencing","ENSG00000260390"
"SC2_15.253",-0.375056286215448,15,"Sequencing","ENSG00000260412"
"SC2_15.254",-0.190817403063715,15,"Sequencing","LINGO2"
"SC2_15.255",-0.650201429068782,15,"Sequencing","AQP3"
"SC2_15.256",-0.531805424888333,15,"Sequencing","FAM189A2"
"SC2_15.257",-0.203637541986162,15,"Sequencing","NTRK2"
"SC2_15.258",-0.35173595225888,15,"Sequencing","FGD3"
"SC2_15.259",-0.510462768904657,15,"Sequencing","FBP1"
"SC2_15.260",-1.283828135442,15,"Sequencing","GAS2L1P2"
"SC2_15.261",-0.472452697265277,15,"Sequencing","GRIN3A"
"SC2_15.262",-0.797945460801336,15,"Sequencing","PPP3R2"
"SC2_15.263",0.485906806979433,15,"Sequencing","LINC01505"
"SC2_15.264",-0.292798563209832,15,"Sequencing","BRINP1"
"SC2_15.265",-0.239895293433105,15,"Sequencing","GPR21"
"SC2_15.266",0.621013370483747,15,"Sequencing","MIR181A2HG"
"SC2_15.267",-0.272796996116227,15,"Sequencing","IER5L"
"SC2_15.268",-0.443720280126553,15,"Sequencing","C9orf50"
"SC2_15.269",-0.764637520212481,15,"Sequencing","NACC2"
"SC2_15.270",-0.618254145831382,15,"Sequencing","GRIN1"
"SC2_15.271",-0.929951508206595,15,"Sequencing","TH"
"SC2_15.272",0.612035916886629,15,"Sequencing","SPON1"
"SC2_15.273",-0.705575625347089,15,"Sequencing","NCR3LG1"
"SC2_15.274",-0.519757608769467,15,"Sequencing","ENSG00000270607"
"SC2_15.275",-0.196869874539433,15,"Sequencing","ENSG00000279675"
"SC2_15.276",0.0622516430495022,15,"Sequencing","LRRC4C"
"SC2_15.277",-0.773796737914817,15,"Sequencing","LINC02740"
"SC2_15.278",1.80199276614014,15,"Sequencing","MS4A7"
"SC2_15.279",1.43030879405266,15,"Sequencing","MS4A14"
"SC2_15.280",2.06322966527288,15,"Sequencing","MS4A1"
"SC2_15.281",-0.188259646570132,15,"Sequencing","MIR6746"
"SC2_15.282",-0.0448266040676355,15,"Sequencing","KCNK4"
"SC2_15.283",0.081731058161383,15,"Sequencing","ENSG00000257069"
"SC2_15.284",0.129122366224637,15,"Sequencing","CATSPERZ"
"SC2_15.285",-0.659026285516396,15,"Sequencing","SHANK2-AS1"
"SC2_15.286",-0.499593645235577,15,"Sequencing","ARHGEF17"
"SC2_15.287",-0.290903588636294,15,"Sequencing","GRM5"
"SC2_15.288",-0.0173820329137445,15,"Sequencing","MMP10"
"SC2_15.289",0.20412786000109,15,"Sequencing","MMP1"
"SC2_15.290",-0.122997354899405,15,"Sequencing","PDGFD"
"SC2_15.291",-0.213058229193939,15,"Sequencing","C11orf87"
"SC2_15.292",-0.713033892433981,15,"Sequencing","ARHGAP20"
"SC2_15.293",-0.801245132442486,15,"Sequencing","LAYN"
"SC2_15.294",-0.867361012879482,15,"Sequencing","SCN2B"
"SC2_15.295",-0.490466190913465,15,"Sequencing","ABCG4"
"SC2_15.296",-0.527731824594106,15,"Sequencing","TRIM29"
"SC2_15.297",-0.0233286147951821,15,"Sequencing","MIR100HG"
"SC2_15.298",-0.703124754095551,15,"Sequencing","MIR125B1"
"SC2_15.299",-0.312936673221109,15,"Sequencing","ENSG00000238117"
"SC2_15.300",-0.142571853922068,15,"Sequencing","LINC02714"
"SC2_15.301",0.125411175113623,15,"Sequencing","LINC00707"
"SC2_15.302",-0.681539018491699,15,"Sequencing","SFMBT2"
"SC2_15.303",-0.0595724083135927,15,"Sequencing","ARMC3"
"SC2_15.304",-0.682440329713639,15,"Sequencing","MKX"
"SC2_15.305",-0.392019335693337,15,"Sequencing","FZD8"
"SC2_15.306",-0.629684518298595,15,"Sequencing","MIR4683"
"SC2_15.307",-0.247711824922587,15,"Sequencing","ANXA8L1"
"SC2_15.308",0.281989369729403,15,"Sequencing","LRRTM3"
"SC2_15.309",-0.616715376655213,15,"Sequencing","TLL2"
"SC2_15.310",-0.508774657406574,15,"Sequencing","SORCS1"
"SC2_15.311",-0.83553036796825,15,"Sequencing","CHST15"
"SC2_15.312",-0.756512426977223,15,"Sequencing","PTPRE"
"SC2_15.313",-0.607624674691497,15,"Sequencing","JAKMIP3"
"SC2_15.314",-0.365649208453044,15,"Sequencing","ENSG00000249695"
"SC2_15.315",-0.580152117565506,15,"Sequencing","GRIN2B"
"SC2_15.316",-0.687443737347871,15,"Sequencing","RERG"
"SC2_15.317",-0.364813503404043,15,"Sequencing","PTHLH"
"SC2_15.318",-0.409834216574813,15,"Sequencing","PDZRN4"
"SC2_15.319",-0.48610845918765,15,"Sequencing","TMEM117"
"SC2_15.320",-0.727783265200499,15,"Sequencing","ENSG00000258101"
"SC2_15.321",-0.749317960160304,15,"Sequencing","KRT18"
"SC2_15.322",-0.480748727797314,15,"Sequencing","TAFA2"
"SC2_15.323",1.85052854272841,15,"Sequencing","LINC02458"
"SC2_15.324",-0.770142943938344,15,"Sequencing","NTN4"
"SC2_15.325",0.644261649562033,15,"Sequencing","SLC17A8"
"SC2_15.326",-0.58998765240154,15,"Sequencing","ENSG00000257548"
"SC2_15.327",1.63047893518538,15,"Sequencing","TMEM233"
"SC2_15.328",0.397737826326844,15,"Sequencing","MIR1178"
"SC2_15.329",-0.536795881093097,15,"Sequencing","ENSG00000280381"
"SC2_15.330",-0.368954772635688,15,"Sequencing","TMEM132D"
"SC2_15.331",-0.0418754706956098,15,"Sequencing","LINC02340"
"SC2_15.332",-0.543477764293602,15,"Sequencing","FLT3"
"SC2_15.333",-0.347366231673131,15,"Sequencing","STOML3"
"SC2_15.334",0.42672881453705,15,"Sequencing","KCTD4"
"SC2_15.335",0.0244310483869344,15,"Sequencing","ENSG00000278727"
"SC2_15.336",-0.566549462062994,15,"Sequencing","SLITRK6"
"SC2_15.337",0.0846704718178386,15,"Sequencing","ENSG00000232636"
"SC2_15.338",-0.479218265244539,15,"Sequencing","MIR4500HG"
"SC2_15.339",-0.722169069119007,15,"Sequencing","COL4A2"
"SC2_15.340",-0.281967342153181,15,"Sequencing","NPAS3"
"SC2_15.341",-0.729316378156307,15,"Sequencing","ENSG00000258636"
"SC2_15.342",-0.266449993704022,15,"Sequencing","LRFN5"
"SC2_15.343",-0.211975348466208,15,"Sequencing","MDGA2"
"SC2_15.344",-0.00965502655930704,15,"Sequencing","PTGER2"
"SC2_15.345",-0.0285068994533827,15,"Sequencing","LGALS3"
"SC2_15.346",-0.199747736881853,15,"Sequencing","SYT16"
"SC2_15.347",-0.593106458852085,15,"Sequencing","KCNH5"
"SC2_15.348",-0.343084416129601,15,"Sequencing","TMEM229B"
"SC2_15.349",-0.316436343696575,15,"Sequencing","ENSG00000258422"
"SC2_15.350",-0.844297583578447,15,"Sequencing","FOS"
"SC2_15.351",-0.522274010131813,15,"Sequencing","NRXN3"
"SC2_15.352",-0.663116541155719,15,"Sequencing","ENSG00000258419"
"SC2_15.353",-0.406582180197511,15,"Sequencing","TSHR"
"SC2_15.354",-0.527511161136277,15,"Sequencing","MEG8"
"SC2_15.355",-0.557087168540105,15,"Sequencing","DIO3"
"SC2_15.356",-1.79162457453971,15,"Sequencing","ENSG00000260780"
"SC2_15.357",-0.0776270826374724,15,"Sequencing","SNORD116-18"
"SC2_15.358",-0.593901748954391,15,"Sequencing","SNORD115-1"
"SC2_15.359",-0.351459566533453,15,"Sequencing","SNORD115-46"
"SC2_15.360",-0.521675746948106,15,"Sequencing","GABRA5"
"SC2_15.361",-0.376854089368683,15,"Sequencing","GJD2"
"SC2_15.362",-0.630866576422733,15,"Sequencing","MEIS2"
"SC2_15.363",0.544338982274407,15,"Sequencing","ENSG00000276121"
"SC2_15.364",0.540990836771916,15,"Sequencing","FGF7"
"SC2_15.365",-0.452927136750659,15,"Sequencing","LYSMD2"
"SC2_15.366",0.992096356834688,15,"Sequencing","THSD4"
"SC2_15.367",-0.265309301701918,15,"Sequencing","ENSG00000275120"
"SC2_15.368",-0.0588441236238839,15,"Sequencing","ENSG00000276278"
"SC2_15.369",0.128154422754859,15,"Sequencing","PLIN1"
"SC2_15.370",-0.23999927469177,15,"Sequencing","ENSG00000260337"
"SC2_15.371",0.00624386660838076,15,"Sequencing","FAM169B"
"SC2_15.372",-0.125672880885213,15,"Sequencing","ADAMTS17"
"SC2_15.373",-0.613703053161229,15,"Sequencing","TNFRSF12A"
"SC2_15.374",-0.322926684521477,15,"Sequencing","ENSG00000262668"
"SC2_15.375",0.227675043131721,15,"Sequencing","GRIN2A"
"SC2_15.376",0.407130302762846,15,"Sequencing","SOCS1"
"SC2_15.377",-0.344440726430921,15,"Sequencing","ENSG00000262801"
"SC2_15.378",-0.516389339223678,15,"Sequencing","ENSG00000262267"
"SC2_15.379",-0.625374403247656,15,"Sequencing","TMC5"
"SC2_15.380",-0.85360443890519,15,"Sequencing","RNU4-46P"
"SC2_15.381",-0.401988049181343,15,"Sequencing","HS3ST4"
"SC2_15.382",-0.134560444390649,15,"Sequencing","ENSG00000283662"
"SC2_15.383",-0.455677118138349,15,"Sequencing","LPCAT2"
"SC2_15.384",-0.926737133855054,15,"Sequencing","MT3"
"SC2_15.385",0.560369859440485,15,"Sequencing","CDH8"
"SC2_15.386",0.215982050090564,15,"Sequencing","ENSG00000260600"
"SC2_15.387",2.22679821157699,15,"Sequencing","ENSG00000231589"
"SC2_15.388",-0.80546851335031,15,"Sequencing","HSF4"
"SC2_15.389",-0.942497755460313,15,"Sequencing","ENSG00000262691"
"SC2_15.390",-0.354704381868291,15,"Sequencing","ENSG00000260577"
"SC2_15.391",-0.728537343026278,15,"Sequencing","HAS3"
"SC2_15.392",-0.599089113321057,15,"Sequencing","HPR"
"SC2_15.393",0.187914887584552,15,"Sequencing","ENSG00000277954"
"SC2_15.394",-0.568333724903301,15,"Sequencing","ENSG00000261722"
"SC2_15.395",0.158182335273715,15,"Sequencing","MAF"
"SC2_15.396",0.45035879030685,15,"Sequencing","ENSG00000277214"
"SC2_15.397",-0.285741107520516,15,"Sequencing","ENSG00000278058"
"SC2_15.398",-0.643340725765583,15,"Sequencing","HSD17B2"
"SC2_15.399",-0.352926528810715,15,"Sequencing","ATP2C2"
"SC2_15.400",-0.0561296959058222,15,"Sequencing","ENSG00000260279"
"SC2_15.401",0.010757182384033,15,"Sequencing","SERPINF2"
"SC2_15.402",-0.698954419904178,15,"Sequencing","GUCY2D"
"SC2_15.403",-0.618574408819229,15,"Sequencing","ENSG00000279174"
"SC2_15.404",-0.216974505503208,15,"Sequencing","LINC00670"
"SC2_15.405",-0.702452205846725,15,"Sequencing","ASIC2"
"SC2_15.406",-0.711449567917391,15,"Sequencing","PLXDC1"
"SC2_15.407",-0.988357473522461,15,"Sequencing","HAP1"
"SC2_15.408",-0.235238864833492,15,"Sequencing","ENSG00000276851"
"SC2_15.409",-0.651962141135429,15,"Sequencing","CA10"
"SC2_15.410",-0.800080349079192,15,"Sequencing","NOG"
"SC2_15.411",-0.632728057084991,15,"Sequencing","TRIM25"
"SC2_15.412",-0.0704172387630948,15,"Sequencing","PRKCA"
"SC2_15.413",0.103939683306449,15,"Sequencing","KCNJ2-AS1"
"SC2_15.414",0.0215898904892799,15,"Sequencing","KCNJ2"
"SC2_15.415",0.175048798892644,15,"Sequencing","ENSG00000276863"
"SC2_15.416",-0.496537836391273,15,"Sequencing","ENSG00000263606"
"SC2_15.417",-0.690437275199245,15,"Sequencing","LDLRAD4"
"SC2_15.418",-0.484569100181486,15,"Sequencing","RN7SL362P"
"SC2_15.419",0.106185058866694,15,"Sequencing","CHST9"
"SC2_15.420",-0.766329945749491,15,"Sequencing","GAREM1"
"SC2_15.421",-0.030221607429404,15,"Sequencing","RIT2"
"SC2_15.422",-0.681435289763097,15,"Sequencing","PSTPIP2"
"SC2_15.423",-0.257183942952534,15,"Sequencing","RAB27B"
"SC2_15.424",0.0865938857280015,15,"Sequencing","SERPINB2"
"SC2_15.425",-0.0474791645613059,15,"Sequencing","SERPINB10"
"SC2_15.426",0.485832993755809,15,"Sequencing","LINC00305"
"SC2_15.427",-0.290681746638723,15,"Sequencing","CDH7"
"SC2_15.428",-0.291359996068684,15,"Sequencing","ENSG00000263720"
"SC2_15.429",-1.00744378280817,15,"Sequencing","CBLN2"
"SC2_15.430",0.230546669253781,15,"Sequencing","LINC01896"
"SC2_15.431",0.130684091958854,15,"Sequencing","SALL3"
"SC2_15.432",1.86351650484551,15,"Sequencing","PDYN"
"SC2_15.433",-0.377061792639446,15,"Sequencing","TGM3"
"SC2_15.434",-0.55276795169251,15,"Sequencing","EBF4"
"SC2_15.435",-0.0741425650898141,15,"Sequencing","SLC24A3"
"SC2_15.436",-0.0510991601780142,15,"Sequencing","ANKRD20A21P"
"SC2_15.437",0.267586968698324,15,"Sequencing","MAFB"
"SC2_15.438",-0.370287550984502,15,"Sequencing","PTPRT"
"SC2_15.439",-0.371781043975036,15,"Sequencing","ENSG00000233508"
"SC2_15.440",0.113737256748859,15,"Sequencing","SYCP2"
"SC2_15.441",-0.47362001904407,15,"Sequencing","CDH4"
"SC2_15.442",-0.574278538830777,15,"Sequencing","MIR1-1HG-AS1"
"SC2_15.443",0.000425923413945141,15,"Sequencing","THEG"
"SC2_15.444",-0.608827179709256,15,"Sequencing","SBNO2"
"SC2_15.445",-0.337411262454139,15,"Sequencing","ZNF556"
"SC2_15.446",1.04275540759018,15,"Sequencing","FUT3"
"SC2_15.447",-0.283449582936814,15,"Sequencing","JUNB"
"SC2_15.448",0.37098249589109,15,"Sequencing","NANOS3"
"SC2_15.449",-0.413504519833939,15,"Sequencing","IL27RA"
"SC2_15.450",-0.394134248869949,15,"Sequencing","WTIP"
"SC2_15.451",-0.0460826026125464,15,"Sequencing","CYP2A13"
"SC2_15.452",-0.220540224197718,15,"Sequencing","BCL3"
"SC2_15.453",0.444979404609266,15,"Sequencing","GFY"
"SC2_15.454",-0.590737888346385,15,"Sequencing","HAS1"
"SC2_15.455",-0.741222150628062,15,"Sequencing","MIR935"
"SC2_15.456",-0.593130593446219,15,"Sequencing","LINC01864"
"SC2_15.457",2.22579396099161,15,"Sequencing","ZSCAN4"
"SC2_15.458",-0.293183927775178,15,"Sequencing","LINC01638"
"SC2_15.459",-0.456486087999874,15,"Sequencing","C22orf42"
"SC2_15.460",-0.500070952309478,15,"Sequencing","CACNA1I"
"SC2_15.461",-0.163911889967039,15,"Sequencing","NFAM1"
"SC2_15.462",-0.423260906803395,15,"Sequencing","ENSG00000230107"
"SC2_15.463",-0.623407534192267,15,"Sequencing","SHISAL1"
"SC2_15.464",-0.342497958651183,15,"Sequencing","NCAM2"
"SC2_15.465",-1.17515839584847,15,"Sequencing","ADAMTS1"
"SC2_15.466",-0.590454722598119,15,"Sequencing","RUNX1"
"SC2_15.467",-0.667882172526498,15,"Sequencing","PCP4"
"SC2_15.468",-0.788496695403785,15,"Sequencing","COL18A1"
"SC3_15",-0.565049520189762,15,"Sequencing","CHD5"
"SC3_15.1",-0.600158264137213,15,"Sequencing","UTS2"
"SC3_15.2",-0.318020493719953,15,"Sequencing","TNFRSF9"
"SC3_15.3",-0.59421032623108,15,"Sequencing","FBXO6"
"SC3_15.4",-0.902790895011385,15,"Sequencing","NBL1"
"SC3_15.5",-0.544110577493461,15,"Sequencing","WNT4"
"SC3_15.6",-0.283099494864191,15,"Sequencing","IFNLR1"
"SC3_15.7",-0.555204293683674,15,"Sequencing","CSMD2"
"SC3_15.8",-0.45352476109616,15,"Sequencing","HPCAL4"
"SC3_15.9",-0.274847994405383,15,"Sequencing","FAAH"
"SC3_15.10",-0.117063014358361,15,"Sequencing","SLC25A3P1"
"SC3_15.11",0.801130389791394,15,"Sequencing","PTGER3"
"SC3_15.12",0.581023542604693,15,"Sequencing","ENSG00000269933"
"SC3_15.13",-0.658044780167372,15,"Sequencing","PTGFR"
"SC3_15.14",-1.321680940935,15,"Sequencing","ST13P20"
"SC3_15.15",-0.371274287046426,15,"Sequencing","SAMD13"
"SC3_15.16",-0.142646862609818,15,"Sequencing","UOX"
"SC3_15.17",-0.577297810098976,15,"Sequencing","ENSG00000280099"
"SC3_15.18",-0.423951858283331,15,"Sequencing","PLPPR4"
"SC3_15.19",-0.346495051298384,15,"Sequencing","C1orf194"
"SC3_15.20",-1.05786707544922,15,"Sequencing","SLC6A17"
"SC3_15.21",-1.22566159548195,15,"Sequencing","ENSG00000224950"
"SC3_15.22",-0.513156434554343,15,"Sequencing","ECM1"
"SC3_15.23",-0.0473929047792803,15,"Sequencing","S100A3"
"SC3_15.24",0.349978870884721,15,"Sequencing","FMO2"
"SC3_15.25",-1.05656992478433,15,"Sequencing","SLC9C2"
"SC3_15.26",-0.183212366651983,15,"Sequencing","TNR"
"SC3_15.27",-0.84979178229776,15,"Sequencing","CACNA1E"
"SC3_15.28",0.40136390768901,15,"Sequencing","BRINP3"
"SC3_15.29",0.0117821025713277,15,"Sequencing","LINC01351"
"SC3_15.30",-0.480576912299784,15,"Sequencing","ENSG00000241505"
"SC3_15.31",-0.539455493738207,15,"Sequencing","ATP2B4"
"SC3_15.32",1.40747955225277,15,"Sequencing","ENSG00000236846"
"SC3_15.33",0.314616135844931,15,"Sequencing","LEFTY1"
"SC3_15.34",-0.264161798174348,15,"Sequencing","MAP3K21"
"SC3_15.35",-0.336188036154099,15,"Sequencing","CHRM3"
"SC3_15.36",-0.752115823280599,15,"Sequencing","PLD5"
"SC3_15.37",-0.243302656440153,15,"Sequencing","ENSG00000229727"
"SC3_15.38",-0.313905581607154,15,"Sequencing","HPCAL1"
"SC3_15.39",-0.617474907328157,15,"Sequencing","ENSG00000225649"
"SC3_15.40",-0.310377242297293,15,"Sequencing","POMC"
"SC3_15.41",-0.769171554421038,15,"Sequencing","KCNK12"
"SC3_15.42",-0.737551194400381,15,"Sequencing","SFXN5"
"SC3_15.43",-0.448444910513215,15,"Sequencing","CD8B"
"SC3_15.44",-0.434569901258595,15,"Sequencing","ANAPC1P1"
"SC3_15.45",-0.529459752727873,15,"Sequencing","CYTOR"
"SC3_15.46",-1.15773627504875,15,"Sequencing","IL1R1"
"SC3_15.47",-0.060796179005313,15,"Sequencing","LINC01123"
"SC3_15.48",-0.409475951139966,15,"Sequencing","MIR4435-2HG"
"SC3_15.49",1.16595284117264,15,"Sequencing","SCTR"
"SC3_15.50",0.0485180845908168,15,"Sequencing","ENSG00000228400"
"SC3_15.51",-0.835236866421381,15,"Sequencing","LINC01854"
"SC3_15.52",-0.999537748514869,15,"Sequencing","CCDC74B"
"SC3_15.53",-0.845687745749276,15,"Sequencing","SMIM39"
"SC3_15.54",-0.974868832836869,15,"Sequencing","CCDC74A"
"SC3_15.55",-0.784659560379065,15,"Sequencing","LYPD1"
"SC3_15.56",0.293536375865678,15,"Sequencing","KCNJ3"
"SC3_15.57",-1.08313639174428,15,"Sequencing","PLA2R1"
"SC3_15.58",-0.148346832192447,15,"Sequencing","SCN1A"
"SC3_15.59",-0.663736466614794,15,"Sequencing","C2orf88"
"SC3_15.60",-0.300875750306117,15,"Sequencing","MSTN"
"SC3_15.61",0.115269157748484,15,"Sequencing","NYAP2"
"SC3_15.62",-0.10095492090052,15,"Sequencing","ENSG00000273301"
"SC3_15.63",-0.294893324334153,15,"Sequencing","ECEL1"
"SC3_15.64",-0.884129359582187,15,"Sequencing","RAMP1"
"SC3_15.65",-0.0390780363731664,15,"Sequencing","CNTN6"
"SC3_15.66",-0.648331458568144,15,"Sequencing","GRM7"
"SC3_15.67",-0.328132529887111,15,"Sequencing","IRAK2"
"SC3_15.68",-0.562940164898532,15,"Sequencing","SYN2"
"SC3_15.69",-0.644202600818045,15,"Sequencing","GRIP2"
"SC3_15.70",-0.753784670720782,15,"Sequencing","ARPP21"
"SC3_15.71",-0.536944363212384,15,"Sequencing","DCLK3"
"SC3_15.72",0.438863444072297,15,"Sequencing","CCK"
"SC3_15.73",-0.590984715021861,15,"Sequencing","IL17RB"
"SC3_15.74",-0.347862789053162,15,"Sequencing","CACNA2D3"
"SC3_15.75",-0.392234816052658,15,"Sequencing","DNAH12"
"SC3_15.76",-0.209896678716704,15,"Sequencing","CNTN3"
"SC3_15.77",-0.124848451480524,15,"Sequencing","EPHA6"
"SC3_15.78",-0.311632009026232,15,"Sequencing","ENSG00000261292"
"SC3_15.79",0.785493623631741,15,"Sequencing","ENSG00000239482"
"SC3_15.80",0.60094332972254,15,"Sequencing","ENSG00000251012"
"SC3_15.81",0.88348614042386,15,"Sequencing","UPK1B"
"SC3_15.82",-0.507311414177112,15,"Sequencing","ADCY5"
"SC3_15.83",-1.02007649022996,15,"Sequencing","TRH"
"SC3_15.84",-0.622296122442446,15,"Sequencing","COL6A4P2"
"SC3_15.85",-0.277590284927368,15,"Sequencing","ZBTB38"
"SC3_15.86",-0.896681211486513,15,"Sequencing","PCOLCE2"
"SC3_15.87",1.35002334819855,15,"Sequencing","CPB1"
"SC3_15.88",-0.866510115902662,15,"Sequencing","IQCJ"
"SC3_15.89",0.334178463169887,15,"Sequencing","LINC01323"
"SC3_15.90",0.235370711056725,15,"Sequencing","LINC01324"
"SC3_15.91",0.227312310286209,15,"Sequencing","SLITRK3"
"SC3_15.92",0.198195356227754,15,"Sequencing","LINC01322"
"SC3_15.93",-0.651420007382502,15,"Sequencing","BCL6"
"SC3_15.94",-0.375525971908276,15,"Sequencing",NA
"SC3_15.95",-0.960027953936388,15,"Sequencing","IL1RAP"
"SC3_15.96",0.0171428371587881,15,"Sequencing","UTS2B"
"SC3_15.97",-0.648602765976551,15,"Sequencing","ZDHHC19"
"SC3_15.98",1.01040895620067,15,"Sequencing","RPSAP69"
"SC3_15.99",0.0286784705094254,15,"Sequencing","ENSG00000227189"
"SC3_15.100",-0.948395574998302,15,"Sequencing","ENSG00000284727"
"SC3_15.101",-0.572549841485309,15,"Sequencing","MSX1"
"SC3_15.102",1.28316752107963,15,"Sequencing","GBA3"
"SC3_15.103",-1.19130032263019,15,"Sequencing","CCKAR"
"SC3_15.104",0.309593008306594,15,"Sequencing","PCDH7"
"SC3_15.105",-0.621632000335505,15,"Sequencing","LINC02513"
"SC3_15.106",-0.53435704715185,15,"Sequencing","ENSG00000260878"
"SC3_15.107",-0.129843487206912,15,"Sequencing","GABRA2"
"SC3_15.108",0.0673100942435867,15,"Sequencing","ENSG00000249330"
"SC3_15.109",-0.671903380990106,15,"Sequencing","GABRB1"
"SC3_15.110",-0.73456576665432,15,"Sequencing","ENSG00000260918"
"SC3_15.111",-0.688212355952044,15,"Sequencing","ADAMTS3"
"SC3_15.112",-0.084972096201388,15,"Sequencing","BTC"
"SC3_15.113",0.155866972691453,15,"Sequencing","FGF5"
"SC3_15.114",-0.227807362052343,15,"Sequencing","SCD5"
"SC3_15.115",0.787449493266064,15,"Sequencing","NPNT"
"SC3_15.116",-0.543888136691719,15,"Sequencing","CAMK2D"
"SC3_15.117",-0.298435408794311,15,"Sequencing","PDE5A"
"SC3_15.118",-0.356830320974563,15,"Sequencing","PCDH18"
"SC3_15.119",0.0886944318674278,15,"Sequencing","ENSG00000250777"
"SC3_15.120",0.127821762884823,15,"Sequencing","FREM3"
"SC3_15.121",-0.244165136845789,15,"Sequencing","TTC29"
"SC3_15.122",-0.630687008368284,15,"Sequencing",NA
"SC3_15.123",0.0477903656113856,15,"Sequencing","GUCY1A1"
"SC3_15.124",-0.376274899777412,15,"Sequencing","ENSG00000260244"
"SC3_15.125",0.777974500110498,15,"Sequencing","PDGFC"
"SC3_15.126",-0.133618253477406,15,"Sequencing","FSTL5"
"SC3_15.127",0.0890825856170981,15,"Sequencing","ENSG00000250027"
"SC3_15.128",-0.0359920777854581,15,"Sequencing","NPY1R"
"SC3_15.129",-0.238915503597688,15,"Sequencing","NPY5R"
"SC3_15.130",-0.173796751284888,15,"Sequencing","GALNTL6"
"SC3_15.131",-0.236876397350576,15,"Sequencing","GLRA3"
"SC3_15.132",-0.0102049183332051,15,"Sequencing","ADAM29"
"SC3_15.133",0.852465780699027,15,"Sequencing","MTNR1A"
"SC3_15.134",0.926134452885112,15,"Sequencing","RANBP3L"
"SC3_15.135",-0.438515328326133,15,"Sequencing","LIFR"
"SC3_15.136",-0.8286401752766,15,"Sequencing","PTGER4"
"SC3_15.137",0.77509467204339,15,"Sequencing","GHR"
"SC3_15.138",-0.26163202563079,15,"Sequencing","ESM1"
"SC3_15.139",-0.224616161217473,15,"Sequencing","IL6ST"
"SC3_15.140",-0.385428454990419,15,"Sequencing","RGS7BP"
"SC3_15.141",1.74396522764441,15,"Sequencing","LINC02197"
"SC3_15.142",-0.410094676783127,15,"Sequencing","SV2C"
"SC3_15.143",-0.0951461053617732,15,"Sequencing","MEF2C"
"SC3_15.144",0.0408885922294512,15,"Sequencing","EGR1"
"SC3_15.145",-0.590246053954514,15,"Sequencing","NR3C1"
"SC3_15.146",-0.620793443122804,15,"Sequencing","GRIA1"
"SC3_15.147",-0.588296020035055,15,"Sequencing","ENSG00000249738"
"SC3_15.148",-0.226544397399598,15,"Sequencing","IL12B"
"SC3_15.149",0.437249139214292,15,"Sequencing","GABRB2"
"SC3_15.150",-0.20680902932589,15,"Sequencing","GABRA1"
"SC3_15.151",-0.175784303455777,15,"Sequencing","GABRG2"
"SC3_15.152",-0.439100441241739,15,"Sequencing","F12"
"SC3_15.153",-1.12363874520673,15,"Sequencing","PRR7-AS1"
"SC3_15.154",-0.826913968030544,15,"Sequencing","TRIM7"
"SC3_15.155",-0.196107024642794,15,"Sequencing","CD83"
"SC3_15.156",-0.776045531004922,15,"Sequencing","RBM24"
"SC3_15.157",-0.477182190312582,15,"Sequencing","RNF144B"
"SC3_15.158",1.66865434884715,15,"Sequencing","DCDC2"
"SC3_15.159",-0.506333041552263,15,"Sequencing","SLC17A2"
"SC3_15.160",-0.656565246039358,15,"Sequencing","BTN3A1"
"SC3_15.161",-0.751212850544107,15,"Sequencing","RN7SL471P"
"SC3_15.162",-0.610647544896119,15,"Sequencing","TRIM31-AS1"
"SC3_15.163",-0.291763555582167,15,"Sequencing","HLA-DRB5"
"SC3_15.164",-0.578729256969034,15,"Sequencing","TAP1"
"SC3_15.165",-0.839148278743379,15,"Sequencing","CLIC5"
"SC3_15.166",-0.656712560071704,15,"Sequencing","RCAN2"
"SC3_15.167",-0.647556506108124,15,"Sequencing","TENT5A"
"SC3_15.168",1.04248940936277,15,"Sequencing","TBX18"
"SC3_15.169",0.0791078076238002,15,"Sequencing","GJA10"
"SC3_15.170",0.460598977161133,15,"Sequencing","FAM162B"
"SC3_15.171",2.46417539013261,15,"Sequencing","RFX6"
"SC3_15.172",0.0162273878366856,15,"Sequencing","NKAIN2"
"SC3_15.173",-0.599443804605536,15,"Sequencing","ENSG00000237321"
"SC3_15.174",0.0657409057668889,15,"Sequencing","MOXD1"
"SC3_15.175",-0.595548942344076,15,"Sequencing","MAP7"
"SC3_15.176",-0.746660528663804,15,"Sequencing","STXBP5-AS1"
"SC3_15.177",-1.22192995824728,15,"Sequencing","MYCT1"
"SC3_15.178",-0.735201303808485,15,"Sequencing","ENSG00000232529"
"SC3_15.179",-0.877464805343235,15,"Sequencing","LPA"
"SC3_15.180",0.616638517918403,15,"Sequencing","LINC02538"
"SC3_15.181",0.275140839851765,15,"Sequencing","ENSG00000235994"
"SC3_15.182",2.58500820049227,15,"Sequencing","KIF25"
"SC3_15.183",0.0347011418291026,15,"Sequencing","ENSG00000234647"
"SC3_15.184",0.403428320331927,15,"Sequencing","SMOC2"
"SC3_15.185",0.172882194406526,15,"Sequencing","NXPH1"
"SC3_15.186",-0.55492030835887,15,"Sequencing","GALNT17"
"SC3_15.187",-0.632439662267759,15,"Sequencing","CALN1"
"SC3_15.188",0.0345662791154446,15,"Sequencing","CD36"
"SC3_15.189",0.0112622093592897,15,"Sequencing","GRM3"
"SC3_15.190",-0.423138703394049,15,"Sequencing","TAC1"
"SC3_15.191",-0.779000832785382,15,"Sequencing","AZGP1"
"SC3_15.192",-0.954825864904652,15,"Sequencing","VGF"
"SC3_15.193",-0.268805573290924,15,"Sequencing","LHFPL3"
"SC3_15.194",-0.981580267251212,15,"Sequencing","TMEM229A"
"SC3_15.195",-0.510239690469454,15,"Sequencing","ENSG00000279419"
"SC3_15.196",-0.705019846478394,15,"Sequencing","CHRM2"
"SC3_15.197",-0.18049108401266,15,"Sequencing","CRLF2"
"SC3_15.198",0.810012022693952,15,"Sequencing","ADGRG2"
"SC3_15.199",-0.492720461800452,15,"Sequencing","MAP7D2"
"SC3_15.200",-0.0944213075707016,15,"Sequencing","ENSG00000283400"
"SC3_15.201",-0.84261048756896,15,"Sequencing","PTCHD1"
"SC3_15.202",-0.126162151003957,15,"Sequencing","IL1RAPL1"
"SC3_15.203",-0.21968384912475,15,"Sequencing","DMD"
"SC3_15.204",-0.520250018698605,15,"Sequencing","ERAS"
"SC3_15.205",1.09381462412348,15,"Sequencing","MAGED4"
"SC3_15.206",-0.0554734609208893,15,"Sequencing","PCDH11X"
"SC3_15.207",0.0311697643584704,15,"Sequencing","TCEAL6"
"SC3_15.208",0.286307405350588,15,"Sequencing","RNF128"
"SC3_15.209",2.18725346044342,15,"Sequencing","SERTM2"
"SC3_15.210",0.140870109716684,15,"Sequencing","TRPC5"
"SC3_15.211",-0.444520287755373,15,"Sequencing","IL13RA1"
"SC3_15.212",-0.360234109360817,15,"Sequencing","SMIM10L2A"
"SC3_15.213",-0.374749154358402,15,"Sequencing","ARHGEF6"
"SC3_15.214",-0.513891365173965,15,"Sequencing","FGF13"
"SC3_15.215",0.346027692918454,15,"Sequencing","MCF2"
"SC3_15.216",-0.793105964508927,15,"Sequencing","SLITRK2"
"SC3_15.217",-0.718096379742992,15,"Sequencing","GPR50"
"SC3_15.218",0.177597680681359,15,"Sequencing","ENSG00000269993"
"SC3_15.219",-0.0871375641877485,15,"Sequencing","CSMD1"
"SC3_15.220",-0.446859020137145,15,"Sequencing","ENSG00000284613"
"SC3_15.221",1.29252233964918,15,"Sequencing","LPL"
"SC3_15.222",-0.625365002973769,15,"Sequencing","LGI3"
"SC3_15.223",-0.606064698634057,15,"Sequencing","STC1"
"SC3_15.224",-0.180651531325492,15,"Sequencing","ADAM28"
"SC3_15.225",0.165417502746468,15,"Sequencing","ENSG00000253888"
"SC3_15.226",0.240393535009103,15,"Sequencing","ENSG00000279099"
"SC3_15.227",-0.368739897406266,15,"Sequencing","ENSG00000253746"
"SC3_15.228",-0.88250971330044,15,"Sequencing","CHRNA6"
"SC3_15.229",0.717273050566085,15,"Sequencing","OPRK1"
"SC3_15.230",-0.571625606742246,15,"Sequencing","ENSG00000254254"
"SC3_15.231",-0.0446410878629416,15,"Sequencing","TTPA"
"SC3_15.232",0.226619226255701,15,"Sequencing","SBSPON"
"SC3_15.233",-0.360632380784163,15,"Sequencing","PI15"
"SC3_15.234",0.0432570668546928,15,"Sequencing","IL7"
"SC3_15.235",-0.423544575934443,15,"Sequencing","MATN2"
"SC3_15.236",-0.630645351924427,15,"Sequencing","SPAG1"
"SC3_15.237",-0.543478621141444,15,"Sequencing","ANGPT1"
"SC3_15.238",-0.219888964038054,15,"Sequencing","RSPO2"
"SC3_15.239",-0.154865274724364,15,"Sequencing","TRHR"
"SC3_15.240",-0.690856950215781,15,"Sequencing","SNTB1"
"SC3_15.241",0.0132226208111864,15,"Sequencing","ENSG00000244791"
"SC3_15.242",-0.182383782327546,15,"Sequencing","ADCY8"
"SC3_15.243",-0.288973323112759,15,"Sequencing","ENSG00000253259"
"SC3_15.244",-0.254388509777267,15,"Sequencing","ENSG00000253507"
"SC3_15.245",-0.813497071899089,15,"Sequencing","KCNK9"
"SC3_15.246",-0.32605832724731,15,"Sequencing","LY6H"
"SC3_15.247",-0.916539448664731,15,"Sequencing","CD274"
"SC3_15.248",-0.531679966562546,15,"Sequencing","ENSG00000226197"
"SC3_15.249",1.626365374226,15,"Sequencing","ENSG00000225472"
"SC3_15.250",-0.106472003765919,15,"Sequencing","BNC2"
"SC3_15.251",-0.569066091602133,15,"Sequencing","SLC24A2"
"SC3_15.252",0.504308106550023,15,"Sequencing","ENSG00000260390"
"SC3_15.253",-0.319395710431477,15,"Sequencing","ENSG00000260412"
"SC3_15.254",-0.202016409321397,15,"Sequencing","LINGO2"
"SC3_15.255",-0.313362776877746,15,"Sequencing","AQP3"
"SC3_15.256",-0.763781291228141,15,"Sequencing","FAM189A2"
"SC3_15.257",0.121868548216357,15,"Sequencing","NTRK2"
"SC3_15.258",0.211296336268923,15,"Sequencing","FGD3"
"SC3_15.259",-0.4978453675938,15,"Sequencing","FBP1"
"SC3_15.260",-0.407391434125746,15,"Sequencing","GAS2L1P2"
"SC3_15.261",-0.450634188557905,15,"Sequencing","GRIN3A"
"SC3_15.262",-0.202354665345604,15,"Sequencing","PPP3R2"
"SC3_15.263",-0.0790312832977061,15,"Sequencing","LINC01505"
"SC3_15.264",-0.316035458172616,15,"Sequencing","BRINP1"
"SC3_15.265",0.631124742340228,15,"Sequencing","GPR21"
"SC3_15.266",0.611184231116991,15,"Sequencing","MIR181A2HG"
"SC3_15.267",-0.525793288758072,15,"Sequencing","IER5L"
"SC3_15.268",-0.362727093409989,15,"Sequencing","C9orf50"
"SC3_15.269",-0.931870916148074,15,"Sequencing","NACC2"
"SC3_15.270",-0.645016346953559,15,"Sequencing","GRIN1"
"SC3_15.271",-0.869627989302168,15,"Sequencing","TH"
"SC3_15.272",0.0184383163971731,15,"Sequencing","SPON1"
"SC3_15.273",-0.562881785812444,15,"Sequencing","NCR3LG1"
"SC3_15.274",-0.27498626800083,15,"Sequencing","ENSG00000270607"
"SC3_15.275",0.166692509379242,15,"Sequencing","ENSG00000279675"
"SC3_15.276",0.134678718903743,15,"Sequencing","LRRC4C"
"SC3_15.277",-1.41903132116349,15,"Sequencing","LINC02740"
"SC3_15.278",0.331365007837634,15,"Sequencing","MS4A7"
"SC3_15.279",-0.259574474175598,15,"Sequencing","MS4A14"
"SC3_15.280",0.918135297090658,15,"Sequencing","MS4A1"
"SC3_15.281",0.284046121910298,15,"Sequencing","MIR6746"
"SC3_15.282",-0.281028833264743,15,"Sequencing","KCNK4"
"SC3_15.283",-0.243523690752886,15,"Sequencing","ENSG00000257069"
"SC3_15.284",-0.309510066856104,15,"Sequencing","CATSPERZ"
"SC3_15.285",-0.476394112477546,15,"Sequencing","SHANK2-AS1"
"SC3_15.286",-0.488336447473993,15,"Sequencing","ARHGEF17"
"SC3_15.287",0.244557542077704,15,"Sequencing","GRM5"
"SC3_15.288",-0.743975041306152,15,"Sequencing","MMP10"
"SC3_15.289",0.398795921118466,15,"Sequencing","MMP1"
"SC3_15.290",-0.292391388650377,15,"Sequencing","PDGFD"
"SC3_15.291",-0.400676127670907,15,"Sequencing","C11orf87"
"SC3_15.292",-0.608087356459557,15,"Sequencing","ARHGAP20"
"SC3_15.293",-0.667596904778945,15,"Sequencing","LAYN"
"SC3_15.294",-0.57739909588689,15,"Sequencing","SCN2B"
"SC3_15.295",-0.603058940792631,15,"Sequencing","ABCG4"
"SC3_15.296",0.278350458127819,15,"Sequencing","TRIM29"
"SC3_15.297",0.0587412731766897,15,"Sequencing","MIR100HG"
"SC3_15.298",0.0698709327376638,15,"Sequencing","MIR125B1"
"SC3_15.299",-0.199900661221809,15,"Sequencing","ENSG00000238117"
"SC3_15.300",-0.0852891152109839,15,"Sequencing","LINC02714"
"SC3_15.301",0.586218673738102,15,"Sequencing","LINC00707"
"SC3_15.302",-0.743914850205682,15,"Sequencing","SFMBT2"
"SC3_15.303",-0.447422167822784,15,"Sequencing","ARMC3"
"SC3_15.304",-0.720625915411233,15,"Sequencing","MKX"
"SC3_15.305",-0.413299654608911,15,"Sequencing","FZD8"
"SC3_15.306",-0.750488639895673,15,"Sequencing","MIR4683"
"SC3_15.307",-0.273429431943604,15,"Sequencing","ANXA8L1"
"SC3_15.308",0.37103217000366,15,"Sequencing","LRRTM3"
"SC3_15.309",-0.523087380890347,15,"Sequencing","TLL2"
"SC3_15.310",-0.283019020121479,15,"Sequencing","SORCS1"
"SC3_15.311",-0.839882445167695,15,"Sequencing","CHST15"
"SC3_15.312",-0.76155546242403,15,"Sequencing","PTPRE"
"SC3_15.313",-0.599521343862851,15,"Sequencing","JAKMIP3"
"SC3_15.314",-0.641302598981639,15,"Sequencing","ENSG00000249695"
"SC3_15.315",-0.479517681193639,15,"Sequencing","GRIN2B"
"SC3_15.316",0.159228698471526,15,"Sequencing","RERG"
"SC3_15.317",-0.372709233149078,15,"Sequencing","PTHLH"
"SC3_15.318",0.277521079521784,15,"Sequencing","PDZRN4"
"SC3_15.319",-0.00990208445006189,15,"Sequencing","TMEM117"
"SC3_15.320",-0.219448558214811,15,"Sequencing","ENSG00000258101"
"SC3_15.321",-0.660794797508413,15,"Sequencing","KRT18"
"SC3_15.322",-0.815044790414704,15,"Sequencing","TAFA2"
"SC3_15.323",1.86920377179049,15,"Sequencing","LINC02458"
"SC3_15.324",-0.564824477702169,15,"Sequencing","NTN4"
"SC3_15.325",0.951747156430908,15,"Sequencing","SLC17A8"
"SC3_15.326",0.411492590972145,15,"Sequencing","ENSG00000257548"
"SC3_15.327",1.45845194478168,15,"Sequencing","TMEM233"
"SC3_15.328",0.21613268698192,15,"Sequencing","MIR1178"
"SC3_15.329",-0.533056184939668,15,"Sequencing","ENSG00000280381"
"SC3_15.330",-0.240518055853417,15,"Sequencing","TMEM132D"
"SC3_15.331",-0.632661744074528,15,"Sequencing","LINC02340"
"SC3_15.332",-0.748428601280973,15,"Sequencing","FLT3"
"SC3_15.333",-0.42791533813081,15,"Sequencing","STOML3"
"SC3_15.334",0.544985006252836,15,"Sequencing","KCTD4"
"SC3_15.335",-0.581000513209339,15,"Sequencing","ENSG00000278727"
"SC3_15.336",0.0262273288343721,15,"Sequencing","SLITRK6"
"SC3_15.337",0.504198547647489,15,"Sequencing","ENSG00000232636"
"SC3_15.338",-0.453559078312148,15,"Sequencing","MIR4500HG"
"SC3_15.339",-1.03842938589585,15,"Sequencing","COL4A2"
"SC3_15.340",-0.659403265863704,15,"Sequencing","NPAS3"
"SC3_15.341",-0.600696561231844,15,"Sequencing","ENSG00000258636"
"SC3_15.342",-0.0686996453253795,15,"Sequencing","LRFN5"
"SC3_15.343",-0.11438237310594,15,"Sequencing","MDGA2"
"SC3_15.344",0.279504087940806,15,"Sequencing","PTGER2"
"SC3_15.345",-0.436600799362448,15,"Sequencing","LGALS3"
"SC3_15.346",-0.0998076443111291,15,"Sequencing","SYT16"
"SC3_15.347",-0.768569063931285,15,"Sequencing","KCNH5"
"SC3_15.348",-0.441107450669962,15,"Sequencing","TMEM229B"
"SC3_15.349",-0.582726894022843,15,"Sequencing","ENSG00000258422"
"SC3_15.350",-0.70020461953414,15,"Sequencing","FOS"
"SC3_15.351",-0.41137775252504,15,"Sequencing","NRXN3"
"SC3_15.352",-0.946962745077945,15,"Sequencing","ENSG00000258419"
"SC3_15.353",0.353870302256399,15,"Sequencing","TSHR"
"SC3_15.354",-0.0916851163461136,15,"Sequencing","MEG8"
"SC3_15.355",-0.732645664333479,15,"Sequencing","DIO3"
"SC3_15.356",0.0724239093309159,15,"Sequencing","ENSG00000260780"
"SC3_15.357",-0.223479452400709,15,"Sequencing","SNORD116-18"
"SC3_15.358",0.233402718617356,15,"Sequencing","SNORD115-1"
"SC3_15.359",-0.638695953685343,15,"Sequencing","SNORD115-46"
"SC3_15.360",-0.497551101997201,15,"Sequencing","GABRA5"
"SC3_15.361",-0.293618952449865,15,"Sequencing","GJD2"
"SC3_15.362",-0.547320365959749,15,"Sequencing","MEIS2"
"SC3_15.363",-0.614312868217578,15,"Sequencing","ENSG00000276121"
"SC3_15.364",2.11590915746241,15,"Sequencing","FGF7"
"SC3_15.365",-0.448691472816837,15,"Sequencing","LYSMD2"
"SC3_15.366",0.353309925802953,15,"Sequencing","THSD4"
"SC3_15.367",-0.273620374589411,15,"Sequencing","ENSG00000275120"
"SC3_15.368",-0.464399034245178,15,"Sequencing","ENSG00000276278"
"SC3_15.369",-0.425309096779997,15,"Sequencing","PLIN1"
"SC3_15.370",-1.21018073705488,15,"Sequencing","ENSG00000260337"
"SC3_15.371",-1.13493786743459,15,"Sequencing","FAM169B"
"SC3_15.372",-0.147399884205307,15,"Sequencing","ADAMTS17"
"SC3_15.373",-0.563101412693654,15,"Sequencing","TNFRSF12A"
"SC3_15.374",0.0380383157858752,15,"Sequencing","ENSG00000262668"
"SC3_15.375",0.218307939743669,15,"Sequencing","GRIN2A"
"SC3_15.376",0.132892107562434,15,"Sequencing","SOCS1"
"SC3_15.377",-0.800338535997129,15,"Sequencing","ENSG00000262801"
"SC3_15.378",1.15684469529934,15,"Sequencing","ENSG00000262267"
"SC3_15.379",-0.80349078051681,15,"Sequencing","TMC5"
"SC3_15.380",-1.45379111641871,15,"Sequencing","RNU4-46P"
"SC3_15.381",-0.628793063702458,15,"Sequencing","HS3ST4"
"SC3_15.382",-0.544002153856141,15,"Sequencing","ENSG00000283662"
"SC3_15.383",-0.731309983749239,15,"Sequencing","LPCAT2"
"SC3_15.384",-0.628904779846281,15,"Sequencing","MT3"
"SC3_15.385",0.492184897444857,15,"Sequencing","CDH8"
"SC3_15.386",-0.584373411453088,15,"Sequencing","ENSG00000260600"
"SC3_15.387",-0.0898384055450566,15,"Sequencing","ENSG00000231589"
"SC3_15.388",-0.742125814346048,15,"Sequencing","HSF4"
"SC3_15.389",-0.331174859304868,15,"Sequencing","ENSG00000262691"
"SC3_15.390",-0.154318848517887,15,"Sequencing","ENSG00000260577"
"SC3_15.391",-0.68029218015055,15,"Sequencing","HAS3"
"SC3_15.392",-0.435655625719898,15,"Sequencing","HPR"
"SC3_15.393",0.119491154798034,15,"Sequencing","ENSG00000277954"
"SC3_15.394",0.0993942090054483,15,"Sequencing","ENSG00000261722"
"SC3_15.395",-0.177540844025941,15,"Sequencing","MAF"
"SC3_15.396",0.174231050033548,15,"Sequencing","ENSG00000277214"
"SC3_15.397",-0.643809241851026,15,"Sequencing","ENSG00000278058"
"SC3_15.398",-0.865923921700247,15,"Sequencing","HSD17B2"
"SC3_15.399",0.0237743502892372,15,"Sequencing","ATP2C2"
"SC3_15.400",-0.512242855453537,15,"Sequencing","ENSG00000260279"
"SC3_15.401",-0.599933615781832,15,"Sequencing","SERPINF2"
"SC3_15.402",-0.217266332004444,15,"Sequencing","GUCY2D"
"SC3_15.403",-0.900661313220714,15,"Sequencing","ENSG00000279174"
"SC3_15.404",-0.985137898402494,15,"Sequencing","LINC00670"
"SC3_15.405",-0.808973252999283,15,"Sequencing","ASIC2"
"SC3_15.406",-0.811935406560189,15,"Sequencing","PLXDC1"
"SC3_15.407",-0.947330666872898,15,"Sequencing","HAP1"
"SC3_15.408",-1.16117845792755,15,"Sequencing","ENSG00000276851"
"SC3_15.409",-0.376423843705893,15,"Sequencing","CA10"
"SC3_15.410",-0.732942885930001,15,"Sequencing","NOG"
"SC3_15.411",-0.862266058151151,15,"Sequencing","TRIM25"
"SC3_15.412",-0.567593960145071,15,"Sequencing","PRKCA"
"SC3_15.413",0.271216683301324,15,"Sequencing","KCNJ2-AS1"
"SC3_15.414",0.140975523406638,15,"Sequencing","KCNJ2"
"SC3_15.415",-0.117060288293666,15,"Sequencing","ENSG00000276863"
"SC3_15.416",-0.13606745037867,15,"Sequencing","ENSG00000263606"
"SC3_15.417",-0.826253872887193,15,"Sequencing","LDLRAD4"
"SC3_15.418",0.4224855179514,15,"Sequencing","RN7SL362P"
"SC3_15.419",0.114671122866199,15,"Sequencing","CHST9"
"SC3_15.420",-0.914351971513562,15,"Sequencing","GAREM1"
"SC3_15.421",0.0257848957720616,15,"Sequencing","RIT2"
"SC3_15.422",-0.283770131468019,15,"Sequencing","PSTPIP2"
"SC3_15.423",-0.0516630745637618,15,"Sequencing","RAB27B"
"SC3_15.424",0.0672926427560642,15,"Sequencing","SERPINB2"
"SC3_15.425",-0.0607144029670664,15,"Sequencing","SERPINB10"
"SC3_15.426",-0.63495924059927,15,"Sequencing","LINC00305"
"SC3_15.427",-0.00605160349833202,15,"Sequencing","CDH7"
"SC3_15.428",-0.24060831969854,15,"Sequencing","ENSG00000263720"
"SC3_15.429",-0.709351178375419,15,"Sequencing","CBLN2"
"SC3_15.430",0.0528509428546651,15,"Sequencing","LINC01896"
"SC3_15.431",-0.178105565891422,15,"Sequencing","SALL3"
"SC3_15.432",1.76061702549735,15,"Sequencing","PDYN"
"SC3_15.433",-0.723513084531526,15,"Sequencing","TGM3"
"SC3_15.434",-0.686883053944885,15,"Sequencing","EBF4"
"SC3_15.435",-0.0817553353036162,15,"Sequencing","SLC24A3"
"SC3_15.436",0.347986757674728,15,"Sequencing","ANKRD20A21P"
"SC3_15.437",0.189893069944095,15,"Sequencing","MAFB"
"SC3_15.438",-0.583265496895992,15,"Sequencing","PTPRT"
"SC3_15.439",-0.850828481935143,15,"Sequencing","ENSG00000233508"
"SC3_15.440",-0.575276974434005,15,"Sequencing","SYCP2"
"SC3_15.441",-0.719630268826495,15,"Sequencing","CDH4"
"SC3_15.442",-0.580026309967175,15,"Sequencing","MIR1-1HG-AS1"
"SC3_15.443",-1.71241038475749,15,"Sequencing","THEG"
"SC3_15.444",-0.4325994497159,15,"Sequencing","SBNO2"
"SC3_15.445",0.109220890586262,15,"Sequencing","ZNF556"
"SC3_15.446",1.2618768776989,15,"Sequencing","FUT3"
"SC3_15.447",-0.56545351395789,15,"Sequencing","JUNB"
"SC3_15.448",0.0331448091226658,15,"Sequencing","NANOS3"
"SC3_15.449",-0.500394044460364,15,"Sequencing","IL27RA"
"SC3_15.450",-0.284616221648668,15,"Sequencing","WTIP"
"SC3_15.451",-1.16461814485522,15,"Sequencing","CYP2A13"
"SC3_15.452",-0.459321371349142,15,"Sequencing","BCL3"
"SC3_15.453",-1.17654547376987,15,"Sequencing","GFY"
"SC3_15.454",-0.333947451729069,15,"Sequencing","HAS1"
"SC3_15.455",-0.594929071240146,15,"Sequencing","MIR935"
"SC3_15.456",-0.652941769563422,15,"Sequencing","LINC01864"
"SC3_15.457",1.41632989736716,15,"Sequencing","ZSCAN4"
"SC3_15.458",-0.45595415946907,15,"Sequencing","LINC01638"
"SC3_15.459",-0.605328529277021,15,"Sequencing","C22orf42"
"SC3_15.460",-0.699362109857684,15,"Sequencing","CACNA1I"
"SC3_15.461",-0.701779668113265,15,"Sequencing","NFAM1"
"SC3_15.462",-1.04863523888861,15,"Sequencing","ENSG00000230107"
"SC3_15.463",-0.595649853150204,15,"Sequencing","SHISAL1"
"SC3_15.464",0.0319668487461916,15,"Sequencing","NCAM2"
"SC3_15.465",-1.01178263960398,15,"Sequencing","ADAMTS1"
"SC3_15.466",-0.776846367664007,15,"Sequencing","RUNX1"
"SC3_15.467",-0.446990912117085,15,"Sequencing","PCP4"
"SC3_15.468",-0.510723969559665,15,"Sequencing","COL18A1"
"SC1_21",0.433643991360244,21,"Sequencing","CHD5"
"SC1_21.1",-0.281493643409033,21,"Sequencing","UTS2"
"SC1_21.2",-0.108560833183357,21,"Sequencing","TNFRSF9"
"SC1_21.3",0.0341782133160496,21,"Sequencing","FBXO6"
"SC1_21.4",-0.0538284701228709,21,"Sequencing","NBL1"
"SC1_21.5",-0.103704042100216,21,"Sequencing","WNT4"
"SC1_21.6",0.135678809558702,21,"Sequencing","IFNLR1"
"SC1_21.7",0.994894952459022,21,"Sequencing","CSMD2"
"SC1_21.8",-0.0387129924967572,21,"Sequencing","HPCAL4"
"SC1_21.9",0.414689358154108,21,"Sequencing","FAAH"
"SC1_21.10",-0.0230382036940372,21,"Sequencing","SLC25A3P1"
"SC1_21.11",-0.0667012774843141,21,"Sequencing","PTGER3"
"SC1_21.12",0.294754000721825,21,"Sequencing","ENSG00000269933"
"SC1_21.13",-0.193832612642895,21,"Sequencing","PTGFR"
"SC1_21.14",1.60698839861825,21,"Sequencing","ST13P20"
"SC1_21.15",-0.564425749839981,21,"Sequencing","SAMD13"
"SC1_21.16",-0.193509944369735,21,"Sequencing","UOX"
"SC1_21.17",-0.903750602609232,21,"Sequencing","ENSG00000280099"
"SC1_21.18",0.0140737629671514,21,"Sequencing","PLPPR4"
"SC1_21.19",0.10001773131801,21,"Sequencing","C1orf194"
"SC1_21.20",-0.134455768074013,21,"Sequencing","SLC6A17"
"SC1_21.21",-0.0967004592681603,21,"Sequencing","ENSG00000224950"
"SC1_21.22",0.417834145862489,21,"Sequencing","ECM1"
"SC1_21.23",-0.235624334122047,21,"Sequencing","S100A3"
"SC1_21.24",-0.831184829333079,21,"Sequencing","FMO2"
"SC1_21.25",1.16847552775159,21,"Sequencing","SLC9C2"
"SC1_21.26",0.344162533568054,21,"Sequencing","TNR"
"SC1_21.27",0.340016067516677,21,"Sequencing","CACNA1E"
"SC1_21.28",0.400448633237487,21,"Sequencing","BRINP3"
"SC1_21.29",-0.0925120361846413,21,"Sequencing","LINC01351"
"SC1_21.30",-0.287792382205521,21,"Sequencing","ENSG00000241505"
"SC1_21.31",0.0386441519949451,21,"Sequencing","ATP2B4"
"SC1_21.32",-0.137691075575392,21,"Sequencing","ENSG00000236846"
"SC1_21.33",0.422049768542828,21,"Sequencing","LEFTY1"
"SC1_21.34",0.115604330223331,21,"Sequencing","MAP3K21"
"SC1_21.35",0.23275033820056,21,"Sequencing","CHRM3"
"SC1_21.36",0.397822107269385,21,"Sequencing","PLD5"
"SC1_21.37",0.801679460449553,21,"Sequencing","ENSG00000229727"
"SC1_21.38",-0.0962742436490504,21,"Sequencing","HPCAL1"
"SC1_21.39",0.0668544078040364,21,"Sequencing","ENSG00000225649"
"SC1_21.40",0.213889876851145,21,"Sequencing","POMC"
"SC1_21.41",0.24519853563676,21,"Sequencing","KCNK12"
"SC1_21.42",0.376740189518901,21,"Sequencing","SFXN5"
"SC1_21.43",0.260886219447818,21,"Sequencing","CD8B"
"SC1_21.44",0.902827439807454,21,"Sequencing","ANAPC1P1"
"SC1_21.45",-0.00668168538610764,21,"Sequencing","CYTOR"
"SC1_21.46",-0.402375025480611,21,"Sequencing","IL1R1"
"SC1_21.47",-0.457039961202619,21,"Sequencing","LINC01123"
"SC1_21.48",0.130336203994679,21,"Sequencing","MIR4435-2HG"
"SC1_21.49",-0.524882181188046,21,"Sequencing","SCTR"
"SC1_21.50",1.17038144254238,21,"Sequencing","ENSG00000228400"
"SC1_21.51",0.192643147231755,21,"Sequencing","LINC01854"
"SC1_21.52",0.431693382026675,21,"Sequencing","CCDC74B"
"SC1_21.53",0.470388951287455,21,"Sequencing","SMIM39"
"SC1_21.54",0.119912342620306,21,"Sequencing","CCDC74A"
"SC1_21.55",0.482980317652472,21,"Sequencing","LYPD1"
"SC1_21.56",-0.128733597679347,21,"Sequencing","KCNJ3"
"SC1_21.57",0.401314784010017,21,"Sequencing","PLA2R1"
"SC1_21.58",0.210074749184089,21,"Sequencing","SCN1A"
"SC1_21.59",0.290923083645694,21,"Sequencing","C2orf88"
"SC1_21.60",0.436323253178312,21,"Sequencing","MSTN"
"SC1_21.61",0.155665098136532,21,"Sequencing","NYAP2"
"SC1_21.62",0.248832470718752,21,"Sequencing","ENSG00000273301"
"SC1_21.63",-0.0257499171593725,21,"Sequencing","ECEL1"
"SC1_21.64",-0.335311791038531,21,"Sequencing","RAMP1"
"SC1_21.65",-0.0910492571937742,21,"Sequencing","CNTN6"
"SC1_21.66",0.0483592372284227,21,"Sequencing","GRM7"
"SC1_21.67",0.158350277179104,21,"Sequencing","IRAK2"
"SC1_21.68",0.0693730098138655,21,"Sequencing","SYN2"
"SC1_21.69",0.530728584072082,21,"Sequencing","GRIP2"
"SC1_21.70",0.437338893530152,21,"Sequencing","ARPP21"
"SC1_21.71",-0.704452053037336,21,"Sequencing","DCLK3"
"SC1_21.72",-0.21515444742472,21,"Sequencing","CCK"
"SC1_21.73",-0.0370595570417343,21,"Sequencing","IL17RB"
"SC1_21.74",0.388574220772826,21,"Sequencing","CACNA2D3"
"SC1_21.75",0.171711564703929,21,"Sequencing","DNAH12"
"SC1_21.76",-0.116245322905859,21,"Sequencing","CNTN3"
"SC1_21.77",0.771957267498881,21,"Sequencing","EPHA6"
"SC1_21.78",0.796994712474892,21,"Sequencing","ENSG00000261292"
"SC1_21.79",-0.0874246533710879,21,"Sequencing","ENSG00000239482"
"SC1_21.80",1.23925935726563,21,"Sequencing","ENSG00000251012"
"SC1_21.81",1.11940305932074,21,"Sequencing","UPK1B"
"SC1_21.82",0.182197414027547,21,"Sequencing","ADCY5"
"SC1_21.83",-0.325030214173404,21,"Sequencing","TRH"
"SC1_21.84",0.0156114349934408,21,"Sequencing","COL6A4P2"
"SC1_21.85",-0.0351965626259614,21,"Sequencing","ZBTB38"
"SC1_21.86",0.398789265442977,21,"Sequencing","PCOLCE2"
"SC1_21.87",1.74592892342871,21,"Sequencing","CPB1"
"SC1_21.88",1.52755079167062,21,"Sequencing","IQCJ"
"SC1_21.89",0.567106742642673,21,"Sequencing","LINC01323"
"SC1_21.90",-0.109061627951324,21,"Sequencing","LINC01324"
"SC1_21.91",0.399889222582176,21,"Sequencing","SLITRK3"
"SC1_21.92",0.187286979254235,21,"Sequencing","LINC01322"
"SC1_21.93",0.505498731585286,21,"Sequencing","BCL6"
"SC1_21.94",0.388972273717134,21,"Sequencing",NA
"SC1_21.95",-0.032047779807053,21,"Sequencing","IL1RAP"
"SC1_21.96",-0.0249478714539617,21,"Sequencing","UTS2B"
"SC1_21.97",0.270968724713027,21,"Sequencing","ZDHHC19"
"SC1_21.98",0.08697801761997,21,"Sequencing","RPSAP69"
"SC1_21.99",0.0691427340206019,21,"Sequencing","ENSG00000227189"
"SC1_21.100",0.398865484595931,21,"Sequencing","ENSG00000284727"
"SC1_21.101",0.883516349166708,21,"Sequencing","MSX1"
"SC1_21.102",0.974737083232024,21,"Sequencing","GBA3"
"SC1_21.103",0.410656354604741,21,"Sequencing","CCKAR"
"SC1_21.104",0.278958624098225,21,"Sequencing","PCDH7"
"SC1_21.105",-0.167008002263898,21,"Sequencing","LINC02513"
"SC1_21.106",0.278652800363671,21,"Sequencing","ENSG00000260878"
"SC1_21.107",0.439399849896921,21,"Sequencing","GABRA2"
"SC1_21.108",0.692450635926755,21,"Sequencing","ENSG00000249330"
"SC1_21.109",-0.0648588608395369,21,"Sequencing","GABRB1"
"SC1_21.110",-0.315982315116798,21,"Sequencing","ENSG00000260918"
"SC1_21.111",0.548252776099742,21,"Sequencing","ADAMTS3"
"SC1_21.112",-0.800958289222384,21,"Sequencing","BTC"
"SC1_21.113",0.252253143362702,21,"Sequencing","FGF5"
"SC1_21.114",0.262878449791114,21,"Sequencing","SCD5"
"SC1_21.115",1.93126005055505,21,"Sequencing","NPNT"
"SC1_21.116",0.0161641200284545,21,"Sequencing","CAMK2D"
"SC1_21.117",0.780185292719059,21,"Sequencing","PDE5A"
"SC1_21.118",0.0189995078761799,21,"Sequencing","PCDH18"
"SC1_21.119",0.228487422296619,21,"Sequencing","ENSG00000250777"
"SC1_21.120",0.636580624691695,21,"Sequencing","FREM3"
"SC1_21.121",0.360321059696633,21,"Sequencing","TTC29"
"SC1_21.122",-0.531313346383472,21,"Sequencing",NA
"SC1_21.123",0.0944009582633475,21,"Sequencing","GUCY1A1"
"SC1_21.124",0.142373879819997,21,"Sequencing","ENSG00000260244"
"SC1_21.125",1.04586636068639,21,"Sequencing","PDGFC"
"SC1_21.126",-0.323093427865495,21,"Sequencing","FSTL5"
"SC1_21.127",1.02361381036832,21,"Sequencing","ENSG00000250027"
"SC1_21.128",0.767212336702286,21,"Sequencing","NPY1R"
"SC1_21.129",0.769570012195911,21,"Sequencing","NPY5R"
"SC1_21.130",0.718297654560522,21,"Sequencing","GALNTL6"
"SC1_21.131",0.315643275951894,21,"Sequencing","GLRA3"
"SC1_21.132",0.958539334572617,21,"Sequencing","ADAM29"
"SC1_21.133",-0.0270966577589809,21,"Sequencing","MTNR1A"
"SC1_21.134",-0.572268627414199,21,"Sequencing","RANBP3L"
"SC1_21.135",0.392563521345816,21,"Sequencing","LIFR"
"SC1_21.136",0.396601029325066,21,"Sequencing","PTGER4"
"SC1_21.137",-0.332852014644179,21,"Sequencing","GHR"
"SC1_21.138",0.0639251289176106,21,"Sequencing","ESM1"
"SC1_21.139",0.147197201138183,21,"Sequencing","IL6ST"
"SC1_21.140",-0.0996431841890583,21,"Sequencing","RGS7BP"
"SC1_21.141",0.0175323005303398,21,"Sequencing","LINC02197"
"SC1_21.142",-0.62500992989838,21,"Sequencing","SV2C"
"SC1_21.143",0.309208639246919,21,"Sequencing","MEF2C"
"SC1_21.144",0.912373025035283,21,"Sequencing","EGR1"
"SC1_21.145",0.551393492190869,21,"Sequencing","NR3C1"
"SC1_21.146",0.319852668925431,21,"Sequencing","GRIA1"
"SC1_21.147",0.390922713372165,21,"Sequencing","ENSG00000249738"
"SC1_21.148",0.187326251609089,21,"Sequencing","IL12B"
"SC1_21.149",0.993409096885536,21,"Sequencing","GABRB2"
"SC1_21.150",0.813754927394633,21,"Sequencing","GABRA1"
"SC1_21.151",-0.0235498795188011,21,"Sequencing","GABRG2"
"SC1_21.152",0.190719508920436,21,"Sequencing","F12"
"SC1_21.153",0.753515666785291,21,"Sequencing","PRR7-AS1"
"SC1_21.154",0.00560039169653588,21,"Sequencing","TRIM7"
"SC1_21.155",-0.0794931850612492,21,"Sequencing","CD83"
"SC1_21.156",0.381354182530216,21,"Sequencing","RBM24"
"SC1_21.157",-0.519861941720618,21,"Sequencing","RNF144B"
"SC1_21.158",0.641067701151963,21,"Sequencing","DCDC2"
"SC1_21.159",0.353242783141379,21,"Sequencing","SLC17A2"
"SC1_21.160",0.160525557380695,21,"Sequencing","BTN3A1"
"SC1_21.161",-0.214931186497126,21,"Sequencing","RN7SL471P"
"SC1_21.162",0.592014080722482,21,"Sequencing","TRIM31-AS1"
"SC1_21.163",-0.138438127122611,21,"Sequencing","HLA-DRB5"
"SC1_21.164",-0.133260727454611,21,"Sequencing","TAP1"
"SC1_21.165",-0.373855072704372,21,"Sequencing","CLIC5"
"SC1_21.166",-0.166314363599072,21,"Sequencing","RCAN2"
"SC1_21.167",0.282690888004907,21,"Sequencing","TENT5A"
"SC1_21.168",2.04704397172193,21,"Sequencing","TBX18"
"SC1_21.169",-0.309081401917759,21,"Sequencing","GJA10"
"SC1_21.170",1.5674342610863,21,"Sequencing","FAM162B"
"SC1_21.171",1.41702949457084,21,"Sequencing","RFX6"
"SC1_21.172",0.392577131771884,21,"Sequencing","NKAIN2"
"SC1_21.173",2.06959505230486,21,"Sequencing","ENSG00000237321"
"SC1_21.174",-0.238601784750539,21,"Sequencing","MOXD1"
"SC1_21.175",0.0583322163206368,21,"Sequencing","MAP7"
"SC1_21.176",-0.218578801778926,21,"Sequencing","STXBP5-AS1"
"SC1_21.177",-0.151682439238026,21,"Sequencing","MYCT1"
"SC1_21.178",0.393511763168339,21,"Sequencing","ENSG00000232529"
"SC1_21.179",-0.525035785059382,21,"Sequencing","LPA"
"SC1_21.180",1.72604135802039,21,"Sequencing","LINC02538"
"SC1_21.181",2.51344546056067,21,"Sequencing","ENSG00000235994"
"SC1_21.182",-0.181766675875528,21,"Sequencing","KIF25"
"SC1_21.183",-0.277067618157477,21,"Sequencing","ENSG00000234647"
"SC1_21.184",0.413470522294408,21,"Sequencing","SMOC2"
"SC1_21.185",0.0246693326947728,21,"Sequencing","NXPH1"
"SC1_21.186",0.375489162855936,21,"Sequencing","GALNT17"
"SC1_21.187",-0.0418971417835767,21,"Sequencing","CALN1"
"SC1_21.188",0.4264628523134,21,"Sequencing","CD36"
"SC1_21.189",1.17388494372632,21,"Sequencing","GRM3"
"SC1_21.190",0.410995194871354,21,"Sequencing","TAC1"
"SC1_21.191",0.282625557132712,21,"Sequencing","AZGP1"
"SC1_21.192",0.40318865638036,21,"Sequencing","VGF"
"SC1_21.193",-0.146462831094873,21,"Sequencing","LHFPL3"
"SC1_21.194",-0.014642547760634,21,"Sequencing","TMEM229A"
"SC1_21.195",1.08073923225264,21,"Sequencing","ENSG00000279419"
"SC1_21.196",0.0451109435365971,21,"Sequencing","CHRM2"
"SC1_21.197",-0.147058480022072,21,"Sequencing","CRLF2"
"SC1_21.198",-0.45888452212469,21,"Sequencing","ADGRG2"
"SC1_21.199",-0.043360877587045,21,"Sequencing","MAP7D2"
"SC1_21.200",0.858545012463061,21,"Sequencing","ENSG00000283400"
"SC1_21.201",-0.304174173301419,21,"Sequencing","PTCHD1"
"SC1_21.202",0.331339434565391,21,"Sequencing","IL1RAPL1"
"SC1_21.203",0.429537525501389,21,"Sequencing","DMD"
"SC1_21.204",0.0691925402457893,21,"Sequencing","ERAS"
"SC1_21.205",-0.18213330429632,21,"Sequencing","MAGED4"
"SC1_21.206",0.588283334399316,21,"Sequencing","PCDH11X"
"SC1_21.207",-0.409237720953898,21,"Sequencing","TCEAL6"
"SC1_21.208",0.272435817540322,21,"Sequencing","RNF128"
"SC1_21.209",-0.673310566573377,21,"Sequencing","SERTM2"
"SC1_21.210",0.504783568660865,21,"Sequencing","TRPC5"
"SC1_21.211",0.102566091925532,21,"Sequencing","IL13RA1"
"SC1_21.212",-0.286877845748845,21,"Sequencing","SMIM10L2A"
"SC1_21.213",0.0364096247699228,21,"Sequencing","ARHGEF6"
"SC1_21.214",0.252560845250609,21,"Sequencing","FGF13"
"SC1_21.215",0.364649731815515,21,"Sequencing","MCF2"
"SC1_21.216",-0.281039147629914,21,"Sequencing","SLITRK2"
"SC1_21.217",1.67825379819025,21,"Sequencing","GPR50"
"SC1_21.218",0.921883085598502,21,"Sequencing","ENSG00000269993"
"SC1_21.219",0.796687943794631,21,"Sequencing","CSMD1"
"SC1_21.220",0.877392184267657,21,"Sequencing","ENSG00000284613"
"SC1_21.221",0.750319294159364,21,"Sequencing","LPL"
"SC1_21.222",-0.0458113606379754,21,"Sequencing","LGI3"
"SC1_21.223",0.178431067546998,21,"Sequencing","STC1"
"SC1_21.224",-0.229099916880544,21,"Sequencing","ADAM28"
"SC1_21.225",0.003381752465907,21,"Sequencing","ENSG00000253888"
"SC1_21.226",1.79578552440049,21,"Sequencing","ENSG00000279099"
"SC1_21.227",-0.057906958382717,21,"Sequencing","ENSG00000253746"
"SC1_21.228",0.747203556059078,21,"Sequencing","CHRNA6"
"SC1_21.229",-1.21399887172807,21,"Sequencing","OPRK1"
"SC1_21.230",-0.220932494639623,21,"Sequencing","ENSG00000254254"
"SC1_21.231",0.573380600513012,21,"Sequencing","TTPA"
"SC1_21.232",0.34533334985456,21,"Sequencing","SBSPON"
"SC1_21.233",0.0403542979629637,21,"Sequencing","PI15"
"SC1_21.234",0.692631666155567,21,"Sequencing","IL7"
"SC1_21.235",0.6972506246928,21,"Sequencing","MATN2"
"SC1_21.236",0.159101464453899,21,"Sequencing","SPAG1"
"SC1_21.237",0.350300249153802,21,"Sequencing","ANGPT1"
"SC1_21.238",0.373706582815704,21,"Sequencing","RSPO2"
"SC1_21.239",1.26856306537038,21,"Sequencing","TRHR"
"SC1_21.240",0.608769103901765,21,"Sequencing","SNTB1"
"SC1_21.241",-0.333584323287673,21,"Sequencing","ENSG00000244791"
"SC1_21.242",0.190621719169728,21,"Sequencing","ADCY8"
"SC1_21.243",2.04504011017097,21,"Sequencing","ENSG00000253259"
"SC1_21.244",0.828130195433211,21,"Sequencing","ENSG00000253507"
"SC1_21.245",0.413661454235369,21,"Sequencing","KCNK9"
"SC1_21.246",0.437337902102291,21,"Sequencing","LY6H"
"SC1_21.247",-0.617075788354755,21,"Sequencing","CD274"
"SC1_21.248",0.0337142589403139,21,"Sequencing","ENSG00000226197"
"SC1_21.249",0.738643212950061,21,"Sequencing","ENSG00000225472"
"SC1_21.250",0.66666956153648,21,"Sequencing","BNC2"
"SC1_21.251",-0.0426373668984731,21,"Sequencing","SLC24A2"
"SC1_21.252",0.50468866848023,21,"Sequencing","ENSG00000260390"
"SC1_21.253",0.26519778773359,21,"Sequencing","ENSG00000260412"
"SC1_21.254",0.258877394042246,21,"Sequencing","LINGO2"
"SC1_21.255",0.61004169891273,21,"Sequencing","AQP3"
"SC1_21.256",0.408467382414752,21,"Sequencing","FAM189A2"
"SC1_21.257",0.00191799228051771,21,"Sequencing","NTRK2"
"SC1_21.258",-0.553639494898367,21,"Sequencing","FGD3"
"SC1_21.259",0.705306396583825,21,"Sequencing","FBP1"
"SC1_21.260",0.445445609737202,21,"Sequencing","GAS2L1P2"
"SC1_21.261",0.306723351612699,21,"Sequencing","GRIN3A"
"SC1_21.262",1.40157368705154,21,"Sequencing","PPP3R2"
"SC1_21.263",-0.198891799184909,21,"Sequencing","LINC01505"
"SC1_21.264",0.20006798002364,21,"Sequencing","BRINP1"
"SC1_21.265",0.499895948505804,21,"Sequencing","GPR21"
"SC1_21.266",1.01989116045489,21,"Sequencing","MIR181A2HG"
"SC1_21.267",0.750587776469457,21,"Sequencing","IER5L"
"SC1_21.268",0.200355580544108,21,"Sequencing","C9orf50"
"SC1_21.269",0.246430885204101,21,"Sequencing","NACC2"
"SC1_21.270",0.31478373052297,21,"Sequencing","GRIN1"
"SC1_21.271",-0.442906621333263,21,"Sequencing","TH"
"SC1_21.272",0.966802295692304,21,"Sequencing","SPON1"
"SC1_21.273",-0.0584784685226424,21,"Sequencing","NCR3LG1"
"SC1_21.274",-0.405780279502737,21,"Sequencing","ENSG00000270607"
"SC1_21.275",0.951873669027979,21,"Sequencing","ENSG00000279675"
"SC1_21.276",0.718839514564686,21,"Sequencing","LRRC4C"
"SC1_21.277",1.25005805848821,21,"Sequencing","LINC02740"
"SC1_21.278",0.687275825398479,21,"Sequencing","MS4A7"
"SC1_21.279",1.89406530660023,21,"Sequencing","MS4A14"
"SC1_21.280",0.885017120110474,21,"Sequencing","MS4A1"
"SC1_21.281",0.0418310982146235,21,"Sequencing","MIR6746"
"SC1_21.282",0.550566704869133,21,"Sequencing","KCNK4"
"SC1_21.283",0.718017777751419,21,"Sequencing","ENSG00000257069"
"SC1_21.284",1.24980681252174,21,"Sequencing","CATSPERZ"
"SC1_21.285",-0.31334972379481,21,"Sequencing","SHANK2-AS1"
"SC1_21.286",0.163545449249682,21,"Sequencing","ARHGEF17"
"SC1_21.287",-0.793687038255431,21,"Sequencing","GRM5"
"SC1_21.288",0.590319952012594,21,"Sequencing","MMP10"
"SC1_21.289",0.643776336545903,21,"Sequencing","MMP1"
"SC1_21.290",0.412840918667088,21,"Sequencing","PDGFD"
"SC1_21.291",-0.23909178956494,21,"Sequencing","C11orf87"
"SC1_21.292",-0.153898444935298,21,"Sequencing","ARHGAP20"
"SC1_21.293",-0.135265113240396,21,"Sequencing","LAYN"
"SC1_21.294",0.136738310530715,21,"Sequencing","SCN2B"
"SC1_21.295",0.45969275464706,21,"Sequencing","ABCG4"
"SC1_21.296",-0.589841236681446,21,"Sequencing","TRIM29"
"SC1_21.297",0.255168889632901,21,"Sequencing","MIR100HG"
"SC1_21.298",1.90689541576498,21,"Sequencing","MIR125B1"
"SC1_21.299",-0.316690273801181,21,"Sequencing","ENSG00000238117"
"SC1_21.300",1.06981496221971,21,"Sequencing","LINC02714"
"SC1_21.301",-0.312628917845147,21,"Sequencing","LINC00707"
"SC1_21.302",0.0510226736762126,21,"Sequencing","SFMBT2"
"SC1_21.303",0.375083088837455,21,"Sequencing","ARMC3"
"SC1_21.304",1.01879501494586,21,"Sequencing","MKX"
"SC1_21.305",1.01915556900979,21,"Sequencing","FZD8"
"SC1_21.306",1.09141675644444,21,"Sequencing","MIR4683"
"SC1_21.307",-0.255129821310348,21,"Sequencing","ANXA8L1"
"SC1_21.308",0.24842243240515,21,"Sequencing","LRRTM3"
"SC1_21.309",-0.163146833044512,21,"Sequencing","TLL2"
"SC1_21.310",0.278171275943611,21,"Sequencing","SORCS1"
"SC1_21.311",0.124172273959387,21,"Sequencing","CHST15"
"SC1_21.312",-0.0758420404799211,21,"Sequencing","PTPRE"
"SC1_21.313",0.530184677711034,21,"Sequencing","JAKMIP3"
"SC1_21.314",2.92439512264541,21,"Sequencing","ENSG00000249695"
"SC1_21.315",0.279325289171798,21,"Sequencing","GRIN2B"
"SC1_21.316",-0.253242433178238,21,"Sequencing","RERG"
"SC1_21.317",0.128351321380885,21,"Sequencing","PTHLH"
"SC1_21.318",-0.157039690292998,21,"Sequencing","PDZRN4"
"SC1_21.319",0.300432450201267,21,"Sequencing","TMEM117"
"SC1_21.320",0.369544914105745,21,"Sequencing","ENSG00000258101"
"SC1_21.321",-0.395647096707606,21,"Sequencing","KRT18"
"SC1_21.322",0.894549361686302,21,"Sequencing","TAFA2"
"SC1_21.323",0.163252214589295,21,"Sequencing","LINC02458"
"SC1_21.324",-0.230156383182182,21,"Sequencing","NTN4"
"SC1_21.325",0.339235823546208,21,"Sequencing","SLC17A8"
"SC1_21.326",0.486511523888752,21,"Sequencing","ENSG00000257548"
"SC1_21.327",0.810700163846611,21,"Sequencing","TMEM233"
"SC1_21.328",-0.82734498317342,21,"Sequencing","MIR1178"
"SC1_21.329",0.736373260345098,21,"Sequencing","ENSG00000280381"
"SC1_21.330",-0.242558786659783,21,"Sequencing","TMEM132D"
"SC1_21.331",0.333905145360368,21,"Sequencing","LINC02340"
"SC1_21.332",0.128095389726978,21,"Sequencing","FLT3"
"SC1_21.333",3.1052672249066,21,"Sequencing","STOML3"
"SC1_21.334",1.07017746756066,21,"Sequencing","KCTD4"
"SC1_21.335",1.79231292210964,21,"Sequencing","ENSG00000278727"
"SC1_21.336",-0.531736736194612,21,"Sequencing","SLITRK6"
"SC1_21.337",0.199922069102604,21,"Sequencing","ENSG00000232636"
"SC1_21.338",-0.0314394119220452,21,"Sequencing","MIR4500HG"
"SC1_21.339",0.119834974850171,21,"Sequencing","COL4A2"
"SC1_21.340",0.110836709439461,21,"Sequencing","NPAS3"
"SC1_21.341",0.880080757971144,21,"Sequencing","ENSG00000258636"
"SC1_21.342",0.352228262832106,21,"Sequencing","LRFN5"
"SC1_21.343",0.465713628071061,21,"Sequencing","MDGA2"
"SC1_21.344",0.030410844587498,21,"Sequencing","PTGER2"
"SC1_21.345",0.783257545849725,21,"Sequencing","LGALS3"
"SC1_21.346",0.3959394927257,21,"Sequencing","SYT16"
"SC1_21.347",0.398354289135755,21,"Sequencing","KCNH5"
"SC1_21.348",0.144504932064222,21,"Sequencing","TMEM229B"
"SC1_21.349",-0.617311616199716,21,"Sequencing","ENSG00000258422"
"SC1_21.350",-0.0315067563464992,21,"Sequencing","FOS"
"SC1_21.351",0.327650946873231,21,"Sequencing","NRXN3"
"SC1_21.352",2.13767098403126,21,"Sequencing","ENSG00000258419"
"SC1_21.353",0.0749655218180438,21,"Sequencing","TSHR"
"SC1_21.354",-0.224430519589639,21,"Sequencing","MEG8"
"SC1_21.355",-0.438722659344253,21,"Sequencing","DIO3"
"SC1_21.356",0.981618370093695,21,"Sequencing","ENSG00000260780"
"SC1_21.357",0.0229720427017663,21,"Sequencing","SNORD116-18"
"SC1_21.358",-0.250801668215014,21,"Sequencing","SNORD115-1"
"SC1_21.359",0.0475597329130781,21,"Sequencing","SNORD115-46"
"SC1_21.360",0.028274361854938,21,"Sequencing","GABRA5"
"SC1_21.361",0.33852559798812,21,"Sequencing","GJD2"
"SC1_21.362",-0.487365834528658,21,"Sequencing","MEIS2"
"SC1_21.363",-0.644027237522963,21,"Sequencing","ENSG00000276121"
"SC1_21.364",-0.474767890771241,21,"Sequencing","FGF7"
"SC1_21.365",0.151145152995963,21,"Sequencing","LYSMD2"
"SC1_21.366",1.19089128276084,21,"Sequencing","THSD4"
"SC1_21.367",0.214700794013169,21,"Sequencing","ENSG00000275120"
"SC1_21.368",0.431450654723338,21,"Sequencing","ENSG00000276278"
"SC1_21.369",-0.0221304065028026,21,"Sequencing","PLIN1"
"SC1_21.370",0.47808039315517,21,"Sequencing","ENSG00000260337"
"SC1_21.371",2.18315697776552,21,"Sequencing","FAM169B"
"SC1_21.372",1.30002084717036,21,"Sequencing","ADAMTS17"
"SC1_21.373",-0.369662764508492,21,"Sequencing","TNFRSF12A"
"SC1_21.374",0.303601051167116,21,"Sequencing","ENSG00000262668"
"SC1_21.375",0.411749217551438,21,"Sequencing","GRIN2A"
"SC1_21.376",1.20077302787151,21,"Sequencing","SOCS1"
"SC1_21.377",0.0465437210848299,21,"Sequencing","ENSG00000262801"
"SC1_21.378",-0.492655053120364,21,"Sequencing","ENSG00000262267"
"SC1_21.379",0.33734156423376,21,"Sequencing","TMC5"
"SC1_21.380",0.0758663359562369,21,"Sequencing","RNU4-46P"
"SC1_21.381",0.268906348064176,21,"Sequencing","HS3ST4"
"SC1_21.382",1.00142795635041,21,"Sequencing","ENSG00000283662"
"SC1_21.383",-0.0176714048294816,21,"Sequencing","LPCAT2"
"SC1_21.384",-0.27099784396012,21,"Sequencing","MT3"
"SC1_21.385",0.492785242398993,21,"Sequencing","CDH8"
"SC1_21.386",1.59338575400994,21,"Sequencing","ENSG00000260600"
"SC1_21.387",-0.537321641537363,21,"Sequencing","ENSG00000231589"
"SC1_21.388",0.133509125044833,21,"Sequencing","HSF4"
"SC1_21.389",0.577432703519243,21,"Sequencing","ENSG00000262691"
"SC1_21.390",-0.0917984086758504,21,"Sequencing","ENSG00000260577"
"SC1_21.391",-0.29891400605562,21,"Sequencing","HAS3"
"SC1_21.392",0.597758031833648,21,"Sequencing","HPR"
"SC1_21.393",0.581347778808152,21,"Sequencing","ENSG00000277954"
"SC1_21.394",0.644574019367891,21,"Sequencing","ENSG00000261722"
"SC1_21.395",0.949023262329967,21,"Sequencing","MAF"
"SC1_21.396",0.864685188784117,21,"Sequencing","ENSG00000277214"
"SC1_21.397",0.892262342047951,21,"Sequencing","ENSG00000278058"
"SC1_21.398",-0.117475258407352,21,"Sequencing","HSD17B2"
"SC1_21.399",0.0931552388878003,21,"Sequencing","ATP2C2"
"SC1_21.400",0.113035714592865,21,"Sequencing","ENSG00000260279"
"SC1_21.401",0.630652621006631,21,"Sequencing","SERPINF2"
"SC1_21.402",0.419979712574492,21,"Sequencing","GUCY2D"
"SC1_21.403",0.743144099827224,21,"Sequencing","ENSG00000279174"
"SC1_21.404",0.157423058569757,21,"Sequencing","LINC00670"
"SC1_21.405",-0.113601229094786,21,"Sequencing","ASIC2"
"SC1_21.406",-0.256984092796108,21,"Sequencing","PLXDC1"
"SC1_21.407",-0.0786161564621372,21,"Sequencing","HAP1"
"SC1_21.408",0.05666390426803,21,"Sequencing","ENSG00000276851"
"SC1_21.409",0.329139007076999,21,"Sequencing","CA10"
"SC1_21.410",1.20748548540666,21,"Sequencing","NOG"
"SC1_21.411",-0.151031344675884,21,"Sequencing","TRIM25"
"SC1_21.412",0.94947989978887,21,"Sequencing","PRKCA"
"SC1_21.413",0.467855039420334,21,"Sequencing","KCNJ2-AS1"
"SC1_21.414",0.388821499081007,21,"Sequencing","KCNJ2"
"SC1_21.415",-0.0423314910267532,21,"Sequencing","ENSG00000276863"
"SC1_21.416",0.181881458745873,21,"Sequencing","ENSG00000263606"
"SC1_21.417",-0.0904946332773514,21,"Sequencing","LDLRAD4"
"SC1_21.418",0.072285485187257,21,"Sequencing","RN7SL362P"
"SC1_21.419",0.841911375464138,21,"Sequencing","CHST9"
"SC1_21.420",0.478741860774663,21,"Sequencing","GAREM1"
"SC1_21.421",0.145348284902619,21,"Sequencing","RIT2"
"SC1_21.422",0.0638051061799488,21,"Sequencing","PSTPIP2"
"SC1_21.423",-0.196086865525813,21,"Sequencing","RAB27B"
"SC1_21.424",0.132956837711312,21,"Sequencing","SERPINB2"
"SC1_21.425",-0.018155951899851,21,"Sequencing","SERPINB10"
"SC1_21.426",0.648174435185491,21,"Sequencing","LINC00305"
"SC1_21.427",0.680356006107752,21,"Sequencing","CDH7"
"SC1_21.428",1.53552693871158,21,"Sequencing","ENSG00000263720"
"SC1_21.429",0.0684751193156044,21,"Sequencing","CBLN2"
"SC1_21.430",0.239224378886833,21,"Sequencing","LINC01896"
"SC1_21.431",0.998520860978671,21,"Sequencing","SALL3"
"SC1_21.432",0.755845949431735,21,"Sequencing","PDYN"
"SC1_21.433",-0.637117512326687,21,"Sequencing","TGM3"
"SC1_21.434",0.347826533859701,21,"Sequencing","EBF4"
"SC1_21.435",0.00911739163991811,21,"Sequencing","SLC24A3"
"SC1_21.436",-0.529219568720931,21,"Sequencing","ANKRD20A21P"
"SC1_21.437",1.15165136709807,21,"Sequencing","MAFB"
"SC1_21.438",0.706160619805401,21,"Sequencing","PTPRT"
"SC1_21.439",0.535751910871831,21,"Sequencing","ENSG00000233508"
"SC1_21.440",0.13088860822255,21,"Sequencing","SYCP2"
"SC1_21.441",0.732138936458105,21,"Sequencing","CDH4"
"SC1_21.442",0.230642229580732,21,"Sequencing","MIR1-1HG-AS1"
"SC1_21.443",1.21392708918007,21,"Sequencing","THEG"
"SC1_21.444",0.706863691544753,21,"Sequencing","SBNO2"
"SC1_21.445",0.412802795609798,21,"Sequencing","ZNF556"
"SC1_21.446",0.520343762434655,21,"Sequencing","FUT3"
"SC1_21.447",0.442860773379984,21,"Sequencing","JUNB"
"SC1_21.448",0.579900377663992,21,"Sequencing","NANOS3"
"SC1_21.449",0.140766299211541,21,"Sequencing","IL27RA"
"SC1_21.450",0.443560243617119,21,"Sequencing","WTIP"
"SC1_21.451",0.239131101914118,21,"Sequencing","CYP2A13"
"SC1_21.452",0.659470714303943,21,"Sequencing","BCL3"
"SC1_21.453",0.881407149759089,21,"Sequencing","GFY"
"SC1_21.454",-0.50009607823404,21,"Sequencing","HAS1"
"SC1_21.455",0.37720044817257,21,"Sequencing","MIR935"
"SC1_21.456",0.378843445733775,21,"Sequencing","LINC01864"
"SC1_21.457",-0.213156438628174,21,"Sequencing","ZSCAN4"
"SC1_21.458",1.05104854413379,21,"Sequencing","LINC01638"
"SC1_21.459",-0.0116978953727742,21,"Sequencing","C22orf42"
"SC1_21.460",0.900636286188548,21,"Sequencing","CACNA1I"
"SC1_21.461",1.28067321368356,21,"Sequencing","NFAM1"
"SC1_21.462",1.12514482592716,21,"Sequencing","ENSG00000230107"
"SC1_21.463",0.266510060828995,21,"Sequencing","SHISAL1"
"SC1_21.464",0.0660031165522434,21,"Sequencing","NCAM2"
"SC1_21.465",0.482443623009095,21,"Sequencing","ADAMTS1"
"SC1_21.466",0.585177426473554,21,"Sequencing","RUNX1"
"SC1_21.467",0.0787497217218579,21,"Sequencing","PCP4"
"SC1_21.468",0.0403851013908396,21,"Sequencing","COL18A1"
"SC2_21",-0.0115376928411609,21,"Sequencing","CHD5"
"SC2_21.1",0.851391791903597,21,"Sequencing","UTS2"
"SC2_21.2",0.670345790553304,21,"Sequencing","TNFRSF9"
"SC2_21.3",0.329737268027009,21,"Sequencing","FBXO6"
"SC2_21.4",-0.136207159517074,21,"Sequencing","NBL1"
"SC2_21.5",-0.249785640949204,21,"Sequencing","WNT4"
"SC2_21.6",0.518288559652898,21,"Sequencing","IFNLR1"
"SC2_21.7",0.0986817615463307,21,"Sequencing","CSMD2"
"SC2_21.8",0.0872257270362939,21,"Sequencing","HPCAL4"
"SC2_21.9",0.254629541360897,21,"Sequencing","FAAH"
"SC2_21.10",0.757891965080285,21,"Sequencing","SLC25A3P1"
"SC2_21.11",0.0737090317186503,21,"Sequencing","PTGER3"
"SC2_21.12",-0.186706609163463,21,"Sequencing","ENSG00000269933"
"SC2_21.13",0.306485146906586,21,"Sequencing","PTGFR"
"SC2_21.14",-0.153965304755837,21,"Sequencing","ST13P20"
"SC2_21.15",0.403107959109695,21,"Sequencing","SAMD13"
"SC2_21.16",0.442311671331283,21,"Sequencing","UOX"
"SC2_21.17",0.676616381932822,21,"Sequencing","ENSG00000280099"
"SC2_21.18",0.216782751823529,21,"Sequencing","PLPPR4"
"SC2_21.19",0.118914196827186,21,"Sequencing","C1orf194"
"SC2_21.20",-0.375108474988386,21,"Sequencing","SLC6A17"
"SC2_21.21",-0.0813237230849676,21,"Sequencing","ENSG00000224950"
"SC2_21.22",0.675588079067664,21,"Sequencing","ECM1"
"SC2_21.23",0.664134018716493,21,"Sequencing","S100A3"
"SC2_21.24",1.2455023559174,21,"Sequencing","FMO2"
"SC2_21.25",-0.16033130541697,21,"Sequencing","SLC9C2"
"SC2_21.26",0.653042745289773,21,"Sequencing","TNR"
"SC2_21.27",0.0332013039060634,21,"Sequencing","CACNA1E"
"SC2_21.28",0.546027583554322,21,"Sequencing","BRINP3"
"SC2_21.29",0.650647135453648,21,"Sequencing","LINC01351"
"SC2_21.30",0.272137139778456,21,"Sequencing","ENSG00000241505"
"SC2_21.31",0.352246438465022,21,"Sequencing","ATP2B4"
"SC2_21.32",0.714558366974905,21,"Sequencing","ENSG00000236846"
"SC2_21.33",-0.113537137958628,21,"Sequencing","LEFTY1"
"SC2_21.34",0.215882477686995,21,"Sequencing","MAP3K21"
"SC2_21.35",0.922420320006972,21,"Sequencing","CHRM3"
"SC2_21.36",0.0550067165436176,21,"Sequencing","PLD5"
"SC2_21.37",-0.878093047077731,21,"Sequencing","ENSG00000229727"
"SC2_21.38",0.073236176728539,21,"Sequencing","HPCAL1"
"SC2_21.39",0.96298816350748,21,"Sequencing","ENSG00000225649"
"SC2_21.40",-0.107511159343625,21,"Sequencing","POMC"
"SC2_21.41",0.062254861254162,21,"Sequencing","KCNK12"
"SC2_21.42",0.321444369312345,21,"Sequencing","SFXN5"
"SC2_21.43",0.311121020054557,21,"Sequencing","CD8B"
"SC2_21.44",0.386536266501939,21,"Sequencing","ANAPC1P1"
"SC2_21.45",0.496451298794315,21,"Sequencing","CYTOR"
"SC2_21.46",0.379792127533757,21,"Sequencing","IL1R1"
"SC2_21.47",-0.588189915807931,21,"Sequencing","LINC01123"
"SC2_21.48",0.857487207228398,21,"Sequencing","MIR4435-2HG"
"SC2_21.49",0.250147490795448,21,"Sequencing","SCTR"
"SC2_21.50",0.269093092093779,21,"Sequencing","ENSG00000228400"
"SC2_21.51",0.405704575683104,21,"Sequencing","LINC01854"
"SC2_21.52",-0.425031750502127,21,"Sequencing","CCDC74B"
"SC2_21.53",0.972610365924651,21,"Sequencing","SMIM39"
"SC2_21.54",-0.151414339693418,21,"Sequencing","CCDC74A"
"SC2_21.55",0.502504194040843,21,"Sequencing","LYPD1"
"SC2_21.56",0.131006079834944,21,"Sequencing","KCNJ3"
"SC2_21.57",0.257662965545002,21,"Sequencing","PLA2R1"
"SC2_21.58",0.378424012398362,21,"Sequencing","SCN1A"
"SC2_21.59",0.329312051098525,21,"Sequencing","C2orf88"
"SC2_21.60",0.622900577831931,21,"Sequencing","MSTN"
"SC2_21.61",0.340740241851812,21,"Sequencing","NYAP2"
"SC2_21.62",0.168338173396646,21,"Sequencing","ENSG00000273301"
"SC2_21.63",0.144323088676328,21,"Sequencing","ECEL1"
"SC2_21.64",0.0152102789623031,21,"Sequencing","RAMP1"
"SC2_21.65",0.431096205687096,21,"Sequencing","CNTN6"
"SC2_21.66",0.419535871779698,21,"Sequencing","GRM7"
"SC2_21.67",0.315617448733654,21,"Sequencing","IRAK2"
"SC2_21.68",0.1688612561586,21,"Sequencing","SYN2"
"SC2_21.69",0.158846939127931,21,"Sequencing","GRIP2"
"SC2_21.70",0.456028710932691,21,"Sequencing","ARPP21"
"SC2_21.71",0.315462204985241,21,"Sequencing","DCLK3"
"SC2_21.72",0.832505590535873,21,"Sequencing","CCK"
"SC2_21.73",-0.489155971635737,21,"Sequencing","IL17RB"
"SC2_21.74",0.677255922088313,21,"Sequencing","CACNA2D3"
"SC2_21.75",0.733289253823578,21,"Sequencing","DNAH12"
"SC2_21.76",-0.515090388283271,21,"Sequencing","CNTN3"
"SC2_21.77",0.358950674264071,21,"Sequencing","EPHA6"
"SC2_21.78",0.266385792937656,21,"Sequencing","ENSG00000261292"
"SC2_21.79",-0.254052567733124,21,"Sequencing","ENSG00000239482"
"SC2_21.80",0.609392547885197,21,"Sequencing","ENSG00000251012"
"SC2_21.81",0.920234862888692,21,"Sequencing","UPK1B"
"SC2_21.82",0.0404292102125901,21,"Sequencing","ADCY5"
"SC2_21.83",-0.180250907589667,21,"Sequencing","TRH"
"SC2_21.84",0.314026896386047,21,"Sequencing","COL6A4P2"
"SC2_21.85",0.544016124214263,21,"Sequencing","ZBTB38"
"SC2_21.86",0.60320633457935,21,"Sequencing","PCOLCE2"
"SC2_21.87",0.985608203730531,21,"Sequencing","CPB1"
"SC2_21.88",-0.0309066874377169,21,"Sequencing","IQCJ"
"SC2_21.89",1.14072985188566,21,"Sequencing","LINC01323"
"SC2_21.90",1.41993138040824,21,"Sequencing","LINC01324"
"SC2_21.91",0.592737586771682,21,"Sequencing","SLITRK3"
"SC2_21.92",0.411890587026311,21,"Sequencing","LINC01322"
"SC2_21.93",0.400485001967939,21,"Sequencing","BCL6"
"SC2_21.94",0.705878825376294,21,"Sequencing",NA
"SC2_21.95",0.291698249360218,21,"Sequencing","IL1RAP"
"SC2_21.96",1.03982323615696,21,"Sequencing","UTS2B"
"SC2_21.97",-0.643658795355943,21,"Sequencing","ZDHHC19"
"SC2_21.98",-0.210539740096092,21,"Sequencing","RPSAP69"
"SC2_21.99",0.174789438401318,21,"Sequencing","ENSG00000227189"
"SC2_21.100",0.0250903529154806,21,"Sequencing","ENSG00000284727"
"SC2_21.101",0.422894919171376,21,"Sequencing","MSX1"
"SC2_21.102",1.93263783144504,21,"Sequencing","GBA3"
"SC2_21.103",0.576891121902218,21,"Sequencing","CCKAR"
"SC2_21.104",0.74165993661488,21,"Sequencing","PCDH7"
"SC2_21.105",1.53521629000359,21,"Sequencing","LINC02513"
"SC2_21.106",0.44956221535031,21,"Sequencing","ENSG00000260878"
"SC2_21.107",0.601259798513734,21,"Sequencing","GABRA2"
"SC2_21.108",-0.609783175593159,21,"Sequencing","ENSG00000249330"
"SC2_21.109",0.388764345554944,21,"Sequencing","GABRB1"
"SC2_21.110",0.333839235636778,21,"Sequencing","ENSG00000260918"
"SC2_21.111",0.825748048685526,21,"Sequencing","ADAMTS3"
"SC2_21.112",0.125494871934001,21,"Sequencing","BTC"
"SC2_21.113",0.32261895417828,21,"Sequencing","FGF5"
"SC2_21.114",0.401927594737853,21,"Sequencing","SCD5"
"SC2_21.115",0.698134591489483,21,"Sequencing","NPNT"
"SC2_21.116",0.153337887619483,21,"Sequencing","CAMK2D"
"SC2_21.117",1.53907345728332,21,"Sequencing","PDE5A"
"SC2_21.118",0.751580110977913,21,"Sequencing","PCDH18"
"SC2_21.119",1.04564430458142,21,"Sequencing","ENSG00000250777"
"SC2_21.120",1.25695147877052,21,"Sequencing","FREM3"
"SC2_21.121",0.60441760203114,21,"Sequencing","TTC29"
"SC2_21.122",-0.628206623031891,21,"Sequencing",NA
"SC2_21.123",0.698573606099001,21,"Sequencing","GUCY1A1"
"SC2_21.124",0.773089249906263,21,"Sequencing","ENSG00000260244"
"SC2_21.125",0.812240198813314,21,"Sequencing","PDGFC"
"SC2_21.126",0.031885841156114,21,"Sequencing","FSTL5"
"SC2_21.127",1.05187763546504,21,"Sequencing","ENSG00000250027"
"SC2_21.128",0.645229976746938,21,"Sequencing","NPY1R"
"SC2_21.129",0.656782439299594,21,"Sequencing","NPY5R"
"SC2_21.130",0.441102602451052,21,"Sequencing","GALNTL6"
"SC2_21.131",0.413703682091125,21,"Sequencing","GLRA3"
"SC2_21.132",0.717237628706496,21,"Sequencing","ADAM29"
"SC2_21.133",0.864784652386132,21,"Sequencing","MTNR1A"
"SC2_21.134",1.37782226915956,21,"Sequencing","RANBP3L"
"SC2_21.135",0.554488644542194,21,"Sequencing","LIFR"
"SC2_21.136",0.344409227567557,21,"Sequencing","PTGER4"
"SC2_21.137",0.858616863972095,21,"Sequencing","GHR"
"SC2_21.138",0.353994207932211,21,"Sequencing","ESM1"
"SC2_21.139",0.792965793115264,21,"Sequencing","IL6ST"
"SC2_21.140",0.117795514509446,21,"Sequencing","RGS7BP"
"SC2_21.141",-0.393143464072595,21,"Sequencing","LINC02197"
"SC2_21.142",0.152942222404412,21,"Sequencing","SV2C"
"SC2_21.143",0.525034620565141,21,"Sequencing","MEF2C"
"SC2_21.144",0.643066183889856,21,"Sequencing","EGR1"
"SC2_21.145",0.726054534600634,21,"Sequencing","NR3C1"
"SC2_21.146",0.378385812260559,21,"Sequencing","GRIA1"
"SC2_21.147",0.623628486963208,21,"Sequencing","ENSG00000249738"
"SC2_21.148",0.969810264765004,21,"Sequencing","IL12B"
"SC2_21.149",1.0701939919904,21,"Sequencing","GABRB2"
"SC2_21.150",1.04655470286903,21,"Sequencing","GABRA1"
"SC2_21.151",0.604525560825809,21,"Sequencing","GABRG2"
"SC2_21.152",0.116578402706123,21,"Sequencing","F12"
"SC2_21.153",-0.23227069005574,21,"Sequencing","PRR7-AS1"
"SC2_21.154",-0.08458422669446,21,"Sequencing","TRIM7"
"SC2_21.155",0.456350197211671,21,"Sequencing","CD83"
"SC2_21.156",0.254998455881481,21,"Sequencing","RBM24"
"SC2_21.157",0.475887865536235,21,"Sequencing","RNF144B"
"SC2_21.158",0.936271601135911,21,"Sequencing","DCDC2"
"SC2_21.159",0.971693222284583,21,"Sequencing","SLC17A2"
"SC2_21.160",0.444797380762982,21,"Sequencing","BTN3A1"
"SC2_21.161",0.249684305543365,21,"Sequencing","RN7SL471P"
"SC2_21.162",-0.824716091197761,21,"Sequencing","TRIM31-AS1"
"SC2_21.163",-0.409405559180304,21,"Sequencing","HLA-DRB5"
"SC2_21.164",0.205516826910695,21,"Sequencing","TAP1"
"SC2_21.165",0.0568094311273815,21,"Sequencing","CLIC5"
"SC2_21.166",0.305283155866905,21,"Sequencing","RCAN2"
"SC2_21.167",0.730081800627675,21,"Sequencing","TENT5A"
"SC2_21.168",1.56114118273206,21,"Sequencing","TBX18"
"SC2_21.169",0.854758302000503,21,"Sequencing","GJA10"
"SC2_21.170",0.373305559079881,21,"Sequencing","FAM162B"
"SC2_21.171",0.684923190935167,21,"Sequencing","RFX6"
"SC2_21.172",0.567518364198213,21,"Sequencing","NKAIN2"
"SC2_21.173",-0.125425788838028,21,"Sequencing","ENSG00000237321"
"SC2_21.174",0.372389547632862,21,"Sequencing","MOXD1"
"SC2_21.175",0.0877207812989026,21,"Sequencing","MAP7"
"SC2_21.176",-0.0237071226986734,21,"Sequencing","STXBP5-AS1"
"SC2_21.177",0.754758328617332,21,"Sequencing","MYCT1"
"SC2_21.178",0.682552036532304,21,"Sequencing","ENSG00000232529"
"SC2_21.179",0.152100200091584,21,"Sequencing","LPA"
"SC2_21.180",0.299611854284516,21,"Sequencing","LINC02538"
"SC2_21.181",-0.298461521565597,21,"Sequencing","ENSG00000235994"
"SC2_21.182",0.710228383844412,21,"Sequencing","KIF25"
"SC2_21.183",0.961197439646348,21,"Sequencing","ENSG00000234647"
"SC2_21.184",0.686364848167433,21,"Sequencing","SMOC2"
"SC2_21.185",0.581363472752521,21,"Sequencing","NXPH1"
"SC2_21.186",0.271752161233633,21,"Sequencing","GALNT17"
"SC2_21.187",0.238840865926955,21,"Sequencing","CALN1"
"SC2_21.188",0.708495323869782,21,"Sequencing","CD36"
"SC2_21.189",1.00086741082269,21,"Sequencing","GRM3"
"SC2_21.190",0.615808102163376,21,"Sequencing","TAC1"
"SC2_21.191",0.294183448967534,21,"Sequencing","AZGP1"
"SC2_21.192",-0.0191802798555748,21,"Sequencing","VGF"
"SC2_21.193",0.654501774382158,21,"Sequencing","LHFPL3"
"SC2_21.194",0.515500322835691,21,"Sequencing","TMEM229A"
"SC2_21.195",0.974171212541896,21,"Sequencing","ENSG00000279419"
"SC2_21.196",0.395716963432534,21,"Sequencing","CHRM2"
"SC2_21.197",0.312515705961211,21,"Sequencing","CRLF2"
"SC2_21.198",0.118829337534198,21,"Sequencing","ADGRG2"
"SC2_21.199",0.356570433658604,21,"Sequencing","MAP7D2"
"SC2_21.200",1.3166810647303,21,"Sequencing","ENSG00000283400"
"SC2_21.201",0.175839655079799,21,"Sequencing","PTCHD1"
"SC2_21.202",0.343541878561361,21,"Sequencing","IL1RAPL1"
"SC2_21.203",0.623765295328344,21,"Sequencing","DMD"
"SC2_21.204",0.20536327224116,21,"Sequencing","ERAS"
"SC2_21.205",1.90964602315439,21,"Sequencing","MAGED4"
"SC2_21.206",0.673325378500433,21,"Sequencing","PCDH11X"
"SC2_21.207",0.096347157560835,21,"Sequencing","TCEAL6"
"SC2_21.208",0.624591271842211,21,"Sequencing","RNF128"
"SC2_21.209",1.00108446517415,21,"Sequencing","SERTM2"
"SC2_21.210",0.747169924557229,21,"Sequencing","TRPC5"
"SC2_21.211",0.36550044010032,21,"Sequencing","IL13RA1"
"SC2_21.212",-0.0230302519546085,21,"Sequencing","SMIM10L2A"
"SC2_21.213",0.596862334112175,21,"Sequencing","ARHGEF6"
"SC2_21.214",0.493952504323638,21,"Sequencing","FGF13"
"SC2_21.215",1.16168197547634,21,"Sequencing","MCF2"
"SC2_21.216",0.175619446095368,21,"Sequencing","SLITRK2"
"SC2_21.217",0.761014768027958,21,"Sequencing","GPR50"
"SC2_21.218",-0.285003991279318,21,"Sequencing","ENSG00000269993"
"SC2_21.219",0.289298419569124,21,"Sequencing","CSMD1"
"SC2_21.220",-0.208731133476855,21,"Sequencing","ENSG00000284613"
"SC2_21.221",1.02940843277477,21,"Sequencing","LPL"
"SC2_21.222",-0.206960059960961,21,"Sequencing","LGI3"
"SC2_21.223",0.73874925739831,21,"Sequencing","STC1"
"SC2_21.224",-0.373089954504031,21,"Sequencing","ADAM28"
"SC2_21.225",1.05017624938466,21,"Sequencing","ENSG00000253888"
"SC2_21.226",0.0361439669384168,21,"Sequencing","ENSG00000279099"
"SC2_21.227",-0.365500583160357,21,"Sequencing","ENSG00000253746"
"SC2_21.228",0.556624383384057,21,"Sequencing","CHRNA6"
"SC2_21.229",0.470916879043823,21,"Sequencing","OPRK1"
"SC2_21.230",0.337628636582226,21,"Sequencing","ENSG00000254254"
"SC2_21.231",0.250338764178378,21,"Sequencing","TTPA"
"SC2_21.232",0.529938513603049,21,"Sequencing","SBSPON"
"SC2_21.233",0.879866766948664,21,"Sequencing","PI15"
"SC2_21.234",0.631772172129921,21,"Sequencing","IL7"
"SC2_21.235",1.20250473643749,21,"Sequencing","MATN2"
"SC2_21.236",0.233611652088883,21,"Sequencing","SPAG1"
"SC2_21.237",0.987268078365889,21,"Sequencing","ANGPT1"
"SC2_21.238",0.695749774083035,21,"Sequencing","RSPO2"
"SC2_21.239",2.19007709326091,21,"Sequencing","TRHR"
"SC2_21.240",0.794583444343524,21,"Sequencing","SNTB1"
"SC2_21.241",0.0179047629593705,21,"Sequencing","ENSG00000244791"
"SC2_21.242",0.284959240663821,21,"Sequencing","ADCY8"
"SC2_21.243",-0.540816649505724,21,"Sequencing","ENSG00000253259"
"SC2_21.244",0.0582479326239806,21,"Sequencing","ENSG00000253507"
"SC2_21.245",0.17329347128504,21,"Sequencing","KCNK9"
"SC2_21.246",0.419933176881994,21,"Sequencing","LY6H"
"SC2_21.247",0.301023029000834,21,"Sequencing","CD274"
"SC2_21.248",0.120073563969205,21,"Sequencing","ENSG00000226197"
"SC2_21.249",0.809706738199784,21,"Sequencing","ENSG00000225472"
"SC2_21.250",-0.0286109978251031,21,"Sequencing","BNC2"
"SC2_21.251",0.302069360254138,21,"Sequencing","SLC24A2"
"SC2_21.252",0.511729560358318,21,"Sequencing","ENSG00000260390"
"SC2_21.253",0.218584918522305,21,"Sequencing","ENSG00000260412"
"SC2_21.254",0.425117865740308,21,"Sequencing","LINGO2"
"SC2_21.255",0.801353146111892,21,"Sequencing","AQP3"
"SC2_21.256",0.295667436958986,21,"Sequencing","FAM189A2"
"SC2_21.257",0.251334401964306,21,"Sequencing","NTRK2"
"SC2_21.258",0.100408722200316,21,"Sequencing","FGD3"
"SC2_21.259",1.06865085372051,21,"Sequencing","FBP1"
"SC2_21.260",-0.651100998285868,21,"Sequencing","GAS2L1P2"
"SC2_21.261",0.398268054098036,21,"Sequencing","GRIN3A"
"SC2_21.262",-0.39705086054004,21,"Sequencing","PPP3R2"
"SC2_21.263",0.222844889030315,21,"Sequencing","LINC01505"
"SC2_21.264",0.174979465379227,21,"Sequencing","BRINP1"
"SC2_21.265",0.529643465267286,21,"Sequencing","GPR21"
"SC2_21.266",-0.204777405281629,21,"Sequencing","MIR181A2HG"
"SC2_21.267",0.699948212195925,21,"Sequencing","IER5L"
"SC2_21.268",0.367349786624942,21,"Sequencing","C9orf50"
"SC2_21.269",0.0818135701122941,21,"Sequencing","NACC2"
"SC2_21.270",-0.401006335925662,21,"Sequencing","GRIN1"
"SC2_21.271",-0.141412724090936,21,"Sequencing","TH"
"SC2_21.272",1.06370804494138,21,"Sequencing","SPON1"
"SC2_21.273",0.147908708657192,21,"Sequencing","NCR3LG1"
"SC2_21.274",0.10764540685325,21,"Sequencing","ENSG00000270607"
"SC2_21.275",0.591118839539114,21,"Sequencing","ENSG00000279675"
"SC2_21.276",0.574007513515349,21,"Sequencing","LRRC4C"
"SC2_21.277",0.249267598486054,21,"Sequencing","LINC02740"
"SC2_21.278",0.798320444849993,21,"Sequencing","MS4A7"
"SC2_21.279",-0.911886800827432,21,"Sequencing","MS4A14"
"SC2_21.280",0.62852001561206,21,"Sequencing","MS4A1"
"SC2_21.281",0.827593780106227,21,"Sequencing","MIR6746"
"SC2_21.282",0.0662161310638961,21,"Sequencing","KCNK4"
"SC2_21.283",0.00465690624121325,21,"Sequencing","ENSG00000257069"
"SC2_21.284",-0.509973630456164,21,"Sequencing","CATSPERZ"
"SC2_21.285",-0.472307865660347,21,"Sequencing","SHANK2-AS1"
"SC2_21.286",0.0125528883756429,21,"Sequencing","ARHGEF17"
"SC2_21.287",0.245397299857257,21,"Sequencing","GRM5"
"SC2_21.288",0.840778349447606,21,"Sequencing","MMP10"
"SC2_21.289",1.01103743487176,21,"Sequencing","MMP1"
"SC2_21.290",0.611717422264342,21,"Sequencing","PDGFD"
"SC2_21.291",0.0697295762274716,21,"Sequencing","C11orf87"
"SC2_21.292",0.171440387457111,21,"Sequencing","ARHGAP20"
"SC2_21.293",0.0515216506742615,21,"Sequencing","LAYN"
"SC2_21.294",0.148476442319595,21,"Sequencing","SCN2B"
"SC2_21.295",-0.0577599253123805,21,"Sequencing","ABCG4"
"SC2_21.296",0.800207557971165,21,"Sequencing","TRIM29"
"SC2_21.297",0.63934988888241,21,"Sequencing","MIR100HG"
"SC2_21.298",1.04757007958497,21,"Sequencing","MIR125B1"
"SC2_21.299",1.00624830227499,21,"Sequencing","ENSG00000238117"
"SC2_21.300",1.53615973657549,21,"Sequencing","LINC02714"
"SC2_21.301",0.00745160700724528,21,"Sequencing","LINC00707"
"SC2_21.302",0.380561663181948,21,"Sequencing","SFMBT2"
"SC2_21.303",1.99504699305118,21,"Sequencing","ARMC3"
"SC2_21.304",0.258839191021018,21,"Sequencing","MKX"
"SC2_21.305",0.528868830426255,21,"Sequencing","FZD8"
"SC2_21.306",0.49318632868862,21,"Sequencing","MIR4683"
"SC2_21.307",1.16488341385778,21,"Sequencing","ANXA8L1"
"SC2_21.308",0.574683521853176,21,"Sequencing","LRRTM3"
"SC2_21.309",0.609839864013452,21,"Sequencing","TLL2"
"SC2_21.310",0.299747758158878,21,"Sequencing","SORCS1"
"SC2_21.311",0.421586944125815,21,"Sequencing","CHST15"
"SC2_21.312",0.213624226110941,21,"Sequencing","PTPRE"
"SC2_21.313",0.223850047284628,21,"Sequencing","JAKMIP3"
"SC2_21.314",0.88544536244303,21,"Sequencing","ENSG00000249695"
"SC2_21.315",0.264641663677372,21,"Sequencing","GRIN2B"
"SC2_21.316",0.57504842030887,21,"Sequencing","RERG"
"SC2_21.317",0.905788831359256,21,"Sequencing","PTHLH"
"SC2_21.318",0.558155634582814,21,"Sequencing","PDZRN4"
"SC2_21.319",0.530099162640813,21,"Sequencing","TMEM117"
"SC2_21.320",0.36184853198314,21,"Sequencing","ENSG00000258101"
"SC2_21.321",0.134313193313818,21,"Sequencing","KRT18"
"SC2_21.322",0.740455071268931,21,"Sequencing","TAFA2"
"SC2_21.323",1.48305952560493,21,"Sequencing","LINC02458"
"SC2_21.324",0.0626037977469483,21,"Sequencing","NTN4"
"SC2_21.325",1.20311246163003,21,"Sequencing","SLC17A8"
"SC2_21.326",-0.512640741963279,21,"Sequencing","ENSG00000257548"
"SC2_21.327",0.814357609230668,21,"Sequencing","TMEM233"
"SC2_21.328",0.0191876273178121,21,"Sequencing","MIR1178"
"SC2_21.329",-0.400328784505184,21,"Sequencing","ENSG00000280381"
"SC2_21.330",-0.112636499603419,21,"Sequencing","TMEM132D"
"SC2_21.331",1.06623496332609,21,"Sequencing","LINC02340"
"SC2_21.332",0.712469991496296,21,"Sequencing","FLT3"
"SC2_21.333",0.786290506963165,21,"Sequencing","STOML3"
"SC2_21.334",0.970243429044507,21,"Sequencing","KCTD4"
"SC2_21.335",-0.138234110680963,21,"Sequencing","ENSG00000278727"
"SC2_21.336",0.747133384254099,21,"Sequencing","SLITRK6"
"SC2_21.337",0.417767530367979,21,"Sequencing","ENSG00000232636"
"SC2_21.338",0.452511511054382,21,"Sequencing","MIR4500HG"
"SC2_21.339",0.200402067362903,21,"Sequencing","COL4A2"
"SC2_21.340",0.0809353313094099,21,"Sequencing","NPAS3"
"SC2_21.341",0.012058075037441,21,"Sequencing","ENSG00000258636"
"SC2_21.342",0.508060060730281,21,"Sequencing","LRFN5"
"SC2_21.343",0.463589530716062,21,"Sequencing","MDGA2"
"SC2_21.344",0.372285258502612,21,"Sequencing","PTGER2"
"SC2_21.345",0.331256987514303,21,"Sequencing","LGALS3"
"SC2_21.346",0.431472327195832,21,"Sequencing","SYT16"
"SC2_21.347",0.544092976015696,21,"Sequencing","KCNH5"
"SC2_21.348",0.0778194105123531,21,"Sequencing","TMEM229B"
"SC2_21.349",-0.0950383225429117,21,"Sequencing","ENSG00000258422"
"SC2_21.350",0.17453732069068,21,"Sequencing","FOS"
"SC2_21.351",0.409706031688617,21,"Sequencing","NRXN3"
"SC2_21.352",0.178248424829122,21,"Sequencing","ENSG00000258419"
"SC2_21.353",0.706807097789028,21,"Sequencing","TSHR"
"SC2_21.354",0.488175855453068,21,"Sequencing","MEG8"
"SC2_21.355",0.146122472883884,21,"Sequencing","DIO3"
"SC2_21.356",0.527253028809043,21,"Sequencing","ENSG00000260780"
"SC2_21.357",-0.219892406536769,21,"Sequencing","SNORD116-18"
"SC2_21.358",-0.156551399850335,21,"Sequencing","SNORD115-1"
"SC2_21.359",0.356808905131483,21,"Sequencing","SNORD115-46"
"SC2_21.360",0.406105071631755,21,"Sequencing","GABRA5"
"SC2_21.361",0.750348483349886,21,"Sequencing","GJD2"
"SC2_21.362",0.0591669582198994,21,"Sequencing","MEIS2"
"SC2_21.363",0.619392192314639,21,"Sequencing","ENSG00000276121"
"SC2_21.364",1.25935899167524,21,"Sequencing","FGF7"
"SC2_21.365",0.310158125780533,21,"Sequencing","LYSMD2"
"SC2_21.366",1.48846614315442,21,"Sequencing","THSD4"
"SC2_21.367",0.00992522915179396,21,"Sequencing","ENSG00000275120"
"SC2_21.368",0.045527487004039,21,"Sequencing","ENSG00000276278"
"SC2_21.369",-0.224088507718626,21,"Sequencing","PLIN1"
"SC2_21.370",0.528038607887269,21,"Sequencing","ENSG00000260337"
"SC2_21.371",0.831887474391829,21,"Sequencing","FAM169B"
"SC2_21.372",0.258762114877936,21,"Sequencing","ADAMTS17"
"SC2_21.373",0.0293629111296059,21,"Sequencing","TNFRSF12A"
"SC2_21.374",0.319401242108141,21,"Sequencing","ENSG00000262668"
"SC2_21.375",0.456357234012681,21,"Sequencing","GRIN2A"
"SC2_21.376",0.463545707722483,21,"Sequencing","SOCS1"
"SC2_21.377",-0.628520844296052,21,"Sequencing","ENSG00000262801"
"SC2_21.378",0.761390167401648,21,"Sequencing","ENSG00000262267"
"SC2_21.379",0.390508259227826,21,"Sequencing","TMC5"
"SC2_21.380",0.178918811285939,21,"Sequencing","RNU4-46P"
"SC2_21.381",0.0906215381899421,21,"Sequencing","HS3ST4"
"SC2_21.382",0.0461288391269021,21,"Sequencing","ENSG00000283662"
"SC2_21.383",0.247817994815802,21,"Sequencing","LPCAT2"
"SC2_21.384",-0.0371771372872435,21,"Sequencing","MT3"
"SC2_21.385",0.796192445927042,21,"Sequencing","CDH8"
"SC2_21.386",-0.0136715619215766,21,"Sequencing","ENSG00000260600"
"SC2_21.387",0.870006425340407,21,"Sequencing","ENSG00000231589"
"SC2_21.388",-0.234413280451541,21,"Sequencing","HSF4"
"SC2_21.389",-0.617898172853694,21,"Sequencing","ENSG00000262691"
"SC2_21.390",-0.0949250439013266,21,"Sequencing","ENSG00000260577"
"SC2_21.391",0.199359832086377,21,"Sequencing","HAS3"
"SC2_21.392",1.23091993202072,21,"Sequencing","HPR"
"SC2_21.393",0.385608483638738,21,"Sequencing","ENSG00000277954"
"SC2_21.394",0.441587833342267,21,"Sequencing","ENSG00000261722"
"SC2_21.395",0.481585188566046,21,"Sequencing","MAF"
"SC2_21.396",0.778240288177452,21,"Sequencing","ENSG00000277214"
"SC2_21.397",0.213514868364045,21,"Sequencing","ENSG00000278058"
"SC2_21.398",-0.555696180592002,21,"Sequencing","HSD17B2"
"SC2_21.399",-0.0160368039772003,21,"Sequencing","ATP2C2"
"SC2_21.400",0.215847498747385,21,"Sequencing","ENSG00000260279"
"SC2_21.401",0.119848800753624,21,"Sequencing","SERPINF2"
"SC2_21.402",-0.655406170796158,21,"Sequencing","GUCY2D"
"SC2_21.403",0.0143652771721845,21,"Sequencing","ENSG00000279174"
"SC2_21.404",1.03720805046652,21,"Sequencing","LINC00670"
"SC2_21.405",0.178375596682705,21,"Sequencing","ASIC2"
"SC2_21.406",-0.224276950561532,21,"Sequencing","PLXDC1"
"SC2_21.407",-0.00498915047808777,21,"Sequencing","HAP1"
"SC2_21.408",0.568255374686103,21,"Sequencing","ENSG00000276851"
"SC2_21.409",0.336658586325902,21,"Sequencing","CA10"
"SC2_21.410",1.18810012928528,21,"Sequencing","NOG"
"SC2_21.411",0.111601713586531,21,"Sequencing","TRIM25"
"SC2_21.412",0.492434176689942,21,"Sequencing","PRKCA"
"SC2_21.413",1.03675376409974,21,"Sequencing","KCNJ2-AS1"
"SC2_21.414",0.886994218877673,21,"Sequencing","KCNJ2"
"SC2_21.415",-0.737807524797884,21,"Sequencing","ENSG00000276863"
"SC2_21.416",-0.903639435565605,21,"Sequencing","ENSG00000263606"
"SC2_21.417",-0.0468260298059601,21,"Sequencing","LDLRAD4"
"SC2_21.418",-0.0914920046480859,21,"Sequencing","RN7SL362P"
"SC2_21.419",1.04855438717922,21,"Sequencing","CHST9"
"SC2_21.420",0.34653438318596,21,"Sequencing","GAREM1"
"SC2_21.421",1.00505253834609,21,"Sequencing","RIT2"
"SC2_21.422",0.308303714965462,21,"Sequencing","PSTPIP2"
"SC2_21.423",0.601082343157227,21,"Sequencing","RAB27B"
"SC2_21.424",0.480235705835178,21,"Sequencing","SERPINB2"
"SC2_21.425",0.336942703373469,21,"Sequencing","SERPINB10"
"SC2_21.426",1.87982796958678,21,"Sequencing","LINC00305"
"SC2_21.427",0.817285553976532,21,"Sequencing","CDH7"
"SC2_21.428",0.470252835673241,21,"Sequencing","ENSG00000263720"
"SC2_21.429",0.109438603383476,21,"Sequencing","CBLN2"
"SC2_21.430",0.435908847370256,21,"Sequencing","LINC01896"
"SC2_21.431",0.180543180355032,21,"Sequencing","SALL3"
"SC2_21.432",1.11819713625626,21,"Sequencing","PDYN"
"SC2_21.433",0.00925540867155723,21,"Sequencing","TGM3"
"SC2_21.434",-0.422062685119742,21,"Sequencing","EBF4"
"SC2_21.435",0.438513697126363,21,"Sequencing","SLC24A3"
"SC2_21.436",-0.499796797577607,21,"Sequencing","ANKRD20A21P"
"SC2_21.437",0.681547956665654,21,"Sequencing","MAFB"
"SC2_21.438",0.520624611839289,21,"Sequencing","PTPRT"
"SC2_21.439",0.673390639854269,21,"Sequencing","ENSG00000233508"
"SC2_21.440",0.886178936297727,21,"Sequencing","SYCP2"
"SC2_21.441",0.232037374476612,21,"Sequencing","CDH4"
"SC2_21.442",0.0965445796239718,21,"Sequencing","MIR1-1HG-AS1"
"SC2_21.443",0.150289876845524,21,"Sequencing","THEG"
"SC2_21.444",0.415298321425948,21,"Sequencing","SBNO2"
"SC2_21.445",-0.139108987774233,21,"Sequencing","ZNF556"
"SC2_21.446",0.602571922161201,21,"Sequencing","FUT3"
"SC2_21.447",0.427556751036531,21,"Sequencing","JUNB"
"SC2_21.448",0.694681908566401,21,"Sequencing","NANOS3"
"SC2_21.449",0.320621996925538,21,"Sequencing","IL27RA"
"SC2_21.450",0.116164097150394,21,"Sequencing","WTIP"
"SC2_21.451",0.973241536900542,21,"Sequencing","CYP2A13"
"SC2_21.452",0.217625079577003,21,"Sequencing","BCL3"
"SC2_21.453",-0.763955336678788,21,"Sequencing","GFY"
"SC2_21.454",0.0408249517507017,21,"Sequencing","HAS1"
"SC2_21.455",0.0377740977190549,21,"Sequencing","MIR935"
"SC2_21.456",0.767339555077983,21,"Sequencing","LINC01864"
"SC2_21.457",1.68452709450673,21,"Sequencing","ZSCAN4"
"SC2_21.458",0.995702154064154,21,"Sequencing","LINC01638"
"SC2_21.459",0.32047571647294,21,"Sequencing","C22orf42"
"SC2_21.460",-0.0565659565936396,21,"Sequencing","CACNA1I"
"SC2_21.461",0.86589721137835,21,"Sequencing","NFAM1"
"SC2_21.462",1.06804684907426,21,"Sequencing","ENSG00000230107"
"SC2_21.463",0.248707282160701,21,"Sequencing","SHISAL1"
"SC2_21.464",0.379241963808282,21,"Sequencing","NCAM2"
"SC2_21.465",0.729953997824337,21,"Sequencing","ADAMTS1"
"SC2_21.466",0.47923164844173,21,"Sequencing","RUNX1"
"SC2_21.467",0.468510506588413,21,"Sequencing","PCP4"
"SC2_21.468",-0.146141879072364,21,"Sequencing","COL18A1"
"SC3_21",0.079069395414703,21,"Sequencing","CHD5"
"SC3_21.1",0.418192582951553,21,"Sequencing","UTS2"
"SC3_21.2",0.932191747516332,21,"Sequencing","TNFRSF9"
"SC3_21.3",0.422408650316314,21,"Sequencing","FBXO6"
"SC3_21.4",-0.256165006904455,21,"Sequencing","NBL1"
"SC3_21.5",-0.31863512894707,21,"Sequencing","WNT4"
"SC3_21.6",0.115667378068552,21,"Sequencing","IFNLR1"
"SC3_21.7",0.238814004527422,21,"Sequencing","CSMD2"
"SC3_21.8",0.0986482947241449,21,"Sequencing","HPCAL4"
"SC3_21.9",0.253072215851401,21,"Sequencing","FAAH"
"SC3_21.10",2.07999778796658,21,"Sequencing","SLC25A3P1"
"SC3_21.11",1.19105162854981,21,"Sequencing","PTGER3"
"SC3_21.12",1.23733028933437,21,"Sequencing","ENSG00000269933"
"SC3_21.13",0.155416016673384,21,"Sequencing","PTGFR"
"SC3_21.14",0.127246641001664,21,"Sequencing","ST13P20"
"SC3_21.15",0.261514045528256,21,"Sequencing","SAMD13"
"SC3_21.16",1.38333234924772,21,"Sequencing","UOX"
"SC3_21.17",0.91411971795524,21,"Sequencing","ENSG00000280099"
"SC3_21.18",0.182111095399292,21,"Sequencing","PLPPR4"
"SC3_21.19",0.0197561141871493,21,"Sequencing","C1orf194"
"SC3_21.20",-0.19537327034711,21,"Sequencing","SLC6A17"
"SC3_21.21",-0.230560433569983,21,"Sequencing","ENSG00000224950"
"SC3_21.22",1.25002098049827,21,"Sequencing","ECM1"
"SC3_21.23",1.58816478117929,21,"Sequencing","S100A3"
"SC3_21.24",1.75115969042492,21,"Sequencing","FMO2"
"SC3_21.25",-1.14845754482488,21,"Sequencing","SLC9C2"
"SC3_21.26",0.523700164662934,21,"Sequencing","TNR"
"SC3_21.27",0.172718556268457,21,"Sequencing","CACNA1E"
"SC3_21.28",0.605146064114115,21,"Sequencing","BRINP3"
"SC3_21.29",0.320408472920471,21,"Sequencing","LINC01351"
"SC3_21.30",0.590943598267633,21,"Sequencing","ENSG00000241505"
"SC3_21.31",0.316922273015353,21,"Sequencing","ATP2B4"
"SC3_21.32",0.97040697486489,21,"Sequencing","ENSG00000236846"
"SC3_21.33",-0.436082317587231,21,"Sequencing","LEFTY1"
"SC3_21.34",0.208645408721459,21,"Sequencing","MAP3K21"
"SC3_21.35",1.09697400445306,21,"Sequencing","CHRM3"
"SC3_21.36",0.682285382052568,21,"Sequencing","PLD5"
"SC3_21.37",-0.517616551094795,21,"Sequencing","ENSG00000229727"
"SC3_21.38",0.381651487247494,21,"Sequencing","HPCAL1"
"SC3_21.39",0.517506897367669,21,"Sequencing","ENSG00000225649"
"SC3_21.40",1.1489126684873,21,"Sequencing","POMC"
"SC3_21.41",-0.0776118250323777,21,"Sequencing","KCNK12"
"SC3_21.42",0.632160283235075,21,"Sequencing","SFXN5"
"SC3_21.43",0.342005740639972,21,"Sequencing","CD8B"
"SC3_21.44",0.613336660780557,21,"Sequencing","ANAPC1P1"
"SC3_21.45",0.86231486988548,21,"Sequencing","CYTOR"
"SC3_21.46",0.527302185989792,21,"Sequencing","IL1R1"
"SC3_21.47",0.536185311549425,21,"Sequencing","LINC01123"
"SC3_21.48",0.954560815622811,21,"Sequencing","MIR4435-2HG"
"SC3_21.49",0.670067909885692,21,"Sequencing","SCTR"
"SC3_21.50",0.556799371170332,21,"Sequencing","ENSG00000228400"
"SC3_21.51",0.752353653911462,21,"Sequencing","LINC01854"
"SC3_21.52",-0.216689568058408,21,"Sequencing","CCDC74B"
"SC3_21.53",-0.193166277859367,21,"Sequencing","SMIM39"
"SC3_21.54",-0.0511899242890953,21,"Sequencing","CCDC74A"
"SC3_21.55",0.475449142994466,21,"Sequencing","LYPD1"
"SC3_21.56",0.5253419056609,21,"Sequencing","KCNJ3"
"SC3_21.57",-0.0144204140964792,21,"Sequencing","PLA2R1"
"SC3_21.58",0.174095854248315,21,"Sequencing","SCN1A"
"SC3_21.59",0.655515174780423,21,"Sequencing","C2orf88"
"SC3_21.60",1.11469447080604,21,"Sequencing","MSTN"
"SC3_21.61",0.460615663954814,21,"Sequencing","NYAP2"
"SC3_21.62",-0.101010113475127,21,"Sequencing","ENSG00000273301"
"SC3_21.63",0.341436723501809,21,"Sequencing","ECEL1"
"SC3_21.64",0.248676057265359,21,"Sequencing","RAMP1"
"SC3_21.65",0.443477511125558,21,"Sequencing","CNTN6"
"SC3_21.66",0.426707880207641,21,"Sequencing","GRM7"
"SC3_21.67",0.453219182821352,21,"Sequencing","IRAK2"
"SC3_21.68",0.424731081972141,21,"Sequencing","SYN2"
"SC3_21.69",0.243649711362203,21,"Sequencing","GRIP2"
"SC3_21.70",-0.118081132655043,21,"Sequencing","ARPP21"
"SC3_21.71",0.134394953038393,21,"Sequencing","DCLK3"
"SC3_21.72",1.29185164077029,21,"Sequencing","CCK"
"SC3_21.73",-0.0263727254352093,21,"Sequencing","IL17RB"
"SC3_21.74",0.437371156018731,21,"Sequencing","CACNA2D3"
"SC3_21.75",0.812101437834097,21,"Sequencing","DNAH12"
"SC3_21.76",0.697076364360538,21,"Sequencing","CNTN3"
"SC3_21.77",0.4070714335392,21,"Sequencing","EPHA6"
"SC3_21.78",0.488497467857162,21,"Sequencing","ENSG00000261292"
"SC3_21.79",-0.403171714984566,21,"Sequencing","ENSG00000239482"
"SC3_21.80",1.46353334956983,21,"Sequencing","ENSG00000251012"
"SC3_21.81",1.05861103755899,21,"Sequencing","UPK1B"
"SC3_21.82",0.0703140823164058,21,"Sequencing","ADCY5"
"SC3_21.83",-0.312550501285543,21,"Sequencing","TRH"
"SC3_21.84",-0.00922199138796444,21,"Sequencing","COL6A4P2"
"SC3_21.85",0.570481949585668,21,"Sequencing","ZBTB38"
"SC3_21.86",0.73687054472414,21,"Sequencing","PCOLCE2"
"SC3_21.87",0.383281808984624,21,"Sequencing","CPB1"
"SC3_21.88",0.42987311004698,21,"Sequencing","IQCJ"
"SC3_21.89",1.22405953733203,21,"Sequencing","LINC01323"
"SC3_21.90",0.259380916091068,21,"Sequencing","LINC01324"
"SC3_21.91",0.61801535668653,21,"Sequencing","SLITRK3"
"SC3_21.92",0.687037158557682,21,"Sequencing","LINC01322"
"SC3_21.93",0.448724327483625,21,"Sequencing","BCL6"
"SC3_21.94",0.339215750122111,21,"Sequencing",NA
"SC3_21.95",0.472259130713509,21,"Sequencing","IL1RAP"
"SC3_21.96",1.06376801971443,21,"Sequencing","UTS2B"
"SC3_21.97",0.291563845385125,21,"Sequencing","ZDHHC19"
"SC3_21.98",0.673418212578508,21,"Sequencing","RPSAP69"
"SC3_21.99",-0.625953262874119,21,"Sequencing","ENSG00000227189"
"SC3_21.100",-0.434728286864836,21,"Sequencing","ENSG00000284727"
"SC3_21.101",0.424143667179518,21,"Sequencing","MSX1"
"SC3_21.102",0.789365109393711,21,"Sequencing","GBA3"
"SC3_21.103",-0.0809710812894058,21,"Sequencing","CCKAR"
"SC3_21.104",0.818011766563129,21,"Sequencing","PCDH7"
"SC3_21.105",2.10406249985945,21,"Sequencing","LINC02513"
"SC3_21.106",0.551101197194332,21,"Sequencing","ENSG00000260878"
"SC3_21.107",0.472289742953077,21,"Sequencing","GABRA2"
"SC3_21.108",-0.0913257810955759,21,"Sequencing","ENSG00000249330"
"SC3_21.109",0.333882017524039,21,"Sequencing","GABRB1"
"SC3_21.110",0.3986938656867,21,"Sequencing","ENSG00000260918"
"SC3_21.111",0.61322908093455,21,"Sequencing","ADAMTS3"
"SC3_21.112",0.0805622042583836,21,"Sequencing","BTC"
"SC3_21.113",1.05592590885893,21,"Sequencing","FGF5"
"SC3_21.114",0.239958498291569,21,"Sequencing","SCD5"
"SC3_21.115",0.289660894634717,21,"Sequencing","NPNT"
"SC3_21.116",0.356644011217472,21,"Sequencing","CAMK2D"
"SC3_21.117",1.31092923396355,21,"Sequencing","PDE5A"
"SC3_21.118",0.907160636864964,21,"Sequencing","PCDH18"
"SC3_21.119",2.17698180790972,21,"Sequencing","ENSG00000250777"
"SC3_21.120",1.16985637965801,21,"Sequencing","FREM3"
"SC3_21.121",-0.104843267913896,21,"Sequencing","TTC29"
"SC3_21.122",0.850610419459933,21,"Sequencing",NA
"SC3_21.123",0.825629655278857,21,"Sequencing","GUCY1A1"
"SC3_21.124",0.618972487809465,21,"Sequencing","ENSG00000260244"
"SC3_21.125",0.323042127620428,21,"Sequencing","PDGFC"
"SC3_21.126",0.0501115905784043,21,"Sequencing","FSTL5"
"SC3_21.127",0.763411308336419,21,"Sequencing","ENSG00000250027"
"SC3_21.128",0.254654215534028,21,"Sequencing","NPY1R"
"SC3_21.129",0.318922755027264,21,"Sequencing","NPY5R"
"SC3_21.130",0.482086607416988,21,"Sequencing","GALNTL6"
"SC3_21.131",0.248049422421214,21,"Sequencing","GLRA3"
"SC3_21.132",0.453331734084064,21,"Sequencing","ADAM29"
"SC3_21.133",1.73030519453298,21,"Sequencing","MTNR1A"
"SC3_21.134",0.40443824454779,21,"Sequencing","RANBP3L"
"SC3_21.135",0.609323941196464,21,"Sequencing","LIFR"
"SC3_21.136",-0.117060447027212,21,"Sequencing","PTGER4"
"SC3_21.137",1.32345212505988,21,"Sequencing","GHR"
"SC3_21.138",0.263697979393496,21,"Sequencing","ESM1"
"SC3_21.139",0.544858482421505,21,"Sequencing","IL6ST"
"SC3_21.140",0.0962983721859647,21,"Sequencing","RGS7BP"
"SC3_21.141",0.542729335792113,21,"Sequencing","LINC02197"
"SC3_21.142",0.461656541339996,21,"Sequencing","SV2C"
"SC3_21.143",0.384468504449511,21,"Sequencing","MEF2C"
"SC3_21.144",1.87798546821845,21,"Sequencing","EGR1"
"SC3_21.145",0.247798685477446,21,"Sequencing","NR3C1"
"SC3_21.146",0.359095118662868,21,"Sequencing","GRIA1"
"SC3_21.147",0.525989600598905,21,"Sequencing","ENSG00000249738"
"SC3_21.148",0.863729973221832,21,"Sequencing","IL12B"
"SC3_21.149",0.711433156385839,21,"Sequencing","GABRB2"
"SC3_21.150",1.06771634137287,21,"Sequencing","GABRA1"
"SC3_21.151",0.489391724414272,21,"Sequencing","GABRG2"
"SC3_21.152",-0.0259799804851817,21,"Sequencing","F12"
"SC3_21.153",0.175494648051985,21,"Sequencing","PRR7-AS1"
"SC3_21.154",-0.0900916793377941,21,"Sequencing","TRIM7"
"SC3_21.155",0.315493954470875,21,"Sequencing","CD83"
"SC3_21.156",-0.273143678650352,21,"Sequencing","RBM24"
"SC3_21.157",1.08667875531051,21,"Sequencing","RNF144B"
"SC3_21.158",0.766312217696816,21,"Sequencing","DCDC2"
"SC3_21.159",1.3137952454018,21,"Sequencing","SLC17A2"
"SC3_21.160",0.216259401630551,21,"Sequencing","BTN3A1"
"SC3_21.161",0.135214025341152,21,"Sequencing","RN7SL471P"
"SC3_21.162",0.362698305892954,21,"Sequencing","TRIM31-AS1"
"SC3_21.163",-0.270323501267551,21,"Sequencing","HLA-DRB5"
"SC3_21.164",0.0983917525093687,21,"Sequencing","TAP1"
"SC3_21.165",0.167927846851796,21,"Sequencing","CLIC5"
"SC3_21.166",0.426507040604859,21,"Sequencing","RCAN2"
"SC3_21.167",0.609760816094636,21,"Sequencing","TENT5A"
"SC3_21.168",1.66257576446403,21,"Sequencing","TBX18"
"SC3_21.169",0.991479103801481,21,"Sequencing","GJA10"
"SC3_21.170",0.212328134908244,21,"Sequencing","FAM162B"
"SC3_21.171",0.373098788295827,21,"Sequencing","RFX6"
"SC3_21.172",0.611158292829295,21,"Sequencing","NKAIN2"
"SC3_21.173",0.0424490218094214,21,"Sequencing","ENSG00000237321"
"SC3_21.174",1.12418423739369,21,"Sequencing","MOXD1"
"SC3_21.175",0.123186921629277,21,"Sequencing","MAP7"
"SC3_21.176",-0.191320770341568,21,"Sequencing","STXBP5-AS1"
"SC3_21.177",0.318025468444449,21,"Sequencing","MYCT1"
"SC3_21.178",0.580912181910322,21,"Sequencing","ENSG00000232529"
"SC3_21.179",0.0179693521365899,21,"Sequencing","LPA"
"SC3_21.180",0.190372947191121,21,"Sequencing","LINC02538"
"SC3_21.181",0.165055558492503,21,"Sequencing","ENSG00000235994"
"SC3_21.182",1.1566652311636,21,"Sequencing","KIF25"
"SC3_21.183",1.83332430941908,21,"Sequencing","ENSG00000234647"
"SC3_21.184",1.01121463014762,21,"Sequencing","SMOC2"
"SC3_21.185",0.0180498577627909,21,"Sequencing","NXPH1"
"SC3_21.186",0.0459739918262294,21,"Sequencing","GALNT17"
"SC3_21.187",0.172767657199767,21,"Sequencing","CALN1"
"SC3_21.188",0.688973137328215,21,"Sequencing","CD36"
"SC3_21.189",0.833480639813183,21,"Sequencing","GRM3"
"SC3_21.190",0.516996495982305,21,"Sequencing","TAC1"
"SC3_21.191",0.926815904646692,21,"Sequencing","AZGP1"
"SC3_21.192",0.531413331267342,21,"Sequencing","VGF"
"SC3_21.193",0.48326055238562,21,"Sequencing","LHFPL3"
"SC3_21.194",0.2566464326734,21,"Sequencing","TMEM229A"
"SC3_21.195",0.650678667154102,21,"Sequencing","ENSG00000279419"
"SC3_21.196",0.350242038683138,21,"Sequencing","CHRM2"
"SC3_21.197",0.754210407895548,21,"Sequencing","CRLF2"
"SC3_21.198",0.539800399766363,21,"Sequencing","ADGRG2"
"SC3_21.199",0.500153887515856,21,"Sequencing","MAP7D2"
"SC3_21.200",0.390523223890341,21,"Sequencing","ENSG00000283400"
"SC3_21.201",0.318873954544048,21,"Sequencing","PTCHD1"
"SC3_21.202",0.362863813069808,21,"Sequencing","IL1RAPL1"
"SC3_21.203",0.569894943104814,21,"Sequencing","DMD"
"SC3_21.204",0.0507593978162079,21,"Sequencing","ERAS"
"SC3_21.205",-0.323201741657073,21,"Sequencing","MAGED4"
"SC3_21.206",0.379243796085367,21,"Sequencing","PCDH11X"
"SC3_21.207",0.462632811703522,21,"Sequencing","TCEAL6"
"SC3_21.208",0.853688158337335,21,"Sequencing","RNF128"
"SC3_21.209",1.15776892975311,21,"Sequencing","SERTM2"
"SC3_21.210",0.0439695021951826,21,"Sequencing","TRPC5"
"SC3_21.211",0.484971938654021,21,"Sequencing","IL13RA1"
"SC3_21.212",0.148587366184274,21,"Sequencing","SMIM10L2A"
"SC3_21.213",1.0779973246042,21,"Sequencing","ARHGEF6"
"SC3_21.214",0.629375041058938,21,"Sequencing","FGF13"
"SC3_21.215",0.379914729714128,21,"Sequencing","MCF2"
"SC3_21.216",0.562984547931896,21,"Sequencing","SLITRK2"
"SC3_21.217",-0.130099813425916,21,"Sequencing","GPR50"
"SC3_21.218",-0.469461618776213,21,"Sequencing","ENSG00000269993"
"SC3_21.219",0.517286644814577,21,"Sequencing","CSMD1"
"SC3_21.220",-0.532362059162851,21,"Sequencing","ENSG00000284613"
"SC3_21.221",0.97128662630538,21,"Sequencing","LPL"
"SC3_21.222",-0.0649297883912924,21,"Sequencing","LGI3"
"SC3_21.223",1.03253610608845,21,"Sequencing","STC1"
"SC3_21.224",0.91195740142146,21,"Sequencing","ADAM28"
"SC3_21.225",0.941620654552023,21,"Sequencing","ENSG00000253888"
"SC3_21.226",-0.16442469823387,21,"Sequencing","ENSG00000279099"
"SC3_21.227",-0.0473832618731785,21,"Sequencing","ENSG00000253746"
"SC3_21.228",0.87797011523295,21,"Sequencing","CHRNA6"
"SC3_21.229",0.371679537907887,21,"Sequencing","OPRK1"
"SC3_21.230",0.0908926795321554,21,"Sequencing","ENSG00000254254"
"SC3_21.231",0.595033349846718,21,"Sequencing","TTPA"
"SC3_21.232",0.456989204031925,21,"Sequencing","SBSPON"
"SC3_21.233",0.0719267289033185,21,"Sequencing","PI15"
"SC3_21.234",1.90071526456211,21,"Sequencing","IL7"
"SC3_21.235",1.03991627573262,21,"Sequencing","MATN2"
"SC3_21.236",-0.0441468887132987,21,"Sequencing","SPAG1"
"SC3_21.237",0.44163177409753,21,"Sequencing","ANGPT1"
"SC3_21.238",0.755441970479874,21,"Sequencing","RSPO2"
"SC3_21.239",0.610852081674421,21,"Sequencing","TRHR"
"SC3_21.240",0.338648099778085,21,"Sequencing","SNTB1"
"SC3_21.241",-0.0555636296123711,21,"Sequencing","ENSG00000244791"
"SC3_21.242",0.504767003066246,21,"Sequencing","ADCY8"
"SC3_21.243",-0.264772446865413,21,"Sequencing","ENSG00000253259"
"SC3_21.244",0.97254411854084,21,"Sequencing","ENSG00000253507"
"SC3_21.245",0.224169436695713,21,"Sequencing","KCNK9"
"SC3_21.246",0.145901343382042,21,"Sequencing","LY6H"
"SC3_21.247",0.351090535949564,21,"Sequencing","CD274"
"SC3_21.248",-0.545611101161306,21,"Sequencing","ENSG00000226197"
"SC3_21.249",0.237107861291489,21,"Sequencing","ENSG00000225472"
"SC3_21.250",0.101859652072378,21,"Sequencing","BNC2"
"SC3_21.251",0.313031864218154,21,"Sequencing","SLC24A2"
"SC3_21.252",0.520905423679189,21,"Sequencing","ENSG00000260390"
"SC3_21.253",0.286132740327902,21,"Sequencing","ENSG00000260412"
"SC3_21.254",0.444704220733006,21,"Sequencing","LINGO2"
"SC3_21.255",1.2421564983246,21,"Sequencing","AQP3"
"SC3_21.256",0.320312391734174,21,"Sequencing","FAM189A2"
"SC3_21.257",0.355039235752662,21,"Sequencing","NTRK2"
"SC3_21.258",0.650162173806764,21,"Sequencing","FGD3"
"SC3_21.259",0.616444672596459,21,"Sequencing","FBP1"
"SC3_21.260",-0.125528754133827,21,"Sequencing","GAS2L1P2"
"SC3_21.261",0.402226047213046,21,"Sequencing","GRIN3A"
"SC3_21.262",-0.493124575349782,21,"Sequencing","PPP3R2"
"SC3_21.263",0.867250294598401,21,"Sequencing","LINC01505"
"SC3_21.264",-0.0599715627306493,21,"Sequencing","BRINP1"
"SC3_21.265",0.590431443427318,21,"Sequencing","GPR21"
"SC3_21.266",0.187393875201367,21,"Sequencing","MIR181A2HG"
"SC3_21.267",1.14125580351028,21,"Sequencing","IER5L"
"SC3_21.268",-0.612244760710486,21,"Sequencing","C9orf50"
"SC3_21.269",0.185802963746362,21,"Sequencing","NACC2"
"SC3_21.270",0.0370543874564605,21,"Sequencing","GRIN1"
"SC3_21.271",0.0197287726958458,21,"Sequencing","TH"
"SC3_21.272",0.145313718622254,21,"Sequencing","SPON1"
"SC3_21.273",0.231611682322001,21,"Sequencing","NCR3LG1"
"SC3_21.274",0.238330462891869,21,"Sequencing","ENSG00000270607"
"SC3_21.275",0.58568302706465,21,"Sequencing","ENSG00000279675"
"SC3_21.276",0.74237020400253,21,"Sequencing","LRRC4C"
"SC3_21.277",1.55394052733428,21,"Sequencing","LINC02740"
"SC3_21.278",-0.116765310508426,21,"Sequencing","MS4A7"
"SC3_21.279",-0.326935351805155,21,"Sequencing","MS4A14"
"SC3_21.280",0.385860397753605,21,"Sequencing","MS4A1"
"SC3_21.281",-0.212460824465243,21,"Sequencing","MIR6746"
"SC3_21.282",0.0311258747995739,21,"Sequencing","KCNK4"
"SC3_21.283",0.112171993922192,21,"Sequencing","ENSG00000257069"
"SC3_21.284",0.104878383420605,21,"Sequencing","CATSPERZ"
"SC3_21.285",1.82575555363613,21,"Sequencing","SHANK2-AS1"
"SC3_21.286",0.13667046063173,21,"Sequencing","ARHGEF17"
"SC3_21.287",0.90352355442686,21,"Sequencing","GRM5"
"SC3_21.288",0.796961485731822,21,"Sequencing","MMP10"
"SC3_21.289",1.17082729474461,21,"Sequencing","MMP1"
"SC3_21.290",0.441391121916621,21,"Sequencing","PDGFD"
"SC3_21.291",0.00979313144853083,21,"Sequencing","C11orf87"
"SC3_21.292",0.106767788953253,21,"Sequencing","ARHGAP20"
"SC3_21.293",-0.0961836714258851,21,"Sequencing","LAYN"
"SC3_21.294",0.0873048601806916,21,"Sequencing","SCN2B"
"SC3_21.295",0.198702519391543,21,"Sequencing","ABCG4"
"SC3_21.296",1.61738723357777,21,"Sequencing","TRIM29"
"SC3_21.297",0.327817443434847,21,"Sequencing","MIR100HG"
"SC3_21.298",0.266182004154708,21,"Sequencing","MIR125B1"
"SC3_21.299",0.59209589934044,21,"Sequencing","ENSG00000238117"
"SC3_21.300",0.919818755990535,21,"Sequencing","LINC02714"
"SC3_21.301",1.34487067251447,21,"Sequencing","LINC00707"
"SC3_21.302",0.610532990951093,21,"Sequencing","SFMBT2"
"SC3_21.303",1.18634674009203,21,"Sequencing","ARMC3"
"SC3_21.304",0.745513844009368,21,"Sequencing","MKX"
"SC3_21.305",0.493287065324191,21,"Sequencing","FZD8"
"SC3_21.306",0.410440562432975,21,"Sequencing","MIR4683"
"SC3_21.307",0.215324289836614,21,"Sequencing","ANXA8L1"
"SC3_21.308",0.690077778570032,21,"Sequencing","LRRTM3"
"SC3_21.309",0.925251110798917,21,"Sequencing","TLL2"
"SC3_21.310",0.42381656881288,21,"Sequencing","SORCS1"
"SC3_21.311",0.423461883169808,21,"Sequencing","CHST15"
"SC3_21.312",0.372389474874492,21,"Sequencing","PTPRE"
"SC3_21.313",0.333193499184284,21,"Sequencing","JAKMIP3"
"SC3_21.314",0.921488537995478,21,"Sequencing","ENSG00000249695"
"SC3_21.315",0.266923565683093,21,"Sequencing","GRIN2B"
"SC3_21.316",0.94356962103246,21,"Sequencing","RERG"
"SC3_21.317",1.25211354276186,21,"Sequencing","PTHLH"
"SC3_21.318",0.58051891057246,21,"Sequencing","PDZRN4"
"SC3_21.319",0.352630620226729,21,"Sequencing","TMEM117"
"SC3_21.320",0.564199554685493,21,"Sequencing","ENSG00000258101"
"SC3_21.321",0.328069060913934,21,"Sequencing","KRT18"
"SC3_21.322",0.307020324795594,21,"Sequencing","TAFA2"
"SC3_21.323",1.26462746444833,21,"Sequencing","LINC02458"
"SC3_21.324",0.140802512094941,21,"Sequencing","NTN4"
"SC3_21.325",1.26438328368788,21,"Sequencing","SLC17A8"
"SC3_21.326",-0.0574737983703475,21,"Sequencing","ENSG00000257548"
"SC3_21.327",0.765250606786435,21,"Sequencing","TMEM233"
"SC3_21.328",-0.187338950925287,21,"Sequencing","MIR1178"
"SC3_21.329",-0.482030075419247,21,"Sequencing","ENSG00000280381"
"SC3_21.330",0.25196137580289,21,"Sequencing","TMEM132D"
"SC3_21.331",1.02702630504326,21,"Sequencing","LINC02340"
"SC3_21.332",0.339831530276152,21,"Sequencing","FLT3"
"SC3_21.333",0.201598241336185,21,"Sequencing","STOML3"
"SC3_21.334",0.310019263602121,21,"Sequencing","KCTD4"
"SC3_21.335",0.0360785272311781,21,"Sequencing","ENSG00000278727"
"SC3_21.336",1.17942032838149,21,"Sequencing","SLITRK6"
"SC3_21.337",0.346115136305938,21,"Sequencing","ENSG00000232636"
"SC3_21.338",0.282860586726586,21,"Sequencing","MIR4500HG"
"SC3_21.339",0.148729417259219,21,"Sequencing","COL4A2"
"SC3_21.340",0.358865503277117,21,"Sequencing","NPAS3"
"SC3_21.341",0.399300429210384,21,"Sequencing","ENSG00000258636"
"SC3_21.342",0.478701710571126,21,"Sequencing","LRFN5"
"SC3_21.343",0.48748582824106,21,"Sequencing","MDGA2"
"SC3_21.344",0.823078413472613,21,"Sequencing","PTGER2"
"SC3_21.345",-0.019615318995662,21,"Sequencing","LGALS3"
"SC3_21.346",0.283975239737771,21,"Sequencing","SYT16"
"SC3_21.347",0.406421020646127,21,"Sequencing","KCNH5"
"SC3_21.348",0.0777568071814365,21,"Sequencing","TMEM229B"
"SC3_21.349",1.0814962712264,21,"Sequencing","ENSG00000258422"
"SC3_21.350",0.453072567576035,21,"Sequencing","FOS"
"SC3_21.351",0.495083126217929,21,"Sequencing","NRXN3"
"SC3_21.352",0.223332726570467,21,"Sequencing","ENSG00000258419"
"SC3_21.353",0.990919384935999,21,"Sequencing","TSHR"
"SC3_21.354",0.289359035895024,21,"Sequencing","MEG8"
"SC3_21.355",-0.0662270742796114,21,"Sequencing","DIO3"
"SC3_21.356",-0.91366884996207,21,"Sequencing","ENSG00000260780"
"SC3_21.357",-0.346388926758967,21,"Sequencing","SNORD116-18"
"SC3_21.358",0.0567339287833996,21,"Sequencing","SNORD115-1"
"SC3_21.359",0.264641908335966,21,"Sequencing","SNORD115-46"
"SC3_21.360",0.348723366107166,21,"Sequencing","GABRA5"
"SC3_21.361",0.708234278303307,21,"Sequencing","GJD2"
"SC3_21.362",0.290786612770577,21,"Sequencing","MEIS2"
"SC3_21.363",-0.375665203905003,21,"Sequencing","ENSG00000276121"
"SC3_21.364",2.18919763371859,21,"Sequencing","FGF7"
"SC3_21.365",0.293046384530199,21,"Sequencing","LYSMD2"
"SC3_21.366",0.743933060826081,21,"Sequencing","THSD4"
"SC3_21.367",0.0906973248059337,21,"Sequencing","ENSG00000275120"
"SC3_21.368",-0.224337867777583,21,"Sequencing","ENSG00000276278"
"SC3_21.369",-0.352916361506944,21,"Sequencing","PLIN1"
"SC3_21.370",0.0029913495277883,21,"Sequencing","ENSG00000260337"
"SC3_21.371",-0.765355736390754,21,"Sequencing","FAM169B"
"SC3_21.372",0.625187404206682,21,"Sequencing","ADAMTS17"
"SC3_21.373",0.59522723390675,21,"Sequencing","TNFRSF12A"
"SC3_21.374",1.12650129209401,21,"Sequencing","ENSG00000262668"
"SC3_21.375",0.456141384382698,21,"Sequencing","GRIN2A"
"SC3_21.376",1.40117852904894,21,"Sequencing","SOCS1"
"SC3_21.377",0.358867058951746,21,"Sequencing","ENSG00000262801"
"SC3_21.378",0.403076432343884,21,"Sequencing","ENSG00000262267"
"SC3_21.379",0.348868302979556,21,"Sequencing","TMC5"
"SC3_21.380",0.438140354176601,21,"Sequencing","RNU4-46P"
"SC3_21.381",-0.132602436561424,21,"Sequencing","HS3ST4"
"SC3_21.382",-0.697354504223906,21,"Sequencing","ENSG00000283662"
"SC3_21.383",0.0304106461599532,21,"Sequencing","LPCAT2"
"SC3_21.384",0.0379425284573212,21,"Sequencing","MT3"
"SC3_21.385",0.670352618395221,21,"Sequencing","CDH8"
"SC3_21.386",-0.0680406524734116,21,"Sequencing","ENSG00000260600"
"SC3_21.387",0.663559733651529,21,"Sequencing","ENSG00000231589"
"SC3_21.388",-0.282270676195399,21,"Sequencing","HSF4"
"SC3_21.389",-0.52202787976644,21,"Sequencing","ENSG00000262691"
"SC3_21.390",-0.294679740828043,21,"Sequencing","ENSG00000260577"
"SC3_21.391",0.434217346354753,21,"Sequencing","HAS3"
"SC3_21.392",1.31949692942291,21,"Sequencing","HPR"
"SC3_21.393",0.290928213723948,21,"Sequencing","ENSG00000277954"
"SC3_21.394",0.486339619393418,21,"Sequencing","ENSG00000261722"
"SC3_21.395",0.120234571890779,21,"Sequencing","MAF"
"SC3_21.396",0.171149924143056,21,"Sequencing","ENSG00000277214"
"SC3_21.397",0.536592247379155,21,"Sequencing","ENSG00000278058"
"SC3_21.398",0.209438536155417,21,"Sequencing","HSD17B2"
"SC3_21.399",-0.187316811205114,21,"Sequencing","ATP2C2"
"SC3_21.400",-1.06338170340405,21,"Sequencing","ENSG00000260279"
"SC3_21.401",0.229520494155831,21,"Sequencing","SERPINF2"
"SC3_21.402",0.0294809579059988,21,"Sequencing","GUCY2D"
"SC3_21.403",0.331994951078923,21,"Sequencing","ENSG00000279174"
"SC3_21.404",-0.210389289699881,21,"Sequencing","LINC00670"
"SC3_21.405",0.131047744708836,21,"Sequencing","ASIC2"
"SC3_21.406",-0.239003538489208,21,"Sequencing","PLXDC1"
"SC3_21.407",0.0647257937790556,21,"Sequencing","HAP1"
"SC3_21.408",0.639731985237598,21,"Sequencing","ENSG00000276851"
"SC3_21.409",0.35761082713914,21,"Sequencing","CA10"
"SC3_21.410",0.798844221019611,21,"Sequencing","NOG"
"SC3_21.411",-0.00659592914284233,21,"Sequencing","TRIM25"
"SC3_21.412",0.0943999399448903,21,"Sequencing","PRKCA"
"SC3_21.413",0.899553624789047,21,"Sequencing","KCNJ2-AS1"
"SC3_21.414",0.729713395275568,21,"Sequencing","KCNJ2"
"SC3_21.415",0.188979183158199,21,"Sequencing","ENSG00000276863"
"SC3_21.416",-0.567669347366294,21,"Sequencing","ENSG00000263606"
"SC3_21.417",-0.0805765363360765,21,"Sequencing","LDLRAD4"
"SC3_21.418",-0.563604340414179,21,"Sequencing","RN7SL362P"
"SC3_21.419",-0.195124524021227,21,"Sequencing","CHST9"
"SC3_21.420",0.164025765434412,21,"Sequencing","GAREM1"
"SC3_21.421",0.505445968434079,21,"Sequencing","RIT2"
"SC3_21.422",0.265253244244285,21,"Sequencing","PSTPIP2"
"SC3_21.423",0.252403933321425,21,"Sequencing","RAB27B"
"SC3_21.424",0.564170908486403,21,"Sequencing","SERPINB2"
"SC3_21.425",0.457214559159067,21,"Sequencing","SERPINB10"
"SC3_21.426",1.06139630139423,21,"Sequencing","LINC00305"
"SC3_21.427",0.5074838469582,21,"Sequencing","CDH7"
"SC3_21.428",0.0222194085199736,21,"Sequencing","ENSG00000263720"
"SC3_21.429",0.216700373066366,21,"Sequencing","CBLN2"
"SC3_21.430",0.515378981979287,21,"Sequencing","LINC01896"
"SC3_21.431",0.481284027815678,21,"Sequencing","SALL3"
"SC3_21.432",0.294121409644255,21,"Sequencing","PDYN"
"SC3_21.433",0.619975925806909,21,"Sequencing","TGM3"
"SC3_21.434",0.0166639486748673,21,"Sequencing","EBF4"
"SC3_21.435",0.226103256896523,21,"Sequencing","SLC24A3"
"SC3_21.436",-0.954621068140553,21,"Sequencing","ANKRD20A21P"
"SC3_21.437",0.634297047547837,21,"Sequencing","MAFB"
"SC3_21.438",0.473007609169359,21,"Sequencing","PTPRT"
"SC3_21.439",0.494918827291392,21,"Sequencing","ENSG00000233508"
"SC3_21.440",-0.268588418877269,21,"Sequencing","SYCP2"
"SC3_21.441",0.351020454002615,21,"Sequencing","CDH4"
"SC3_21.442",0.0447145938087379,21,"Sequencing","MIR1-1HG-AS1"
"SC3_21.443",0.963878401272826,21,"Sequencing","THEG"
"SC3_21.444",0.777354674896843,21,"Sequencing","SBNO2"
"SC3_21.445",0.14247608479828,21,"Sequencing","ZNF556"
"SC3_21.446",0.710301678608667,21,"Sequencing","FUT3"
"SC3_21.447",0.893884668466463,21,"Sequencing","JUNB"
"SC3_21.448",0.694403451167085,21,"Sequencing","NANOS3"
"SC3_21.449",0.26423681076325,21,"Sequencing","IL27RA"
"SC3_21.450",-0.0757721203064208,21,"Sequencing","WTIP"
"SC3_21.451",0.314567107968139,21,"Sequencing","CYP2A13"
"SC3_21.452",0.753636761930845,21,"Sequencing","BCL3"
"SC3_21.453",0.270276702817306,21,"Sequencing","GFY"
"SC3_21.454",0.445880783504948,21,"Sequencing","HAS1"
"SC3_21.455",-0.436749560520391,21,"Sequencing","MIR935"
"SC3_21.456",-0.528522018252468,21,"Sequencing","LINC01864"
"SC3_21.457",0.561312752291045,21,"Sequencing","ZSCAN4"
"SC3_21.458",1.10120285420252,21,"Sequencing","LINC01638"
"SC3_21.459",0.0433740267046669,21,"Sequencing","C22orf42"
"SC3_21.460",-0.195594968501631,21,"Sequencing","CACNA1I"
"SC3_21.461",0.846249025781522,21,"Sequencing","NFAM1"
"SC3_21.462",0.796742131496425,21,"Sequencing","ENSG00000230107"
"SC3_21.463",0.337774669903279,21,"Sequencing","SHISAL1"
"SC3_21.464",0.506963694300071,21,"Sequencing","NCAM2"
"SC3_21.465",0.866382020288549,21,"Sequencing","ADAMTS1"
"SC3_21.466",0.669516379237318,21,"Sequencing","RUNX1"
"SC3_21.467",0.564585328588468,21,"Sequencing","PCP4"
"SC3_21.468",0.128273067188026,21,"Sequencing","COL18A1"
"SC1_27",0.995490243846927,27,"Sequencing","CHD5"
"SC1_27.1",0.765277326561062,27,"Sequencing","UTS2"
"SC1_27.2",1.13417727586978,27,"Sequencing","TNFRSF9"
"SC1_27.3",0.926582888826081,27,"Sequencing","FBXO6"
"SC1_27.4",0.796047829940901,27,"Sequencing","NBL1"
"SC1_27.5",0.229111801338068,27,"Sequencing","WNT4"
"SC1_27.6",0.671565137708585,27,"Sequencing","IFNLR1"
"SC1_27.7",1.050982240316,27,"Sequencing","CSMD2"
"SC1_27.8",0.553120070356548,27,"Sequencing","HPCAL4"
"SC1_27.9",0.690023266306362,27,"Sequencing","FAAH"
"SC1_27.10",-0.557991820817322,27,"Sequencing","SLC25A3P1"
"SC1_27.11",0.685007556386259,27,"Sequencing","PTGER3"
"SC1_27.12",0.578991618393882,27,"Sequencing","ENSG00000269933"
"SC1_27.13",0.430544455669736,27,"Sequencing","PTGFR"
"SC1_27.14",0.929655508426066,27,"Sequencing","ST13P20"
"SC1_27.15",0.0350326907869573,27,"Sequencing","SAMD13"
"SC1_27.16",0.535979158912335,27,"Sequencing","UOX"
"SC1_27.17",1.36876806123256,27,"Sequencing","ENSG00000280099"
"SC1_27.18",0.400183175306582,27,"Sequencing","PLPPR4"
"SC1_27.19",-0.0156245620164375,27,"Sequencing","C1orf194"
"SC1_27.20",0.959530761045003,27,"Sequencing","SLC6A17"
"SC1_27.21",2.46473102487551,27,"Sequencing","ENSG00000224950"
"SC1_27.22",1.114690863855,27,"Sequencing","ECM1"
"SC1_27.23",1.02957520275416,27,"Sequencing","S100A3"
"SC1_27.24",-0.784404393348926,27,"Sequencing","FMO2"
"SC1_27.25",1.20830000672951,27,"Sequencing","SLC9C2"
"SC1_27.26",0.574012399438602,27,"Sequencing","TNR"
"SC1_27.27",1.38488280114606,27,"Sequencing","CACNA1E"
"SC1_27.28",0.376353726305795,27,"Sequencing","BRINP3"
"SC1_27.29",-0.317515274553716,27,"Sequencing","LINC01351"
"SC1_27.30",-0.400050246985563,27,"Sequencing","ENSG00000241505"
"SC1_27.31",0.464668003706102,27,"Sequencing","ATP2B4"
"SC1_27.32",-0.966657875437576,27,"Sequencing","ENSG00000236846"
"SC1_27.33",-0.629522082295195,27,"Sequencing","LEFTY1"
"SC1_27.34",0.471626089556319,27,"Sequencing","MAP3K21"
"SC1_27.35",0.919593271635909,27,"Sequencing","CHRM3"
"SC1_27.36",0.568045451332208,27,"Sequencing","PLD5"
"SC1_27.37",0.203794620228388,27,"Sequencing","ENSG00000229727"
"SC1_27.38",0.746571250066883,27,"Sequencing","HPCAL1"
"SC1_27.39",0.603038165708299,27,"Sequencing","ENSG00000225649"
"SC1_27.40",-0.817522190534985,27,"Sequencing","POMC"
"SC1_27.41",0.72953860496839,27,"Sequencing","KCNK12"
"SC1_27.42",1.36014324188031,27,"Sequencing","SFXN5"
"SC1_27.43",0.173085323885637,27,"Sequencing","CD8B"
"SC1_27.44",0.745704779930127,27,"Sequencing","ANAPC1P1"
"SC1_27.45",0.953454216848656,27,"Sequencing","CYTOR"
"SC1_27.46",1.21754394459186,27,"Sequencing","IL1R1"
"SC1_27.47",1.25663792519795,27,"Sequencing","LINC01123"
"SC1_27.48",1.05776950266064,27,"Sequencing","MIR4435-2HG"
"SC1_27.49",0.273123403783939,27,"Sequencing","SCTR"
"SC1_27.50",0.903057722552106,27,"Sequencing","ENSG00000228400"
"SC1_27.51",0.609132063961267,27,"Sequencing","LINC01854"
"SC1_27.52",1.40909592071944,27,"Sequencing","CCDC74B"
"SC1_27.53",1.4587750723597,27,"Sequencing","SMIM39"
"SC1_27.54",0.762280525371663,27,"Sequencing","CCDC74A"
"SC1_27.55",1.03597712146123,27,"Sequencing","LYPD1"
"SC1_27.56",0.0507288753141831,27,"Sequencing","KCNJ3"
"SC1_27.57",0.845564191079864,27,"Sequencing","PLA2R1"
"SC1_27.58",0.265485435623756,27,"Sequencing","SCN1A"
"SC1_27.59",0.647233588066438,27,"Sequencing","C2orf88"
"SC1_27.60",0.234817120595176,27,"Sequencing","MSTN"
"SC1_27.61",0.457574403531551,27,"Sequencing","NYAP2"
"SC1_27.62",0.323534966348466,27,"Sequencing","ENSG00000273301"
"SC1_27.63",0.488713261920867,27,"Sequencing","ECEL1"
"SC1_27.64",0.369266481365186,27,"Sequencing","RAMP1"
"SC1_27.65",0.190748417530394,27,"Sequencing","CNTN6"
"SC1_27.66",0.523208823804017,27,"Sequencing","GRM7"
"SC1_27.67",0.620348331703229,27,"Sequencing","IRAK2"
"SC1_27.68",0.715471064072291,27,"Sequencing","SYN2"
"SC1_27.69",1.06495682112731,27,"Sequencing","GRIP2"
"SC1_27.70",1.25023207260983,27,"Sequencing","ARPP21"
"SC1_27.71",1.66230830415667,27,"Sequencing","DCLK3"
"SC1_27.72",1.86038170886436,27,"Sequencing","CCK"
"SC1_27.73",0.194897230452091,27,"Sequencing","IL17RB"
"SC1_27.74",0.482798062430271,27,"Sequencing","CACNA2D3"
"SC1_27.75",0.439533357917063,27,"Sequencing","DNAH12"
"SC1_27.76",1.42195321831416,27,"Sequencing","CNTN3"
"SC1_27.77",0.71861343149575,27,"Sequencing","EPHA6"
"SC1_27.78",0.62917731368509,27,"Sequencing","ENSG00000261292"
"SC1_27.79",-1.06990421198635,27,"Sequencing","ENSG00000239482"
"SC1_27.80",0.868600595697754,27,"Sequencing","ENSG00000251012"
"SC1_27.81",0.893724578674894,27,"Sequencing","UPK1B"
"SC1_27.82",0.737574810078293,27,"Sequencing","ADCY5"
"SC1_27.83",0.699694333228616,27,"Sequencing","TRH"
"SC1_27.84",0.587207564799821,27,"Sequencing","COL6A4P2"
"SC1_27.85",0.606124472999693,27,"Sequencing","ZBTB38"
"SC1_27.86",1.57484654724497,27,"Sequencing","PCOLCE2"
"SC1_27.87",0.451023219011281,27,"Sequencing","CPB1"
"SC1_27.88",0.60254946912937,27,"Sequencing","IQCJ"
"SC1_27.89",0.0852157300860844,27,"Sequencing","LINC01323"
"SC1_27.90",-0.0945984031429808,27,"Sequencing","LINC01324"
"SC1_27.91",0.363714749848455,27,"Sequencing","SLITRK3"
"SC1_27.92",-0.0806547338791763,27,"Sequencing","LINC01322"
"SC1_27.93",0.977915942376367,27,"Sequencing","BCL6"
"SC1_27.94",0.487346755402682,27,"Sequencing",NA
"SC1_27.95",0.738300757557731,27,"Sequencing","IL1RAP"
"SC1_27.96",0.694563264676106,27,"Sequencing","UTS2B"
"SC1_27.97",0.755972003954201,27,"Sequencing","ZDHHC19"
"SC1_27.98",-0.0611916183821435,27,"Sequencing","RPSAP69"
"SC1_27.99",0.290936492935166,27,"Sequencing","ENSG00000227189"
"SC1_27.100",0.160767609486012,27,"Sequencing","ENSG00000284727"
"SC1_27.101",1.24665912614324,27,"Sequencing","MSX1"
"SC1_27.102",-1.32315955382628,27,"Sequencing","GBA3"
"SC1_27.103",0.519376776470125,27,"Sequencing","CCKAR"
"SC1_27.104",0.362392421357849,27,"Sequencing","PCDH7"
"SC1_27.105",0.0503373985108373,27,"Sequencing","LINC02513"
"SC1_27.106",0.538448822369359,27,"Sequencing","ENSG00000260878"
"SC1_27.107",0.610358180151417,27,"Sequencing","GABRA2"
"SC1_27.108",0.470477493585241,27,"Sequencing","ENSG00000249330"
"SC1_27.109",0.580646111339669,27,"Sequencing","GABRB1"
"SC1_27.110",0.573112828765091,27,"Sequencing","ENSG00000260918"
"SC1_27.111",1.11789662088426,27,"Sequencing","ADAMTS3"
"SC1_27.112",0.109892996750768,27,"Sequencing","BTC"
"SC1_27.113",1.16848358688402,27,"Sequencing","FGF5"
"SC1_27.114",0.324200868924842,27,"Sequencing","SCD5"
"SC1_27.115",0.537916389800906,27,"Sequencing","NPNT"
"SC1_27.116",0.640630543319287,27,"Sequencing","CAMK2D"
"SC1_27.117",0.448353150811921,27,"Sequencing","PDE5A"
"SC1_27.118",0.369645737762067,27,"Sequencing","PCDH18"
"SC1_27.119",-0.597700580740552,27,"Sequencing","ENSG00000250777"
"SC1_27.120",0.242364128202222,27,"Sequencing","FREM3"
"SC1_27.121",0.684988677456942,27,"Sequencing","TTC29"
"SC1_27.122",1.62019025053734,27,"Sequencing",NA
"SC1_27.123",0.665000732206825,27,"Sequencing","GUCY1A1"
"SC1_27.124",0.527273071375277,27,"Sequencing","ENSG00000260244"
"SC1_27.125",0.0299928078817801,27,"Sequencing","PDGFC"
"SC1_27.126",0.21824791003626,27,"Sequencing","FSTL5"
"SC1_27.127",0.13307202595494,27,"Sequencing","ENSG00000250027"
"SC1_27.128",0.418081588169737,27,"Sequencing","NPY1R"
"SC1_27.129",0.664108768441723,27,"Sequencing","NPY5R"
"SC1_27.130",0.683003105471312,27,"Sequencing","GALNTL6"
"SC1_27.131",0.527831626839314,27,"Sequencing","GLRA3"
"SC1_27.132",0.541222567566211,27,"Sequencing","ADAM29"
"SC1_27.133",-0.013799029610433,27,"Sequencing","MTNR1A"
"SC1_27.134",0.204176965208399,27,"Sequencing","RANBP3L"
"SC1_27.135",0.794639190599654,27,"Sequencing","LIFR"
"SC1_27.136",0.771582472752495,27,"Sequencing","PTGER4"
"SC1_27.137",0.590135726429479,27,"Sequencing","GHR"
"SC1_27.138",0.75616764718649,27,"Sequencing","ESM1"
"SC1_27.139",0.160839378408343,27,"Sequencing","IL6ST"
"SC1_27.140",0.287836500793145,27,"Sequencing","RGS7BP"
"SC1_27.141",0.0410162456663466,27,"Sequencing","LINC02197"
"SC1_27.142",-0.0860662898286836,27,"Sequencing","SV2C"
"SC1_27.143",0.421904711812751,27,"Sequencing","MEF2C"
"SC1_27.144",2.00661828590731,27,"Sequencing","EGR1"
"SC1_27.145",0.782814934312241,27,"Sequencing","NR3C1"
"SC1_27.146",0.849285189826762,27,"Sequencing","GRIA1"
"SC1_27.147",-0.113036083895096,27,"Sequencing","ENSG00000249738"
"SC1_27.148",0.587997173089402,27,"Sequencing","IL12B"
"SC1_27.149",-0.111778778609687,27,"Sequencing","GABRB2"
"SC1_27.150",-0.0497105371004671,27,"Sequencing","GABRA1"
"SC1_27.151",0.120417937561569,27,"Sequencing","GABRG2"
"SC1_27.152",0.645264123464713,27,"Sequencing","F12"
"SC1_27.153",2.67130541345791,27,"Sequencing","PRR7-AS1"
"SC1_27.154",0.629562009128532,27,"Sequencing","TRIM7"
"SC1_27.155",0.219361153558132,27,"Sequencing","CD83"
"SC1_27.156",1.04890214411487,27,"Sequencing","RBM24"
"SC1_27.157",0.0197128315506136,27,"Sequencing","RNF144B"
"SC1_27.158",-0.789063918727114,27,"Sequencing","DCDC2"
"SC1_27.159",1.02696230859963,27,"Sequencing","SLC17A2"
"SC1_27.160",0.345700489753727,27,"Sequencing","BTN3A1"
"SC1_27.161",0.549957636842895,27,"Sequencing","RN7SL471P"
"SC1_27.162",-0.515686338584793,27,"Sequencing","TRIM31-AS1"
"SC1_27.163",-0.341482368646532,27,"Sequencing","HLA-DRB5"
"SC1_27.164",0.292940314886755,27,"Sequencing","TAP1"
"SC1_27.165",0.224226977668199,27,"Sequencing","CLIC5"
"SC1_27.166",0.611766235868715,27,"Sequencing","RCAN2"
"SC1_27.167",1.42315744938837,27,"Sequencing","TENT5A"
"SC1_27.168",0.147225923091256,27,"Sequencing","TBX18"
"SC1_27.169",-0.0431759236810967,27,"Sequencing","GJA10"
"SC1_27.170",0.519628378034787,27,"Sequencing","FAM162B"
"SC1_27.171",-0.720154341910172,27,"Sequencing","RFX6"
"SC1_27.172",0.663859498637553,27,"Sequencing","NKAIN2"
"SC1_27.173",1.79359565365864,27,"Sequencing","ENSG00000237321"
"SC1_27.174",0.0662540086163079,27,"Sequencing","MOXD1"
"SC1_27.175",0.304088932082403,27,"Sequencing","MAP7"
"SC1_27.176",0.29458692880114,27,"Sequencing","STXBP5-AS1"
"SC1_27.177",1.02406053145048,27,"Sequencing","MYCT1"
"SC1_27.178",0.458163267094716,27,"Sequencing","ENSG00000232529"
"SC1_27.179",0.332593407916885,27,"Sequencing","LPA"
"SC1_27.180",0.793310702266617,27,"Sequencing","LINC02538"
"SC1_27.181",-0.455531547503023,27,"Sequencing","ENSG00000235994"
"SC1_27.182",-1.23009108790091,27,"Sequencing","KIF25"
"SC1_27.183",-0.175550019363537,27,"Sequencing","ENSG00000234647"
"SC1_27.184",0.234554437840722,27,"Sequencing","SMOC2"
"SC1_27.185",0.703474743021098,27,"Sequencing","NXPH1"
"SC1_27.186",0.67661637769525,27,"Sequencing","GALNT17"
"SC1_27.187",0.555263264306424,27,"Sequencing","CALN1"
"SC1_27.188",0.637648108394037,27,"Sequencing","CD36"
"SC1_27.189",0.858811676952209,27,"Sequencing","GRM3"
"SC1_27.190",0.898978585102635,27,"Sequencing","TAC1"
"SC1_27.191",0.63544842135229,27,"Sequencing","AZGP1"
"SC1_27.192",1.60467035088583,27,"Sequencing","VGF"
"SC1_27.193",0.038146049369485,27,"Sequencing","LHFPL3"
"SC1_27.194",0.619056042369237,27,"Sequencing","TMEM229A"
"SC1_27.195",0.688251774000191,27,"Sequencing","ENSG00000279419"
"SC1_27.196",0.652491027840735,27,"Sequencing","CHRM2"
"SC1_27.197",0.765929185717431,27,"Sequencing","CRLF2"
"SC1_27.198",0.0546762862107441,27,"Sequencing","ADGRG2"
"SC1_27.199",0.748305185930114,27,"Sequencing","MAP7D2"
"SC1_27.200",0.245946296446589,27,"Sequencing","ENSG00000283400"
"SC1_27.201",0.812497201205752,27,"Sequencing","PTCHD1"
"SC1_27.202",1.02216610110549,27,"Sequencing","IL1RAPL1"
"SC1_27.203",0.434304870322335,27,"Sequencing","DMD"
"SC1_27.204",-0.505729110228832,27,"Sequencing","ERAS"
"SC1_27.205",-0.469463957328504,27,"Sequencing","MAGED4"
"SC1_27.206",1.19644129286533,27,"Sequencing","PCDH11X"
"SC1_27.207",0.125675781035367,27,"Sequencing","TCEAL6"
"SC1_27.208",0.397736184894001,27,"Sequencing","RNF128"
"SC1_27.209",-0.800025409036707,27,"Sequencing","SERTM2"
"SC1_27.210",-0.0849944632290872,27,"Sequencing","TRPC5"
"SC1_27.211",0.467137405221524,27,"Sequencing","IL13RA1"
"SC1_27.212",0.125527152728277,27,"Sequencing","SMIM10L2A"
"SC1_27.213",0.867062809558055,27,"Sequencing","ARHGEF6"
"SC1_27.214",0.475639648066977,27,"Sequencing","FGF13"
"SC1_27.215",-0.125515406560539,27,"Sequencing","MCF2"
"SC1_27.216",0.466735021474053,27,"Sequencing","SLITRK2"
"SC1_27.217",2.69152816430632,27,"Sequencing","GPR50"
"SC1_27.218",2.91544702366973,27,"Sequencing","ENSG00000269993"
"SC1_27.219",0.778346654443815,27,"Sequencing","CSMD1"
"SC1_27.220",0.439283629623645,27,"Sequencing","ENSG00000284613"
"SC1_27.221",-0.148995818551981,27,"Sequencing","LPL"
"SC1_27.222",0.251226037186349,27,"Sequencing","LGI3"
"SC1_27.223",1.4440327809314,27,"Sequencing","STC1"
"SC1_27.224",1.49175114367675,27,"Sequencing","ADAM28"
"SC1_27.225",-0.0535766479660711,27,"Sequencing","ENSG00000253888"
"SC1_27.226",1.10112366245558,27,"Sequencing","ENSG00000279099"
"SC1_27.227",0.191675141323123,27,"Sequencing","ENSG00000253746"
"SC1_27.228",1.24030395494948,27,"Sequencing","CHRNA6"
"SC1_27.229",-0.769744713656086,27,"Sequencing","OPRK1"
"SC1_27.230",1.67962362020055,27,"Sequencing","ENSG00000254254"
"SC1_27.231",0.0978330152122086,27,"Sequencing","TTPA"
"SC1_27.232",-0.129235032827287,27,"Sequencing","SBSPON"
"SC1_27.233",0.083414624821878,27,"Sequencing","PI15"
"SC1_27.234",0.987391294550167,27,"Sequencing","IL7"
"SC1_27.235",0.690707781399367,27,"Sequencing","MATN2"
"SC1_27.236",0.644839917000756,27,"Sequencing","SPAG1"
"SC1_27.237",0.590028148812034,27,"Sequencing","ANGPT1"
"SC1_27.238",0.199296653050565,27,"Sequencing","RSPO2"
"SC1_27.239",-0.193773857357114,27,"Sequencing","TRHR"
"SC1_27.240",0.467460228240292,27,"Sequencing","SNTB1"
"SC1_27.241",1.73959889906719,27,"Sequencing","ENSG00000244791"
"SC1_27.242",0.747207446332552,27,"Sequencing","ADCY8"
"SC1_27.243",2.23013682126374,27,"Sequencing","ENSG00000253259"
"SC1_27.244",0.381204651636467,27,"Sequencing","ENSG00000253507"
"SC1_27.245",0.833821945413031,27,"Sequencing","KCNK9"
"SC1_27.246",0.728755234674743,27,"Sequencing","LY6H"
"SC1_27.247",0.944074762951985,27,"Sequencing","CD274"
"SC1_27.248",0.440574466145196,27,"Sequencing","ENSG00000226197"
"SC1_27.249",0.322774383746786,27,"Sequencing","ENSG00000225472"
"SC1_27.250",0.422027626645124,27,"Sequencing","BNC2"
"SC1_27.251",0.636431718458444,27,"Sequencing","SLC24A2"
"SC1_27.252",-0.0874357538009693,27,"Sequencing","ENSG00000260390"
"SC1_27.253",0.50862433944377,27,"Sequencing","ENSG00000260412"
"SC1_27.254",0.637785528836305,27,"Sequencing","LINGO2"
"SC1_27.255",1.74823526887771,27,"Sequencing","AQP3"
"SC1_27.256",1.06649578426273,27,"Sequencing","FAM189A2"
"SC1_27.257",0.376806833296742,27,"Sequencing","NTRK2"
"SC1_27.258",-0.329325053554668,27,"Sequencing","FGD3"
"SC1_27.259",0.727877099307528,27,"Sequencing","FBP1"
"SC1_27.260",0.798731137902072,27,"Sequencing","GAS2L1P2"
"SC1_27.261",0.913678412735575,27,"Sequencing","GRIN3A"
"SC1_27.262",1.87155754632656,27,"Sequencing","PPP3R2"
"SC1_27.263",-0.792549566976316,27,"Sequencing","LINC01505"
"SC1_27.264",0.548178235437201,27,"Sequencing","BRINP1"
"SC1_27.265",-0.356738391612355,27,"Sequencing","GPR21"
"SC1_27.266",-0.770467930127978,27,"Sequencing","MIR181A2HG"
"SC1_27.267",1.61961303483917,27,"Sequencing","IER5L"
"SC1_27.268",0.607537715135498,27,"Sequencing","C9orf50"
"SC1_27.269",0.710993016455192,27,"Sequencing","NACC2"
"SC1_27.270",0.821815417171349,27,"Sequencing","GRIN1"
"SC1_27.271",0.882938929180675,27,"Sequencing","TH"
"SC1_27.272",0.340485995969568,27,"Sequencing","SPON1"
"SC1_27.273",0.63602316182428,27,"Sequencing","NCR3LG1"
"SC1_27.274",0.0697065041821359,27,"Sequencing","ENSG00000270607"
"SC1_27.275",0.561793055457199,27,"Sequencing","ENSG00000279675"
"SC1_27.276",0.5511962508023,27,"Sequencing","LRRC4C"
"SC1_27.277",1.21173816281594,27,"Sequencing","LINC02740"
"SC1_27.278",-0.787354306399743,27,"Sequencing","MS4A7"
"SC1_27.279",0.533670620330574,27,"Sequencing","MS4A14"
"SC1_27.280",-0.0804933614879679,27,"Sequencing","MS4A1"
"SC1_27.281",0.0139971899164116,27,"Sequencing","MIR6746"
"SC1_27.282",1.42160482471576,27,"Sequencing","KCNK4"
"SC1_27.283",1.29539874508531,27,"Sequencing","ENSG00000257069"
"SC1_27.284",1.15018724343601,27,"Sequencing","CATSPERZ"
"SC1_27.285",0.684502588490648,27,"Sequencing","SHANK2-AS1"
"SC1_27.286",0.600700884560536,27,"Sequencing","ARHGEF17"
"SC1_27.287",-1.10547241445073,27,"Sequencing","GRM5"
"SC1_27.288",0.120476396885833,27,"Sequencing","MMP10"
"SC1_27.289",0.91478547816599,27,"Sequencing","MMP1"
"SC1_27.290",0.536928695412893,27,"Sequencing","PDGFD"
"SC1_27.291",0.341970275674959,27,"Sequencing","C11orf87"
"SC1_27.292",0.518790501632881,27,"Sequencing","ARHGAP20"
"SC1_27.293",-0.177037748430777,27,"Sequencing","LAYN"
"SC1_27.294",0.670880095830274,27,"Sequencing","SCN2B"
"SC1_27.295",0.992393239266826,27,"Sequencing","ABCG4"
"SC1_27.296",-0.139910341723457,27,"Sequencing","TRIM29"
"SC1_27.297",0.177759128446675,27,"Sequencing","MIR100HG"
"SC1_27.298",0.445070684596194,27,"Sequencing","MIR125B1"
"SC1_27.299",2.39506381059621,27,"Sequencing","ENSG00000238117"
"SC1_27.300",-0.466983028070841,27,"Sequencing","LINC02714"
"SC1_27.301",0.89639708916974,27,"Sequencing","LINC00707"
"SC1_27.302",0.932569415479849,27,"Sequencing","SFMBT2"
"SC1_27.303",1.09391304040658,27,"Sequencing","ARMC3"
"SC1_27.304",1.64915449453544,27,"Sequencing","MKX"
"SC1_27.305",0.808847488797205,27,"Sequencing","FZD8"
"SC1_27.306",0.778264260802905,27,"Sequencing","MIR4683"
"SC1_27.307",0.0274032929909177,27,"Sequencing","ANXA8L1"
"SC1_27.308",0.281666351732576,27,"Sequencing","LRRTM3"
"SC1_27.309",0.361997456843917,27,"Sequencing","TLL2"
"SC1_27.310",0.685354100348469,27,"Sequencing","SORCS1"
"SC1_27.311",0.804975489257091,27,"Sequencing","CHST15"
"SC1_27.312",0.886782803507157,27,"Sequencing","PTPRE"
"SC1_27.313",1.01988747083551,27,"Sequencing","JAKMIP3"
"SC1_27.314",-0.583293727866398,27,"Sequencing","ENSG00000249695"
"SC1_27.315",0.739249951306874,27,"Sequencing","GRIN2B"
"SC1_27.316",-0.268496032185033,27,"Sequencing","RERG"
"SC1_27.317",0.96168897941247,27,"Sequencing","PTHLH"
"SC1_27.318",-0.0200023206416845,27,"Sequencing","PDZRN4"
"SC1_27.319",0.498687995926202,27,"Sequencing","TMEM117"
"SC1_27.320",0.62164373441453,27,"Sequencing","ENSG00000258101"
"SC1_27.321",0.353207178331939,27,"Sequencing","KRT18"
"SC1_27.322",1.00721441597502,27,"Sequencing","TAFA2"
"SC1_27.323",-0.713731465041749,27,"Sequencing","LINC02458"
"SC1_27.324",0.239423435726514,27,"Sequencing","NTN4"
"SC1_27.325",-0.161782506865857,27,"Sequencing","SLC17A8"
"SC1_27.326",1.18769774245251,27,"Sequencing","ENSG00000257548"
"SC1_27.327",0.00764814036476355,27,"Sequencing","TMEM233"
"SC1_27.328",1.04145108112023,27,"Sequencing","MIR1178"
"SC1_27.329",2.24806280222138,27,"Sequencing","ENSG00000280381"
"SC1_27.330",0.43258794189707,27,"Sequencing","TMEM132D"
"SC1_27.331",1.17879761817897,27,"Sequencing","LINC02340"
"SC1_27.332",0.840616484789241,27,"Sequencing","FLT3"
"SC1_27.333",0.959357616018452,27,"Sequencing","STOML3"
"SC1_27.334",-0.250016319663779,27,"Sequencing","KCTD4"
"SC1_27.335",0.0249440397384152,27,"Sequencing","ENSG00000278727"
"SC1_27.336",-0.502463375938489,27,"Sequencing","SLITRK6"
"SC1_27.337",0.739996589431399,27,"Sequencing","ENSG00000232636"
"SC1_27.338",0.298372780080733,27,"Sequencing","MIR4500HG"
"SC1_27.339",0.810815293383809,27,"Sequencing","COL4A2"
"SC1_27.340",0.554012406768272,27,"Sequencing","NPAS3"
"SC1_27.341",1.02395649381869,27,"Sequencing","ENSG00000258636"
"SC1_27.342",0.610131438769015,27,"Sequencing","LRFN5"
"SC1_27.343",0.671409669776015,27,"Sequencing","MDGA2"
"SC1_27.344",0.828269535062281,27,"Sequencing","PTGER2"
"SC1_27.345",1.89354564443225,27,"Sequencing","LGALS3"
"SC1_27.346",0.558868790143206,27,"Sequencing","SYT16"
"SC1_27.347",0.576793795778414,27,"Sequencing","KCNH5"
"SC1_27.348",0.447474357137681,27,"Sequencing","TMEM229B"
"SC1_27.349",1.98180986463453,27,"Sequencing","ENSG00000258422"
"SC1_27.350",0.906569800028965,27,"Sequencing","FOS"
"SC1_27.351",0.742711773818007,27,"Sequencing","NRXN3"
"SC1_27.352",1.41657658898227,27,"Sequencing","ENSG00000258419"
"SC1_27.353",-0.547041178654475,27,"Sequencing","TSHR"
"SC1_27.354",2.13708272929517,27,"Sequencing","MEG8"
"SC1_27.355",2.13298921467033,27,"Sequencing","DIO3"
"SC1_27.356",1.23235754936373,27,"Sequencing","ENSG00000260780"
"SC1_27.357",0.180771016740866,27,"Sequencing","SNORD116-18"
"SC1_27.358",1.10493768938187,27,"Sequencing","SNORD115-1"
"SC1_27.359",0.603672875517853,27,"Sequencing","SNORD115-46"
"SC1_27.360",0.494418480747319,27,"Sequencing","GABRA5"
"SC1_27.361",0.270488896582016,27,"Sequencing","GJD2"
"SC1_27.362",0.324626237634818,27,"Sequencing","MEIS2"
"SC1_27.363",0.406887720300798,27,"Sequencing","ENSG00000276121"
"SC1_27.364",-0.918689074394489,27,"Sequencing","FGF7"
"SC1_27.365",0.536226297867948,27,"Sequencing","LYSMD2"
"SC1_27.366",0.538554362588229,27,"Sequencing","THSD4"
"SC1_27.367",0.323404226843717,27,"Sequencing","ENSG00000275120"
"SC1_27.368",0.289126489660324,27,"Sequencing","ENSG00000276278"
"SC1_27.369",0.344419073331481,27,"Sequencing","PLIN1"
"SC1_27.370",0.654054085928587,27,"Sequencing","ENSG00000260337"
"SC1_27.371",0.340962165066454,27,"Sequencing","FAM169B"
"SC1_27.372",0.469774674997562,27,"Sequencing","ADAMTS17"
"SC1_27.373",1.22132088742073,27,"Sequencing","TNFRSF12A"
"SC1_27.374",-0.274645138864502,27,"Sequencing","ENSG00000262668"
"SC1_27.375",-0.0873161091385392,27,"Sequencing","GRIN2A"
"SC1_27.376",0.555756753870866,27,"Sequencing","SOCS1"
"SC1_27.377",0.428547233122427,27,"Sequencing","ENSG00000262801"
"SC1_27.378",-0.687813688159642,27,"Sequencing","ENSG00000262267"
"SC1_27.379",0.63132624513698,27,"Sequencing","TMC5"
"SC1_27.380",0.75668161547651,27,"Sequencing","RNU4-46P"
"SC1_27.381",0.088502483223511,27,"Sequencing","HS3ST4"
"SC1_27.382",0.941586623585148,27,"Sequencing","ENSG00000283662"
"SC1_27.383",0.539165969470001,27,"Sequencing","LPCAT2"
"SC1_27.384",0.25431286834238,27,"Sequencing","MT3"
"SC1_27.385",0.456292690562257,27,"Sequencing","CDH8"
"SC1_27.386",1.43218748636054,27,"Sequencing","ENSG00000260600"
"SC1_27.387",0.784371711055055,27,"Sequencing","ENSG00000231589"
"SC1_27.388",0.525597037283033,27,"Sequencing","HSF4"
"SC1_27.389",1.37477557644501,27,"Sequencing","ENSG00000262691"
"SC1_27.390",0.312938580488935,27,"Sequencing","ENSG00000260577"
"SC1_27.391",0.77249372494772,27,"Sequencing","HAS3"
"SC1_27.392",0.0406134595948597,27,"Sequencing","HPR"
"SC1_27.393",0.0780446590518145,27,"Sequencing","ENSG00000277954"
"SC1_27.394",-0.0497076397281693,27,"Sequencing","ENSG00000261722"
"SC1_27.395",0.482680191618106,27,"Sequencing","MAF"
"SC1_27.396",-0.292108795994408,27,"Sequencing","ENSG00000277214"
"SC1_27.397",0.147039321245728,27,"Sequencing","ENSG00000278058"
"SC1_27.398",1.59649085009738,27,"Sequencing","HSD17B2"
"SC1_27.399",0.259677636723401,27,"Sequencing","ATP2C2"
"SC1_27.400",-0.204349081387263,27,"Sequencing","ENSG00000260279"
"SC1_27.401",-0.27761330145145,27,"Sequencing","SERPINF2"
"SC1_27.402",-0.0332915212313636,27,"Sequencing","GUCY2D"
"SC1_27.403",0.938251219513853,27,"Sequencing","ENSG00000279174"
"SC1_27.404",0.0448234304809221,27,"Sequencing","LINC00670"
"SC1_27.405",0.889367299851472,27,"Sequencing","ASIC2"
"SC1_27.406",0.176310063067369,27,"Sequencing","PLXDC1"
"SC1_27.407",0.760763957191268,27,"Sequencing","HAP1"
"SC1_27.408",1.90957728953971,27,"Sequencing","ENSG00000276851"
"SC1_27.409",0.43933620450274,27,"Sequencing","CA10"
"SC1_27.410",0.794647805880708,27,"Sequencing","NOG"
"SC1_27.411",0.367291500009752,27,"Sequencing","TRIM25"
"SC1_27.412",0.778199648505439,27,"Sequencing","PRKCA"
"SC1_27.413",-0.155172568735882,27,"Sequencing","KCNJ2-AS1"
"SC1_27.414",0.235753462892524,27,"Sequencing","KCNJ2"
"SC1_27.415",1.32453846831977,27,"Sequencing","ENSG00000276863"
"SC1_27.416",1.57700748582665,27,"Sequencing","ENSG00000263606"
"SC1_27.417",0.62014489761599,27,"Sequencing","LDLRAD4"
"SC1_27.418",-0.595323896260685,27,"Sequencing","RN7SL362P"
"SC1_27.419",-0.17908871190733,27,"Sequencing","CHST9"
"SC1_27.420",0.488608981692421,27,"Sequencing","GAREM1"
"SC1_27.421",0.033730006030801,27,"Sequencing","RIT2"
"SC1_27.422",0.208391187419812,27,"Sequencing","PSTPIP2"
"SC1_27.423",-0.094131823847349,27,"Sequencing","RAB27B"
"SC1_27.424",1.83816565941472,27,"Sequencing","SERPINB2"
"SC1_27.425",1.9815771868572,27,"Sequencing","SERPINB10"
"SC1_27.426",0.722113358156436,27,"Sequencing","LINC00305"
"SC1_27.427",0.686907428111463,27,"Sequencing","CDH7"
"SC1_27.428",1.46507998426319,27,"Sequencing","ENSG00000263720"
"SC1_27.429",1.15145859961113,27,"Sequencing","CBLN2"
"SC1_27.430",0.0108834585057968,27,"Sequencing","LINC01896"
"SC1_27.431",0.841779141542804,27,"Sequencing","SALL3"
"SC1_27.432",-0.050399126186506,27,"Sequencing","PDYN"
"SC1_27.433",1.50415195114105,27,"Sequencing","TGM3"
"SC1_27.434",0.899281374775231,27,"Sequencing","EBF4"
"SC1_27.435",0.257595395257051,27,"Sequencing","SLC24A3"
"SC1_27.436",-0.0271098025237403,27,"Sequencing","ANKRD20A21P"
"SC1_27.437",0.731588122107226,27,"Sequencing","MAFB"
"SC1_27.438",0.897822896629505,27,"Sequencing","PTPRT"
"SC1_27.439",0.954334735465423,27,"Sequencing","ENSG00000233508"
"SC1_27.440",0.626515207211111,27,"Sequencing","SYCP2"
"SC1_27.441",1.60979278962234,27,"Sequencing","CDH4"
"SC1_27.442",0.441866451528513,27,"Sequencing","MIR1-1HG-AS1"
"SC1_27.443",1.31178427225213,27,"Sequencing","THEG"
"SC1_27.444",0.948197274868345,27,"Sequencing","SBNO2"
"SC1_27.445",0.10982974032091,27,"Sequencing","ZNF556"
"SC1_27.446",-0.924997337525148,27,"Sequencing","FUT3"
"SC1_27.447",1.23454048391265,27,"Sequencing","JUNB"
"SC1_27.448",0.738427703489802,27,"Sequencing","NANOS3"
"SC1_27.449",0.596677333115691,27,"Sequencing","IL27RA"
"SC1_27.450",0.774710322948092,27,"Sequencing","WTIP"
"SC1_27.451",1.05825070225489,27,"Sequencing","CYP2A13"
"SC1_27.452",0.869101939114138,27,"Sequencing","BCL3"
"SC1_27.453",-0.174431410713126,27,"Sequencing","GFY"
"SC1_27.454",0.296968185912006,27,"Sequencing","HAS1"
"SC1_27.455",2.11239191744533,27,"Sequencing","MIR935"
"SC1_27.456",0.605189975366046,27,"Sequencing","LINC01864"
"SC1_27.457",-0.507691101720057,27,"Sequencing","ZSCAN4"
"SC1_27.458",0.701170482980471,27,"Sequencing","LINC01638"
"SC1_27.459",0.579508619517195,27,"Sequencing","C22orf42"
"SC1_27.460",0.918202077484557,27,"Sequencing","CACNA1I"
"SC1_27.461",0.719262132047701,27,"Sequencing","NFAM1"
"SC1_27.462",0.581966637428153,27,"Sequencing","ENSG00000230107"
"SC1_27.463",0.737932553740396,27,"Sequencing","SHISAL1"
"SC1_27.464",0.509279322855857,27,"Sequencing","NCAM2"
"SC1_27.465",0.856158259746052,27,"Sequencing","ADAMTS1"
"SC1_27.466",1.02944625514729,27,"Sequencing","RUNX1"
"SC1_27.467",0.273314767391501,27,"Sequencing","PCP4"
"SC1_27.468",0.968374387324757,27,"Sequencing","COL18A1"
"SC2_27",0.384241976067355,27,"Sequencing","CHD5"
"SC2_27.1",1.34528564895028,27,"Sequencing","UTS2"
"SC2_27.2",1.44272642201992,27,"Sequencing","TNFRSF9"
"SC2_27.3",0.883794085425068,27,"Sequencing","FBXO6"
"SC2_27.4",0.579481117223752,27,"Sequencing","NBL1"
"SC2_27.5",0.246662913339463,27,"Sequencing","WNT4"
"SC2_27.6",0.74358431459756,27,"Sequencing","IFNLR1"
"SC2_27.7",0.152386410962773,27,"Sequencing","CSMD2"
"SC2_27.8",0.498704334394386,27,"Sequencing","HPCAL4"
"SC2_27.9",0.587626054760897,27,"Sequencing","FAAH"
"SC2_27.10",-0.557991820817322,27,"Sequencing","SLC25A3P1"
"SC2_27.11",0.936640421257785,27,"Sequencing","PTGER3"
"SC2_27.12",1.05583041873394,27,"Sequencing","ENSG00000269933"
"SC2_27.13",0.99918103338944,27,"Sequencing","PTGFR"
"SC2_27.14",0.0461854250424487,27,"Sequencing","ST13P20"
"SC2_27.15",0.172674615595326,27,"Sequencing","SAMD13"
"SC2_27.16",1.30710140976983,27,"Sequencing","UOX"
"SC2_27.17",0.425875130585518,27,"Sequencing","ENSG00000280099"
"SC2_27.18",0.560461050773031,27,"Sequencing","PLPPR4"
"SC2_27.19",-0.271775942073522,27,"Sequencing","C1orf194"
"SC2_27.20",0.4679085054395,27,"Sequencing","SLC6A17"
"SC2_27.21",0.820631935667092,27,"Sequencing","ENSG00000224950"
"SC2_27.22",1.60310829259498,27,"Sequencing","ECM1"
"SC2_27.23",1.67183582013315,27,"Sequencing","S100A3"
"SC2_27.24",0.383532395280419,27,"Sequencing","FMO2"
"SC2_27.25",1.02622564847049,27,"Sequencing","SLC9C2"
"SC2_27.26",0.469150381221737,27,"Sequencing","TNR"
"SC2_27.27",0.725802670287232,27,"Sequencing","CACNA1E"
"SC2_27.28",0.471499997820039,27,"Sequencing","BRINP3"
"SC2_27.29",0.516842821594642,27,"Sequencing","LINC01351"
"SC2_27.30",0.271843999506785,27,"Sequencing","ENSG00000241505"
"SC2_27.31",0.815893183029487,27,"Sequencing","ATP2B4"
"SC2_27.32",-1.00779895422295,27,"Sequencing","ENSG00000236846"
"SC2_27.33",-0.431563031299898,27,"Sequencing","LEFTY1"
"SC2_27.34",0.439112817216071,27,"Sequencing","MAP3K21"
"SC2_27.35",1.13338804379634,27,"Sequencing","CHRM3"
"SC2_27.36",0.476923266243635,27,"Sequencing","PLD5"
"SC2_27.37",-0.502114215333283,27,"Sequencing","ENSG00000229727"
"SC2_27.38",0.603095913058371,27,"Sequencing","HPCAL1"
"SC2_27.39",0.970559149440967,27,"Sequencing","ENSG00000225649"
"SC2_27.40",0.272659143537947,27,"Sequencing","POMC"
"SC2_27.41",0.572865887603268,27,"Sequencing","KCNK12"
"SC2_27.42",1.14101348133714,27,"Sequencing","SFXN5"
"SC2_27.43",0.5196125694702,27,"Sequencing","CD8B"
"SC2_27.44",-0.0903270496607861,27,"Sequencing","ANAPC1P1"
"SC2_27.45",1.33674149196131,27,"Sequencing","CYTOR"
"SC2_27.46",2.09143531103733,27,"Sequencing","IL1R1"
"SC2_27.47",0.235350528813245,27,"Sequencing","LINC01123"
"SC2_27.48",1.43842538831449,27,"Sequencing","MIR4435-2HG"
"SC2_27.49",-1.1212277681489,27,"Sequencing","SCTR"
"SC2_27.50",0.347796451036915,27,"Sequencing","ENSG00000228400"
"SC2_27.51",1.07311496757035,27,"Sequencing","LINC01854"
"SC2_27.52",0.599481621358235,27,"Sequencing","CCDC74B"
"SC2_27.53",-0.162224050444655,27,"Sequencing","SMIM39"
"SC2_27.54",0.246118319071795,27,"Sequencing","CCDC74A"
"SC2_27.55",1.06525365873931,27,"Sequencing","LYPD1"
"SC2_27.56",0.241106134179387,27,"Sequencing","KCNJ3"
"SC2_27.57",1.00979764354007,27,"Sequencing","PLA2R1"
"SC2_27.58",0.323423110864355,27,"Sequencing","SCN1A"
"SC2_27.59",0.615447004853588,27,"Sequencing","C2orf88"
"SC2_27.60",0.755691129090418,27,"Sequencing","MSTN"
"SC2_27.61",0.501902498178756,27,"Sequencing","NYAP2"
"SC2_27.62",0.255431407367907,27,"Sequencing","ENSG00000273301"
"SC2_27.63",0.735564971173191,27,"Sequencing","ECEL1"
"SC2_27.64",0.78425289762825,27,"Sequencing","RAMP1"
"SC2_27.65",0.447040287141576,27,"Sequencing","CNTN6"
"SC2_27.66",0.726963112949867,27,"Sequencing","GRM7"
"SC2_27.67",0.684534865955093,27,"Sequencing","IRAK2"
"SC2_27.68",0.791424462092274,27,"Sequencing","SYN2"
"SC2_27.69",0.435454131406361,27,"Sequencing","GRIP2"
"SC2_27.70",0.371753102343037,27,"Sequencing","ARPP21"
"SC2_27.71",1.29357845516837,27,"Sequencing","DCLK3"
"SC2_27.72",0.200668105675567,27,"Sequencing","CCK"
"SC2_27.73",0.67375644910203,27,"Sequencing","IL17RB"
"SC2_27.74",0.78337745922006,27,"Sequencing","CACNA2D3"
"SC2_27.75",1.36077728400382,27,"Sequencing","DNAH12"
"SC2_27.76",1.42797875010177,27,"Sequencing","CNTN3"
"SC2_27.77",0.350503793432196,27,"Sequencing","EPHA6"
"SC2_27.78",0.275169416729498,27,"Sequencing","ENSG00000261292"
"SC2_27.79",-1.06990421198635,27,"Sequencing","ENSG00000239482"
"SC2_27.80",1.20281404872547,27,"Sequencing","ENSG00000251012"
"SC2_27.81",0.884183892105199,27,"Sequencing","UPK1B"
"SC2_27.82",0.40184201211914,27,"Sequencing","ADCY5"
"SC2_27.83",0.775151471738733,27,"Sequencing","TRH"
"SC2_27.84",0.821080421531991,27,"Sequencing","COL6A4P2"
"SC2_27.85",1.18487021193943,27,"Sequencing","ZBTB38"
"SC2_27.86",1.44219843256604,27,"Sequencing","PCOLCE2"
"SC2_27.87",-0.232998720220533,27,"Sequencing","CPB1"
"SC2_27.88",0.316910706055364,27,"Sequencing","IQCJ"
"SC2_27.89",0.0666118522360974,27,"Sequencing","LINC01323"
"SC2_27.90",0.541929135777785,27,"Sequencing","LINC01324"
"SC2_27.91",0.585998936269149,27,"Sequencing","SLITRK3"
"SC2_27.92",0.582373250838469,27,"Sequencing","LINC01322"
"SC2_27.93",0.832307618583785,27,"Sequencing","BCL6"
"SC2_27.94",1.63411243361679,27,"Sequencing",NA
"SC2_27.95",1.05222891244761,27,"Sequencing","IL1RAP"
"SC2_27.96",1.38273812818414,27,"Sequencing","UTS2B"
"SC2_27.97",-0.416088362595463,27,"Sequencing","ZDHHC19"
"SC2_27.98",-0.4560335696881,27,"Sequencing","RPSAP69"
"SC2_27.99",-0.618743769116009,27,"Sequencing","ENSG00000227189"
"SC2_27.100",0.465585439487944,27,"Sequencing","ENSG00000284727"
"SC2_27.101",0.659140730418516,27,"Sequencing","MSX1"
"SC2_27.102",-0.0718605881705666,27,"Sequencing","GBA3"
"SC2_27.103",1.25024130854295,27,"Sequencing","CCKAR"
"SC2_27.104",0.727930075602088,27,"Sequencing","PCDH7"
"SC2_27.105",-0.135241997467132,27,"Sequencing","LINC02513"
"SC2_27.106",0.757251206888025,27,"Sequencing","ENSG00000260878"
"SC2_27.107",0.785033370663461,27,"Sequencing","GABRA2"
"SC2_27.108",0.974719829208011,27,"Sequencing","ENSG00000249330"
"SC2_27.109",0.787540234528973,27,"Sequencing","GABRB1"
"SC2_27.110",0.748140159040535,27,"Sequencing","ENSG00000260918"
"SC2_27.111",1.66050162454485,27,"Sequencing","ADAMTS3"
"SC2_27.112",-0.507666648404934,27,"Sequencing","BTC"
"SC2_27.113",0.864072382123952,27,"Sequencing","FGF5"
"SC2_27.114",0.429472421580374,27,"Sequencing","SCD5"
"SC2_27.115",-0.398032323440545,27,"Sequencing","NPNT"
"SC2_27.116",0.907724417417684,27,"Sequencing","CAMK2D"
"SC2_27.117",0.82451191364084,27,"Sequencing","PDE5A"
"SC2_27.118",1.1404145581526,27,"Sequencing","PCDH18"
"SC2_27.119",0.721829418233271,27,"Sequencing","ENSG00000250777"
"SC2_27.120",0.643204007316001,27,"Sequencing","FREM3"
"SC2_27.121",0.976385221323435,27,"Sequencing","TTC29"
"SC2_27.122",-0.226073390574117,27,"Sequencing",NA
"SC2_27.123",1.12571901856279,27,"Sequencing","GUCY1A1"
"SC2_27.124",1.35265927401067,27,"Sequencing","ENSG00000260244"
"SC2_27.125",-0.412500311614941,27,"Sequencing","PDGFC"
"SC2_27.126",0.394040792368532,27,"Sequencing","FSTL5"
"SC2_27.127",1.06861951757971,27,"Sequencing","ENSG00000250027"
"SC2_27.128",0.311944940007981,27,"Sequencing","NPY1R"
"SC2_27.129",0.409379435913162,27,"Sequencing","NPY5R"
"SC2_27.130",0.527944664517543,27,"Sequencing","GALNTL6"
"SC2_27.131",0.588905694241761,27,"Sequencing","GLRA3"
"SC2_27.132",0.223936059324399,27,"Sequencing","ADAM29"
"SC2_27.133",0.64035825223576,27,"Sequencing","MTNR1A"
"SC2_27.134",0.253931847422619,27,"Sequencing","RANBP3L"
"SC2_27.135",1.07096998303718,27,"Sequencing","LIFR"
"SC2_27.136",0.825802852490792,27,"Sequencing","PTGER4"
"SC2_27.137",1.01510238036851,27,"Sequencing","GHR"
"SC2_27.138",2.26279319936935,27,"Sequencing","ESM1"
"SC2_27.139",0.815979481771943,27,"Sequencing","IL6ST"
"SC2_27.140",0.530435945817428,27,"Sequencing","RGS7BP"
"SC2_27.141",-0.109965894607501,27,"Sequencing","LINC02197"
"SC2_27.142",0.511951226505631,27,"Sequencing","SV2C"
"SC2_27.143",0.351593929075949,27,"Sequencing","MEF2C"
"SC2_27.144",0.49648236194748,27,"Sequencing","EGR1"
"SC2_27.145",0.964652093774061,27,"Sequencing","NR3C1"
"SC2_27.146",0.907619529494252,27,"Sequencing","GRIA1"
"SC2_27.147",1.10785541334987,27,"Sequencing","ENSG00000249738"
"SC2_27.148",2.8622538175166,27,"Sequencing","IL12B"
"SC2_27.149",0.636561477454431,27,"Sequencing","GABRB2"
"SC2_27.150",1.18896157919004,27,"Sequencing","GABRA1"
"SC2_27.151",0.709148003265497,27,"Sequencing","GABRG2"
"SC2_27.152",0.548705810992182,27,"Sequencing","F12"
"SC2_27.153",0.479152981687003,27,"Sequencing","PRR7-AS1"
"SC2_27.154",0.337320225150677,27,"Sequencing","TRIM7"
"SC2_27.155",0.697015115491798,27,"Sequencing","CD83"
"SC2_27.156",0.399661999179694,27,"Sequencing","RBM24"
"SC2_27.157",1.55959093640866,27,"Sequencing","RNF144B"
"SC2_27.158",-0.168049004440897,27,"Sequencing","DCDC2"
"SC2_27.159",1.51865681436431,27,"Sequencing","SLC17A2"
"SC2_27.160",0.512889076161355,27,"Sequencing","BTN3A1"
"SC2_27.161",0.600730418273051,27,"Sequencing","RN7SL471P"
"SC2_27.162",0.909129146798006,27,"Sequencing","TRIM31-AS1"
"SC2_27.163",1.15302113706475,27,"Sequencing","HLA-DRB5"
"SC2_27.164",0.751970921943349,27,"Sequencing","TAP1"
"SC2_27.165",0.594355790404961,27,"Sequencing","CLIC5"
"SC2_27.166",0.961501432766053,27,"Sequencing","RCAN2"
"SC2_27.167",1.13362307571097,27,"Sequencing","TENT5A"
"SC2_27.168",-0.536905866354114,27,"Sequencing","TBX18"
"SC2_27.169",1.32785764041596,27,"Sequencing","GJA10"
"SC2_27.170",0.0716945094060308,27,"Sequencing","FAM162B"
"SC2_27.171",-0.820048432378232,27,"Sequencing","RFX6"
"SC2_27.172",0.825754453595121,27,"Sequencing","NKAIN2"
"SC2_27.173",0.134764104946408,27,"Sequencing","ENSG00000237321"
"SC2_27.174",0.385341683268808,27,"Sequencing","MOXD1"
"SC2_27.175",0.390434850534011,27,"Sequencing","MAP7"
"SC2_27.176",0.456792546431755,27,"Sequencing","STXBP5-AS1"
"SC2_27.177",0.599632342380671,27,"Sequencing","MYCT1"
"SC2_27.178",1.06419253622107,27,"Sequencing","ENSG00000232529"
"SC2_27.179",0.0866556766428846,27,"Sequencing","LPA"
"SC2_27.180",-1.03731856968338,27,"Sequencing","LINC02538"
"SC2_27.181",-1.04931738640325,27,"Sequencing","ENSG00000235994"
"SC2_27.182",-0.855069799786015,27,"Sequencing","KIF25"
"SC2_27.183",0.460533320024175,27,"Sequencing","ENSG00000234647"
"SC2_27.184",0.485886031209463,27,"Sequencing","SMOC2"
"SC2_27.185",0.901158040333573,27,"Sequencing","NXPH1"
"SC2_27.186",0.612166570460291,27,"Sequencing","GALNT17"
"SC2_27.187",0.664159146208579,27,"Sequencing","CALN1"
"SC2_27.188",0.840463694224963,27,"Sequencing","CD36"
"SC2_27.189",0.484839813123128,27,"Sequencing","GRM3"
"SC2_27.190",1.08317894607466,27,"Sequencing","TAC1"
"SC2_27.191",-0.270471392756138,27,"Sequencing","AZGP1"
"SC2_27.192",0.899731142682153,27,"Sequencing","VGF"
"SC2_27.193",0.505241604974195,27,"Sequencing","LHFPL3"
"SC2_27.194",1.12568237226694,27,"Sequencing","TMEM229A"
"SC2_27.195",0.130931503585501,27,"Sequencing","ENSG00000279419"
"SC2_27.196",0.681105486455015,27,"Sequencing","CHRM2"
"SC2_27.197",0.952750635386162,27,"Sequencing","CRLF2"
"SC2_27.198",0.277430191744969,27,"Sequencing","ADGRG2"
"SC2_27.199",1.1941001723571,27,"Sequencing","MAP7D2"
"SC2_27.200",0.165801936380709,27,"Sequencing","ENSG00000283400"
"SC2_27.201",0.88330453558366,27,"Sequencing","PTCHD1"
"SC2_27.202",0.602198266942798,27,"Sequencing","IL1RAPL1"
"SC2_27.203",0.517444719941508,27,"Sequencing","DMD"
"SC2_27.204",-0.0934692236949159,27,"Sequencing","ERAS"
"SC2_27.205",-0.469463957328504,27,"Sequencing","MAGED4"
"SC2_27.206",1.09032667581651,27,"Sequencing","PCDH11X"
"SC2_27.207",0.448312553512745,27,"Sequencing","TCEAL6"
"SC2_27.208",0.821612173967802,27,"Sequencing","RNF128"
"SC2_27.209",-0.478415806173798,27,"Sequencing","SERTM2"
"SC2_27.210",0.0897282322127612,27,"Sequencing","TRPC5"
"SC2_27.211",0.900390060965908,27,"Sequencing","IL13RA1"
"SC2_27.212",0.440755986362932,27,"Sequencing","SMIM10L2A"
"SC2_27.213",1.38036635806705,27,"Sequencing","ARHGEF6"
"SC2_27.214",0.858196762388177,27,"Sequencing","FGF13"
"SC2_27.215",0.412567949695848,27,"Sequencing","MCF2"
"SC2_27.216",0.752764782489161,27,"Sequencing","SLITRK2"
"SC2_27.217",-0.218566316540697,27,"Sequencing","GPR50"
"SC2_27.218",-0.762446651845831,27,"Sequencing","ENSG00000269993"
"SC2_27.219",0.326166343728812,27,"Sequencing","CSMD1"
"SC2_27.220",0.816001059293493,27,"Sequencing","ENSG00000284613"
"SC2_27.221",0.205450478465928,27,"Sequencing","LPL"
"SC2_27.222",0.180619143282753,27,"Sequencing","LGI3"
"SC2_27.223",1.58762673763383,27,"Sequencing","STC1"
"SC2_27.224",1.47725121316538,27,"Sequencing","ADAM28"
"SC2_27.225",1.34816207169599,27,"Sequencing","ENSG00000253888"
"SC2_27.226",-0.0323563339530339,27,"Sequencing","ENSG00000279099"
"SC2_27.227",1.2160309305797,27,"Sequencing","ENSG00000253746"
"SC2_27.228",1.56847255041045,27,"Sequencing","CHRNA6"
"SC2_27.229",0.271690669375108,27,"Sequencing","OPRK1"
"SC2_27.230",0.696674587214292,27,"Sequencing","ENSG00000254254"
"SC2_27.231",0.281587300719882,27,"Sequencing","TTPA"
"SC2_27.232",0.4994191924565,27,"Sequencing","SBSPON"
"SC2_27.233",1.10696456067617,27,"Sequencing","PI15"
"SC2_27.234",0.194754043244307,27,"Sequencing","IL7"
"SC2_27.235",1.12947249591967,27,"Sequencing","MATN2"
"SC2_27.236",0.707674581117482,27,"Sequencing","SPAG1"
"SC2_27.237",0.958899670461276,27,"Sequencing","ANGPT1"
"SC2_27.238",0.811880144714091,27,"Sequencing","RSPO2"
"SC2_27.239",1.43822265599408,27,"Sequencing","TRHR"
"SC2_27.240",0.831500847540194,27,"Sequencing","SNTB1"
"SC2_27.241",3.03125310052561,27,"Sequencing","ENSG00000244791"
"SC2_27.242",0.78685142254002,27,"Sequencing","ADCY8"
"SC2_27.243",-0.564673435734189,27,"Sequencing","ENSG00000253259"
"SC2_27.244",0.797903160099198,27,"Sequencing","ENSG00000253507"
"SC2_27.245",0.664259149505026,27,"Sequencing","KCNK9"
"SC2_27.246",0.724928909378764,27,"Sequencing","LY6H"
"SC2_27.247",1.04025917304375,27,"Sequencing","CD274"
"SC2_27.248",1.59018392625612,27,"Sequencing","ENSG00000226197"
"SC2_27.249",0.268830155872899,27,"Sequencing","ENSG00000225472"
"SC2_27.250",-0.382249175425672,27,"Sequencing","BNC2"
"SC2_27.251",0.763803385131438,27,"Sequencing","SLC24A2"
"SC2_27.252",-0.532252996126687,27,"Sequencing","ENSG00000260390"
"SC2_27.253",0.561500862553025,27,"Sequencing","ENSG00000260412"
"SC2_27.254",0.643919803129296,27,"Sequencing","LINGO2"
"SC2_27.255",1.25238823188503,27,"Sequencing","AQP3"
"SC2_27.256",0.81141603581496,27,"Sequencing","FAM189A2"
"SC2_27.257",0.508432293126035,27,"Sequencing","NTRK2"
"SC2_27.258",0.555612673602933,27,"Sequencing","FGD3"
"SC2_27.259",1.39714209600962,27,"Sequencing","FBP1"
"SC2_27.260",0.807398096511453,27,"Sequencing","GAS2L1P2"
"SC2_27.261",0.775062398220789,27,"Sequencing","GRIN3A"
"SC2_27.262",0.533857484248939,27,"Sequencing","PPP3R2"
"SC2_27.263",-0.528283935803712,27,"Sequencing","LINC01505"
"SC2_27.264",0.474573265161002,27,"Sequencing","BRINP1"
"SC2_27.265",0.234725031885236,27,"Sequencing","GPR21"
"SC2_27.266",-0.494035967249871,27,"Sequencing","MIR181A2HG"
"SC2_27.267",1.34601014381821,27,"Sequencing","IER5L"
"SC2_27.268",0.70702251788764,27,"Sequencing","C9orf50"
"SC2_27.269",0.697819683265608,27,"Sequencing","NACC2"
"SC2_27.270",0.022496967128254,27,"Sequencing","GRIN1"
"SC2_27.271",0.891393830910008,27,"Sequencing","TH"
"SC2_27.272",0.263824846435237,27,"Sequencing","SPON1"
"SC2_27.273",0.5525176354538,27,"Sequencing","NCR3LG1"
"SC2_27.274",0.503824490653063,27,"Sequencing","ENSG00000270607"
"SC2_27.275",0.423899016437856,27,"Sequencing","ENSG00000279675"
"SC2_27.276",0.544146871636681,27,"Sequencing","LRRC4C"
"SC2_27.277",0.433817142840827,27,"Sequencing","LINC02740"
"SC2_27.278",0.326503061996006,27,"Sequencing","MS4A7"
"SC2_27.279",1.7406870129896,27,"Sequencing","MS4A14"
"SC2_27.280",1.45081741346167,27,"Sequencing","MS4A1"
"SC2_27.281",-0.468094588147412,27,"Sequencing","MIR6746"
"SC2_27.282",0.671448283905064,27,"Sequencing","KCNK4"
"SC2_27.283",0.729907504222845,27,"Sequencing","ENSG00000257069"
"SC2_27.284",0.680020340976982,27,"Sequencing","CATSPERZ"
"SC2_27.285",1.05812033184715,27,"Sequencing","SHANK2-AS1"
"SC2_27.286",0.383780031880914,27,"Sequencing","ARHGEF17"
"SC2_27.287",-0.203879038574738,27,"Sequencing","GRM5"
"SC2_27.288",1.11988399031481,27,"Sequencing","MMP10"
"SC2_27.289",1.19345304461421,27,"Sequencing","MMP1"
"SC2_27.290",0.650621887182524,27,"Sequencing","PDGFD"
"SC2_27.291",0.422967488284639,27,"Sequencing","C11orf87"
"SC2_27.292",0.631595674300578,27,"Sequencing","ARHGAP20"
"SC2_27.293",0.418927496019903,27,"Sequencing","LAYN"
"SC2_27.294",0.578039950415588,27,"Sequencing","SCN2B"
"SC2_27.295",0.303873132831899,27,"Sequencing","ABCG4"
"SC2_27.296",0.773932620209915,27,"Sequencing","TRIM29"
"SC2_27.297",0.463322604514681,27,"Sequencing","MIR100HG"
"SC2_27.298",-0.673247368603352,27,"Sequencing","MIR125B1"
"SC2_27.299",1.33940212424252,27,"Sequencing","ENSG00000238117"
"SC2_27.300",0.780671325709297,27,"Sequencing","LINC02714"
"SC2_27.301",-0.406623352513827,27,"Sequencing","LINC00707"
"SC2_27.302",1.02018675130498,27,"Sequencing","SFMBT2"
"SC2_27.303",1.73276177825621,27,"Sequencing","ARMC3"
"SC2_27.304",0.73554457050803,27,"Sequencing","MKX"
"SC2_27.305",0.882417933248525,27,"Sequencing","FZD8"
"SC2_27.306",0.933475875855662,27,"Sequencing","MIR4683"
"SC2_27.307",-0.523040681780384,27,"Sequencing","ANXA8L1"
"SC2_27.308",0.632253460052221,27,"Sequencing","LRRTM3"
"SC2_27.309",1.0882216470396,27,"Sequencing","TLL2"
"SC2_27.310",0.760982088341936,27,"Sequencing","SORCS1"
"SC2_27.311",0.891205376268127,27,"Sequencing","CHST15"
"SC2_27.312",0.86778925138358,27,"Sequencing","PTPRE"
"SC2_27.313",0.457831622433273,27,"Sequencing","JAKMIP3"
"SC2_27.314",-0.290228074864679,27,"Sequencing","ENSG00000249695"
"SC2_27.315",0.535223868102985,27,"Sequencing","GRIN2B"
"SC2_27.316",0.679674379379119,27,"Sequencing","RERG"
"SC2_27.317",1.60074208593309,27,"Sequencing","PTHLH"
"SC2_27.318",0.563650786305797,27,"Sequencing","PDZRN4"
"SC2_27.319",0.887765827519224,27,"Sequencing","TMEM117"
"SC2_27.320",0.841327953621246,27,"Sequencing","ENSG00000258101"
"SC2_27.321",0.713484906837193,27,"Sequencing","KRT18"
"SC2_27.322",0.948417772924979,27,"Sequencing","TAFA2"
"SC2_27.323",0.0914449866623275,27,"Sequencing","LINC02458"
"SC2_27.324",0.447272630575326,27,"Sequencing","NTN4"
"SC2_27.325",0.831319377984294,27,"Sequencing","SLC17A8"
"SC2_27.326",2.11672107184616,27,"Sequencing","ENSG00000257548"
"SC2_27.327",-0.0867128121278759,27,"Sequencing","TMEM233"
"SC2_27.328",0.373891347041298,27,"Sequencing","MIR1178"
"SC2_27.329",-0.232839516204783,27,"Sequencing","ENSG00000280381"
"SC2_27.330",0.370695722679885,27,"Sequencing","TMEM132D"
"SC2_27.331",1.30247662917619,27,"Sequencing","LINC02340"
"SC2_27.332",0.57379554192178,27,"Sequencing","FLT3"
"SC2_27.333",-0.461588641961535,27,"Sequencing","STOML3"
"SC2_27.334",0.322038771877651,27,"Sequencing","KCTD4"
"SC2_27.335",-1.21731217212949,27,"Sequencing","ENSG00000278727"
"SC2_27.336",0.603785541039102,27,"Sequencing","SLITRK6"
"SC2_27.337",1.41780890486191,27,"Sequencing","ENSG00000232636"
"SC2_27.338",0.881071325925527,27,"Sequencing","MIR4500HG"
"SC2_27.339",1.02163330872125,27,"Sequencing","COL4A2"
"SC2_27.340",0.137296493963896,27,"Sequencing","NPAS3"
"SC2_27.341",0.744754644352241,27,"Sequencing","ENSG00000258636"
"SC2_27.342",0.574992986182817,27,"Sequencing","LRFN5"
"SC2_27.343",0.618781665462783,27,"Sequencing","MDGA2"
"SC2_27.344",0.631769014754267,27,"Sequencing","PTGER2"
"SC2_27.345",1.50084017806659,27,"Sequencing","LGALS3"
"SC2_27.346",0.667480483760017,27,"Sequencing","SYT16"
"SC2_27.347",0.865415602736149,27,"Sequencing","KCNH5"
"SC2_27.348",0.387878825101102,27,"Sequencing","TMEM229B"
"SC2_27.349",1.1336983943178,27,"Sequencing","ENSG00000258422"
"SC2_27.350",0.753178688726954,27,"Sequencing","FOS"
"SC2_27.351",0.790598722226638,27,"Sequencing","NRXN3"
"SC2_27.352",0.551095687528656,27,"Sequencing","ENSG00000258419"
"SC2_27.353",0.924529783257689,27,"Sequencing","TSHR"
"SC2_27.354",1.35493284080215,27,"Sequencing","MEG8"
"SC2_27.355",1.00870716348588,27,"Sequencing","DIO3"
"SC2_27.356",-0.605833323369094,27,"Sequencing","ENSG00000260780"
"SC2_27.357",-0.45133813165272,27,"Sequencing","SNORD116-18"
"SC2_27.358",-0.492866597894601,27,"Sequencing","SNORD115-1"
"SC2_27.359",0.563950687118845,27,"Sequencing","SNORD115-46"
"SC2_27.360",0.719452485298794,27,"Sequencing","GABRA5"
"SC2_27.361",0.666722925408857,27,"Sequencing","GJD2"
"SC2_27.362",0.43727479680339,27,"Sequencing","MEIS2"
"SC2_27.363",0.414225866056319,27,"Sequencing","ENSG00000276121"
"SC2_27.364",-0.528522617859687,27,"Sequencing","FGF7"
"SC2_27.365",0.623559367898763,27,"Sequencing","LYSMD2"
"SC2_27.366",0.567615929078756,27,"Sequencing","THSD4"
"SC2_27.367",0.460419106524006,27,"Sequencing","ENSG00000275120"
"SC2_27.368",0.0622430882166169,27,"Sequencing","ENSG00000276278"
"SC2_27.369",0.489471775691602,27,"Sequencing","PLIN1"
"SC2_27.370",-0.174975513107227,27,"Sequencing","ENSG00000260337"
"SC2_27.371",1.564064017929,27,"Sequencing","FAM169B"
"SC2_27.372",-0.140624220536661,27,"Sequencing","ADAMTS17"
"SC2_27.373",1.18594278157843,27,"Sequencing","TNFRSF12A"
"SC2_27.374",1.12504205142603,27,"Sequencing","ENSG00000262668"
"SC2_27.375",0.0810519121214886,27,"Sequencing","GRIN2A"
"SC2_27.376",0.910460699886001,27,"Sequencing","SOCS1"
"SC2_27.377",0.0400546392980107,27,"Sequencing","ENSG00000262801"
"SC2_27.378",1.16306581549734,27,"Sequencing","ENSG00000262267"
"SC2_27.379",0.720663346120445,27,"Sequencing","TMC5"
"SC2_27.380",0.590001287039181,27,"Sequencing","RNU4-46P"
"SC2_27.381",0.605129290683774,27,"Sequencing","HS3ST4"
"SC2_27.382",-0.00579591657409211,27,"Sequencing","ENSG00000283662"
"SC2_27.383",0.547392339664006,27,"Sequencing","LPCAT2"
"SC2_27.384",0.518848715740891,27,"Sequencing","MT3"
"SC2_27.385",0.654244422448811,27,"Sequencing","CDH8"
"SC2_27.386",-0.251156974020745,27,"Sequencing","ENSG00000260600"
"SC2_27.387",1.18963562537124,27,"Sequencing","ENSG00000231589"
"SC2_27.388",0.269783681066902,27,"Sequencing","HSF4"
"SC2_27.389",-0.545788338527877,27,"Sequencing","ENSG00000262691"
"SC2_27.390",0.486825464350042,27,"Sequencing","ENSG00000260577"
"SC2_27.391",1.14358119759672,27,"Sequencing","HAS3"
"SC2_27.392",1.42089055500275,27,"Sequencing","HPR"
"SC2_27.393",-0.0132443396292931,27,"Sequencing","ENSG00000277954"
"SC2_27.394",0.0132647842840615,27,"Sequencing","ENSG00000261722"
"SC2_27.395",-0.0740418626158018,27,"Sequencing","MAF"
"SC2_27.396",0.655222102949752,27,"Sequencing","ENSG00000277214"
"SC2_27.397",-0.17040473464615,27,"Sequencing","ENSG00000278058"
"SC2_27.398",1.00710519959559,27,"Sequencing","HSD17B2"
"SC2_27.399",-1.02812453795089,27,"Sequencing","ATP2C2"
"SC2_27.400",0.890386938497231,27,"Sequencing","ENSG00000260279"
"SC2_27.401",-0.0127860940751458,27,"Sequencing","SERPINF2"
"SC2_27.402",-0.104108008959434,27,"Sequencing","GUCY2D"
"SC2_27.403",0.367806602891089,27,"Sequencing","ENSG00000279174"
"SC2_27.404",-0.190926735490531,27,"Sequencing","LINC00670"
"SC2_27.405",0.807701078066198,27,"Sequencing","ASIC2"
"SC2_27.406",0.300259312776046,27,"Sequencing","PLXDC1"
"SC2_27.407",0.692529031592389,27,"Sequencing","HAP1"
"SC2_27.408",0.986585169131753,27,"Sequencing","ENSG00000276851"
"SC2_27.409",0.738905911423884,27,"Sequencing","CA10"
"SC2_27.410",1.28021679232906,27,"Sequencing","NOG"
"SC2_27.411",0.555811819323848,27,"Sequencing","TRIM25"
"SC2_27.412",0.194043262753127,27,"Sequencing","PRKCA"
"SC2_27.413",0.366651817320349,27,"Sequencing","KCNJ2-AS1"
"SC2_27.414",0.748536072344216,27,"Sequencing","KCNJ2"
"SC2_27.415",0.642214072203183,27,"Sequencing","ENSG00000276863"
"SC2_27.416",-0.385048731561623,27,"Sequencing","ENSG00000263606"
"SC2_27.417",0.766820167506611,27,"Sequencing","LDLRAD4"
"SC2_27.418",-0.225193346224381,27,"Sequencing","RN7SL362P"
"SC2_27.419",0.0724270800399102,27,"Sequencing","CHST9"
"SC2_27.420",0.697123526296945,27,"Sequencing","GAREM1"
"SC2_27.421",0.534150998969706,27,"Sequencing","RIT2"
"SC2_27.422",0.584748888379843,27,"Sequencing","PSTPIP2"
"SC2_27.423",0.542795446991485,27,"Sequencing","RAB27B"
"SC2_27.424",1.66312118873398,27,"Sequencing","SERPINB2"
"SC2_27.425",1.81249596834719,27,"Sequencing","SERPINB10"
"SC2_27.426",0.310319152751383,27,"Sequencing","LINC00305"
"SC2_27.427",0.761015738689083,27,"Sequencing","CDH7"
"SC2_27.428",0.605101148273986,27,"Sequencing","ENSG00000263720"
"SC2_27.429",1.31311025806186,27,"Sequencing","CBLN2"
"SC2_27.430",0.0379449909318698,27,"Sequencing","LINC01896"
"SC2_27.431",-0.00547693241517207,27,"Sequencing","SALL3"
"SC2_27.432",-0.212741333037204,27,"Sequencing","PDYN"
"SC2_27.433",1.14601440463012,27,"Sequencing","TGM3"
"SC2_27.434",0.349304725800183,27,"Sequencing","EBF4"
"SC2_27.435",0.433668069195035,27,"Sequencing","SLC24A3"
"SC2_27.436",0.14262395645567,27,"Sequencing","ANKRD20A21P"
"SC2_27.437",0.261751846077272,27,"Sequencing","MAFB"
"SC2_27.438",0.743046140400417,27,"Sequencing","PTPRT"
"SC2_27.439",0.888332725877105,27,"Sequencing","ENSG00000233508"
"SC2_27.440",0.905123644434367,27,"Sequencing","SYCP2"
"SC2_27.441",0.741098380480316,27,"Sequencing","CDH4"
"SC2_27.442",0.403148166277913,27,"Sequencing","MIR1-1HG-AS1"
"SC2_27.443",0.518558168653253,27,"Sequencing","THEG"
"SC2_27.444",0.88638023351336,27,"Sequencing","SBNO2"
"SC2_27.445",-0.307217823269342,27,"Sequencing","ZNF556"
"SC2_27.446",-0.684067502678754,27,"Sequencing","FUT3"
"SC2_27.447",1.07320177599417,27,"Sequencing","JUNB"
"SC2_27.448",0.617198782392767,27,"Sequencing","NANOS3"
"SC2_27.449",0.812306094439745,27,"Sequencing","IL27RA"
"SC2_27.450",0.337169351572732,27,"Sequencing","WTIP"
"SC2_27.451",0.663485133532092,27,"Sequencing","CYP2A13"
"SC2_27.452",0.419287767121353,27,"Sequencing","BCL3"
"SC2_27.453",0.205612658416648,27,"Sequencing","GFY"
"SC2_27.454",0.673294430550197,27,"Sequencing","HAS1"
"SC2_27.455",-0.118909865910017,27,"Sequencing","MIR935"
"SC2_27.456",0.279273138055631,27,"Sequencing","LINC01864"
"SC2_27.457",-0.439064472537399,27,"Sequencing","ZSCAN4"
"SC2_27.458",1.52351179452592,27,"Sequencing","LINC01638"
"SC2_27.459",0.669236283171864,27,"Sequencing","C22orf42"
"SC2_27.460",-0.0587141774911374,27,"Sequencing","CACNA1I"
"SC2_27.461",0.709246690148505,27,"Sequencing","NFAM1"
"SC2_27.462",1.24243038468303,27,"Sequencing","ENSG00000230107"
"SC2_27.463",0.780705845229029,27,"Sequencing","SHISAL1"
"SC2_27.464",0.728547074832986,27,"Sequencing","NCAM2"
"SC2_27.465",1.46826959502939,27,"Sequencing","ADAMTS1"
"SC2_27.466",1.06299996423051,27,"Sequencing","RUNX1"
"SC2_27.467",0.823163561056028,27,"Sequencing","PCP4"
"SC2_27.468",0.264348835137975,27,"Sequencing","COL18A1"
"SC3_27",0.546638147013225,27,"Sequencing","CHD5"
"SC3_27.1",1.23859915154715,27,"Sequencing","UTS2"
"SC3_27.2",1.63660869850992,27,"Sequencing","TNFRSF9"
"SC3_27.3",0.853215341802849,27,"Sequencing","FBXO6"
"SC3_27.4",0.662017453697023,27,"Sequencing","NBL1"
"SC3_27.5",0.283278549229544,27,"Sequencing","WNT4"
"SC3_27.6",0.0795939637898003,27,"Sequencing","IFNLR1"
"SC3_27.7",0.222564902810213,27,"Sequencing","CSMD2"
"SC3_27.8",0.673034007052417,27,"Sequencing","HPCAL4"
"SC3_27.9",0.485073402921264,27,"Sequencing","FAAH"
"SC3_27.10",-0.557991820817322,27,"Sequencing","SLC25A3P1"
"SC3_27.11",1.41109035205946,27,"Sequencing","PTGER3"
"SC3_27.12",1.8271140573617,27,"Sequencing","ENSG00000269933"
"SC3_27.13",0.781550073890789,27,"Sequencing","PTGFR"
"SC3_27.14",0.0895643462816047,27,"Sequencing","ST13P20"
"SC3_27.15",0.123783007568885,27,"Sequencing","SAMD13"
"SC3_27.16",1.11574756827654,27,"Sequencing","UOX"
"SC3_27.17",-0.23676920342799,27,"Sequencing","ENSG00000280099"
"SC3_27.18",0.510023283742175,27,"Sequencing","PLPPR4"
"SC3_27.19",0.366097600289397,27,"Sequencing","C1orf194"
"SC3_27.20",0.716574241847901,27,"Sequencing","SLC6A17"
"SC3_27.21",1.30972812767998,27,"Sequencing","ENSG00000224950"
"SC3_27.22",1.17253758625731,27,"Sequencing","ECM1"
"SC3_27.23",2.25619675721117,27,"Sequencing","S100A3"
"SC3_27.24",1.1958903551746,27,"Sequencing","FMO2"
"SC3_27.25",0.113826458078702,27,"Sequencing","SLC9C2"
"SC3_27.26",0.29905009821546,27,"Sequencing","TNR"
"SC3_27.27",1.11703948491154,27,"Sequencing","CACNA1E"
"SC3_27.28",0.475540102739702,27,"Sequencing","BRINP3"
"SC3_27.29",0.302040779536846,27,"Sequencing","LINC01351"
"SC3_27.30",0.368729355371532,27,"Sequencing","ENSG00000241505"
"SC3_27.31",0.751398774667301,27,"Sequencing","ATP2B4"
"SC3_27.32",-0.609982206443445,27,"Sequencing","ENSG00000236846"
"SC3_27.33",0.0596957542084276,27,"Sequencing","LEFTY1"
"SC3_27.34",0.277851089500513,27,"Sequencing","MAP3K21"
"SC3_27.35",1.01834402615294,27,"Sequencing","CHRM3"
"SC3_27.36",0.514073405071092,27,"Sequencing","PLD5"
"SC3_27.37",-0.0779808288908307,27,"Sequencing","ENSG00000229727"
"SC3_27.38",0.990788760754484,27,"Sequencing","HPCAL1"
"SC3_27.39",0.00961343622456612,27,"Sequencing","ENSG00000225649"
"SC3_27.40",0.812127396806726,27,"Sequencing","POMC"
"SC3_27.41",0.540068281537905,27,"Sequencing","KCNK12"
"SC3_27.42",1.61531174301882,27,"Sequencing","SFXN5"
"SC3_27.43",0.316190441086735,27,"Sequencing","CD8B"
"SC3_27.44",0.0611335636056498,27,"Sequencing","ANAPC1P1"
"SC3_27.45",1.7424089384172,27,"Sequencing","CYTOR"
"SC3_27.46",0.836157618084283,27,"Sequencing","IL1R1"
"SC3_27.47",1.71225440194426,27,"Sequencing","LINC01123"
"SC3_27.48",1.68775322469808,27,"Sequencing","MIR4435-2HG"
"SC3_27.49",-0.449260736151004,27,"Sequencing","SCTR"
"SC3_27.50",0.0621882623441987,27,"Sequencing","ENSG00000228400"
"SC3_27.51",1.22995172325046,27,"Sequencing","LINC01854"
"SC3_27.52",0.363332738610786,27,"Sequencing","CCDC74B"
"SC3_27.53",0.602565845392446,27,"Sequencing","SMIM39"
"SC3_27.54",0.435067929623793,27,"Sequencing","CCDC74A"
"SC3_27.55",1.07655146998132,27,"Sequencing","LYPD1"
"SC3_27.56",0.132056025287284,27,"Sequencing","KCNJ3"
"SC3_27.57",0.652904943038291,27,"Sequencing","PLA2R1"
"SC3_27.58",0.179156964478071,27,"Sequencing","SCN1A"
"SC3_27.59",0.930173823974907,27,"Sequencing","C2orf88"
"SC3_27.60",1.22240206226497,27,"Sequencing","MSTN"
"SC3_27.61",0.571842578576475,27,"Sequencing","NYAP2"
"SC3_27.62",0.383497257864886,27,"Sequencing","ENSG00000273301"
"SC3_27.63",0.883041385856454,27,"Sequencing","ECEL1"
"SC3_27.64",1.0922507671069,27,"Sequencing","RAMP1"
"SC3_27.65",0.538712926232014,27,"Sequencing","CNTN6"
"SC3_27.66",0.457757942777434,27,"Sequencing","GRM7"
"SC3_27.67",0.749060008525496,27,"Sequencing","IRAK2"
"SC3_27.68",0.736134102662702,27,"Sequencing","SYN2"
"SC3_27.69",0.481779581798703,27,"Sequencing","GRIP2"
"SC3_27.70",0.227106882010121,27,"Sequencing","ARPP21"
"SC3_27.71",1.57018172571685,27,"Sequencing","DCLK3"
"SC3_27.72",1.60090099130076,27,"Sequencing","CCK"
"SC3_27.73",-0.224675461596346,27,"Sequencing","IL17RB"
"SC3_27.74",0.675333434889151,27,"Sequencing","CACNA2D3"
"SC3_27.75",1.13759676651404,27,"Sequencing","DNAH12"
"SC3_27.76",0.681642382883353,27,"Sequencing","CNTN3"
"SC3_27.77",0.208031875788034,27,"Sequencing","EPHA6"
"SC3_27.78",0.0194199740626087,27,"Sequencing","ENSG00000261292"
"SC3_27.79",-0.717601691676691,27,"Sequencing","ENSG00000239482"
"SC3_27.80",0.831121633950182,27,"Sequencing","ENSG00000251012"
"SC3_27.81",0.86517036495814,27,"Sequencing","UPK1B"
"SC3_27.82",0.48614778686799,27,"Sequencing","ADCY5"
"SC3_27.83",0.627089432518688,27,"Sequencing","TRH"
"SC3_27.84",0.671119476748809,27,"Sequencing","COL6A4P2"
"SC3_27.85",1.34987989775943,27,"Sequencing","ZBTB38"
"SC3_27.86",1.9618617909938,27,"Sequencing","PCOLCE2"
"SC3_27.87",-0.620347576670693,27,"Sequencing","CPB1"
"SC3_27.88",0.211991792064538,27,"Sequencing","IQCJ"
"SC3_27.89",-0.677775168588181,27,"Sequencing","LINC01323"
"SC3_27.90",0.581241551363226,27,"Sequencing","LINC01324"
"SC3_27.91",0.592704710681166,27,"Sequencing","SLITRK3"
"SC3_27.92",0.153997203032231,27,"Sequencing","LINC01322"
"SC3_27.93",0.967524205849988,27,"Sequencing","BCL6"
"SC3_27.94",1.26628854625099,27,"Sequencing",NA
"SC3_27.95",1.1257710736157,27,"Sequencing","IL1RAP"
"SC3_27.96",1.63636463191583,27,"Sequencing","UTS2B"
"SC3_27.97",-0.187675809404873,27,"Sequencing","ZDHHC19"
"SC3_27.98",-0.6294571641435,27,"Sequencing","RPSAP69"
"SC3_27.99",-0.418853808750285,27,"Sequencing","ENSG00000227189"
"SC3_27.100",0.349060976319189,27,"Sequencing","ENSG00000284727"
"SC3_27.101",1.04423904758515,27,"Sequencing","MSX1"
"SC3_27.102",0.774125253020534,27,"Sequencing","GBA3"
"SC3_27.103",0.934962986067882,27,"Sequencing","CCKAR"
"SC3_27.104",0.769949340663971,27,"Sequencing","PCDH7"
"SC3_27.105",0.592527366785619,27,"Sequencing","LINC02513"
"SC3_27.106",0.606893739736154,27,"Sequencing","ENSG00000260878"
"SC3_27.107",0.689434684051206,27,"Sequencing","GABRA2"
"SC3_27.108",0.851998833983127,27,"Sequencing","ENSG00000249330"
"SC3_27.109",0.681017830094194,27,"Sequencing","GABRB1"
"SC3_27.110",0.75390995885155,27,"Sequencing","ENSG00000260918"
"SC3_27.111",1.69785412884884,27,"Sequencing","ADAMTS3"
"SC3_27.112",-0.120271947465691,27,"Sequencing","BTC"
"SC3_27.113",1.40601858946493,27,"Sequencing","FGF5"
"SC3_27.114",0.321188515525859,27,"Sequencing","SCD5"
"SC3_27.115",0.129162840240147,27,"Sequencing","NPNT"
"SC3_27.116",1.03675982726335,27,"Sequencing","CAMK2D"
"SC3_27.117",0.929377501403157,27,"Sequencing","PDE5A"
"SC3_27.118",1.21144555730448,27,"Sequencing","PCDH18"
"SC3_27.119",0.778503871321382,27,"Sequencing","ENSG00000250777"
"SC3_27.120",0.0277553644708901,27,"Sequencing","FREM3"
"SC3_27.121",1.25460679466201,27,"Sequencing","TTC29"
"SC3_27.122",1.22167714397743,27,"Sequencing",NA
"SC3_27.123",1.01614245480782,27,"Sequencing","GUCY1A1"
"SC3_27.124",0.742202885086147,27,"Sequencing","ENSG00000260244"
"SC3_27.125",-0.433085429477716,27,"Sequencing","PDGFC"
"SC3_27.126",0.230901120515248,27,"Sequencing","FSTL5"
"SC3_27.127",0.442897799517448,27,"Sequencing","ENSG00000250027"
"SC3_27.128",0.0450049360359169,27,"Sequencing","NPY1R"
"SC3_27.129",0.187620486738076,27,"Sequencing","NPY5R"
"SC3_27.130",0.430859874409746,27,"Sequencing","GALNTL6"
"SC3_27.131",0.535461586491415,27,"Sequencing","GLRA3"
"SC3_27.132",0.0272223011446638,27,"Sequencing","ADAM29"
"SC3_27.133",-0.208614777872127,27,"Sequencing","MTNR1A"
"SC3_27.134",-0.0886601746826434,27,"Sequencing","RANBP3L"
"SC3_27.135",1.02092902841422,27,"Sequencing","LIFR"
"SC3_27.136",0.64122453531004,27,"Sequencing","PTGER4"
"SC3_27.137",0.883460754205159,27,"Sequencing","GHR"
"SC3_27.138",1.15206794710776,27,"Sequencing","ESM1"
"SC3_27.139",0.748205890762816,27,"Sequencing","IL6ST"
"SC3_27.140",0.487706480597914,27,"Sequencing","RGS7BP"
"SC3_27.141",0.468393429460819,27,"Sequencing","LINC02197"
"SC3_27.142",0.791165048114182,27,"Sequencing","SV2C"
"SC3_27.143",0.407130488058785,27,"Sequencing","MEF2C"
"SC3_27.144",0.223570760667287,27,"Sequencing","EGR1"
"SC3_27.145",0.636496885283041,27,"Sequencing","NR3C1"
"SC3_27.146",0.745534122603246,27,"Sequencing","GRIA1"
"SC3_27.147",-0.794641664732702,27,"Sequencing","ENSG00000249738"
"SC3_27.148",1.06514827210562,27,"Sequencing","IL12B"
"SC3_27.149",0.598171801692109,27,"Sequencing","GABRB2"
"SC3_27.150",1.26279686624838,27,"Sequencing","GABRA1"
"SC3_27.151",0.617570962799091,27,"Sequencing","GABRG2"
"SC3_27.152",0.632559531975834,27,"Sequencing","F12"
"SC3_27.153",0.357474848009836,27,"Sequencing","PRR7-AS1"
"SC3_27.154",0.432805731358188,27,"Sequencing","TRIM7"
"SC3_27.155",0.427865216550147,27,"Sequencing","CD83"
"SC3_27.156",0.0933322935284415,27,"Sequencing","RBM24"
"SC3_27.157",2.25760183029212,27,"Sequencing","RNF144B"
"SC3_27.158",0.361834963389334,27,"Sequencing","DCDC2"
"SC3_27.159",1.83704367822575,27,"Sequencing","SLC17A2"
"SC3_27.160",0.0725722569407028,27,"Sequencing","BTN3A1"
"SC3_27.161",0.593540349099312,27,"Sequencing","RN7SL471P"
"SC3_27.162",-1.20538723546008,27,"Sequencing","TRIM31-AS1"
"SC3_27.163",1.72599005482317,27,"Sequencing","HLA-DRB5"
"SC3_27.164",0.689488386874221,27,"Sequencing","TAP1"
"SC3_27.165",0.458163118098516,27,"Sequencing","CLIC5"
"SC3_27.166",1.08634803873834,27,"Sequencing","RCAN2"
"SC3_27.167",1.14292733734909,27,"Sequencing","TENT5A"
"SC3_27.168",-0.291557722672411,27,"Sequencing","TBX18"
"SC3_27.169",0.83645372208206,27,"Sequencing","GJA10"
"SC3_27.170",0.160038024842694,27,"Sequencing","FAM162B"
"SC3_27.171",-0.0380334115755454,27,"Sequencing","RFX6"
"SC3_27.172",0.803346526807405,27,"Sequencing","NKAIN2"
"SC3_27.173",-0.110855746763143,27,"Sequencing","ENSG00000237321"
"SC3_27.174",0.850480675106081,27,"Sequencing","MOXD1"
"SC3_27.175",0.385987966983925,27,"Sequencing","MAP7"
"SC3_27.176",0.43223722060378,27,"Sequencing","STXBP5-AS1"
"SC3_27.177",0.0184400721101544,27,"Sequencing","MYCT1"
"SC3_27.178",0.802255766585405,27,"Sequencing","ENSG00000232529"
"SC3_27.179",0.401018841611383,27,"Sequencing","LPA"
"SC3_27.180",-0.60207482694537,27,"Sequencing","LINC02538"
"SC3_27.181",-1.15013846446925,27,"Sequencing","ENSG00000235994"
"SC3_27.182",-0.855175373616597,27,"Sequencing","KIF25"
"SC3_27.183",0.851538625123221,27,"Sequencing","ENSG00000234647"
"SC3_27.184",0.686644362965562,27,"Sequencing","SMOC2"
"SC3_27.185",-0.272357747964025,27,"Sequencing","NXPH1"
"SC3_27.186",0.55084757345343,27,"Sequencing","GALNT17"
"SC3_27.187",0.528876900920817,27,"Sequencing","CALN1"
"SC3_27.188",0.742170805269898,27,"Sequencing","CD36"
"SC3_27.189",-0.00270341253559424,27,"Sequencing","GRM3"
"SC3_27.190",1.12735230373202,27,"Sequencing","TAC1"
"SC3_27.191",1.16217144776167,27,"Sequencing","AZGP1"
"SC3_27.192",1.40638193173455,27,"Sequencing","VGF"
"SC3_27.193",0.336866799701719,27,"Sequencing","LHFPL3"
"SC3_27.194",0.64292434280926,27,"Sequencing","TMEM229A"
"SC3_27.195",0.12762717341809,27,"Sequencing","ENSG00000279419"
"SC3_27.196",0.726374738672417,27,"Sequencing","CHRM2"
"SC3_27.197",1.32621741944189,27,"Sequencing","CRLF2"
"SC3_27.198",0.247063592221903,27,"Sequencing","ADGRG2"
"SC3_27.199",1.27336925200306,27,"Sequencing","MAP7D2"
"SC3_27.200",-0.600863193194776,27,"Sequencing","ENSG00000283400"
"SC3_27.201",0.98974098372762,27,"Sequencing","PTCHD1"
"SC3_27.202",0.723209263850995,27,"Sequencing","IL1RAPL1"
"SC3_27.203",0.389028384399988,27,"Sequencing","DMD"
"SC3_27.204",0.572247831628727,27,"Sequencing","ERAS"
"SC3_27.205",3.08055963781372,27,"Sequencing","MAGED4"
"SC3_27.206",0.548358652518911,27,"Sequencing","PCDH11X"
"SC3_27.207",0.946074175023678,27,"Sequencing","TCEAL6"
"SC3_27.208",1.00044429972636,27,"Sequencing","RNF128"
"SC3_27.209",0.305678571407589,27,"Sequencing","SERTM2"
"SC3_27.210",-0.389744928295587,27,"Sequencing","TRPC5"
"SC3_27.211",1.0002457822879,27,"Sequencing","IL13RA1"
"SC3_27.212",0.664606451796034,27,"Sequencing","SMIM10L2A"
"SC3_27.213",1.82060576491254,27,"Sequencing","ARHGEF6"
"SC3_27.214",0.772426082959925,27,"Sequencing","FGF13"
"SC3_27.215",-0.298373391170199,27,"Sequencing","MCF2"
"SC3_27.216",0.972547907149779,27,"Sequencing","SLITRK2"
"SC3_27.217",0.225849625254592,27,"Sequencing","GPR50"
"SC3_27.218",1.30759978806968,27,"Sequencing","ENSG00000269993"
"SC3_27.219",0.278753297614234,27,"Sequencing","CSMD1"
"SC3_27.220",0.840698142030587,27,"Sequencing","ENSG00000284613"
"SC3_27.221",0.0066176871528473,27,"Sequencing","LPL"
"SC3_27.222",0.10984674745311,27,"Sequencing","LGI3"
"SC3_27.223",1.80330803253154,27,"Sequencing","STC1"
"SC3_27.224",2.45128529684537,27,"Sequencing","ADAM28"
"SC3_27.225",1.55432340834446,27,"Sequencing","ENSG00000253888"
"SC3_27.226",-0.283374104261835,27,"Sequencing","ENSG00000279099"
"SC3_27.227",3.39341888256134,27,"Sequencing","ENSG00000253746"
"SC3_27.228",1.19733062281921,27,"Sequencing","CHRNA6"
"SC3_27.229",0.878396073623415,27,"Sequencing","OPRK1"
"SC3_27.230",2.86781534995412,27,"Sequencing","ENSG00000254254"
"SC3_27.231",2.04736157025507,27,"Sequencing","TTPA"
"SC3_27.232",0.684537801194221,27,"Sequencing","SBSPON"
"SC3_27.233",0.407511852394589,27,"Sequencing","PI15"
"SC3_27.234",0.547397427417405,27,"Sequencing","IL7"
"SC3_27.235",1.112979968694,27,"Sequencing","MATN2"
"SC3_27.236",0.845838989354584,27,"Sequencing","SPAG1"
"SC3_27.237",0.355327366610045,27,"Sequencing","ANGPT1"
"SC3_27.238",0.783855589374211,27,"Sequencing","RSPO2"
"SC3_27.239",-0.135340918816975,27,"Sequencing","TRHR"
"SC3_27.240",1.54914640977161,27,"Sequencing","SNTB1"
"SC3_27.241",0.817907865537217,27,"Sequencing","ENSG00000244791"
"SC3_27.242",0.967960597346233,27,"Sequencing","ADCY8"
"SC3_27.243",-0.65437997696073,27,"Sequencing","ENSG00000253259"
"SC3_27.244",-0.116687490354704,27,"Sequencing","ENSG00000253507"
"SC3_27.245",0.655627905740837,27,"Sequencing","KCNK9"
"SC3_27.246",0.508887324237036,27,"Sequencing","LY6H"
"SC3_27.247",0.962333690935627,27,"Sequencing","CD274"
"SC3_27.248",-0.504967518000903,27,"Sequencing","ENSG00000226197"
"SC3_27.249",-0.246524687611871,27,"Sequencing","ENSG00000225472"
"SC3_27.250",-0.109673482752082,27,"Sequencing","BNC2"
"SC3_27.251",0.69580569920814,27,"Sequencing","SLC24A2"
"SC3_27.252",-0.0581591845729134,27,"Sequencing","ENSG00000260390"
"SC3_27.253",0.637746993120571,27,"Sequencing","ENSG00000260412"
"SC3_27.254",0.675570630735505,27,"Sequencing","LINGO2"
"SC3_27.255",1.97224025691018,27,"Sequencing","AQP3"
"SC3_27.256",1.05122050255496,27,"Sequencing","FAM189A2"
"SC3_27.257",0.627930408639416,27,"Sequencing","NTRK2"
"SC3_27.258",1.09035775485148,27,"Sequencing","FGD3"
"SC3_27.259",1.18106165915763,27,"Sequencing","FBP1"
"SC3_27.260",1.7717744841037,27,"Sequencing","GAS2L1P2"
"SC3_27.261",0.522073236287,27,"Sequencing","GRIN3A"
"SC3_27.262",-0.679989373236616,27,"Sequencing","PPP3R2"
"SC3_27.263",0.274857304548056,27,"Sequencing","LINC01505"
"SC3_27.264",0.293124241479793,27,"Sequencing","BRINP1"
"SC3_27.265",-0.0677021590259381,27,"Sequencing","GPR21"
"SC3_27.266",0.789264839019588,27,"Sequencing","MIR181A2HG"
"SC3_27.267",1.63536190555862,27,"Sequencing","IER5L"
"SC3_27.268",1.35032375964274,27,"Sequencing","C9orf50"
"SC3_27.269",1.01893361585601,27,"Sequencing","NACC2"
"SC3_27.270",0.284467793932559,27,"Sequencing","GRIN1"
"SC3_27.271",1.08871751314633,27,"Sequencing","TH"
"SC3_27.272",-0.668053226964277,27,"Sequencing","SPON1"
"SC3_27.273",0.638979987045789,27,"Sequencing","NCR3LG1"
"SC3_27.274",0.61279912652445,27,"Sequencing","ENSG00000270607"
"SC3_27.275",0.303658809955642,27,"Sequencing","ENSG00000279675"
"SC3_27.276",0.585545584671323,27,"Sequencing","LRRC4C"
"SC3_27.277",-0.289464222983428,27,"Sequencing","LINC02740"
"SC3_27.278",-0.729152918533098,27,"Sequencing","MS4A7"
"SC3_27.279",-0.287033468756876,27,"Sequencing","MS4A14"
"SC3_27.280",0.634388816914961,27,"Sequencing","MS4A1"
"SC3_27.281",0.971998606811816,27,"Sequencing","MIR6746"
"SC3_27.282",0.436258627945231,27,"Sequencing","KCNK4"
"SC3_27.283",0.406213522638355,27,"Sequencing","ENSG00000257069"
"SC3_27.284",0.117408277037676,27,"Sequencing","CATSPERZ"
"SC3_27.285",1.96316566910581,27,"Sequencing","SHANK2-AS1"
"SC3_27.286",0.490146762668316,27,"Sequencing","ARHGEF17"
"SC3_27.287",0.305845390566702,27,"Sequencing","GRM5"
"SC3_27.288",0.0390769181147721,27,"Sequencing","MMP10"
"SC3_27.289",1.17227970501054,27,"Sequencing","MMP1"
"SC3_27.290",0.480255396032226,27,"Sequencing","PDGFD"
"SC3_27.291",0.337633311718492,27,"Sequencing","C11orf87"
"SC3_27.292",0.378133406016488,27,"Sequencing","ARHGAP20"
"SC3_27.293",0.36489308415417,27,"Sequencing","LAYN"
"SC3_27.294",0.439049054168367,27,"Sequencing","SCN2B"
"SC3_27.295",0.531872424365258,27,"Sequencing","ABCG4"
"SC3_27.296",0.832883813955538,27,"Sequencing","TRIM29"
"SC3_27.297",0.333363103715957,27,"Sequencing","MIR100HG"
"SC3_27.298",0.256652607085864,27,"Sequencing","MIR125B1"
"SC3_27.299",1.68767842415622,27,"Sequencing","ENSG00000238117"
"SC3_27.300",1.39231539095924,27,"Sequencing","LINC02714"
"SC3_27.301",2.54630746563452,27,"Sequencing","LINC00707"
"SC3_27.302",1.22469416004412,27,"Sequencing","SFMBT2"
"SC3_27.303",0.203338994122437,27,"Sequencing","ARMC3"
"SC3_27.304",0.368585488935868,27,"Sequencing","MKX"
"SC3_27.305",0.863072634152483,27,"Sequencing","FZD8"
"SC3_27.306",1.194660153581,27,"Sequencing","MIR4683"
"SC3_27.307",-0.817581798030496,27,"Sequencing","ANXA8L1"
"SC3_27.308",0.697611681458461,27,"Sequencing","LRRTM3"
"SC3_27.309",1.10345590637191,27,"Sequencing","TLL2"
"SC3_27.310",0.852561434191444,27,"Sequencing","SORCS1"
"SC3_27.311",0.898367820206999,27,"Sequencing","CHST15"
"SC3_27.312",1.02551894475677,27,"Sequencing","PTPRE"
"SC3_27.313",0.375447658203583,27,"Sequencing","JAKMIP3"
"SC3_27.314",-1.17829999866139,27,"Sequencing","ENSG00000249695"
"SC3_27.315",0.564095765936014,27,"Sequencing","GRIN2B"
"SC3_27.316",0.978999591280516,27,"Sequencing","RERG"
"SC3_27.317",1.76718885806479,27,"Sequencing","PTHLH"
"SC3_27.318",0.664165065353273,27,"Sequencing","PDZRN4"
"SC3_27.319",0.482820502078352,27,"Sequencing","TMEM117"
"SC3_27.320",0.926031032899196,27,"Sequencing","ENSG00000258101"
"SC3_27.321",0.76534801613149,27,"Sequencing","KRT18"
"SC3_27.322",0.678856681586877,27,"Sequencing","TAFA2"
"SC3_27.323",-0.418604953088141,27,"Sequencing","LINC02458"
"SC3_27.324",0.636904839333949,27,"Sequencing","NTN4"
"SC3_27.325",0.328979326617287,27,"Sequencing","SLC17A8"
"SC3_27.326",2.36757439868813,27,"Sequencing","ENSG00000257548"
"SC3_27.327",-0.0389435228798087,27,"Sequencing","TMEM233"
"SC3_27.328",1.68320945982197,27,"Sequencing","MIR1178"
"SC3_27.329",-0.242415154044325,27,"Sequencing","ENSG00000280381"
"SC3_27.330",0.749238095354073,27,"Sequencing","TMEM132D"
"SC3_27.331",2.25619353107463,27,"Sequencing","LINC02340"
"SC3_27.332",0.811067802723937,27,"Sequencing","FLT3"
"SC3_27.333",-0.266096759873866,27,"Sequencing","STOML3"
"SC3_27.334",-0.228207117928609,27,"Sequencing","KCTD4"
"SC3_27.335",-0.0589485925794771,27,"Sequencing","ENSG00000278727"
"SC3_27.336",0.977569526874384,27,"Sequencing","SLITRK6"
"SC3_27.337",0.75825194029565,27,"Sequencing","ENSG00000232636"
"SC3_27.338",0.863906804768299,27,"Sequencing","MIR4500HG"
"SC3_27.339",1.09880192954227,27,"Sequencing","COL4A2"
"SC3_27.340",0.490451838274973,27,"Sequencing","NPAS3"
"SC3_27.341",0.225942770176516,27,"Sequencing","ENSG00000258636"
"SC3_27.342",0.599398109553551,27,"Sequencing","LRFN5"
"SC3_27.343",0.638252565490673,27,"Sequencing","MDGA2"
"SC3_27.344",0.839612387710236,27,"Sequencing","PTGER2"
"SC3_27.345",0.367679168830697,27,"Sequencing","LGALS3"
"SC3_27.346",0.642155924950508,27,"Sequencing","SYT16"
"SC3_27.347",0.632671121988468,27,"Sequencing","KCNH5"
"SC3_27.348",0.326219951353207,27,"Sequencing","TMEM229B"
"SC3_27.349",1.34913543412752,27,"Sequencing","ENSG00000258422"
"SC3_27.350",0.874146847419589,27,"Sequencing","FOS"
"SC3_27.351",0.899850935851438,27,"Sequencing","NRXN3"
"SC3_27.352",-0.118472637697217,27,"Sequencing","ENSG00000258419"
"SC3_27.353",-0.213078873960227,27,"Sequencing","TSHR"
"SC3_27.354",0.799603758218643,27,"Sequencing","MEG8"
"SC3_27.355",1.24006352467248,27,"Sequencing","DIO3"
"SC3_27.356",0.302760379720774,27,"Sequencing","ENSG00000260780"
"SC3_27.357",-0.377327955169645,27,"Sequencing","SNORD116-18"
"SC3_27.358",0.0889105391270978,27,"Sequencing","SNORD115-1"
"SC3_27.359",0.22122241428416,27,"Sequencing","SNORD115-46"
"SC3_27.360",0.816904005663691,27,"Sequencing","GABRA5"
"SC3_27.361",0.696756714416443,27,"Sequencing","GJD2"
"SC3_27.362",1.11076143850129,27,"Sequencing","MEIS2"
"SC3_27.363",0.473920361899431,27,"Sequencing","ENSG00000276121"
"SC3_27.364",0.588282814297727,27,"Sequencing","FGF7"
"SC3_27.365",0.686572932781488,27,"Sequencing","LYSMD2"
"SC3_27.366",-0.314226448825954,27,"Sequencing","THSD4"
"SC3_27.367",0.233751984132448,27,"Sequencing","ENSG00000275120"
"SC3_27.368",0.329593481656791,27,"Sequencing","ENSG00000276278"
"SC3_27.369",-0.158034161420042,27,"Sequencing","PLIN1"
"SC3_27.370",-0.240312673401363,27,"Sequencing","ENSG00000260337"
"SC3_27.371",-0.360318736656485,27,"Sequencing","FAM169B"
"SC3_27.372",0.056380859834273,27,"Sequencing","ADAMTS17"
"SC3_27.373",1.43369022429381,27,"Sequencing","TNFRSF12A"
"SC3_27.374",0.315893408770899,27,"Sequencing","ENSG00000262668"
"SC3_27.375",0.249995012213341,27,"Sequencing","GRIN2A"
"SC3_27.376",1.20434810450085,27,"Sequencing","SOCS1"
"SC3_27.377",0.572957059544703,27,"Sequencing","ENSG00000262801"
"SC3_27.378",1.73158074871503,27,"Sequencing","ENSG00000262267"
"SC3_27.379",0.613787585129471,27,"Sequencing","TMC5"
"SC3_27.380",0.534114766663028,27,"Sequencing","RNU4-46P"
"SC3_27.381",1.0284694586118,27,"Sequencing","HS3ST4"
"SC3_27.382",-0.638905420259563,27,"Sequencing","ENSG00000283662"
"SC3_27.383",0.16211088841846,27,"Sequencing","LPCAT2"
"SC3_27.384",0.599261865314678,27,"Sequencing","MT3"
"SC3_27.385",0.536039701785664,27,"Sequencing","CDH8"
"SC3_27.386",-0.00777895361602712,27,"Sequencing","ENSG00000260600"
"SC3_27.387",-1.06314417184674,27,"Sequencing","ENSG00000231589"
"SC3_27.388",0.205913039447904,27,"Sequencing","HSF4"
"SC3_27.389",-0.280824576893949,27,"Sequencing","ENSG00000262691"
"SC3_27.390",0.584946747154464,27,"Sequencing","ENSG00000260577"
"SC3_27.391",0.746817952664597,27,"Sequencing","HAS3"
"SC3_27.392",0.573567149943216,27,"Sequencing","HPR"
"SC3_27.393",-0.0503959400725512,27,"Sequencing","ENSG00000277954"
"SC3_27.394",0.121558066409115,27,"Sequencing","ENSG00000261722"
"SC3_27.395",-0.104533290939114,27,"Sequencing","MAF"
"SC3_27.396",-0.695624363193624,27,"Sequencing","ENSG00000277214"
"SC3_27.397",1.059927732309,27,"Sequencing","ENSG00000278058"
"SC3_27.398",0.489720759120001,27,"Sequencing","HSD17B2"
"SC3_27.399",-0.305064038667238,27,"Sequencing","ATP2C2"
"SC3_27.400",0.245841954223561,27,"Sequencing","ENSG00000260279"
"SC3_27.401",0.285715407222569,27,"Sequencing","SERPINF2"
"SC3_27.402",0.515569062990151,27,"Sequencing","GUCY2D"
"SC3_27.403",0.422022416095313,27,"Sequencing","ENSG00000279174"
"SC3_27.404",-0.473752569738538,27,"Sequencing","LINC00670"
"SC3_27.405",0.823996784247901,27,"Sequencing","ASIC2"
"SC3_27.406",0.36410904126837,27,"Sequencing","PLXDC1"
"SC3_27.407",0.88793874035455,27,"Sequencing","HAP1"
"SC3_27.408",1.04783037662324,27,"Sequencing","ENSG00000276851"
"SC3_27.409",0.631339853934495,27,"Sequencing","CA10"
"SC3_27.410",1.08510781560905,27,"Sequencing","NOG"
"SC3_27.411",0.516542695409235,27,"Sequencing","TRIM25"
"SC3_27.412",-0.242298202155274,27,"Sequencing","PRKCA"
"SC3_27.413",0.420173092486163,27,"Sequencing","KCNJ2-AS1"
"SC3_27.414",0.631048461207504,27,"Sequencing","KCNJ2"
"SC3_27.415",1.60231259200341,27,"Sequencing","ENSG00000276863"
"SC3_27.416",0.447968570474435,27,"Sequencing","ENSG00000263606"
"SC3_27.417",0.938904324350312,27,"Sequencing","LDLRAD4"
"SC3_27.418",-0.89338726262698,27,"Sequencing","RN7SL362P"
"SC3_27.419",-1.27325710750429,27,"Sequencing","CHST9"
"SC3_27.420",0.533598099069811,27,"Sequencing","GAREM1"
"SC3_27.421",0.0941703680935763,27,"Sequencing","RIT2"
"SC3_27.422",0.555453179367707,27,"Sequencing","PSTPIP2"
"SC3_27.423",0.385944644662266,27,"Sequencing","RAB27B"
"SC3_27.424",2.14196237411318,27,"Sequencing","SERPINB2"
"SC3_27.425",2.13557740151372,27,"Sequencing","SERPINB10"
"SC3_27.426",-0.180354002115966,27,"Sequencing","LINC00305"
"SC3_27.427",0.376355732625497,27,"Sequencing","CDH7"
"SC3_27.428",-0.144016511820371,27,"Sequencing","ENSG00000263720"
"SC3_27.429",1.54210765341364,27,"Sequencing","CBLN2"
"SC3_27.430",0.098725251356048,27,"Sequencing","LINC01896"
"SC3_27.431",0.237240486267395,27,"Sequencing","SALL3"
"SC3_27.432",-0.245403647213499,27,"Sequencing","PDYN"
"SC3_27.433",2.77339295840356,27,"Sequencing","TGM3"
"SC3_27.434",0.67185250979921,27,"Sequencing","EBF4"
"SC3_27.435",0.393871400504131,27,"Sequencing","SLC24A3"
"SC3_27.436",0.402044530971422,27,"Sequencing","ANKRD20A21P"
"SC3_27.437",0.0248988185171494,27,"Sequencing","MAFB"
"SC3_27.438",0.636718967461607,27,"Sequencing","PTPRT"
"SC3_27.439",0.507634895545724,27,"Sequencing","ENSG00000233508"
"SC3_27.440",-0.359456708774363,27,"Sequencing","SYCP2"
"SC3_27.441",0.85490370614052,27,"Sequencing","CDH4"
"SC3_27.442",0.426429146913869,27,"Sequencing","MIR1-1HG-AS1"
"SC3_27.443",-0.285434802849333,27,"Sequencing","THEG"
"SC3_27.444",1.10767593350891,27,"Sequencing","SBNO2"
"SC3_27.445",-0.149528440501321,27,"Sequencing","ZNF556"
"SC3_27.446",-0.569560941350283,27,"Sequencing","FUT3"
"SC3_27.447",1.30912040236572,27,"Sequencing","JUNB"
"SC3_27.448",0.705298250614046,27,"Sequencing","NANOS3"
"SC3_27.449",1.01144637564701,27,"Sequencing","IL27RA"
"SC3_27.450",0.545450590249074,27,"Sequencing","WTIP"
"SC3_27.451",0.0841743712799004,27,"Sequencing","CYP2A13"
"SC3_27.452",1.27769659595633,27,"Sequencing","BCL3"
"SC3_27.453",0.159765870582952,27,"Sequencing","GFY"
"SC3_27.454",1.11863938826353,27,"Sequencing","HAS1"
"SC3_27.455",0.679543127782935,27,"Sequencing","MIR935"
"SC3_27.456",0.377371297683755,27,"Sequencing","LINC01864"
"SC3_27.457",-1.06326972265209,27,"Sequencing","ZSCAN4"
"SC3_27.458",0.846407492242484,27,"Sequencing","LINC01638"
"SC3_27.459",0.570452019896122,27,"Sequencing","C22orf42"
"SC3_27.460",-0.292229216049951,27,"Sequencing","CACNA1I"
"SC3_27.461",0.632486744989268,27,"Sequencing","NFAM1"
"SC3_27.462",0.589595394127362,27,"Sequencing","ENSG00000230107"
"SC3_27.463",0.743297537560548,27,"Sequencing","SHISAL1"
"SC3_27.464",0.922055410809339,27,"Sequencing","NCAM2"
"SC3_27.465",1.58195137465779,27,"Sequencing","ADAMTS1"
"SC3_27.466",1.22712796930687,27,"Sequencing","RUNX1"
"SC3_27.467",0.720771869726958,27,"Sequencing","PCP4"
"SC3_27.468",0.680912856949788,27,"Sequencing","COL18A1"
"SC1_33",1.10085662999282,33,"Sequencing","CHD5"
"SC1_33.1",-0.114015969293994,33,"Sequencing","UTS2"
"SC1_33.2",-0.7170708084997,33,"Sequencing","TNFRSF9"
"SC1_33.3",0.53194664221854,33,"Sequencing","FBXO6"
"SC1_33.4",0.902969416146109,33,"Sequencing","NBL1"
"SC1_33.5",0.794410567498164,33,"Sequencing","WNT4"
"SC1_33.6",0.764470401568778,33,"Sequencing","IFNLR1"
"SC1_33.7",1.28332892930292,33,"Sequencing","CSMD2"
"SC1_33.8",0.644239043790878,33,"Sequencing","HPCAL4"
"SC1_33.9",0.651512205311561,33,"Sequencing","FAAH"
"SC1_33.10",-0.557991820817322,33,"Sequencing","SLC25A3P1"
"SC1_33.11",-0.127639475395193,33,"Sequencing","PTGER3"
"SC1_33.12",0.49510046582189,33,"Sequencing","ENSG00000269933"
"SC1_33.13",0.370102829280197,33,"Sequencing","PTGFR"
"SC1_33.14",0.29358350602352,33,"Sequencing","ST13P20"
"SC1_33.15",0.785300730985178,33,"Sequencing","SAMD13"
"SC1_33.16",-0.85522151301275,33,"Sequencing","UOX"
"SC1_33.17",-0.30984739385899,33,"Sequencing","ENSG00000280099"
"SC1_33.18",0.702924212656915,33,"Sequencing","PLPPR4"
"SC1_33.19",1.40947855633675,33,"Sequencing","C1orf194"
"SC1_33.20",1.08287624445222,33,"Sequencing","SLC6A17"
"SC1_33.21",1.59691561199092,33,"Sequencing","ENSG00000224950"
"SC1_33.22",-0.460502179199461,33,"Sequencing","ECM1"
"SC1_33.23",-0.792631073680835,33,"Sequencing","S100A3"
"SC1_33.24",-0.721534185728331,33,"Sequencing","FMO2"
"SC1_33.25",0.999734747682292,33,"Sequencing","SLC9C2"
"SC1_33.26",0.830119350185489,33,"Sequencing","TNR"
"SC1_33.27",0.685862833967943,33,"Sequencing","CACNA1E"
"SC1_33.28",0.373689024550994,33,"Sequencing","BRINP3"
"SC1_33.29",0.25908914036668,33,"Sequencing","LINC01351"
"SC1_33.30",0.279940714867563,33,"Sequencing","ENSG00000241505"
"SC1_33.31",0.371778118149716,33,"Sequencing","ATP2B4"
"SC1_33.32",-0.371918547452687,33,"Sequencing","ENSG00000236846"
"SC1_33.33",0.620066596520301,33,"Sequencing","LEFTY1"
"SC1_33.34",0.932547959684652,33,"Sequencing","MAP3K21"
"SC1_33.35",0.132680676767091,33,"Sequencing","CHRM3"
"SC1_33.36",0.725889117553903,33,"Sequencing","PLD5"
"SC1_33.37",3.07499457012824,33,"Sequencing","ENSG00000229727"
"SC1_33.38",0.555401219651099,33,"Sequencing","HPCAL1"
"SC1_33.39",0.797447456654094,33,"Sequencing","ENSG00000225649"
"SC1_33.40",-1.16398985197702,33,"Sequencing","POMC"
"SC1_33.41",0.842743876012564,33,"Sequencing","KCNK12"
"SC1_33.42",0.223694787333763,33,"Sequencing","SFXN5"
"SC1_33.43",0.573350778824404,33,"Sequencing","CD8B"
"SC1_33.44",1.22772942772094,33,"Sequencing","ANAPC1P1"
"SC1_33.45",-0.651465204199774,33,"Sequencing","CYTOR"
"SC1_33.46",0.634943506273279,33,"Sequencing","IL1R1"
"SC1_33.47",0.137781751726054,33,"Sequencing","LINC01123"
"SC1_33.48",-0.62804593155072,33,"Sequencing","MIR4435-2HG"
"SC1_33.49",1.32977077950784,33,"Sequencing","SCTR"
"SC1_33.50",0.27203275501623,33,"Sequencing","ENSG00000228400"
"SC1_33.51",-0.311346764606712,33,"Sequencing","LINC01854"
"SC1_33.52",0.773846482219439,33,"Sequencing","CCDC74B"
"SC1_33.53",0.43348150803452,33,"Sequencing","SMIM39"
"SC1_33.54",0.930549085683476,33,"Sequencing","CCDC74A"
"SC1_33.55",0.318293739105906,33,"Sequencing","LYPD1"
"SC1_33.56",0.890631523492465,33,"Sequencing","KCNJ3"
"SC1_33.57",0.837088057176038,33,"Sequencing","PLA2R1"
"SC1_33.58",1.01177337302907,33,"Sequencing","SCN1A"
"SC1_33.59",0.40484948099616,33,"Sequencing","C2orf88"
"SC1_33.60",-0.108636932260632,33,"Sequencing","MSTN"
"SC1_33.61",0.686081260450156,33,"Sequencing","NYAP2"
"SC1_33.62",0.907763940624773,33,"Sequencing","ENSG00000273301"
"SC1_33.63",0.266818917535796,33,"Sequencing","ECEL1"
"SC1_33.64",0.256957358635691,33,"Sequencing","RAMP1"
"SC1_33.65",0.920261296246773,33,"Sequencing","CNTN6"
"SC1_33.66",0.697023247449299,33,"Sequencing","GRM7"
"SC1_33.67",0.646484865199957,33,"Sequencing","IRAK2"
"SC1_33.68",0.586449194856082,33,"Sequencing","SYN2"
"SC1_33.69",0.804168554106168,33,"Sequencing","GRIP2"
"SC1_33.70",1.33006713852116,33,"Sequencing","ARPP21"
"SC1_33.71",-0.102005167832194,33,"Sequencing","DCLK3"
"SC1_33.72",-0.0516259168780809,33,"Sequencing","CCK"
"SC1_33.73",-0.182512425049422,33,"Sequencing","IL17RB"
"SC1_33.74",0.248805592655797,33,"Sequencing","CACNA2D3"
"SC1_33.75",0.104480512228423,33,"Sequencing","DNAH12"
"SC1_33.76",0.253058131008341,33,"Sequencing","CNTN3"
"SC1_33.77",0.813290400918079,33,"Sequencing","EPHA6"
"SC1_33.78",0.988854824448498,33,"Sequencing","ENSG00000261292"
"SC1_33.79",-0.330847030402999,33,"Sequencing","ENSG00000239482"
"SC1_33.80",-0.981540087850129,33,"Sequencing","ENSG00000251012"
"SC1_33.81",-0.601589562679789,33,"Sequencing","UPK1B"
"SC1_33.82",1.00997146057886,33,"Sequencing","ADCY5"
"SC1_33.83",0.775901558510772,33,"Sequencing","TRH"
"SC1_33.84",0.481008177777729,33,"Sequencing","COL6A4P2"
"SC1_33.85",0.162838824761899,33,"Sequencing","ZBTB38"
"SC1_33.86",-0.789692680424273,33,"Sequencing","PCOLCE2"
"SC1_33.87",0.145524386571764,33,"Sequencing","CPB1"
"SC1_33.88",1.65277307698211,33,"Sequencing","IQCJ"
"SC1_33.89",-0.367320069865531,33,"Sequencing","LINC01323"
"SC1_33.90",-0.427705192329422,33,"Sequencing","LINC01324"
"SC1_33.91",0.306510402480945,33,"Sequencing","SLITRK3"
"SC1_33.92",0.513124776421998,33,"Sequencing","LINC01322"
"SC1_33.93",0.318708939701246,33,"Sequencing","BCL6"
"SC1_33.94",-0.028093282632041,33,"Sequencing",NA
"SC1_33.95",0.0300826451391975,33,"Sequencing","IL1RAP"
"SC1_33.96",-0.0941542604976723,33,"Sequencing","UTS2B"
"SC1_33.97",2.83683212873646,33,"Sequencing","ZDHHC19"
"SC1_33.98",-0.793368192517174,33,"Sequencing","RPSAP69"
"SC1_33.99",1.46504924367923,33,"Sequencing","ENSG00000227189"
"SC1_33.100",0.465885946420124,33,"Sequencing","ENSG00000284727"
"SC1_33.101",-0.464903939471006,33,"Sequencing","MSX1"
"SC1_33.102",-0.897086928762635,33,"Sequencing","GBA3"
"SC1_33.103",1.3709781476118,33,"Sequencing","CCKAR"
"SC1_33.104",0.282420762273434,33,"Sequencing","PCDH7"
"SC1_33.105",-1.18539310181547,33,"Sequencing","LINC02513"
"SC1_33.106",0.444740929291951,33,"Sequencing","ENSG00000260878"
"SC1_33.107",0.364237908504059,33,"Sequencing","GABRA2"
"SC1_33.108",-0.116253980649231,33,"Sequencing","ENSG00000249330"
"SC1_33.109",0.632928074581805,33,"Sequencing","GABRB1"
"SC1_33.110",0.534503011843564,33,"Sequencing","ENSG00000260918"
"SC1_33.111",-0.0470656342267458,33,"Sequencing","ADAMTS3"
"SC1_33.112",0.0333047128642665,33,"Sequencing","BTC"
"SC1_33.113",0.0221490938599771,33,"Sequencing","FGF5"
"SC1_33.114",0.671482539672319,33,"Sequencing","SCD5"
"SC1_33.115",0.316892996575669,33,"Sequencing","NPNT"
"SC1_33.116",0.205887484423587,33,"Sequencing","CAMK2D"
"SC1_33.117",-0.564849183723945,33,"Sequencing","PDE5A"
"SC1_33.118",0.0129152271713017,33,"Sequencing","PCDH18"
"SC1_33.119",-1.15088812141739,33,"Sequencing","ENSG00000250777"
"SC1_33.120",0.481930000057691,33,"Sequencing","FREM3"
"SC1_33.121",0.801212260111673,33,"Sequencing","TTC29"
"SC1_33.122",-0.77874459711682,33,"Sequencing",NA
"SC1_33.123",0.249434009261386,33,"Sequencing","GUCY1A1"
"SC1_33.124",0.394954449085024,33,"Sequencing","ENSG00000260244"
"SC1_33.125",1.0640347290364,33,"Sequencing","PDGFC"
"SC1_33.126",0.953803921595779,33,"Sequencing","FSTL5"
"SC1_33.127",0.559020091327852,33,"Sequencing","ENSG00000250027"
"SC1_33.128",0.863360952419181,33,"Sequencing","NPY1R"
"SC1_33.129",0.943451239877379,33,"Sequencing","NPY5R"
"SC1_33.130",0.601953078681846,33,"Sequencing","GALNTL6"
"SC1_33.131",0.514005340401136,33,"Sequencing","GLRA3"
"SC1_33.132",0.490991105642265,33,"Sequencing","ADAM29"
"SC1_33.133",0.13699987785368,33,"Sequencing","MTNR1A"
"SC1_33.134",-1.0969591800184,33,"Sequencing","RANBP3L"
"SC1_33.135",0.375303410677041,33,"Sequencing","LIFR"
"SC1_33.136",0.500387581251239,33,"Sequencing","PTGER4"
"SC1_33.137",-0.600609126827718,33,"Sequencing","GHR"
"SC1_33.138",-1.07918046820761,33,"Sequencing","ESM1"
"SC1_33.139",-0.00740271977435864,33,"Sequencing","IL6ST"
"SC1_33.140",0.6560563286314,33,"Sequencing","RGS7BP"
"SC1_33.141",2.4743564768259,33,"Sequencing","LINC02197"
"SC1_33.142",0.416345789177522,33,"Sequencing","SV2C"
"SC1_33.143",0.899158263567128,33,"Sequencing","MEF2C"
"SC1_33.144",-1.27606059611984,33,"Sequencing","EGR1"
"SC1_33.145",0.294070386216188,33,"Sequencing","NR3C1"
"SC1_33.146",0.637337257887554,33,"Sequencing","GRIA1"
"SC1_33.147",-0.195716585987984,33,"Sequencing","ENSG00000249738"
"SC1_33.148",-0.853677632491308,33,"Sequencing","IL12B"
"SC1_33.149",0.103328194187022,33,"Sequencing","GABRB2"
"SC1_33.150",-0.474392734586686,33,"Sequencing","GABRA1"
"SC1_33.151",0.598836797128549,33,"Sequencing","GABRG2"
"SC1_33.152",0.623425501769669,33,"Sequencing","F12"
"SC1_33.153",1.11308878397305,33,"Sequencing","PRR7-AS1"
"SC1_33.154",0.965271981176787,33,"Sequencing","TRIM7"
"SC1_33.155",0.62674390522722,33,"Sequencing","CD83"
"SC1_33.156",1.01756461530604,33,"Sequencing","RBM24"
"SC1_33.157",-0.687418891534744,33,"Sequencing","RNF144B"
"SC1_33.158",0.543724030232773,33,"Sequencing","DCDC2"
"SC1_33.159",-0.57745049007095,33,"Sequencing","SLC17A2"
"SC1_33.160",0.776516545407128,33,"Sequencing","BTN3A1"
"SC1_33.161",0.427101334002632,33,"Sequencing","RN7SL471P"
"SC1_33.162",1.37950367702039,33,"Sequencing","TRIM31-AS1"
"SC1_33.163",-0.36479785831606,33,"Sequencing","HLA-DRB5"
"SC1_33.164",0.491888291643488,33,"Sequencing","TAP1"
"SC1_33.165",0.62535093173259,33,"Sequencing","CLIC5"
"SC1_33.166",0.382957978876395,33,"Sequencing","RCAN2"
"SC1_33.167",0.290124359150115,33,"Sequencing","TENT5A"
"SC1_33.168",-0.358853983645881,33,"Sequencing","TBX18"
"SC1_33.169",0.152989671899076,33,"Sequencing","GJA10"
"SC1_33.170",0.418216302955681,33,"Sequencing","FAM162B"
"SC1_33.171",0.33220964680274,33,"Sequencing","RFX6"
"SC1_33.172",0.347019261324299,33,"Sequencing","NKAIN2"
"SC1_33.173",1.6132024345063,33,"Sequencing","ENSG00000237321"
"SC1_33.174",0.459719401353617,33,"Sequencing","MOXD1"
"SC1_33.175",0.816100595507503,33,"Sequencing","MAP7"
"SC1_33.176",0.868007176427498,33,"Sequencing","STXBP5-AS1"
"SC1_33.177",0.333183408404104,33,"Sequencing","MYCT1"
"SC1_33.178",0.0378357229259872,33,"Sequencing","ENSG00000232529"
"SC1_33.179",0.935904698886994,33,"Sequencing","LPA"
"SC1_33.180",-0.57752006523879,33,"Sequencing","LINC02538"
"SC1_33.181",0.115424138598596,33,"Sequencing","ENSG00000235994"
"SC1_33.182",-0.279544097152466,33,"Sequencing","KIF25"
"SC1_33.183",-1.25362870497467,33,"Sequencing","ENSG00000234647"
"SC1_33.184",-0.291398505620444,33,"Sequencing","SMOC2"
"SC1_33.185",0.948993208674295,33,"Sequencing","NXPH1"
"SC1_33.186",0.649038123191315,33,"Sequencing","GALNT17"
"SC1_33.187",0.404515351464958,33,"Sequencing","CALN1"
"SC1_33.188",0.274140552095598,33,"Sequencing","CD36"
"SC1_33.189",1.09980288990351,33,"Sequencing","GRM3"
"SC1_33.190",-0.0308023083177201,33,"Sequencing","TAC1"
"SC1_33.191",0.592288361081379,33,"Sequencing","AZGP1"
"SC1_33.192",0.104661301747118,33,"Sequencing","VGF"
"SC1_33.193",0.507675563950695,33,"Sequencing","LHFPL3"
"SC1_33.194",0.37851269412155,33,"Sequencing","TMEM229A"
"SC1_33.195",0.579181666690401,33,"Sequencing","ENSG00000279419"
"SC1_33.196",0.513427072580449,33,"Sequencing","CHRM2"
"SC1_33.197",0.0348461506132631,33,"Sequencing","CRLF2"
"SC1_33.198",1.14418693569809,33,"Sequencing","ADGRG2"
"SC1_33.199",0.458817124233883,33,"Sequencing","MAP7D2"
"SC1_33.200",2.38241857550833,33,"Sequencing","ENSG00000283400"
"SC1_33.201",0.601573819496013,33,"Sequencing","PTCHD1"
"SC1_33.202",0.823076649314834,33,"Sequencing","IL1RAPL1"
"SC1_33.203",0.679086326990148,33,"Sequencing","DMD"
"SC1_33.204",0.514221234433711,33,"Sequencing","ERAS"
"SC1_33.205",-0.469463957328504,33,"Sequencing","MAGED4"
"SC1_33.206",0.386007468519248,33,"Sequencing","PCDH11X"
"SC1_33.207",0.366450969285554,33,"Sequencing","TCEAL6"
"SC1_33.208",0.158647132140024,33,"Sequencing","RNF128"
"SC1_33.209",-0.35023788777696,33,"Sequencing","SERTM2"
"SC1_33.210",1.31765007416543,33,"Sequencing","TRPC5"
"SC1_33.211",-0.0373558626435096,33,"Sequencing","IL13RA1"
"SC1_33.212",0.63067184457615,33,"Sequencing","SMIM10L2A"
"SC1_33.213",-0.66579180616212,33,"Sequencing","ARHGEF6"
"SC1_33.214",0.46611029954632,33,"Sequencing","FGF13"
"SC1_33.215",0.79067576585548,33,"Sequencing","MCF2"
"SC1_33.216",0.479889985127217,33,"Sequencing","SLITRK2"
"SC1_33.217",0.290028911583314,33,"Sequencing","GPR50"
"SC1_33.218",-0.437453287572802,33,"Sequencing","ENSG00000269993"
"SC1_33.219",1.01855502332466,33,"Sequencing","CSMD1"
"SC1_33.220",0.827465919912885,33,"Sequencing","ENSG00000284613"
"SC1_33.221",-0.367878366203821,33,"Sequencing","LPL"
"SC1_33.222",1.05014853498746,33,"Sequencing","LGI3"
"SC1_33.223",-0.643307531667406,33,"Sequencing","STC1"
"SC1_33.224",-0.669038488168837,33,"Sequencing","ADAM28"
"SC1_33.225",-0.747849639546658,33,"Sequencing","ENSG00000253888"
"SC1_33.226",1.92078810331132,33,"Sequencing","ENSG00000279099"
"SC1_33.227",0.252056566855549,33,"Sequencing","ENSG00000253746"
"SC1_33.228",0.348587229850577,33,"Sequencing","CHRNA6"
"SC1_33.229",0.0951658060684888,33,"Sequencing","OPRK1"
"SC1_33.230",-0.674035485530265,33,"Sequencing","ENSG00000254254"
"SC1_33.231",0.422057493244709,33,"Sequencing","TTPA"
"SC1_33.232",0.367833031973775,33,"Sequencing","SBSPON"
"SC1_33.233",1.23043196951391,33,"Sequencing","PI15"
"SC1_33.234",0.67152694523403,33,"Sequencing","IL7"
"SC1_33.235",0.219268887319033,33,"Sequencing","MATN2"
"SC1_33.236",0.866613468528249,33,"Sequencing","SPAG1"
"SC1_33.237",0.38052067219772,33,"Sequencing","ANGPT1"
"SC1_33.238",0.0628826447054824,33,"Sequencing","RSPO2"
"SC1_33.239",0.295017508202121,33,"Sequencing","TRHR"
"SC1_33.240",1.28149540332964,33,"Sequencing","SNTB1"
"SC1_33.241",-0.881244925028651,33,"Sequencing","ENSG00000244791"
"SC1_33.242",0.357439017749335,33,"Sequencing","ADCY8"
"SC1_33.243",1.3993057030413,33,"Sequencing","ENSG00000253259"
"SC1_33.244",1.03204298278958,33,"Sequencing","ENSG00000253507"
"SC1_33.245",0.727169093466267,33,"Sequencing","KCNK9"
"SC1_33.246",0.632041555236342,33,"Sequencing","LY6H"
"SC1_33.247",0.232133491792227,33,"Sequencing","CD274"
"SC1_33.248",-0.681522364369956,33,"Sequencing","ENSG00000226197"
"SC1_33.249",-1.41973161111755,33,"Sequencing","ENSG00000225472"
"SC1_33.250",1.01167835227691,33,"Sequencing","BNC2"
"SC1_33.251",0.838060490227809,33,"Sequencing","SLC24A2"
"SC1_33.252",-0.125993701850132,33,"Sequencing","ENSG00000260390"
"SC1_33.253",0.611708941988793,33,"Sequencing","ENSG00000260412"
"SC1_33.254",0.413753912933333,33,"Sequencing","LINGO2"
"SC1_33.255",-0.86832478516088,33,"Sequencing","AQP3"
"SC1_33.256",0.561184470594671,33,"Sequencing","FAM189A2"
"SC1_33.257",0.620122563281018,33,"Sequencing","NTRK2"
"SC1_33.258",-0.0435467662179139,33,"Sequencing","FGD3"
"SC1_33.259",-0.262889629868036,33,"Sequencing","FBP1"
"SC1_33.260",-0.633412751336317,33,"Sequencing","GAS2L1P2"
"SC1_33.261",0.834842204932239,33,"Sequencing","GRIN3A"
"SC1_33.262",1.84107384911236,33,"Sequencing","PPP3R2"
"SC1_33.263",-0.00711802157202039,33,"Sequencing","LINC01505"
"SC1_33.264",0.889913562149226,33,"Sequencing","BRINP1"
"SC1_33.265",0.914857396348376,33,"Sequencing","GPR21"
"SC1_33.266",1.14495627902688,33,"Sequencing","MIR181A2HG"
"SC1_33.267",-1.44251206845887,33,"Sequencing","IER5L"
"SC1_33.268",-0.410545953307336,33,"Sequencing","C9orf50"
"SC1_33.269",0.585282978621388,33,"Sequencing","NACC2"
"SC1_33.270",1.35141958766185,33,"Sequencing","GRIN1"
"SC1_33.271",0.543037023019121,33,"Sequencing","TH"
"SC1_33.272",1.31227088554965,33,"Sequencing","SPON1"
"SC1_33.273",0.697703035349218,33,"Sequencing","NCR3LG1"
"SC1_33.274",0.561534833214977,33,"Sequencing","ENSG00000270607"
"SC1_33.275",0.732256079094548,33,"Sequencing","ENSG00000279675"
"SC1_33.276",0.469817840381517,33,"Sequencing","LRRC4C"
"SC1_33.277",0.916948717505385,33,"Sequencing","LINC02740"
"SC1_33.278",0.11595111269056,33,"Sequencing","MS4A7"
"SC1_33.279",-0.832678499827112,33,"Sequencing","MS4A14"
"SC1_33.280",-0.49942395324648,33,"Sequencing","MS4A1"
"SC1_33.281",-0.353532850648051,33,"Sequencing","MIR6746"
"SC1_33.282",0.747275294956952,33,"Sequencing","KCNK4"
"SC1_33.283",0.733133418581443,33,"Sequencing","ENSG00000257069"
"SC1_33.284",0.885881979061725,33,"Sequencing","CATSPERZ"
"SC1_33.285",-0.721877393716066,33,"Sequencing","SHANK2-AS1"
"SC1_33.286",1.08032568724142,33,"Sequencing","ARHGEF17"
"SC1_33.287",0.791375679691224,33,"Sequencing","GRM5"
"SC1_33.288",0.0942569574940219,33,"Sequencing","MMP10"
"SC1_33.289",-0.514340497077496,33,"Sequencing","MMP1"
"SC1_33.290",0.410000442777965,33,"Sequencing","PDGFD"
"SC1_33.291",0.606012090791071,33,"Sequencing","C11orf87"
"SC1_33.292",0.727427181122982,33,"Sequencing","ARHGAP20"
"SC1_33.293",0.208604662530364,33,"Sequencing","LAYN"
"SC1_33.294",0.56098296863622,33,"Sequencing","SCN2B"
"SC1_33.295",1.05024044727328,33,"Sequencing","ABCG4"
"SC1_33.296",-0.751984585130024,33,"Sequencing","TRIM29"
"SC1_33.297",0.527931367126939,33,"Sequencing","MIR100HG"
"SC1_33.298",0.365443162032867,33,"Sequencing","MIR125B1"
"SC1_33.299",0.115715661920198,33,"Sequencing","ENSG00000238117"
"SC1_33.300",-1.36745901181756,33,"Sequencing","LINC02714"
"SC1_33.301",-0.600369847714215,33,"Sequencing","LINC00707"
"SC1_33.302",-0.107044118369249,33,"Sequencing","SFMBT2"
"SC1_33.303",0.303417701541312,33,"Sequencing","ARMC3"
"SC1_33.304",0.80779562728856,33,"Sequencing","MKX"
"SC1_33.305",-0.236540174953766,33,"Sequencing","FZD8"
"SC1_33.306",-0.620601275590838,33,"Sequencing","MIR4683"
"SC1_33.307",0.0976677842390548,33,"Sequencing","ANXA8L1"
"SC1_33.308",0.286335981816272,33,"Sequencing","LRRTM3"
"SC1_33.309",0.00621726797889812,33,"Sequencing","TLL2"
"SC1_33.310",0.16315880273983,33,"Sequencing","SORCS1"
"SC1_33.311",0.29955010335156,33,"Sequencing","CHST15"
"SC1_33.312",0.541094163242005,33,"Sequencing","PTPRE"
"SC1_33.313",1.18590883546629,33,"Sequencing","JAKMIP3"
"SC1_33.314",0.0188941071061301,33,"Sequencing","ENSG00000249695"
"SC1_33.315",0.856014006257179,33,"Sequencing","GRIN2B"
"SC1_33.316",-0.203703943125994,33,"Sequencing","RERG"
"SC1_33.317",-0.951808048211558,33,"Sequencing","PTHLH"
"SC1_33.318",1.12775673330799,33,"Sequencing","PDZRN4"
"SC1_33.319",0.497425006925426,33,"Sequencing","TMEM117"
"SC1_33.320",0.430348733648375,33,"Sequencing","ENSG00000258101"
"SC1_33.321",0.534140898671527,33,"Sequencing","KRT18"
"SC1_33.322",0.795638408012736,33,"Sequencing","TAFA2"
"SC1_33.323",-0.765842101989677,33,"Sequencing","LINC02458"
"SC1_33.324",0.562886305229608,33,"Sequencing","NTN4"
"SC1_33.325",-0.0101875890711528,33,"Sequencing","SLC17A8"
"SC1_33.326",-0.835892591984203,33,"Sequencing","ENSG00000257548"
"SC1_33.327",0.10480929622716,33,"Sequencing","TMEM233"
"SC1_33.328",0.309153791628532,33,"Sequencing","MIR1178"
"SC1_33.329",1.10756942231099,33,"Sequencing","ENSG00000280381"
"SC1_33.330",0.577957524369628,33,"Sequencing","TMEM132D"
"SC1_33.331",-0.477143767633408,33,"Sequencing","LINC02340"
"SC1_33.332",0.578447340423382,33,"Sequencing","FLT3"
"SC1_33.333",1.03194335864303,33,"Sequencing","STOML3"
"SC1_33.334",0.697220970046033,33,"Sequencing","KCTD4"
"SC1_33.335",1.49882055983692,33,"Sequencing","ENSG00000278727"
"SC1_33.336",-0.461283165221561,33,"Sequencing","SLITRK6"
"SC1_33.337",-0.647039863937648,33,"Sequencing","ENSG00000232636"
"SC1_33.338",0.113972416104853,33,"Sequencing","MIR4500HG"
"SC1_33.339",0.201057455869173,33,"Sequencing","COL4A2"
"SC1_33.340",0.86782915473289,33,"Sequencing","NPAS3"
"SC1_33.341",0.766842133337397,33,"Sequencing","ENSG00000258636"
"SC1_33.342",0.357654527661571,33,"Sequencing","LRFN5"
"SC1_33.343",0.51730794480038,33,"Sequencing","MDGA2"
"SC1_33.344",-0.262510190017025,33,"Sequencing","PTGER2"
"SC1_33.345",-0.12031701461322,33,"Sequencing","LGALS3"
"SC1_33.346",0.608090288344862,33,"Sequencing","SYT16"
"SC1_33.347",0.364015321200926,33,"Sequencing","KCNH5"
"SC1_33.348",0.937290496107776,33,"Sequencing","TMEM229B"
"SC1_33.349",0.0136198245816551,33,"Sequencing","ENSG00000258422"
"SC1_33.350",0.381913086266261,33,"Sequencing","FOS"
"SC1_33.351",0.379505663230363,33,"Sequencing","NRXN3"
"SC1_33.352",1.01947462003623,33,"Sequencing","ENSG00000258419"
"SC1_33.353",0.317852364714175,33,"Sequencing","TSHR"
"SC1_33.354",-0.313253618498743,33,"Sequencing","MEG8"
"SC1_33.355",0.446522615870885,33,"Sequencing","DIO3"
"SC1_33.356",1.00955904279685,33,"Sequencing","ENSG00000260780"
"SC1_33.357",-0.0435157167649598,33,"Sequencing","SNORD116-18"
"SC1_33.358",0.359542207434821,33,"Sequencing","SNORD115-1"
"SC1_33.359",0.944536978710683,33,"Sequencing","SNORD115-46"
"SC1_33.360",0.474646452857134,33,"Sequencing","GABRA5"
"SC1_33.361",0.242413838522098,33,"Sequencing","GJD2"
"SC1_33.362",0.464506470890535,33,"Sequencing","MEIS2"
"SC1_33.363",0.0431999979574987,33,"Sequencing","ENSG00000276121"
"SC1_33.364",-0.294484661713462,33,"Sequencing","FGF7"
"SC1_33.365",0.580655412426006,33,"Sequencing","LYSMD2"
"SC1_33.366",0.164471887955013,33,"Sequencing","THSD4"
"SC1_33.367",0.60912237599238,33,"Sequencing","ENSG00000275120"
"SC1_33.368",1.15192453168312,33,"Sequencing","ENSG00000276278"
"SC1_33.369",2.02141883137844,33,"Sequencing","PLIN1"
"SC1_33.370",1.53079019287474,33,"Sequencing","ENSG00000260337"
"SC1_33.371",0.761706081519617,33,"Sequencing","FAM169B"
"SC1_33.372",0.687440889684988,33,"Sequencing","ADAMTS17"
"SC1_33.373",-0.0678151302417412,33,"Sequencing","TNFRSF12A"
"SC1_33.374",0.235082264590744,33,"Sequencing","ENSG00000262668"
"SC1_33.375",0.553959414877837,33,"Sequencing","GRIN2A"
"SC1_33.376",-1.29936592040625,33,"Sequencing","SOCS1"
"SC1_33.377",0.507393164153597,33,"Sequencing","ENSG00000262801"
"SC1_33.378",-0.240840689625129,33,"Sequencing","ENSG00000262267"
"SC1_33.379",0.462832176862646,33,"Sequencing","TMC5"
"SC1_33.380",0.889070179576909,33,"Sequencing","RNU4-46P"
"SC1_33.381",0.347029988682252,33,"Sequencing","HS3ST4"
"SC1_33.382",1.60823561552561,33,"Sequencing","ENSG00000283662"
"SC1_33.383",0.859870359837707,33,"Sequencing","LPCAT2"
"SC1_33.384",0.647841406181694,33,"Sequencing","MT3"
"SC1_33.385",0.232246520094946,33,"Sequencing","CDH8"
"SC1_33.386",1.0678006403522,33,"Sequencing","ENSG00000260600"
"SC1_33.387",1.21356129645432,33,"Sequencing","ENSG00000231589"
"SC1_33.388",1.28275838697901,33,"Sequencing","HSF4"
"SC1_33.389",1.5007917018744,33,"Sequencing","ENSG00000262691"
"SC1_33.390",0.433131114463592,33,"Sequencing","ENSG00000260577"
"SC1_33.391",0.669571449539704,33,"Sequencing","HAS3"
"SC1_33.392",-0.343183875594185,33,"Sequencing","HPR"
"SC1_33.393",0.891582747021362,33,"Sequencing","ENSG00000277954"
"SC1_33.394",1.19958177861775,33,"Sequencing","ENSG00000261722"
"SC1_33.395",1.01564163296864,33,"Sequencing","MAF"
"SC1_33.396",0.0533211741772472,33,"Sequencing","ENSG00000277214"
"SC1_33.397",-0.287174125122853,33,"Sequencing","ENSG00000278058"
"SC1_33.398",0.554877198430003,33,"Sequencing","HSD17B2"
"SC1_33.399",2.64954645867444,33,"Sequencing","ATP2C2"
"SC1_33.400",0.681839603652841,33,"Sequencing","ENSG00000260279"
"SC1_33.401",0.00372041028450296,33,"Sequencing","SERPINF2"
"SC1_33.402",0.678504922131442,33,"Sequencing","GUCY2D"
"SC1_33.403",0.275696605302388,33,"Sequencing","ENSG00000279174"
"SC1_33.404",2.2274377396358,33,"Sequencing","LINC00670"
"SC1_33.405",0.545588799147398,33,"Sequencing","ASIC2"
"SC1_33.406",0.908045242545801,33,"Sequencing","PLXDC1"
"SC1_33.407",0.668956078418491,33,"Sequencing","HAP1"
"SC1_33.408",-0.0609234757336482,33,"Sequencing","ENSG00000276851"
"SC1_33.409",0.306560667438794,33,"Sequencing","CA10"
"SC1_33.410",-0.431737298046805,33,"Sequencing","NOG"
"SC1_33.411",0.837860861909255,33,"Sequencing","TRIM25"
"SC1_33.412",1.1272096608954,33,"Sequencing","PRKCA"
"SC1_33.413",0.121449375683253,33,"Sequencing","KCNJ2-AS1"
"SC1_33.414",0.392912588584231,33,"Sequencing","KCNJ2"
"SC1_33.415",1.479279683544,33,"Sequencing","ENSG00000276863"
"SC1_33.416",0.880923471659285,33,"Sequencing","ENSG00000263606"
"SC1_33.417",0.532727844697576,33,"Sequencing","LDLRAD4"
"SC1_33.418",0.539187369460181,33,"Sequencing","RN7SL362P"
"SC1_33.419",1.84282191535709,33,"Sequencing","CHST9"
"SC1_33.420",0.601373761332433,33,"Sequencing","GAREM1"
"SC1_33.421",0.593832797044619,33,"Sequencing","RIT2"
"SC1_33.422",0.632810293694078,33,"Sequencing","PSTPIP2"
"SC1_33.423",0.326741785261599,33,"Sequencing","RAB27B"
"SC1_33.424",-0.904050949068017,33,"Sequencing","SERPINB2"
"SC1_33.425",-0.826732329233417,33,"Sequencing","SERPINB10"
"SC1_33.426",-0.576367149639673,33,"Sequencing","LINC00305"
"SC1_33.427",0.409783472698083,33,"Sequencing","CDH7"
"SC1_33.428",1.04848345796686,33,"Sequencing","ENSG00000263720"
"SC1_33.429",0.645028989999509,33,"Sequencing","CBLN2"
"SC1_33.430",0.466398366621235,33,"Sequencing","LINC01896"
"SC1_33.431",1.00288583399023,33,"Sequencing","SALL3"
"SC1_33.432",0.358430464313832,33,"Sequencing","PDYN"
"SC1_33.433",-0.609508313929142,33,"Sequencing","TGM3"
"SC1_33.434",0.869728429894484,33,"Sequencing","EBF4"
"SC1_33.435",0.714546609624999,33,"Sequencing","SLC24A3"
"SC1_33.436",0.272664186250852,33,"Sequencing","ANKRD20A21P"
"SC1_33.437",0.89435026722413,33,"Sequencing","MAFB"
"SC1_33.438",0.588490470937738,33,"Sequencing","PTPRT"
"SC1_33.439",0.461783533371667,33,"Sequencing","ENSG00000233508"
"SC1_33.440",1.0731013168824,33,"Sequencing","SYCP2"
"SC1_33.441",0.83828833258439,33,"Sequencing","CDH4"
"SC1_33.442",0.797651781588674,33,"Sequencing","MIR1-1HG-AS1"
"SC1_33.443",0.929553301206973,33,"Sequencing","THEG"
"SC1_33.444",0.124180790908377,33,"Sequencing","SBNO2"
"SC1_33.445",0.613650331753832,33,"Sequencing","ZNF556"
"SC1_33.446",0.630378504354927,33,"Sequencing","FUT3"
"SC1_33.447",-0.746466605871767,33,"Sequencing","JUNB"
"SC1_33.448",0.304680379522417,33,"Sequencing","NANOS3"
"SC1_33.449",0.613476901033334,33,"Sequencing","IL27RA"
"SC1_33.450",0.74885201301357,33,"Sequencing","WTIP"
"SC1_33.451",0.859671310815899,33,"Sequencing","CYP2A13"
"SC1_33.452",-0.0195203638534427,33,"Sequencing","BCL3"
"SC1_33.453",-0.0818874639481147,33,"Sequencing","GFY"
"SC1_33.454",0.00461456328031967,33,"Sequencing","HAS1"
"SC1_33.455",0.707169498559982,33,"Sequencing","MIR935"
"SC1_33.456",0.746877374308581,33,"Sequencing","LINC01864"
"SC1_33.457",-0.294946489892532,33,"Sequencing","ZSCAN4"
"SC1_33.458",-0.455621995769613,33,"Sequencing","LINC01638"
"SC1_33.459",0.758497505712318,33,"Sequencing","C22orf42"
"SC1_33.460",1.25319558545827,33,"Sequencing","CACNA1I"
"SC1_33.461",-0.130611549330883,33,"Sequencing","NFAM1"
"SC1_33.462",-0.291421023019577,33,"Sequencing","ENSG00000230107"
"SC1_33.463",0.684172935101453,33,"Sequencing","SHISAL1"
"SC1_33.464",0.255185192420224,33,"Sequencing","NCAM2"
"SC1_33.465",-0.302042338000693,33,"Sequencing","ADAMTS1"
"SC1_33.466",0.12983964101852,33,"Sequencing","RUNX1"
"SC1_33.467",0.510547621122088,33,"Sequencing","PCP4"
"SC1_33.468",1.14426069655982,33,"Sequencing","COL18A1"
"SC2_33",0.601844546715544,33,"Sequencing","CHD5"
"SC2_33.1",0.474453407809495,33,"Sequencing","UTS2"
"SC2_33.2",0.342973461644379,33,"Sequencing","TNFRSF9"
"SC2_33.3",0.928161048043931,33,"Sequencing","FBXO6"
"SC2_33.4",0.9579406944171,33,"Sequencing","NBL1"
"SC2_33.5",1.01849692028272,33,"Sequencing","WNT4"
"SC2_33.6",0.696847459737223,33,"Sequencing","IFNLR1"
"SC2_33.7",0.310058193003394,33,"Sequencing","CSMD2"
"SC2_33.8",0.838637038382326,33,"Sequencing","HPCAL4"
"SC2_33.9",0.713693071495166,33,"Sequencing","FAAH"
"SC2_33.10",-0.557991820817322,33,"Sequencing","SLC25A3P1"
"SC2_33.11",0.164842740934164,33,"Sequencing","PTGER3"
"SC2_33.12",-0.768671111496578,33,"Sequencing","ENSG00000269933"
"SC2_33.13",0.833842837989508,33,"Sequencing","PTGFR"
"SC2_33.14",0.172233033276693,33,"Sequencing","ST13P20"
"SC2_33.15",1.07817529178608,33,"Sequencing","SAMD13"
"SC2_33.16",0.691078835715516,33,"Sequencing","UOX"
"SC2_33.17",1.08739076738937,33,"Sequencing","ENSG00000280099"
"SC2_33.18",0.863661115611883,33,"Sequencing","PLPPR4"
"SC2_33.19",0.916469443183974,33,"Sequencing","C1orf194"
"SC2_33.20",0.798654893162653,33,"Sequencing","SLC6A17"
"SC2_33.21",-0.80830034069994,33,"Sequencing","ENSG00000224950"
"SC2_33.22",0.41218744012019,33,"Sequencing","ECM1"
"SC2_33.23",-0.542895919334126,33,"Sequencing","S100A3"
"SC2_33.24",0.551344648148532,33,"Sequencing","FMO2"
"SC2_33.25",-0.39668607042277,33,"Sequencing","SLC9C2"
"SC2_33.26",0.586594430825077,33,"Sequencing","TNR"
"SC2_33.27",0.375742096591908,33,"Sequencing","CACNA1E"
"SC2_33.28",0.530657013885354,33,"Sequencing","BRINP3"
"SC2_33.29",0.872817503091947,33,"Sequencing","LINC01351"
"SC2_33.30",0.980010556220646,33,"Sequencing","ENSG00000241505"
"SC2_33.31",0.739977254817458,33,"Sequencing","ATP2B4"
"SC2_33.32",-0.305310434509054,33,"Sequencing","ENSG00000236846"
"SC2_33.33",0.482658792612188,33,"Sequencing","LEFTY1"
"SC2_33.34",0.719373320572348,33,"Sequencing","MAP3K21"
"SC2_33.35",0.412133778151025,33,"Sequencing","CHRM3"
"SC2_33.36",0.410268244938086,33,"Sequencing","PLD5"
"SC2_33.37",0.0116319054520421,33,"Sequencing","ENSG00000229727"
"SC2_33.38",0.757633655842485,33,"Sequencing","HPCAL1"
"SC2_33.39",1.01620606402461,33,"Sequencing","ENSG00000225649"
"SC2_33.40",0.347104855064624,33,"Sequencing","POMC"
"SC2_33.41",0.862546017480395,33,"Sequencing","KCNK12"
"SC2_33.42",0.339142185561299,33,"Sequencing","SFXN5"
"SC2_33.43",0.644708254718422,33,"Sequencing","CD8B"
"SC2_33.44",0.488690150594124,33,"Sequencing","ANAPC1P1"
"SC2_33.45",0.300083605206018,33,"Sequencing","CYTOR"
"SC2_33.46",0.368278730470933,33,"Sequencing","IL1R1"
"SC2_33.47",0.638190283484122,33,"Sequencing","LINC01123"
"SC2_33.48",0.209166367967794,33,"Sequencing","MIR4435-2HG"
"SC2_33.49",0.4832762021,33,"Sequencing","SCTR"
"SC2_33.50",0.603355453660756,33,"Sequencing","ENSG00000228400"
"SC2_33.51",0.615250439597961,33,"Sequencing","LINC01854"
"SC2_33.52",0.485862202591542,33,"Sequencing","CCDC74B"
"SC2_33.53",1.38528981178958,33,"Sequencing","SMIM39"
"SC2_33.54",0.769794332670285,33,"Sequencing","CCDC74A"
"SC2_33.55",0.63088914941142,33,"Sequencing","LYPD1"
"SC2_33.56",0.920338707825111,33,"Sequencing","KCNJ3"
"SC2_33.57",0.700118544059774,33,"Sequencing","PLA2R1"
"SC2_33.58",0.728806384806518,33,"Sequencing","SCN1A"
"SC2_33.59",0.55499480360987,33,"Sequencing","C2orf88"
"SC2_33.60",0.485967938758226,33,"Sequencing","MSTN"
"SC2_33.61",0.595624335765867,33,"Sequencing","NYAP2"
"SC2_33.62",0.665482244350312,33,"Sequencing","ENSG00000273301"
"SC2_33.63",0.824352671418869,33,"Sequencing","ECEL1"
"SC2_33.64",0.937394990628446,33,"Sequencing","RAMP1"
"SC2_33.65",0.864426583704599,33,"Sequencing","CNTN6"
"SC2_33.66",0.848793870019509,33,"Sequencing","GRM7"
"SC2_33.67",0.672355120130086,33,"Sequencing","IRAK2"
"SC2_33.68",0.735802868271874,33,"Sequencing","SYN2"
"SC2_33.69",0.668690275866045,33,"Sequencing","GRIP2"
"SC2_33.70",0.737542637852084,33,"Sequencing","ARPP21"
"SC2_33.71",0.539510041320588,33,"Sequencing","DCLK3"
"SC2_33.72",-0.150343477353068,33,"Sequencing","CCK"
"SC2_33.73",0.22185993548073,33,"Sequencing","IL17RB"
"SC2_33.74",0.615039516965123,33,"Sequencing","CACNA2D3"
"SC2_33.75",0.733427499062592,33,"Sequencing","DNAH12"
"SC2_33.76",0.422607898939312,33,"Sequencing","CNTN3"
"SC2_33.77",0.484667334079679,33,"Sequencing","EPHA6"
"SC2_33.78",0.578598381847845,33,"Sequencing","ENSG00000261292"
"SC2_33.79",-0.785138061938708,33,"Sequencing","ENSG00000239482"
"SC2_33.80",-0.489608721748493,33,"Sequencing","ENSG00000251012"
"SC2_33.81",-0.62685725335297,33,"Sequencing","UPK1B"
"SC2_33.82",0.934822088633592,33,"Sequencing","ADCY5"
"SC2_33.83",1.06139544802037,33,"Sequencing","TRH"
"SC2_33.84",0.863715821046728,33,"Sequencing","COL6A4P2"
"SC2_33.85",0.436930034500926,33,"Sequencing","ZBTB38"
"SC2_33.86",0.0384861705987862,33,"Sequencing","PCOLCE2"
"SC2_33.87",-0.302365481867529,33,"Sequencing","CPB1"
"SC2_33.88",-0.484671978870714,33,"Sequencing","IQCJ"
"SC2_33.89",-0.260196537540008,33,"Sequencing","LINC01323"
"SC2_33.90",0.5615049383551,33,"Sequencing","LINC01324"
"SC2_33.91",0.531148686013339,33,"Sequencing","SLITRK3"
"SC2_33.92",0.709412687351983,33,"Sequencing","LINC01322"
"SC2_33.93",0.577239732125198,33,"Sequencing","BCL6"
"SC2_33.94",1.00428806158378,33,"Sequencing",NA
"SC2_33.95",0.606527233144465,33,"Sequencing","IL1RAP"
"SC2_33.96",0.469225871390116,33,"Sequencing","UTS2B"
"SC2_33.97",0.0180454039528214,33,"Sequencing","ZDHHC19"
"SC2_33.98",0.00653097127983851,33,"Sequencing","RPSAP69"
"SC2_33.99",-0.52776080440701,33,"Sequencing","ENSG00000227189"
"SC2_33.100",0.632459236468511,33,"Sequencing","ENSG00000284727"
"SC2_33.101",0.785793058529361,33,"Sequencing","MSX1"
"SC2_33.102",-0.679388925190343,33,"Sequencing","GBA3"
"SC2_33.103",0.895292780324547,33,"Sequencing","CCKAR"
"SC2_33.104",0.520856403161347,33,"Sequencing","PCDH7"
"SC2_33.105",0.538613764636967,33,"Sequencing","LINC02513"
"SC2_33.106",0.759540848349387,33,"Sequencing","ENSG00000260878"
"SC2_33.107",0.613224239329082,33,"Sequencing","GABRA2"
"SC2_33.108",-0.0234423508598383,33,"Sequencing","ENSG00000249330"
"SC2_33.109",0.873362905554793,33,"Sequencing","GABRB1"
"SC2_33.110",0.878235425974482,33,"Sequencing","ENSG00000260918"
"SC2_33.111",0.123749373963219,33,"Sequencing","ADAMTS3"
"SC2_33.112",0.376907777980888,33,"Sequencing","BTC"
"SC2_33.113",0.280585403737924,33,"Sequencing","FGF5"
"SC2_33.114",0.776091916211178,33,"Sequencing","SCD5"
"SC2_33.115",-1.0737542274662,33,"Sequencing","NPNT"
"SC2_33.116",0.660511302637256,33,"Sequencing","CAMK2D"
"SC2_33.117",0.272183141118266,33,"Sequencing","PDE5A"
"SC2_33.118",0.721643873369217,33,"Sequencing","PCDH18"
"SC2_33.119",0.0172373949124421,33,"Sequencing","ENSG00000250777"
"SC2_33.120",0.678079540352241,33,"Sequencing","FREM3"
"SC2_33.121",0.500061340513947,33,"Sequencing","TTC29"
"SC2_33.122",-0.133352564677523,33,"Sequencing",NA
"SC2_33.123",0.762041915852433,33,"Sequencing","GUCY1A1"
"SC2_33.124",0.616255266344867,33,"Sequencing","ENSG00000260244"
"SC2_33.125",0.19322626005309,33,"Sequencing","PDGFC"
"SC2_33.126",1.01206034273511,33,"Sequencing","FSTL5"
"SC2_33.127",0.493564906611809,33,"Sequencing","ENSG00000250027"
"SC2_33.128",0.634106354043797,33,"Sequencing","NPY1R"
"SC2_33.129",0.694138622435672,33,"Sequencing","NPY5R"
"SC2_33.130",0.654410034533263,33,"Sequencing","GALNTL6"
"SC2_33.131",0.596739389326054,33,"Sequencing","GLRA3"
"SC2_33.132",0.412234896261431,33,"Sequencing","ADAM29"
"SC2_33.133",-0.123918164943565,33,"Sequencing","MTNR1A"
"SC2_33.134",-0.403897822339792,33,"Sequencing","RANBP3L"
"SC2_33.135",0.52086016521983,33,"Sequencing","LIFR"
"SC2_33.136",0.860057849131085,33,"Sequencing","PTGER4"
"SC2_33.137",0.501833056485612,33,"Sequencing","GHR"
"SC2_33.138",-0.0541486252699577,33,"Sequencing","ESM1"
"SC2_33.139",0.673781597683215,33,"Sequencing","IL6ST"
"SC2_33.140",0.969632771065672,33,"Sequencing","RGS7BP"
"SC2_33.141",0.0915396064047712,33,"Sequencing","LINC02197"
"SC2_33.142",0.902352424715301,33,"Sequencing","SV2C"
"SC2_33.143",0.896175651605323,33,"Sequencing","MEF2C"
"SC2_33.144",-0.442706854022801,33,"Sequencing","EGR1"
"SC2_33.145",0.708084580619161,33,"Sequencing","NR3C1"
"SC2_33.146",0.660900484226385,33,"Sequencing","GRIA1"
"SC2_33.147",1.40896442726145,33,"Sequencing","ENSG00000249738"
"SC2_33.148",-0.291184169793518,33,"Sequencing","IL12B"
"SC2_33.149",0.491838904998418,33,"Sequencing","GABRB2"
"SC2_33.150",0.552209959145812,33,"Sequencing","GABRA1"
"SC2_33.151",0.892701565587748,33,"Sequencing","GABRG2"
"SC2_33.152",0.896684231524554,33,"Sequencing","F12"
"SC2_33.153",-1.00792903051275,33,"Sequencing","PRR7-AS1"
"SC2_33.154",0.93463052516034,33,"Sequencing","TRIM7"
"SC2_33.155",0.909480388186541,33,"Sequencing","CD83"
"SC2_33.156",0.86326873353367,33,"Sequencing","RBM24"
"SC2_33.157",0.117265159258899,33,"Sequencing","RNF144B"
"SC2_33.158",0.198752540619038,33,"Sequencing","DCDC2"
"SC2_33.159",-0.213636426788285,33,"Sequencing","SLC17A2"
"SC2_33.160",0.836983252664846,33,"Sequencing","BTN3A1"
"SC2_33.161",0.757061870621536,33,"Sequencing","RN7SL471P"
"SC2_33.162",1.56511972345462,33,"Sequencing","TRIM31-AS1"
"SC2_33.163",1.61691297178673,33,"Sequencing","HLA-DRB5"
"SC2_33.164",0.893779930589142,33,"Sequencing","TAP1"
"SC2_33.165",1.08617852798957,33,"Sequencing","CLIC5"
"SC2_33.166",0.807139047417188,33,"Sequencing","RCAN2"
"SC2_33.167",0.389548519455095,33,"Sequencing","TENT5A"
"SC2_33.168",-0.28350192996672,33,"Sequencing","TBX18"
"SC2_33.169",0.71044948350677,33,"Sequencing","GJA10"
"SC2_33.170",0.452943336068341,33,"Sequencing","FAM162B"
"SC2_33.171",-0.173078029292797,33,"Sequencing","RFX6"
"SC2_33.172",0.609383279568415,33,"Sequencing","NKAIN2"
"SC2_33.173",-1.09669097137576,33,"Sequencing","ENSG00000237321"
"SC2_33.174",0.655811764289373,33,"Sequencing","MOXD1"
"SC2_33.175",0.718088229907169,33,"Sequencing","MAP7"
"SC2_33.176",0.99021798232524,33,"Sequencing","STXBP5-AS1"
"SC2_33.177",0.0568744267942086,33,"Sequencing","MYCT1"
"SC2_33.178",0.728669936167147,33,"Sequencing","ENSG00000232529"
"SC2_33.179",0.793953653675313,33,"Sequencing","LPA"
"SC2_33.180",-0.337548799250149,33,"Sequencing","LINC02538"
"SC2_33.181",0.187782956102776,33,"Sequencing","ENSG00000235994"
"SC2_33.182",-0.271076877122482,33,"Sequencing","KIF25"
"SC2_33.183",0.0713781360529076,33,"Sequencing","ENSG00000234647"
"SC2_33.184",0.38238088542434,33,"Sequencing","SMOC2"
"SC2_33.185",0.775962876202085,33,"Sequencing","NXPH1"
"SC2_33.186",0.82560866024945,33,"Sequencing","GALNT17"
"SC2_33.187",0.905979471005529,33,"Sequencing","CALN1"
"SC2_33.188",0.509985920112123,33,"Sequencing","CD36"
"SC2_33.189",0.616558627734015,33,"Sequencing","GRM3"
"SC2_33.190",0.681612907947042,33,"Sequencing","TAC1"
"SC2_33.191",0.513564677224805,33,"Sequencing","AZGP1"
"SC2_33.192",0.392894590841046,33,"Sequencing","VGF"
"SC2_33.193",0.82065688231602,33,"Sequencing","LHFPL3"
"SC2_33.194",1.27065499307745,33,"Sequencing","TMEM229A"
"SC2_33.195",0.272596352333163,33,"Sequencing","ENSG00000279419"
"SC2_33.196",0.803158769053349,33,"Sequencing","CHRM2"
"SC2_33.197",0.614835787064038,33,"Sequencing","CRLF2"
"SC2_33.198",0.707033080240573,33,"Sequencing","ADGRG2"
"SC2_33.199",0.589658306406623,33,"Sequencing","MAP7D2"
"SC2_33.200",0.162753236392813,33,"Sequencing","ENSG00000283400"
"SC2_33.201",0.763255748202099,33,"Sequencing","PTCHD1"
"SC2_33.202",0.581168882566754,33,"Sequencing","IL1RAPL1"
"SC2_33.203",0.70386509535143,33,"Sequencing","DMD"
"SC2_33.204",1.00395550037638,33,"Sequencing","ERAS"
"SC2_33.205",-0.469463957328504,33,"Sequencing","MAGED4"
"SC2_33.206",0.447401363477467,33,"Sequencing","PCDH11X"
"SC2_33.207",0.641135040224317,33,"Sequencing","TCEAL6"
"SC2_33.208",0.526868659897055,33,"Sequencing","RNF128"
"SC2_33.209",0.326760189679852,33,"Sequencing","SERTM2"
"SC2_33.210",0.809822040958314,33,"Sequencing","TRPC5"
"SC2_33.211",0.688058205687516,33,"Sequencing","IL13RA1"
"SC2_33.212",1.00839396085855,33,"Sequencing","SMIM10L2A"
"SC2_33.213",0.0311792377487292,33,"Sequencing","ARHGEF6"
"SC2_33.214",0.780467135699098,33,"Sequencing","FGF13"
"SC2_33.215",0.834597850229072,33,"Sequencing","MCF2"
"SC2_33.216",0.85298588317005,33,"Sequencing","SLITRK2"
"SC2_33.217",-0.6147026838348,33,"Sequencing","GPR50"
"SC2_33.218",-0.762446651845831,33,"Sequencing","ENSG00000269993"
"SC2_33.219",0.387709180052455,33,"Sequencing","CSMD1"
"SC2_33.220",0.257976782392343,33,"Sequencing","ENSG00000284613"
"SC2_33.221",-0.496627573203148,33,"Sequencing","LPL"
"SC2_33.222",0.946851062933002,33,"Sequencing","LGI3"
"SC2_33.223",-0.0340549423676941,33,"Sequencing","STC1"
"SC2_33.224",-0.661343205395916,33,"Sequencing","ADAM28"
"SC2_33.225",0.0962638591895935,33,"Sequencing","ENSG00000253888"
"SC2_33.226",-0.7850309424112,33,"Sequencing","ENSG00000279099"
"SC2_33.227",0.122034525158073,33,"Sequencing","ENSG00000253746"
"SC2_33.228",0.33409297901149,33,"Sequencing","CHRNA6"
"SC2_33.229",1.10093501909088,33,"Sequencing","OPRK1"
"SC2_33.230",0.551167381366455,33,"Sequencing","ENSG00000254254"
"SC2_33.231",1.02583701837281,33,"Sequencing","TTPA"
"SC2_33.232",0.619656235171093,33,"Sequencing","SBSPON"
"SC2_33.233",0.93503000177211,33,"Sequencing","PI15"
"SC2_33.234",-0.00560011695700732,33,"Sequencing","IL7"
"SC2_33.235",0.239053172962862,33,"Sequencing","MATN2"
"SC2_33.236",0.729096626780459,33,"Sequencing","SPAG1"
"SC2_33.237",1.10375104387941,33,"Sequencing","ANGPT1"
"SC2_33.238",0.781244716248212,33,"Sequencing","RSPO2"
"SC2_33.239",0.298815480652332,33,"Sequencing","TRHR"
"SC2_33.240",0.641632580381069,33,"Sequencing","SNTB1"
"SC2_33.241",-0.644637515160371,33,"Sequencing","ENSG00000244791"
"SC2_33.242",0.637454800456644,33,"Sequencing","ADCY8"
"SC2_33.243",-0.0740176614897626,33,"Sequencing","ENSG00000253259"
"SC2_33.244",0.830177742824963,33,"Sequencing","ENSG00000253507"
"SC2_33.245",0.745490100370834,33,"Sequencing","KCNK9"
"SC2_33.246",0.855675314554669,33,"Sequencing","LY6H"
"SC2_33.247",0.592155164334459,33,"Sequencing","CD274"
"SC2_33.248",0.971360879585379,33,"Sequencing","ENSG00000226197"
"SC2_33.249",-0.93860854482907,33,"Sequencing","ENSG00000225472"
"SC2_33.250",0.448149116902093,33,"Sequencing","BNC2"
"SC2_33.251",0.783862855706313,33,"Sequencing","SLC24A2"
"SC2_33.252",-0.419501746266943,33,"Sequencing","ENSG00000260390"
"SC2_33.253",0.633108637720579,33,"Sequencing","ENSG00000260412"
"SC2_33.254",0.634531462842311,33,"Sequencing","LINGO2"
"SC2_33.255",-0.436381844929194,33,"Sequencing","AQP3"
"SC2_33.256",0.433045696635218,33,"Sequencing","FAM189A2"
"SC2_33.257",0.712077984556448,33,"Sequencing","NTRK2"
"SC2_33.258",1.07053288602179,33,"Sequencing","FGD3"
"SC2_33.259",0.560776040053637,33,"Sequencing","FBP1"
"SC2_33.260",0.653879520946186,33,"Sequencing","GAS2L1P2"
"SC2_33.261",0.737690968723915,33,"Sequencing","GRIN3A"
"SC2_33.262",-0.247690141008012,33,"Sequencing","PPP3R2"
"SC2_33.263",0.193003296309232,33,"Sequencing","LINC01505"
"SC2_33.264",0.797429680890113,33,"Sequencing","BRINP1"
"SC2_33.265",0.741637837112778,33,"Sequencing","GPR21"
"SC2_33.266",-0.28216392572756,33,"Sequencing","MIR181A2HG"
"SC2_33.267",-0.0659379290443594,33,"Sequencing","IER5L"
"SC2_33.268",0.999375057423362,33,"Sequencing","C9orf50"
"SC2_33.269",0.654624998414981,33,"Sequencing","NACC2"
"SC2_33.270",0.678544423662467,33,"Sequencing","GRIN1"
"SC2_33.271",0.842714684615595,33,"Sequencing","TH"
"SC2_33.272",0.466426874259146,33,"Sequencing","SPON1"
"SC2_33.273",0.715540305919636,33,"Sequencing","NCR3LG1"
"SC2_33.274",0.930269952170777,33,"Sequencing","ENSG00000270607"
"SC2_33.275",0.382533198434274,33,"Sequencing","ENSG00000279675"
"SC2_33.276",0.517042854341723,33,"Sequencing","LRRC4C"
"SC2_33.277",0.131053889605451,33,"Sequencing","LINC02740"
"SC2_33.278",0.571840652737864,33,"Sequencing","MS4A7"
"SC2_33.279",0.435097110817765,33,"Sequencing","MS4A14"
"SC2_33.280",-0.0276522916890088,33,"Sequencing","MS4A1"
"SC2_33.281",0.13888500841475,33,"Sequencing","MIR6746"
"SC2_33.282",0.61361887161075,33,"Sequencing","KCNK4"
"SC2_33.283",0.553677415296169,33,"Sequencing","ENSG00000257069"
"SC2_33.284",0.480300235901694,33,"Sequencing","CATSPERZ"
"SC2_33.285",-0.0531798292781913,33,"Sequencing","SHANK2-AS1"
"SC2_33.286",0.844136235947625,33,"Sequencing","ARHGEF17"
"SC2_33.287",0.921616784519706,33,"Sequencing","GRM5"
"SC2_33.288",0.767384532979162,33,"Sequencing","MMP10"
"SC2_33.289",-0.146747885152909,33,"Sequencing","MMP1"
"SC2_33.290",0.70374892298393,33,"Sequencing","PDGFD"
"SC2_33.291",0.935205774228108,33,"Sequencing","C11orf87"
"SC2_33.292",1.0180997524058,33,"Sequencing","ARHGAP20"
"SC2_33.293",0.961866257106178,33,"Sequencing","LAYN"
"SC2_33.294",0.928966216490336,33,"Sequencing","SCN2B"
"SC2_33.295",0.63444633264497,33,"Sequencing","ABCG4"
"SC2_33.296",-0.119342765492085,33,"Sequencing","TRIM29"
"SC2_33.297",0.651839073159519,33,"Sequencing","MIR100HG"
"SC2_33.298",0.317057448111261,33,"Sequencing","MIR125B1"
"SC2_33.299",-0.560229606043534,33,"Sequencing","ENSG00000238117"
"SC2_33.300",-0.0338022680856645,33,"Sequencing","LINC02714"
"SC2_33.301",-0.0458841791259268,33,"Sequencing","LINC00707"
"SC2_33.302",0.47706223001419,33,"Sequencing","SFMBT2"
"SC2_33.303",0.0189018401158924,33,"Sequencing","ARMC3"
"SC2_33.304",-0.135973975485704,33,"Sequencing","MKX"
"SC2_33.305",0.64174901781703,33,"Sequencing","FZD8"
"SC2_33.306",0.530870358739313,33,"Sequencing","MIR4683"
"SC2_33.307",0.299057421967355,33,"Sequencing","ANXA8L1"
"SC2_33.308",0.564650579332963,33,"Sequencing","LRRTM3"
"SC2_33.309",0.760891981050585,33,"Sequencing","TLL2"
"SC2_33.310",0.627706235837435,33,"Sequencing","SORCS1"
"SC2_33.311",0.595968230465844,33,"Sequencing","CHST15"
"SC2_33.312",0.653746400651218,33,"Sequencing","PTPRE"
"SC2_33.313",0.713251175833911,33,"Sequencing","JAKMIP3"
"SC2_33.314",-0.256353399200695,33,"Sequencing","ENSG00000249695"
"SC2_33.315",0.743013926766521,33,"Sequencing","GRIN2B"
"SC2_33.316",0.802943395207821,33,"Sequencing","RERG"
"SC2_33.317",0.102631802108602,33,"Sequencing","PTHLH"
"SC2_33.318",1.05842114962823,33,"Sequencing","PDZRN4"
"SC2_33.319",0.887472572146028,33,"Sequencing","TMEM117"
"SC2_33.320",0.436703213732307,33,"Sequencing","ENSG00000258101"
"SC2_33.321",0.836263564934939,33,"Sequencing","KRT18"
"SC2_33.322",0.513223847938569,33,"Sequencing","TAFA2"
"SC2_33.323",-0.526856930936921,33,"Sequencing","LINC02458"
"SC2_33.324",0.955277451601188,33,"Sequencing","NTN4"
"SC2_33.325",0.621138153484043,33,"Sequencing","SLC17A8"
"SC2_33.326",-0.835892591984203,33,"Sequencing","ENSG00000257548"
"SC2_33.327",-0.46720480508067,33,"Sequencing","TMEM233"
"SC2_33.328",0.309754051727295,33,"Sequencing","MIR1178"
"SC2_33.329",-0.78122709971148,33,"Sequencing","ENSG00000280381"
"SC2_33.330",0.736850716212121,33,"Sequencing","TMEM132D"
"SC2_33.331",0.172982674681422,33,"Sequencing","LINC02340"
"SC2_33.332",1.22457337404577,33,"Sequencing","FLT3"
"SC2_33.333",0.165915732558769,33,"Sequencing","STOML3"
"SC2_33.334",0.260965247197492,33,"Sequencing","KCTD4"
"SC2_33.335",-0.0810059686106906,33,"Sequencing","ENSG00000278727"
"SC2_33.336",0.828447069546317,33,"Sequencing","SLITRK6"
"SC2_33.337",-0.142055124931057,33,"Sequencing","ENSG00000232636"
"SC2_33.338",0.858528865870286,33,"Sequencing","MIR4500HG"
"SC2_33.339",0.737200617659643,33,"Sequencing","COL4A2"
"SC2_33.340",0.661745001023528,33,"Sequencing","NPAS3"
"SC2_33.341",0.324660345198505,33,"Sequencing","ENSG00000258636"
"SC2_33.342",0.565041895319951,33,"Sequencing","LRFN5"
"SC2_33.343",0.502194258057449,33,"Sequencing","MDGA2"
"SC2_33.344",0.725767271810186,33,"Sequencing","PTGER2"
"SC2_33.345",-0.129194503369851,33,"Sequencing","LGALS3"
"SC2_33.346",0.59319936659547,33,"Sequencing","SYT16"
"SC2_33.347",0.847274063617484,33,"Sequencing","KCNH5"
"SC2_33.348",0.897027967265819,33,"Sequencing","TMEM229B"
"SC2_33.349",-0.0351096694242268,33,"Sequencing","ENSG00000258422"
"SC2_33.350",0.781107297491415,33,"Sequencing","FOS"
"SC2_33.351",0.635744177560793,33,"Sequencing","NRXN3"
"SC2_33.352",0.0652924599502715,33,"Sequencing","ENSG00000258419"
"SC2_33.353",0.671812037246131,33,"Sequencing","TSHR"
"SC2_33.354",0.110464985384702,33,"Sequencing","MEG8"
"SC2_33.355",1.027073556207,33,"Sequencing","DIO3"
"SC2_33.356",1.28025664293634,33,"Sequencing","ENSG00000260780"
"SC2_33.357",-0.0583031427129609,33,"Sequencing","SNORD116-18"
"SC2_33.358",0.824681608753781,33,"Sequencing","SNORD115-1"
"SC2_33.359",0.729812323377242,33,"Sequencing","SNORD115-46"
"SC2_33.360",0.79509048565181,33,"Sequencing","GABRA5"
"SC2_33.361",0.784859027611663,33,"Sequencing","GJD2"
"SC2_33.362",0.731674415679529,33,"Sequencing","MEIS2"
"SC2_33.363",0.698708227783479,33,"Sequencing","ENSG00000276121"
"SC2_33.364",0.0599685444127508,33,"Sequencing","FGF7"
"SC2_33.365",0.864501007407113,33,"Sequencing","LYSMD2"
"SC2_33.366",0.120171665128586,33,"Sequencing","THSD4"
"SC2_33.367",1.03558474983764,33,"Sequencing","ENSG00000275120"
"SC2_33.368",0.8279360258725,33,"Sequencing","ENSG00000276278"
"SC2_33.369",-0.0697786647644876,33,"Sequencing","PLIN1"
"SC2_33.370",0.520806493946274,33,"Sequencing","ENSG00000260337"
"SC2_33.371",0.313965021214421,33,"Sequencing","FAM169B"
"SC2_33.372",0.427443690720218,33,"Sequencing","ADAMTS17"
"SC2_33.373",0.390898465840302,33,"Sequencing","TNFRSF12A"
"SC2_33.374",0.296230738705649,33,"Sequencing","ENSG00000262668"
"SC2_33.375",0.667078206444643,33,"Sequencing","GRIN2A"
"SC2_33.376",-0.0144214931676275,33,"Sequencing","SOCS1"
"SC2_33.377",0.544975784991495,33,"Sequencing","ENSG00000262801"
"SC2_33.378",0.0334240393612151,33,"Sequencing","ENSG00000262267"
"SC2_33.379",0.737431661987835,33,"Sequencing","TMC5"
"SC2_33.380",1.34782601876564,33,"Sequencing","RNU4-46P"
"SC2_33.381",0.683204330417908,33,"Sequencing","HS3ST4"
"SC2_33.382",0.939119647218847,33,"Sequencing","ENSG00000283662"
"SC2_33.383",0.906540543634303,33,"Sequencing","LPCAT2"
"SC2_33.384",1.08632377423003,33,"Sequencing","MT3"
"SC2_33.385",0.398272166324154,33,"Sequencing","CDH8"
"SC2_33.386",0.142007745831759,33,"Sequencing","ENSG00000260600"
"SC2_33.387",-0.189294161223421,33,"Sequencing","ENSG00000231589"
"SC2_33.388",0.907062270714247,33,"Sequencing","HSF4"
"SC2_33.389",-0.099276154595468,33,"Sequencing","ENSG00000262691"
"SC2_33.390",1.17848533706873,33,"Sequencing","ENSG00000260577"
"SC2_33.391",1.09174393236523,33,"Sequencing","HAS3"
"SC2_33.392",0.205614066301853,33,"Sequencing","HPR"
"SC2_33.393",0.713624796630751,33,"Sequencing","ENSG00000277954"
"SC2_33.394",0.356655304175708,33,"Sequencing","ENSG00000261722"
"SC2_33.395",0.804719595005844,33,"Sequencing","MAF"
"SC2_33.396",-0.255404774431836,33,"Sequencing","ENSG00000277214"
"SC2_33.397",0.431042497244895,33,"Sequencing","ENSG00000278058"
"SC2_33.398",0.492495876873558,33,"Sequencing","HSD17B2"
"SC2_33.399",0.434767977193509,33,"Sequencing","ATP2C2"
"SC2_33.400",-0.0694451793166711,33,"Sequencing","ENSG00000260279"
"SC2_33.401",0.875858730298789,33,"Sequencing","SERPINF2"
"SC2_33.402",1.14946872331559,33,"Sequencing","GUCY2D"
"SC2_33.403",0.0730794194355095,33,"Sequencing","ENSG00000279174"
"SC2_33.404",0.59730241502825,33,"Sequencing","LINC00670"
"SC2_33.405",0.86307701429156,33,"Sequencing","ASIC2"
"SC2_33.406",0.950525156767901,33,"Sequencing","PLXDC1"
"SC2_33.407",0.787188539364031,33,"Sequencing","HAP1"
"SC2_33.408",-0.135233765114154,33,"Sequencing","ENSG00000276851"
"SC2_33.409",0.750140307073678,33,"Sequencing","CA10"
"SC2_33.410",0.310075025297009,33,"Sequencing","NOG"
"SC2_33.411",0.948325557575295,33,"Sequencing","TRIM25"
"SC2_33.412",0.649028412012859,33,"Sequencing","PRKCA"
"SC2_33.413",0.586529561465366,33,"Sequencing","KCNJ2-AS1"
"SC2_33.414",0.527439954690445,33,"Sequencing","KCNJ2"
"SC2_33.415",-0.406959952766554,33,"Sequencing","ENSG00000276863"
"SC2_33.416",-0.203613592226566,33,"Sequencing","ENSG00000263606"
"SC2_33.417",0.764626033064415,33,"Sequencing","LDLRAD4"
"SC2_33.418",0.476144706255056,33,"Sequencing","RN7SL362P"
"SC2_33.419",1.01531129289021,33,"Sequencing","CHST9"
"SC2_33.420",0.91948572795047,33,"Sequencing","GAREM1"
"SC2_33.421",1.12100869191011,33,"Sequencing","RIT2"
"SC2_33.422",0.820683869452699,33,"Sequencing","PSTPIP2"
"SC2_33.423",0.908473201660212,33,"Sequencing","RAB27B"
"SC2_33.424",-0.857172850751994,33,"Sequencing","SERPINB2"
"SC2_33.425",-0.76675618916024,33,"Sequencing","SERPINB10"
"SC2_33.426",0.663850495024233,33,"Sequencing","LINC00305"
"SC2_33.427",0.567323862288153,33,"Sequencing","CDH7"
"SC2_33.428",0.0976332612669215,33,"Sequencing","ENSG00000263720"
"SC2_33.429",0.526998975183652,33,"Sequencing","CBLN2"
"SC2_33.430",0.850255294796121,33,"Sequencing","LINC01896"
"SC2_33.431",0.255428174790047,33,"Sequencing","SALL3"
"SC2_33.432",-0.406845060128877,33,"Sequencing","PDYN"
"SC2_33.433",-0.0326970476778599,33,"Sequencing","TGM3"
"SC2_33.434",0.606077763080376,33,"Sequencing","EBF4"
"SC2_33.435",0.929088680519555,33,"Sequencing","SLC24A3"
"SC2_33.436",-0.108257973331211,33,"Sequencing","ANKRD20A21P"
"SC2_33.437",0.52774367750785,33,"Sequencing","MAFB"
"SC2_33.438",0.54179825303646,33,"Sequencing","PTPRT"
"SC2_33.439",0.611095692924971,33,"Sequencing","ENSG00000233508"
"SC2_33.440",0.876241023440151,33,"Sequencing","SYCP2"
"SC2_33.441",0.28494844051489,33,"Sequencing","CDH4"
"SC2_33.442",0.890857498592596,33,"Sequencing","MIR1-1HG-AS1"
"SC2_33.443",1.21601981793855,33,"Sequencing","THEG"
"SC2_33.444",0.48504871261844,33,"Sequencing","SBNO2"
"SC2_33.445",0.49102280624665,33,"Sequencing","ZNF556"
"SC2_33.446",0.317204028129843,33,"Sequencing","FUT3"
"SC2_33.447",0.603592270487622,33,"Sequencing","JUNB"
"SC2_33.448",0.671881101474338,33,"Sequencing","NANOS3"
"SC2_33.449",0.928890476881441,33,"Sequencing","IL27RA"
"SC2_33.450",0.794351947269478,33,"Sequencing","WTIP"
"SC2_33.451",0.90335520658088,33,"Sequencing","CYP2A13"
"SC2_33.452",0.421724571514568,33,"Sequencing","BCL3"
"SC2_33.453",1.26154166218569,33,"Sequencing","GFY"
"SC2_33.454",0.982108858236191,33,"Sequencing","HAS1"
"SC2_33.455",0.0980102595240208,33,"Sequencing","MIR935"
"SC2_33.456",0.380626329575075,33,"Sequencing","LINC01864"
"SC2_33.457",-0.398059064631775,33,"Sequencing","ZSCAN4"
"SC2_33.458",0.387235443845376,33,"Sequencing","LINC01638"
"SC2_33.459",0.893550037394207,33,"Sequencing","C22orf42"
"SC2_33.460",0.669629686999621,33,"Sequencing","CACNA1I"
"SC2_33.461",0.583438817855426,33,"Sequencing","NFAM1"
"SC2_33.462",0.844019031951543,33,"Sequencing","ENSG00000230107"
"SC2_33.463",0.722349953065476,33,"Sequencing","SHISAL1"
"SC2_33.464",0.579391642872001,33,"Sequencing","NCAM2"
"SC2_33.465",0.542320625063924,33,"Sequencing","ADAMTS1"
"SC2_33.466",0.432420477336521,33,"Sequencing","RUNX1"
"SC2_33.467",0.920851754385534,33,"Sequencing","PCP4"
"SC2_33.468",0.819275114368455,33,"Sequencing","COL18A1"
"SC3_33",0.358249698443405,33,"Sequencing","CHD5"
"SC3_33.1",0.00800645501300323,33,"Sequencing","UTS2"
"SC3_33.2",0.207786992225148,33,"Sequencing","TNFRSF9"
"SC3_33.3",0.00330463236453008,33,"Sequencing","FBXO6"
"SC3_33.4",0.503772449321091,33,"Sequencing","NBL1"
"SC3_33.5",1.02795280904226,33,"Sequencing","WNT4"
"SC3_33.6",0.897892828657482,33,"Sequencing","IFNLR1"
"SC3_33.7",0.151078342141662,33,"Sequencing","CSMD2"
"SC3_33.8",0.794972562344183,33,"Sequencing","HPCAL4"
"SC3_33.9",0.746955643910655,33,"Sequencing","FAAH"
"SC3_33.10",2.83450198863968,33,"Sequencing","SLC25A3P1"
"SC3_33.11",0.532153828926766,33,"Sequencing","PTGER3"
"SC3_33.12",-1.41435572351122,33,"Sequencing","ENSG00000269933"
"SC3_33.13",0.874932713073699,33,"Sequencing","PTGFR"
"SC3_33.14",2.28474516746838,33,"Sequencing","ST13P20"
"SC3_33.15",1.67310717796364,33,"Sequencing","SAMD13"
"SC3_33.16",0.0610041836048977,33,"Sequencing","UOX"
"SC3_33.17",0.109757810425883,33,"Sequencing","ENSG00000280099"
"SC3_33.18",0.898557911028363,33,"Sequencing","PLPPR4"
"SC3_33.19",0.445389300800046,33,"Sequencing","C1orf194"
"SC3_33.20",0.683192088121539,33,"Sequencing","SLC6A17"
"SC3_33.21",-0.459474746700198,33,"Sequencing","ENSG00000224950"
"SC3_33.22",-0.826914539332811,33,"Sequencing","ECM1"
"SC3_33.23",-0.998500720627876,33,"Sequencing","S100A3"
"SC3_33.24",0.877376552772165,33,"Sequencing","FMO2"
"SC3_33.25",-0.678803612936048,33,"Sequencing","SLC9C2"
"SC3_33.26",0.665437063308404,33,"Sequencing","TNR"
"SC3_33.27",0.250980928386675,33,"Sequencing","CACNA1E"
"SC3_33.28",0.695535562322134,33,"Sequencing","BRINP3"
"SC3_33.29",1.67274525054738,33,"Sequencing","LINC01351"
"SC3_33.30",2.37216003484328,33,"Sequencing","ENSG00000241505"
"SC3_33.31",0.81286425176779,33,"Sequencing","ATP2B4"
"SC3_33.32",1.28746564430426,33,"Sequencing","ENSG00000236846"
"SC3_33.33",0.051002990080094,33,"Sequencing","LEFTY1"
"SC3_33.34",0.503608704987775,33,"Sequencing","MAP3K21"
"SC3_33.35",0.475741361282538,33,"Sequencing","CHRM3"
"SC3_33.36",1.4851134143482,33,"Sequencing","PLD5"
"SC3_33.37",-0.100780236234069,33,"Sequencing","ENSG00000229727"
"SC3_33.38",0.163656114430877,33,"Sequencing","HPCAL1"
"SC3_33.39",0.627425113039931,33,"Sequencing","ENSG00000225649"
"SC3_33.40",-0.34265542692199,33,"Sequencing","POMC"
"SC3_33.41",0.531123697626429,33,"Sequencing","KCNK12"
"SC3_33.42",0.234235281632627,33,"Sequencing","SFXN5"
"SC3_33.43",0.854200871644167,33,"Sequencing","CD8B"
"SC3_33.44",-0.0666488196657709,33,"Sequencing","ANAPC1P1"
"SC3_33.45",0.171480275699182,33,"Sequencing","CYTOR"
"SC3_33.46",-0.0586420318573874,33,"Sequencing","IL1R1"
"SC3_33.47",0.889009096591951,33,"Sequencing","LINC01123"
"SC3_33.48",-0.281632681985162,33,"Sequencing","MIR4435-2HG"
"SC3_33.49",0.143191308756003,33,"Sequencing","SCTR"
"SC3_33.50",0.0663534352758833,33,"Sequencing","ENSG00000228400"
"SC3_33.51",0.761201682869853,33,"Sequencing","LINC01854"
"SC3_33.52",0.305443171197067,33,"Sequencing","CCDC74B"
"SC3_33.53",-0.0451567798953201,33,"Sequencing","SMIM39"
"SC3_33.54",0.412573724485419,33,"Sequencing","CCDC74A"
"SC3_33.55",0.320785893177303,33,"Sequencing","LYPD1"
"SC3_33.56",1.00799825076486,33,"Sequencing","KCNJ3"
"SC3_33.57",0.575221675049602,33,"Sequencing","PLA2R1"
"SC3_33.58",0.838314746923332,33,"Sequencing","SCN1A"
"SC3_33.59",1.22573600182341,33,"Sequencing","C2orf88"
"SC3_33.60",1.49731217779111,33,"Sequencing","MSTN"
"SC3_33.61",0.746925137783805,33,"Sequencing","NYAP2"
"SC3_33.62",1.14744745195119,33,"Sequencing","ENSG00000273301"
"SC3_33.63",0.565493633045012,33,"Sequencing","ECEL1"
"SC3_33.64",0.897584913744198,33,"Sequencing","RAMP1"
"SC3_33.65",0.866612640269179,33,"Sequencing","CNTN6"
"SC3_33.66",0.77878072268811,33,"Sequencing","GRM7"
"SC3_33.67",0.897440749536733,33,"Sequencing","IRAK2"
"SC3_33.68",0.830347760620926,33,"Sequencing","SYN2"
"SC3_33.69",0.121684813618541,33,"Sequencing","GRIP2"
"SC3_33.70",-0.0409651372087941,33,"Sequencing","ARPP21"
"SC3_33.71",0.419785575515789,33,"Sequencing","DCLK3"
"SC3_33.72",-1.70581478395278,33,"Sequencing","CCK"
"SC3_33.73",3.47982958556536,33,"Sequencing","IL17RB"
"SC3_33.74",0.782094611028359,33,"Sequencing","CACNA2D3"
"SC3_33.75",0.780919136880555,33,"Sequencing","DNAH12"
"SC3_33.76",0.964365358389087,33,"Sequencing","CNTN3"
"SC3_33.77",0.53852504290417,33,"Sequencing","EPHA6"
"SC3_33.78",0.541400039275851,33,"Sequencing","ENSG00000261292"
"SC3_33.79",2.1625231528676,33,"Sequencing","ENSG00000239482"
"SC3_33.80",-1.12335239674588,33,"Sequencing","ENSG00000251012"
"SC3_33.81",-0.258789771297761,33,"Sequencing","UPK1B"
"SC3_33.82",0.488428307563475,33,"Sequencing","ADCY5"
"SC3_33.83",0.804784043921301,33,"Sequencing","TRH"
"SC3_33.84",0.662551210531756,33,"Sequencing","COL6A4P2"
"SC3_33.85",0.509255090047986,33,"Sequencing","ZBTB38"
"SC3_33.86",-0.0436718857200325,33,"Sequencing","PCOLCE2"
"SC3_33.87",-1.35639852018194,33,"Sequencing","CPB1"
"SC3_33.88",0.433835428670668,33,"Sequencing","IQCJ"
"SC3_33.89",1.70921626115527,33,"Sequencing","LINC01323"
"SC3_33.90",1.12335424117071,33,"Sequencing","LINC01324"
"SC3_33.91",0.568114160203993,33,"Sequencing","SLITRK3"
"SC3_33.92",0.586751661114819,33,"Sequencing","LINC01322"
"SC3_33.93",0.470463042127856,33,"Sequencing","BCL6"
"SC3_33.94",-1.70925783079214,33,"Sequencing",NA
"SC3_33.95",0.782050195154961,33,"Sequencing","IL1RAP"
"SC3_33.96",-0.150874826390386,33,"Sequencing","UTS2B"
"SC3_33.97",0.972393134096968,33,"Sequencing","ZDHHC19"
"SC3_33.98",0.510159786445129,33,"Sequencing","RPSAP69"
"SC3_33.99",-0.993141769206348,33,"Sequencing","ENSG00000227189"
"SC3_33.100",0.156585816588441,33,"Sequencing","ENSG00000284727"
"SC3_33.101",0.834620482784158,33,"Sequencing","MSX1"
"SC3_33.102",0.34666427903145,33,"Sequencing","GBA3"
"SC3_33.103",0.662075511467815,33,"Sequencing","CCKAR"
"SC3_33.104",0.646213065417415,33,"Sequencing","PCDH7"
"SC3_33.105",1.2922575377282,33,"Sequencing","LINC02513"
"SC3_33.106",1.19712239283328,33,"Sequencing","ENSG00000260878"
"SC3_33.107",0.654009265160226,33,"Sequencing","GABRA2"
"SC3_33.108",-1.22842697649195,33,"Sequencing","ENSG00000249330"
"SC3_33.109",0.790305819687302,33,"Sequencing","GABRB1"
"SC3_33.110",0.902852861317461,33,"Sequencing","ENSG00000260918"
"SC3_33.111",0.175454990099632,33,"Sequencing","ADAMTS3"
"SC3_33.112",3.56927553257573,33,"Sequencing","BTC"
"SC3_33.113",0.00887503457940555,33,"Sequencing","FGF5"
"SC3_33.114",0.731290577505693,33,"Sequencing","SCD5"
"SC3_33.115",-1.20706271364922,33,"Sequencing","NPNT"
"SC3_33.116",0.814078484517288,33,"Sequencing","CAMK2D"
"SC3_33.117",0.446423352135066,33,"Sequencing","PDE5A"
"SC3_33.118",0.617430690022925,33,"Sequencing","PCDH18"
"SC3_33.119",1.07571417439564,33,"Sequencing","ENSG00000250777"
"SC3_33.120",0.511880992994164,33,"Sequencing","FREM3"
"SC3_33.121",-0.182028753574036,33,"Sequencing","TTC29"
"SC3_33.122",-1.09966338020207,33,"Sequencing",NA
"SC3_33.123",0.501091397603258,33,"Sequencing","GUCY1A1"
"SC3_33.124",1.10371429329637,33,"Sequencing","ENSG00000260244"
"SC3_33.125",0.255158260898088,33,"Sequencing","PDGFC"
"SC3_33.126",0.999271400180807,33,"Sequencing","FSTL5"
"SC3_33.127",0.408281030021839,33,"Sequencing","ENSG00000250027"
"SC3_33.128",0.523644911850818,33,"Sequencing","NPY1R"
"SC3_33.129",0.53001549945575,33,"Sequencing","NPY5R"
"SC3_33.130",0.6652332852105,33,"Sequencing","GALNTL6"
"SC3_33.131",0.643897398613615,33,"Sequencing","GLRA3"
"SC3_33.132",0.370603706559783,33,"Sequencing","ADAM29"
"SC3_33.133",-1.5781810864366,33,"Sequencing","MTNR1A"
"SC3_33.134",0.599967427578054,33,"Sequencing","RANBP3L"
"SC3_33.135",0.589642779958664,33,"Sequencing","LIFR"
"SC3_33.136",0.450105082921785,33,"Sequencing","PTGER4"
"SC3_33.137",0.166057412594394,33,"Sequencing","GHR"
"SC3_33.138",0.0644992879767879,33,"Sequencing","ESM1"
"SC3_33.139",1.00098120544747,33,"Sequencing","IL6ST"
"SC3_33.140",0.79800280229691,33,"Sequencing","RGS7BP"
"SC3_33.141",-0.0779610222354265,33,"Sequencing","LINC02197"
"SC3_33.142",1.18447244806593,33,"Sequencing","SV2C"
"SC3_33.143",0.473371153142769,33,"Sequencing","MEF2C"
"SC3_33.144",-1.35172083732667,33,"Sequencing","EGR1"
"SC3_33.145",0.327162283576645,33,"Sequencing","NR3C1"
"SC3_33.146",0.726951588120196,33,"Sequencing","GRIA1"
"SC3_33.147",0.351226177033644,33,"Sequencing","ENSG00000249738"
"SC3_33.148",-1.01902397171072,33,"Sequencing","IL12B"
"SC3_33.149",-0.0842133358766629,33,"Sequencing","GABRB2"
"SC3_33.150",0.0512416701148667,33,"Sequencing","GABRA1"
"SC3_33.151",0.920986645550559,33,"Sequencing","GABRG2"
"SC3_33.152",0.473215808507989,33,"Sequencing","F12"
"SC3_33.153",0.0440917415847685,33,"Sequencing","PRR7-AS1"
"SC3_33.154",0.650840752806773,33,"Sequencing","TRIM7"
"SC3_33.155",0.848646113834981,33,"Sequencing","CD83"
"SC3_33.156",0.182235138721058,33,"Sequencing","RBM24"
"SC3_33.157",0.513632635842742,33,"Sequencing","RNF144B"
"SC3_33.158",0.117553842812846,33,"Sequencing","DCDC2"
"SC3_33.159",0.0678109590900501,33,"Sequencing","SLC17A2"
"SC3_33.160",0.767527162191053,33,"Sequencing","BTN3A1"
"SC3_33.161",0.597706874805018,33,"Sequencing","RN7SL471P"
"SC3_33.162",1.15979989047761,33,"Sequencing","TRIM31-AS1"
"SC3_33.163",-0.666802011336984,33,"Sequencing","HLA-DRB5"
"SC3_33.164",0.838121749386032,33,"Sequencing","TAP1"
"SC3_33.165",1.08806416484117,33,"Sequencing","CLIC5"
"SC3_33.166",0.849525790661164,33,"Sequencing","RCAN2"
"SC3_33.167",-0.244225783954926,33,"Sequencing","TENT5A"
"SC3_33.168",-0.396715801210763,33,"Sequencing","TBX18"
"SC3_33.169",0.394528834004889,33,"Sequencing","GJA10"
"SC3_33.170",0.31487937793234,33,"Sequencing","FAM162B"
"SC3_33.171",-0.705602250955804,33,"Sequencing","RFX6"
"SC3_33.172",0.735770186645026,33,"Sequencing","NKAIN2"
"SC3_33.173",-0.85760356164328,33,"Sequencing","ENSG00000237321"
"SC3_33.174",1.41590095210913,33,"Sequencing","MOXD1"
"SC3_33.175",1.20150758069207,33,"Sequencing","MAP7"
"SC3_33.176",0.96951318482071,33,"Sequencing","STXBP5-AS1"
"SC3_33.177",1.23671451779724,33,"Sequencing","MYCT1"
"SC3_33.178",0.792737805339326,33,"Sequencing","ENSG00000232529"
"SC3_33.179",1.87964105025095,33,"Sequencing","LPA"
"SC3_33.180",-1.03731856968338,33,"Sequencing","LINC02538"
"SC3_33.181",-1.25858812246254,33,"Sequencing","ENSG00000235994"
"SC3_33.182",-0.0417549630020972,33,"Sequencing","KIF25"
"SC3_33.183",1.04455861615778,33,"Sequencing","ENSG00000234647"
"SC3_33.184",0.736774066911777,33,"Sequencing","SMOC2"
"SC3_33.185",0.361217734976744,33,"Sequencing","NXPH1"
"SC3_33.186",0.526597089100473,33,"Sequencing","GALNT17"
"SC3_33.187",0.979161902919598,33,"Sequencing","CALN1"
"SC3_33.188",0.570736820641559,33,"Sequencing","CD36"
"SC3_33.189",-0.124381133285631,33,"Sequencing","GRM3"
"SC3_33.190",0.623339986031388,33,"Sequencing","TAC1"
"SC3_33.191",0.687025288056251,33,"Sequencing","AZGP1"
"SC3_33.192",-0.169737825982152,33,"Sequencing","VGF"
"SC3_33.193",1.22202574066105,33,"Sequencing","LHFPL3"
"SC3_33.194",0.290154263665366,33,"Sequencing","TMEM229A"
"SC3_33.195",0.311585445234598,33,"Sequencing","ENSG00000279419"
"SC3_33.196",0.854789339912721,33,"Sequencing","CHRM2"
"SC3_33.197",0.326217050987057,33,"Sequencing","CRLF2"
"SC3_33.198",0.883657655622597,33,"Sequencing","ADGRG2"
"SC3_33.199",0.738834237022119,33,"Sequencing","MAP7D2"
"SC3_33.200",-1.15560302760998,33,"Sequencing","ENSG00000283400"
"SC3_33.201",0.785368562915234,33,"Sequencing","PTCHD1"
"SC3_33.202",0.735164129553779,33,"Sequencing","IL1RAPL1"
"SC3_33.203",0.758615552107476,33,"Sequencing","DMD"
"SC3_33.204",0.829270190424212,33,"Sequencing","ERAS"
"SC3_33.205",-0.469463957328504,33,"Sequencing","MAGED4"
"SC3_33.206",0.224383243522733,33,"Sequencing","PCDH11X"
"SC3_33.207",1.13260008663962,33,"Sequencing","TCEAL6"
"SC3_33.208",0.641745042025099,33,"Sequencing","RNF128"
"SC3_33.209",1.03366090779976,33,"Sequencing","SERTM2"
"SC3_33.210",0.689903826452958,33,"Sequencing","TRPC5"
"SC3_33.211",1.03775835271263,33,"Sequencing","IL13RA1"
"SC3_33.212",1.00763661535687,33,"Sequencing","SMIM10L2A"
"SC3_33.213",0.517763833619029,33,"Sequencing","ARHGEF6"
"SC3_33.214",0.903621028380787,33,"Sequencing","FGF13"
"SC3_33.215",0.930590828053515,33,"Sequencing","MCF2"
"SC3_33.216",0.957703884375654,33,"Sequencing","SLITRK2"
"SC3_33.217",-0.989591778065128,33,"Sequencing","GPR50"
"SC3_33.218",-0.762446651845831,33,"Sequencing","ENSG00000269993"
"SC3_33.219",0.309651241482538,33,"Sequencing","CSMD1"
"SC3_33.220",-0.0725959194225051,33,"Sequencing","ENSG00000284613"
"SC3_33.221",-0.874192772645669,33,"Sequencing","LPL"
"SC3_33.222",0.763805837838379,33,"Sequencing","LGI3"
"SC3_33.223",0.083138593473413,33,"Sequencing","STC1"
"SC3_33.224",0.87843046231969,33,"Sequencing","ADAM28"
"SC3_33.225",1.10659286234333,33,"Sequencing","ENSG00000253888"
"SC3_33.226",-1.39429968464682,33,"Sequencing","ENSG00000279099"
"SC3_33.227",-0.987572340344021,33,"Sequencing","ENSG00000253746"
"SC3_33.228",-0.247658994201654,33,"Sequencing","CHRNA6"
"SC3_33.229",0.924646760839008,33,"Sequencing","OPRK1"
"SC3_33.230",0.0888110395725741,33,"Sequencing","ENSG00000254254"
"SC3_33.231",-1.40761244802053,33,"Sequencing","TTPA"
"SC3_33.232",0.796870674878834,33,"Sequencing","SBSPON"
"SC3_33.233",0.422000630237741,33,"Sequencing","PI15"
"SC3_33.234",-1.86009928141562,33,"Sequencing","IL7"
"SC3_33.235",0.0956413114942969,33,"Sequencing","MATN2"
"SC3_33.236",0.500286137226657,33,"Sequencing","SPAG1"
"SC3_33.237",0.649501152866525,33,"Sequencing","ANGPT1"
"SC3_33.238",1.07010906171333,33,"Sequencing","RSPO2"
"SC3_33.239",-0.407210999135838,33,"Sequencing","TRHR"
"SC3_33.240",-0.190998079502445,33,"Sequencing","SNTB1"
"SC3_33.241",-0.881244925028651,33,"Sequencing","ENSG00000244791"
"SC3_33.242",0.573087873294601,33,"Sequencing","ADCY8"
"SC3_33.243",-0.0557380731811769,33,"Sequencing","ENSG00000253259"
"SC3_33.244",-0.116106448111829,33,"Sequencing","ENSG00000253507"
"SC3_33.245",0.671458390168353,33,"Sequencing","KCNK9"
"SC3_33.246",0.334703261238209,33,"Sequencing","LY6H"
"SC3_33.247",0.369946126408144,33,"Sequencing","CD274"
"SC3_33.248",1.99524682807669,33,"Sequencing","ENSG00000226197"
"SC3_33.249",-1.41973161111755,33,"Sequencing","ENSG00000225472"
"SC3_33.250",0.56523063313723,33,"Sequencing","BNC2"
"SC3_33.251",0.584758368382305,33,"Sequencing","SLC24A2"
"SC3_33.252",3.22341880460632,33,"Sequencing","ENSG00000260390"
"SC3_33.253",0.899671366318867,33,"Sequencing","ENSG00000260412"
"SC3_33.254",0.566415191803912,33,"Sequencing","LINGO2"
"SC3_33.255",-0.314872256456071,33,"Sequencing","AQP3"
"SC3_33.256",1.01901803521231,33,"Sequencing","FAM189A2"
"SC3_33.257",0.872637820609951,33,"Sequencing","NTRK2"
"SC3_33.258",1.09706635567762,33,"Sequencing","FGD3"
"SC3_33.259",0.598458144716837,33,"Sequencing","FBP1"
"SC3_33.260",1.91006950712185,33,"Sequencing","GAS2L1P2"
"SC3_33.261",0.458598220396209,33,"Sequencing","GRIN3A"
"SC3_33.262",-0.936172097481695,33,"Sequencing","PPP3R2"
"SC3_33.263",2.15383554854355,33,"Sequencing","LINC01505"
"SC3_33.264",0.621652192577021,33,"Sequencing","BRINP1"
"SC3_33.265",1.21746677675912,33,"Sequencing","GPR21"
"SC3_33.266",2.38540393715477,33,"Sequencing","MIR181A2HG"
"SC3_33.267",-0.412748050400403,33,"Sequencing","IER5L"
"SC3_33.268",-1.12079437476228,33,"Sequencing","C9orf50"
"SC3_33.269",0.597586531088167,33,"Sequencing","NACC2"
"SC3_33.270",0.346622163257089,33,"Sequencing","GRIN1"
"SC3_33.271",0.504571703153326,33,"Sequencing","TH"
"SC3_33.272",-0.156309935496031,33,"Sequencing","SPON1"
"SC3_33.273",0.840135641316291,33,"Sequencing","NCR3LG1"
"SC3_33.274",1.23868309209071,33,"Sequencing","ENSG00000270607"
"SC3_33.275",0.700811395564364,33,"Sequencing","ENSG00000279675"
"SC3_33.276",0.445767492702191,33,"Sequencing","LRRC4C"
"SC3_33.277",-0.0211411206595217,33,"Sequencing","LINC02740"
"SC3_33.278",0.507940587702341,33,"Sequencing","MS4A7"
"SC3_33.279",-1.13550707012201,33,"Sequencing","MS4A14"
"SC3_33.280",-0.0433301682316245,33,"Sequencing","MS4A1"
"SC3_33.281",1.25746914414735,33,"Sequencing","MIR6746"
"SC3_33.282",0.225880538492223,33,"Sequencing","KCNK4"
"SC3_33.283",0.135355137554753,33,"Sequencing","ENSG00000257069"
"SC3_33.284",0.17697933043571,33,"Sequencing","CATSPERZ"
"SC3_33.285",1.24939624659222,33,"Sequencing","SHANK2-AS1"
"SC3_33.286",0.521429713940123,33,"Sequencing","ARHGEF17"
"SC3_33.287",1.95228962176316,33,"Sequencing","GRM5"
"SC3_33.288",0.561187663370617,33,"Sequencing","MMP10"
"SC3_33.289",-0.142126103196042,33,"Sequencing","MMP1"
"SC3_33.290",0.801876052065185,33,"Sequencing","PDGFD"
"SC3_33.291",0.90115142824874,33,"Sequencing","C11orf87"
"SC3_33.292",0.761527761396611,33,"Sequencing","ARHGAP20"
"SC3_33.293",1.3718723847467,33,"Sequencing","LAYN"
"SC3_33.294",0.780322430742593,33,"Sequencing","SCN2B"
"SC3_33.295",0.338091328918561,33,"Sequencing","ABCG4"
"SC3_33.296",-1.43838967017685,33,"Sequencing","TRIM29"
"SC3_33.297",0.860660666307556,33,"Sequencing","MIR100HG"
"SC3_33.298",1.62818758593786,33,"Sequencing","MIR125B1"
"SC3_33.299",-1.10981740614408,33,"Sequencing","ENSG00000238117"
"SC3_33.300",-0.624332415149604,33,"Sequencing","LINC02714"
"SC3_33.301",0.0808999636626113,33,"Sequencing","LINC00707"
"SC3_33.302",0.639629275161768,33,"Sequencing","SFMBT2"
"SC3_33.303",-0.845483522939231,33,"Sequencing","ARMC3"
"SC3_33.304",-0.338526121064522,33,"Sequencing","MKX"
"SC3_33.305",0.267299954326052,33,"Sequencing","FZD8"
"SC3_33.306",0.731603914407761,33,"Sequencing","MIR4683"
"SC3_33.307",2.01037814526087,33,"Sequencing","ANXA8L1"
"SC3_33.308",0.476346409780129,33,"Sequencing","LRRTM3"
"SC3_33.309",0.768324234306223,33,"Sequencing","TLL2"
"SC3_33.310",0.812418535350194,33,"Sequencing","SORCS1"
"SC3_33.311",0.661605198897829,33,"Sequencing","CHST15"
"SC3_33.312",0.640924316322166,33,"Sequencing","PTPRE"
"SC3_33.313",0.132774374353016,33,"Sequencing","JAKMIP3"
"SC3_33.314",0.960493322442731,33,"Sequencing","ENSG00000249695"
"SC3_33.315",0.733351297871828,33,"Sequencing","GRIN2B"
"SC3_33.316",1.26948267638709,33,"Sequencing","RERG"
"SC3_33.317",0.224141407612546,33,"Sequencing","PTHLH"
"SC3_33.318",0.680098919203238,33,"Sequencing","PDZRN4"
"SC3_33.319",1.10657832758707,33,"Sequencing","TMEM117"
"SC3_33.320",0.662158638009694,33,"Sequencing","ENSG00000258101"
"SC3_33.321",1.07580611766872,33,"Sequencing","KRT18"
"SC3_33.322",0.283464821699257,33,"Sequencing","TAFA2"
"SC3_33.323",-1.27226155184301,33,"Sequencing","LINC02458"
"SC3_33.324",0.916898759189422,33,"Sequencing","NTN4"
"SC3_33.325",0.771318944809649,33,"Sequencing","SLC17A8"
"SC3_33.326",-0.835892591984203,33,"Sequencing","ENSG00000257548"
"SC3_33.327",-0.313994459337804,33,"Sequencing","TMEM233"
"SC3_33.328",-0.867437065258625,33,"Sequencing","MIR1178"
"SC3_33.329",-0.394165748016253,33,"Sequencing","ENSG00000280381"
"SC3_33.330",0.846347266813331,33,"Sequencing","TMEM132D"
"SC3_33.331",-0.26325493107323,33,"Sequencing","LINC02340"
"SC3_33.332",0.0946989453024151,33,"Sequencing","FLT3"
"SC3_33.333",-0.999679228169129,33,"Sequencing","STOML3"
"SC3_33.334",0.559637210470193,33,"Sequencing","KCTD4"
"SC3_33.335",-0.0908151430402825,33,"Sequencing","ENSG00000278727"
"SC3_33.336",1.46255188081939,33,"Sequencing","SLITRK6"
"SC3_33.337",0.47638955481373,33,"Sequencing","ENSG00000232636"
"SC3_33.338",0.924355683454063,33,"Sequencing","MIR4500HG"
"SC3_33.339",0.346900947336965,33,"Sequencing","COL4A2"
"SC3_33.340",1.06440491569305,33,"Sequencing","NPAS3"
"SC3_33.341",1.03183405791758,33,"Sequencing","ENSG00000258636"
"SC3_33.342",0.899499348324925,33,"Sequencing","LRFN5"
"SC3_33.343",0.730263304794338,33,"Sequencing","MDGA2"
"SC3_33.344",0.599809794919613,33,"Sequencing","PTGER2"
"SC3_33.345",-1.07869931116274,33,"Sequencing","LGALS3"
"SC3_33.346",0.813211217245795,33,"Sequencing","SYT16"
"SC3_33.347",0.913214753408535,33,"Sequencing","KCNH5"
"SC3_33.348",0.783359249675447,33,"Sequencing","TMEM229B"
"SC3_33.349",0.511428069187971,33,"Sequencing","ENSG00000258422"
"SC3_33.350",0.215933228795229,33,"Sequencing","FOS"
"SC3_33.351",0.688963692332099,33,"Sequencing","NRXN3"
"SC3_33.352",-0.175315289547832,33,"Sequencing","ENSG00000258419"
"SC3_33.353",1.08957536024303,33,"Sequencing","TSHR"
"SC3_33.354",-1.65354678800799,33,"Sequencing","MEG8"
"SC3_33.355",-0.018555182654715,33,"Sequencing","DIO3"
"SC3_33.356",0.0666627624226339,33,"Sequencing","ENSG00000260780"
"SC3_33.357",3.86868520587816,33,"Sequencing","SNORD116-18"
"SC3_33.358",1.76897873755069,33,"Sequencing","SNORD115-1"
"SC3_33.359",0.634840787627514,33,"Sequencing","SNORD115-46"
"SC3_33.360",0.775567147164304,33,"Sequencing","GABRA5"
"SC3_33.361",0.821338951156309,33,"Sequencing","GJD2"
"SC3_33.362",1.27460242665042,33,"Sequencing","MEIS2"
"SC3_33.363",3.01798126829574,33,"Sequencing","ENSG00000276121"
"SC3_33.364",0.259470545656318,33,"Sequencing","FGF7"
"SC3_33.365",0.83190948114173,33,"Sequencing","LYSMD2"
"SC3_33.366",-0.41736672283124,33,"Sequencing","THSD4"
"SC3_33.367",0.773920518539011,33,"Sequencing","ENSG00000275120"
"SC3_33.368",0.98187238202054,33,"Sequencing","ENSG00000276278"
"SC3_33.369",2.44195425359272,33,"Sequencing","PLIN1"
"SC3_33.370",0.259724801166585,33,"Sequencing","ENSG00000260337"
"SC3_33.371",-0.000882316556222521,33,"Sequencing","FAM169B"
"SC3_33.372",0.406977262998539,33,"Sequencing","ADAMTS17"
"SC3_33.373",0.356954612152394,33,"Sequencing","TNFRSF12A"
"SC3_33.374",-1.56683835904376,33,"Sequencing","ENSG00000262668"
"SC3_33.375",1.04451414582695,33,"Sequencing","GRIN2A"
"SC3_33.376",0.208395959324519,33,"Sequencing","SOCS1"
"SC3_33.377",2.19761305793909,33,"Sequencing","ENSG00000262801"
"SC3_33.378",1.48394382058606,33,"Sequencing","ENSG00000262267"
"SC3_33.379",0.899824427721156,33,"Sequencing","TMC5"
"SC3_33.380",0.813761905634404,33,"Sequencing","RNU4-46P"
"SC3_33.381",1.02010507989419,33,"Sequencing","HS3ST4"
"SC3_33.382",-1.39573026293797,33,"Sequencing","ENSG00000283662"
"SC3_33.383",0.882125881221372,33,"Sequencing","LPCAT2"
"SC3_33.384",1.00570337767812,33,"Sequencing","MT3"
"SC3_33.385",0.447372567013533,33,"Sequencing","CDH8"
"SC3_33.386",-1.10341367928675,33,"Sequencing","ENSG00000260600"
"SC3_33.387",-0.416659953553924,33,"Sequencing","ENSG00000231589"
"SC3_33.388",0.522419634689833,33,"Sequencing","HSF4"
"SC3_33.389",-0.235443245177099,33,"Sequencing","ENSG00000262691"
"SC3_33.390",1.11952564052042,33,"Sequencing","ENSG00000260577"
"SC3_33.391",0.29281410301675,33,"Sequencing","HAS3"
"SC3_33.392",1.17711976770918,33,"Sequencing","HPR"
"SC3_33.393",0.895894794722338,33,"Sequencing","ENSG00000277954"
"SC3_33.394",0.879206025264534,33,"Sequencing","ENSG00000261722"
"SC3_33.395",0.293794518054839,33,"Sequencing","MAF"
"SC3_33.396",2.78517607445937,33,"Sequencing","ENSG00000277214"
"SC3_33.397",1.80104945199449,33,"Sequencing","ENSG00000278058"
"SC3_33.398",1.31776211318554,33,"Sequencing","HSD17B2"
"SC3_33.399",-0.418239688318942,33,"Sequencing","ATP2C2"
"SC3_33.400",1.74096073756577,33,"Sequencing","ENSG00000260279"
"SC3_33.401",1.41750091657732,33,"Sequencing","SERPINF2"
"SC3_33.402",0.836098651602325,33,"Sequencing","GUCY2D"
"SC3_33.403",-0.624003215619362,33,"Sequencing","ENSG00000279174"
"SC3_33.404",-0.850232718241096,33,"Sequencing","LINC00670"
"SC3_33.405",0.584759788118681,33,"Sequencing","ASIC2"
"SC3_33.406",1.07022401318443,33,"Sequencing","PLXDC1"
"SC3_33.407",0.666495900313725,33,"Sequencing","HAP1"
"SC3_33.408",1.6055756583774,33,"Sequencing","ENSG00000276851"
"SC3_33.409",1.01562479534973,33,"Sequencing","CA10"
"SC3_33.410",0.711046391272273,33,"Sequencing","NOG"
"SC3_33.411",0.970606864239096,33,"Sequencing","TRIM25"
"SC3_33.412",0.164321705066063,33,"Sequencing","PRKCA"
"SC3_33.413",0.907204074811049,33,"Sequencing","KCNJ2-AS1"
"SC3_33.414",0.739174214080087,33,"Sequencing","KCNJ2"
"SC3_33.415",0.787629386966118,33,"Sequencing","ENSG00000276863"
"SC3_33.416",0.619949206543511,33,"Sequencing","ENSG00000263606"
"SC3_33.417",0.677852229400736,33,"Sequencing","LDLRAD4"
"SC3_33.418",3.60587327866394,33,"Sequencing","RN7SL362P"
"SC3_33.419",-0.292297965358697,33,"Sequencing","CHST9"
"SC3_33.420",0.978026640605443,33,"Sequencing","GAREM1"
"SC3_33.421",0.414617423730437,33,"Sequencing","RIT2"
"SC3_33.422",1.31220644607345,33,"Sequencing","PSTPIP2"
"SC3_33.423",1.16613612452365,33,"Sequencing","RAB27B"
"SC3_33.424",-0.785883613173227,33,"Sequencing","SERPINB2"
"SC3_33.425",-0.70650956301861,33,"Sequencing","SERPINB10"
"SC3_33.426",0.872778186582236,33,"Sequencing","LINC00305"
"SC3_33.427",0.61985698683637,33,"Sequencing","CDH7"
"SC3_33.428",-0.999833568023106,33,"Sequencing","ENSG00000263720"
"SC3_33.429",0.468857431556483,33,"Sequencing","CBLN2"
"SC3_33.430",0.993451890184278,33,"Sequencing","LINC01896"
"SC3_33.431",0.487570259429244,33,"Sequencing","SALL3"
"SC3_33.432",-1.22474564057314,33,"Sequencing","PDYN"
"SC3_33.433",-0.312593932724532,33,"Sequencing","TGM3"
"SC3_33.434",0.281586251416815,33,"Sequencing","EBF4"
"SC3_33.435",0.970652815907225,33,"Sequencing","SLC24A3"
"SC3_33.436",2.8522496622352,33,"Sequencing","ANKRD20A21P"
"SC3_33.437",0.0646647716437952,33,"Sequencing","MAFB"
"SC3_33.438",0.455371343319753,33,"Sequencing","PTPRT"
"SC3_33.439",0.518779683289706,33,"Sequencing","ENSG00000233508"
"SC3_33.440",0.371382569197249,33,"Sequencing","SYCP2"
"SC3_33.441",0.0162362615897734,33,"Sequencing","CDH4"
"SC3_33.442",0.766587218039895,33,"Sequencing","MIR1-1HG-AS1"
"SC3_33.443",-0.474221963633586,33,"Sequencing","THEG"
"SC3_33.444",0.445660873476612,33,"Sequencing","SBNO2"
"SC3_33.445",2.68975369609899,33,"Sequencing","ZNF556"
"SC3_33.446",0.158453481973858,33,"Sequencing","FUT3"
"SC3_33.447",-0.233665549518602,33,"Sequencing","JUNB"
"SC3_33.448",-0.429666067219743,33,"Sequencing","NANOS3"
"SC3_33.449",0.55004289051935,33,"Sequencing","IL27RA"
"SC3_33.450",0.486148169986803,33,"Sequencing","WTIP"
"SC3_33.451",0.0140616885829507,33,"Sequencing","CYP2A13"
"SC3_33.452",0.339224588517637,33,"Sequencing","BCL3"
"SC3_33.453",-0.226565292679363,33,"Sequencing","GFY"
"SC3_33.454",0.886249727750791,33,"Sequencing","HAS1"
"SC3_33.455",-0.171580953201079,33,"Sequencing","MIR935"
"SC3_33.456",1.13664833732125,33,"Sequencing","LINC01864"
"SC3_33.457",-0.415917583212262,33,"Sequencing","ZSCAN4"
"SC3_33.458",0.182235359750441,33,"Sequencing","LINC01638"
"SC3_33.459",0.810517930543527,33,"Sequencing","C22orf42"
"SC3_33.460",0.171935700691854,33,"Sequencing","CACNA1I"
"SC3_33.461",-0.00215631578491038,33,"Sequencing","NFAM1"
"SC3_33.462",-1.34023664354926,33,"Sequencing","ENSG00000230107"
"SC3_33.463",0.619969939378598,33,"Sequencing","SHISAL1"
"SC3_33.464",0.892804767563037,33,"Sequencing","NCAM2"
"SC3_33.465",0.45546445969986,33,"Sequencing","ADAMTS1"
"SC3_33.466",0.211055393470352,33,"Sequencing","RUNX1"
"SC3_33.467",0.907138339151826,33,"Sequencing","PCP4"
"SC3_33.468",0.569908475244972,33,"Sequencing","COL18A1"
"SC1_40",1.13517025338221,40,"Sequencing","CHD5"
"SC1_40.1",0.486097264264403,40,"Sequencing","UTS2"
"SC1_40.2",-0.341122346854984,40,"Sequencing","TNFRSF9"
"SC1_40.3",0.795481624044111,40,"Sequencing","FBXO6"
"SC1_40.4",1.19314624673587,40,"Sequencing","NBL1"
"SC1_40.5",1.1467225582262,40,"Sequencing","WNT4"
"SC1_40.6",0.495132083523674,40,"Sequencing","IFNLR1"
"SC1_40.7",0.886720759450355,40,"Sequencing","CSMD2"
"SC1_40.8",0.920942118771793,40,"Sequencing","HPCAL4"
"SC1_40.9",0.755911402998789,40,"Sequencing","FAAH"
"SC1_40.10",-0.557991820817322,40,"Sequencing","SLC25A3P1"
"SC1_40.11",-0.0408244839608119,40,"Sequencing","PTGER3"
"SC1_40.12",-0.881237278796901,40,"Sequencing","ENSG00000269933"
"SC1_40.13",0.799229525579117,40,"Sequencing","PTGFR"
"SC1_40.14",0.641427802507242,40,"Sequencing","ST13P20"
"SC1_40.15",0.794743535945252,40,"Sequencing","SAMD13"
"SC1_40.16",-0.515574138319484,40,"Sequencing","UOX"
"SC1_40.17",1.42532215201913,40,"Sequencing","ENSG00000280099"
"SC1_40.18",0.934157724876486,40,"Sequencing","PLPPR4"
"SC1_40.19",1.11014012143682,40,"Sequencing","C1orf194"
"SC1_40.20",1.25769870397188,40,"Sequencing","SLC6A17"
"SC1_40.21",0.437102379998176,40,"Sequencing","ENSG00000224950"
"SC1_40.22",-0.369247393994525,40,"Sequencing","ECM1"
"SC1_40.23",-0.486789164639101,40,"Sequencing","S100A3"
"SC1_40.24",-0.689240000552039,40,"Sequencing","FMO2"
"SC1_40.25",0.936663923999211,40,"Sequencing","SLC9C2"
"SC1_40.26",0.751573264954747,40,"Sequencing","TNR"
"SC1_40.27",0.749215678217516,40,"Sequencing","CACNA1E"
"SC1_40.28",0.293363281417628,40,"Sequencing","BRINP3"
"SC1_40.29",-0.00772351391264535,40,"Sequencing","LINC01351"
"SC1_40.30",0.0234531120957897,40,"Sequencing","ENSG00000241505"
"SC1_40.31",0.621988454712238,40,"Sequencing","ATP2B4"
"SC1_40.32",0.104003387504758,40,"Sequencing","ENSG00000236846"
"SC1_40.33",1.50586041945819,40,"Sequencing","LEFTY1"
"SC1_40.34",1.02435951674662,40,"Sequencing","MAP3K21"
"SC1_40.35",0.075748468515637,40,"Sequencing","CHRM3"
"SC1_40.36",0.877087987866336,40,"Sequencing","PLD5"
"SC1_40.37",1.26683004859014,40,"Sequencing","ENSG00000229727"
"SC1_40.38",0.825056988016887,40,"Sequencing","HPCAL1"
"SC1_40.39",0.915527613623656,40,"Sequencing","ENSG00000225649"
"SC1_40.40",0.323353795563022,40,"Sequencing","POMC"
"SC1_40.41",1.04894924313356,40,"Sequencing","KCNK12"
"SC1_40.42",0.418528405434707,40,"Sequencing","SFXN5"
"SC1_40.43",0.758623996440998,40,"Sequencing","CD8B"
"SC1_40.44",0.98674534579501,40,"Sequencing","ANAPC1P1"
"SC1_40.45",-0.327283421883315,40,"Sequencing","CYTOR"
"SC1_40.46",0.408395465610849,40,"Sequencing","IL1R1"
"SC1_40.47",0.132264256181832,40,"Sequencing","LINC01123"
"SC1_40.48",-0.278359714962115,40,"Sequencing","MIR4435-2HG"
"SC1_40.49",1.36004165350855,40,"Sequencing","SCTR"
"SC1_40.50",0.137902015594935,40,"Sequencing","ENSG00000228400"
"SC1_40.51",-0.112587817223638,40,"Sequencing","LINC01854"
"SC1_40.52",1.2424308216523,40,"Sequencing","CCDC74B"
"SC1_40.53",0.171217608929847,40,"Sequencing","SMIM39"
"SC1_40.54",1.26311110329772,40,"Sequencing","CCDC74A"
"SC1_40.55",0.447732777252511,40,"Sequencing","LYPD1"
"SC1_40.56",0.972151327521529,40,"Sequencing","KCNJ3"
"SC1_40.57",1.26998754918221,40,"Sequencing","PLA2R1"
"SC1_40.58",1.11489353554857,40,"Sequencing","SCN1A"
"SC1_40.59",0.328036717050427,40,"Sequencing","C2orf88"
"SC1_40.60",-0.306122355015553,40,"Sequencing","MSTN"
"SC1_40.61",0.60832347003099,40,"Sequencing","NYAP2"
"SC1_40.62",0.775409249074304,40,"Sequencing","ENSG00000273301"
"SC1_40.63",0.756549665034354,40,"Sequencing","ECEL1"
"SC1_40.64",0.694614670019628,40,"Sequencing","RAMP1"
"SC1_40.65",0.972462544947537,40,"Sequencing","CNTN6"
"SC1_40.66",0.705198645862108,40,"Sequencing","GRM7"
"SC1_40.67",0.590934327256083,40,"Sequencing","IRAK2"
"SC1_40.68",0.765489879488911,40,"Sequencing","SYN2"
"SC1_40.69",1.05554869551239,40,"Sequencing","GRIP2"
"SC1_40.70",1.27103232833308,40,"Sequencing","ARPP21"
"SC1_40.71",-0.0995681272919605,40,"Sequencing","DCLK3"
"SC1_40.72",0.53583866922832,40,"Sequencing","CCK"
"SC1_40.73",-0.604949559358419,40,"Sequencing","IL17RB"
"SC1_40.74",0.257887966719651,40,"Sequencing","CACNA2D3"
"SC1_40.75",-0.112954929484452,40,"Sequencing","DNAH12"
"SC1_40.76",0.281545460068297,40,"Sequencing","CNTN3"
"SC1_40.77",0.681131496384638,40,"Sequencing","EPHA6"
"SC1_40.78",0.843700041351703,40,"Sequencing","ENSG00000261292"
"SC1_40.79",0.640177903375746,40,"Sequencing","ENSG00000239482"
"SC1_40.80",-1.12335239674588,40,"Sequencing","ENSG00000251012"
"SC1_40.81",-1.28768834867918,40,"Sequencing","UPK1B"
"SC1_40.82",1.09126047708263,40,"Sequencing","ADCY5"
"SC1_40.83",1.112475675291,40,"Sequencing","TRH"
"SC1_40.84",0.723727286960529,40,"Sequencing","COL6A4P2"
"SC1_40.85",0.25885918760345,40,"Sequencing","ZBTB38"
"SC1_40.86",-0.684987871207599,40,"Sequencing","PCOLCE2"
"SC1_40.87",-1.20568291444773,40,"Sequencing","CPB1"
"SC1_40.88",0.463226644562579,40,"Sequencing","IQCJ"
"SC1_40.89",-0.434771016039749,40,"Sequencing","LINC01323"
"SC1_40.90",-0.362240323421716,40,"Sequencing","LINC01324"
"SC1_40.91",0.263520068870699,40,"Sequencing","SLITRK3"
"SC1_40.92",0.576293629406923,40,"Sequencing","LINC01322"
"SC1_40.93",0.373135649016752,40,"Sequencing","BCL6"
"SC1_40.94",0.197707777796405,40,"Sequencing",NA
"SC1_40.95",0.529967809932715,40,"Sequencing","IL1RAP"
"SC1_40.96",-0.341142822775395,40,"Sequencing","UTS2B"
"SC1_40.97",0.922234988889329,40,"Sequencing","ZDHHC19"
"SC1_40.98",0.387144761971905,40,"Sequencing","RPSAP69"
"SC1_40.99",3.19278687303645,40,"Sequencing","ENSG00000227189"
"SC1_40.100",1.40734939134798,40,"Sequencing","ENSG00000284727"
"SC1_40.101",-0.483291682246694,40,"Sequencing","MSX1"
"SC1_40.102",-1.18721718078432,40,"Sequencing","GBA3"
"SC1_40.103",0.097435380637864,40,"Sequencing","CCKAR"
"SC1_40.104",0.146842449076431,40,"Sequencing","PCDH7"
"SC1_40.105",-0.821341723667387,40,"Sequencing","LINC02513"
"SC1_40.106",0.738206405705769,40,"Sequencing","ENSG00000260878"
"SC1_40.107",0.402569071881688,40,"Sequencing","GABRA2"
"SC1_40.108",0.212230140583487,40,"Sequencing","ENSG00000249330"
"SC1_40.109",0.735130533728372,40,"Sequencing","GABRB1"
"SC1_40.110",0.605884550577456,40,"Sequencing","ENSG00000260918"
"SC1_40.111",-0.221813175154859,40,"Sequencing","ADAMTS3"
"SC1_40.112",-0.123597888002979,40,"Sequencing","BTC"
"SC1_40.113",-0.554772303443931,40,"Sequencing","FGF5"
"SC1_40.114",0.652042818439801,40,"Sequencing","SCD5"
"SC1_40.115",-0.32258198613733,40,"Sequencing","NPNT"
"SC1_40.116",0.590220406281199,40,"Sequencing","CAMK2D"
"SC1_40.117",-0.643910796309935,40,"Sequencing","PDE5A"
"SC1_40.118",0.315708582427736,40,"Sequencing","PCDH18"
"SC1_40.119",-1.33643604601165,40,"Sequencing","ENSG00000250777"
"SC1_40.120",-0.0321196392962173,40,"Sequencing","FREM3"
"SC1_40.121",0.885105145517596,40,"Sequencing","TTC29"
"SC1_40.122",0.938364651130973,40,"Sequencing",NA
"SC1_40.123",0.138982662579911,40,"Sequencing","GUCY1A1"
"SC1_40.124",0.344883544952449,40,"Sequencing","ENSG00000260244"
"SC1_40.125",0.595736356342745,40,"Sequencing","PDGFC"
"SC1_40.126",1.07472112530102,40,"Sequencing","FSTL5"
"SC1_40.127",0.0757810363478772,40,"Sequencing","ENSG00000250027"
"SC1_40.128",0.657840968451557,40,"Sequencing","NPY1R"
"SC1_40.129",0.723672861179329,40,"Sequencing","NPY5R"
"SC1_40.130",0.481447327704696,40,"Sequencing","GALNTL6"
"SC1_40.131",0.734812165582424,40,"Sequencing","GLRA3"
"SC1_40.132",0.402577352801487,40,"Sequencing","ADAM29"
"SC1_40.133",-0.416733387755262,40,"Sequencing","MTNR1A"
"SC1_40.134",0.885810620465138,40,"Sequencing","RANBP3L"
"SC1_40.135",0.407037739968425,40,"Sequencing","LIFR"
"SC1_40.136",0.821347555525487,40,"Sequencing","PTGER4"
"SC1_40.137",-0.947840161775373,40,"Sequencing","GHR"
"SC1_40.138",-0.878753825418636,40,"Sequencing","ESM1"
"SC1_40.139",0.163192398364685,40,"Sequencing","IL6ST"
"SC1_40.140",0.965108724614442,40,"Sequencing","RGS7BP"
"SC1_40.141",-0.439741240976539,40,"Sequencing","LINC02197"
"SC1_40.142",0.723001841787205,40,"Sequencing","SV2C"
"SC1_40.143",0.829669966216779,40,"Sequencing","MEF2C"
"SC1_40.144",-0.421376715165621,40,"Sequencing","EGR1"
"SC1_40.145",0.546992653881196,40,"Sequencing","NR3C1"
"SC1_40.146",0.603802349986343,40,"Sequencing","GRIA1"
"SC1_40.147",0.637312572974464,40,"Sequencing","ENSG00000249738"
"SC1_40.148",0.0203962660875866,40,"Sequencing","IL12B"
"SC1_40.149",-0.243902387319196,40,"Sequencing","GABRB2"
"SC1_40.150",-0.0860259737408537,40,"Sequencing","GABRA1"
"SC1_40.151",0.606183032898454,40,"Sequencing","GABRG2"
"SC1_40.152",0.864158695032689,40,"Sequencing","F12"
"SC1_40.153",0.532965333669397,40,"Sequencing","PRR7-AS1"
"SC1_40.154",1.28944182453704,40,"Sequencing","TRIM7"
"SC1_40.155",0.817887089977152,40,"Sequencing","CD83"
"SC1_40.156",1.33521208868351,40,"Sequencing","RBM24"
"SC1_40.157",-0.45623346609585,40,"Sequencing","RNF144B"
"SC1_40.158",-0.0849932504716787,40,"Sequencing","DCDC2"
"SC1_40.159",0.0394571314670459,40,"Sequencing","SLC17A2"
"SC1_40.160",0.899227212312338,40,"Sequencing","BTN3A1"
"SC1_40.161",1.02797901043405,40,"Sequencing","RN7SL471P"
"SC1_40.162",1.73119092789744,40,"Sequencing","TRIM31-AS1"
"SC1_40.163",0.399733325010438,40,"Sequencing","HLA-DRB5"
"SC1_40.164",0.825928302205091,40,"Sequencing","TAP1"
"SC1_40.165",0.886124714746913,40,"Sequencing","CLIC5"
"SC1_40.166",0.541035192521329,40,"Sequencing","RCAN2"
"SC1_40.167",0.592372710078024,40,"Sequencing","TENT5A"
"SC1_40.168",-0.74974682292836,40,"Sequencing","TBX18"
"SC1_40.169",0.306832101954121,40,"Sequencing","GJA10"
"SC1_40.170",0.663337662586902,40,"Sequencing","FAM162B"
"SC1_40.171",-0.519812621657742,40,"Sequencing","RFX6"
"SC1_40.172",0.332296407192314,40,"Sequencing","NKAIN2"
"SC1_40.173",0.826540007402923,40,"Sequencing","ENSG00000237321"
"SC1_40.174",0.401604459688418,40,"Sequencing","MOXD1"
"SC1_40.175",0.915362272659975,40,"Sequencing","MAP7"
"SC1_40.176",1.10475028742658,40,"Sequencing","STXBP5-AS1"
"SC1_40.177",1.04446905676322,40,"Sequencing","MYCT1"
"SC1_40.178",0.117622709454254,40,"Sequencing","ENSG00000232529"
"SC1_40.179",0.639020313085346,40,"Sequencing","LPA"
"SC1_40.180",-1.03731856968338,40,"Sequencing","LINC02538"
"SC1_40.181",1.08114758083299,40,"Sequencing","ENSG00000235994"
"SC1_40.182",-0.44779259458661,40,"Sequencing","KIF25"
"SC1_40.183",-0.725829687171894,40,"Sequencing","ENSG00000234647"
"SC1_40.184",-0.242062913681637,40,"Sequencing","SMOC2"
"SC1_40.185",0.930454132258483,40,"Sequencing","NXPH1"
"SC1_40.186",0.841952399080283,40,"Sequencing","GALNT17"
"SC1_40.187",0.628503476005408,40,"Sequencing","CALN1"
"SC1_40.188",0.304243363009492,40,"Sequencing","CD36"
"SC1_40.189",-0.0647509809012344,40,"Sequencing","GRM3"
"SC1_40.190",-0.0469520909669626,40,"Sequencing","TAC1"
"SC1_40.191",0.715378316683755,40,"Sequencing","AZGP1"
"SC1_40.192",0.473899846344836,40,"Sequencing","VGF"
"SC1_40.193",0.632407092645572,40,"Sequencing","LHFPL3"
"SC1_40.194",0.476855763219204,40,"Sequencing","TMEM229A"
"SC1_40.195",1.2615570589053,40,"Sequencing","ENSG00000279419"
"SC1_40.196",0.855072400968123,40,"Sequencing","CHRM2"
"SC1_40.197",0.340865129662501,40,"Sequencing","CRLF2"
"SC1_40.198",1.20193316014284,40,"Sequencing","ADGRG2"
"SC1_40.199",0.321234503366376,40,"Sequencing","MAP7D2"
"SC1_40.200",1.47101161390099,40,"Sequencing","ENSG00000283400"
"SC1_40.201",0.948109617116426,40,"Sequencing","PTCHD1"
"SC1_40.202",0.691781790070368,40,"Sequencing","IL1RAPL1"
"SC1_40.203",0.580916195213881,40,"Sequencing","DMD"
"SC1_40.204",1.3589046130952,40,"Sequencing","ERAS"
"SC1_40.205",-0.469463957328504,40,"Sequencing","MAGED4"
"SC1_40.206",0.479452467971427,40,"Sequencing","PCDH11X"
"SC1_40.207",0.691651064191661,40,"Sequencing","TCEAL6"
"SC1_40.208",0.0912144888875492,40,"Sequencing","RNF128"
"SC1_40.209",-0.889030279680804,40,"Sequencing","SERTM2"
"SC1_40.210",1.04836390181005,40,"Sequencing","TRPC5"
"SC1_40.211",0.170619698965154,40,"Sequencing","IL13RA1"
"SC1_40.212",0.952400027270124,40,"Sequencing","SMIM10L2A"
"SC1_40.213",-0.438554163627756,40,"Sequencing","ARHGEF6"
"SC1_40.214",0.522433314754642,40,"Sequencing","FGF13"
"SC1_40.215",0.479183442346097,40,"Sequencing","MCF2"
"SC1_40.216",0.557263066775641,40,"Sequencing","SLITRK2"
"SC1_40.217",-0.641816461008269,40,"Sequencing","GPR50"
"SC1_40.218",0.14535746079373,40,"Sequencing","ENSG00000269993"
"SC1_40.219",0.927402371474784,40,"Sequencing","CSMD1"
"SC1_40.220",0.328034907291707,40,"Sequencing","ENSG00000284613"
"SC1_40.221",-0.613024967626344,40,"Sequencing","LPL"
"SC1_40.222",1.33900818670105,40,"Sequencing","LGI3"
"SC1_40.223",-0.487996559763642,40,"Sequencing","STC1"
"SC1_40.224",-0.692732450061908,40,"Sequencing","ADAM28"
"SC1_40.225",-1.23996097427601,40,"Sequencing","ENSG00000253888"
"SC1_40.226",0.323554223442556,40,"Sequencing","ENSG00000279099"
"SC1_40.227",-0.00454537974524749,40,"Sequencing","ENSG00000253746"
"SC1_40.228",0.304450762974067,40,"Sequencing","CHRNA6"
"SC1_40.229",0.541438110433947,40,"Sequencing","OPRK1"
"SC1_40.230",-0.0560575736939959,40,"Sequencing","ENSG00000254254"
"SC1_40.231",-0.231022461729037,40,"Sequencing","TTPA"
"SC1_40.232",0.348062769699868,40,"Sequencing","SBSPON"
"SC1_40.233",1.05066275952404,40,"Sequencing","PI15"
"SC1_40.234",0.971147511769169,40,"Sequencing","IL7"
"SC1_40.235",0.00864800990807733,40,"Sequencing","MATN2"
"SC1_40.236",0.941031245280846,40,"Sequencing","SPAG1"
"SC1_40.237",0.317120155473016,40,"Sequencing","ANGPT1"
"SC1_40.238",-0.112275129457385,40,"Sequencing","RSPO2"
"SC1_40.239",-0.831854632634636,40,"Sequencing","TRHR"
"SC1_40.240",-0.560274887800734,40,"Sequencing","SNTB1"
"SC1_40.241",0.262901361806261,40,"Sequencing","ENSG00000244791"
"SC1_40.242",0.417526209395985,40,"Sequencing","ADCY8"
"SC1_40.243",0.203019293906065,40,"Sequencing","ENSG00000253259"
"SC1_40.244",0.987165965884052,40,"Sequencing","ENSG00000253507"
"SC1_40.245",0.829155382291482,40,"Sequencing","KCNK9"
"SC1_40.246",0.773220382004288,40,"Sequencing","LY6H"
"SC1_40.247",1.01422888409409,40,"Sequencing","CD274"
"SC1_40.248",-0.720043172508276,40,"Sequencing","ENSG00000226197"
"SC1_40.249",0.0328306360665607,40,"Sequencing","ENSG00000225472"
"SC1_40.250",1.07681615649366,40,"Sequencing","BNC2"
"SC1_40.251",1.05466102295745,40,"Sequencing","SLC24A2"
"SC1_40.252",-1.00361559990758,40,"Sequencing","ENSG00000260390"
"SC1_40.253",0.726648865956536,40,"Sequencing","ENSG00000260412"
"SC1_40.254",0.576989345891827,40,"Sequencing","LINGO2"
"SC1_40.255",-0.595604661438289,40,"Sequencing","AQP3"
"SC1_40.256",0.328584229304654,40,"Sequencing","FAM189A2"
"SC1_40.257",0.724949735699225,40,"Sequencing","NTRK2"
"SC1_40.258",0.0384372059320672,40,"Sequencing","FGD3"
"SC1_40.259",-0.284287880373989,40,"Sequencing","FBP1"
"SC1_40.260",0.870361998497216,40,"Sequencing","GAS2L1P2"
"SC1_40.261",0.849913994137599,40,"Sequencing","GRIN3A"
"SC1_40.262",1.37719079085288,40,"Sequencing","PPP3R2"
"SC1_40.263",-0.760610297824076,40,"Sequencing","LINC01505"
"SC1_40.264",1.06370595746783,40,"Sequencing","BRINP1"
"SC1_40.265",0.705352727130941,40,"Sequencing","GPR21"
"SC1_40.266",-0.497081447671608,40,"Sequencing","MIR181A2HG"
"SC1_40.267",-1.08301342403232,40,"Sequencing","IER5L"
"SC1_40.268",0.80207484039664,40,"Sequencing","C9orf50"
"SC1_40.269",0.821777009754153,40,"Sequencing","NACC2"
"SC1_40.270",1.40179986868133,40,"Sequencing","GRIN1"
"SC1_40.271",1.07912970867877,40,"Sequencing","TH"
"SC1_40.272",1.20033119509563,40,"Sequencing","SPON1"
"SC1_40.273",1.01768197860692,40,"Sequencing","NCR3LG1"
"SC1_40.274",0.77084343686163,40,"Sequencing","ENSG00000270607"
"SC1_40.275",0.481387758640703,40,"Sequencing","ENSG00000279675"
"SC1_40.276",0.352920492389019,40,"Sequencing","LRRC4C"
"SC1_40.277",1.29463430976108,40,"Sequencing","LINC02740"
"SC1_40.278",-0.150196708205689,40,"Sequencing","MS4A7"
"SC1_40.279",0.523468169341123,40,"Sequencing","MS4A14"
"SC1_40.280",-0.65218993560516,40,"Sequencing","MS4A1"
"SC1_40.281",2.5692368067321,40,"Sequencing","MIR6746"
"SC1_40.282",0.918590418246471,40,"Sequencing","KCNK4"
"SC1_40.283",0.828704112226574,40,"Sequencing","ENSG00000257069"
"SC1_40.284",0.753432799662905,40,"Sequencing","CATSPERZ"
"SC1_40.285",-0.0989030702482878,40,"Sequencing","SHANK2-AS1"
"SC1_40.286",1.1607260491352,40,"Sequencing","ARHGEF17"
"SC1_40.287",-0.0359468536154715,40,"Sequencing","GRM5"
"SC1_40.288",-0.16432189649065,40,"Sequencing","MMP10"
"SC1_40.289",-0.394594521762774,40,"Sequencing","MMP1"
"SC1_40.290",0.35953239392486,40,"Sequencing","PDGFD"
"SC1_40.291",1.05163733378215,40,"Sequencing","C11orf87"
"SC1_40.292",1.03637782841991,40,"Sequencing","ARHGAP20"
"SC1_40.293",0.777352249568432,40,"Sequencing","LAYN"
"SC1_40.294",1.03793487484583,40,"Sequencing","SCN2B"
"SC1_40.295",1.16864218039115,40,"Sequencing","ABCG4"
"SC1_40.296",-0.0640322989818031,40,"Sequencing","TRIM29"
"SC1_40.297",0.61919152901201,40,"Sequencing","MIR100HG"
"SC1_40.298",-0.298034433022032,40,"Sequencing","MIR125B1"
"SC1_40.299",-0.599978431438886,40,"Sequencing","ENSG00000238117"
"SC1_40.300",-1.15402546355814,40,"Sequencing","LINC02714"
"SC1_40.301",0.0153359441939296,40,"Sequencing","LINC00707"
"SC1_40.302",0.418037560285488,40,"Sequencing","SFMBT2"
"SC1_40.303",-0.624096370045821,40,"Sequencing","ARMC3"
"SC1_40.304",1.25395489295869,40,"Sequencing","MKX"
"SC1_40.305",0.0378981223111856,40,"Sequencing","FZD8"
"SC1_40.306",-0.254097650410299,40,"Sequencing","MIR4683"
"SC1_40.307",1.76526427761256,40,"Sequencing","ANXA8L1"
"SC1_40.308",0.181450029829898,40,"Sequencing","LRRTM3"
"SC1_40.309",0.140827958753629,40,"Sequencing","TLL2"
"SC1_40.310",0.404470213749124,40,"Sequencing","SORCS1"
"SC1_40.311",0.616187106409228,40,"Sequencing","CHST15"
"SC1_40.312",0.823586318987341,40,"Sequencing","PTPRE"
"SC1_40.313",1.05688574863298,40,"Sequencing","JAKMIP3"
"SC1_40.314",0.385588656026905,40,"Sequencing","ENSG00000249695"
"SC1_40.315",0.859203546912842,40,"Sequencing","GRIN2B"
"SC1_40.316",-0.177839815222402,40,"Sequencing","RERG"
"SC1_40.317",-1.02493267305456,40,"Sequencing","PTHLH"
"SC1_40.318",0.78125812130147,40,"Sequencing","PDZRN4"
"SC1_40.319",0.0985574998387273,40,"Sequencing","TMEM117"
"SC1_40.320",0.626795617475936,40,"Sequencing","ENSG00000258101"
"SC1_40.321",0.870399186614559,40,"Sequencing","KRT18"
"SC1_40.322",0.685239199799576,40,"Sequencing","TAFA2"
"SC1_40.323",-1.11488032466016,40,"Sequencing","LINC02458"
"SC1_40.324",0.805093804421349,40,"Sequencing","NTN4"
"SC1_40.325",-0.57666214654188,40,"Sequencing","SLC17A8"
"SC1_40.326",-0.835892591984203,40,"Sequencing","ENSG00000257548"
"SC1_40.327",-0.303284524156051,40,"Sequencing","TMEM233"
"SC1_40.328",0.924327956412203,40,"Sequencing","MIR1178"
"SC1_40.329",2.09159326668473,40,"Sequencing","ENSG00000280381"
"SC1_40.330",0.892196070673977,40,"Sequencing","TMEM132D"
"SC1_40.331",-0.651061285092339,40,"Sequencing","LINC02340"
"SC1_40.332",0.310249976521217,40,"Sequencing","FLT3"
"SC1_40.333",0.255650744824895,40,"Sequencing","STOML3"
"SC1_40.334",1.04456112190519,40,"Sequencing","KCTD4"
"SC1_40.335",1.6588292747509,40,"Sequencing","ENSG00000278727"
"SC1_40.336",-0.291859613177137,40,"Sequencing","SLITRK6"
"SC1_40.337",0.567951915754815,40,"Sequencing","ENSG00000232636"
"SC1_40.338",0.503842913616267,40,"Sequencing","MIR4500HG"
"SC1_40.339",0.513087529753687,40,"Sequencing","COL4A2"
"SC1_40.340",0.892268669173432,40,"Sequencing","NPAS3"
"SC1_40.341",1.11907304731048,40,"Sequencing","ENSG00000258636"
"SC1_40.342",0.438110612208941,40,"Sequencing","LRFN5"
"SC1_40.343",0.564670158906002,40,"Sequencing","MDGA2"
"SC1_40.344",0.429031166121467,40,"Sequencing","PTGER2"
"SC1_40.345",1.0492917343348,40,"Sequencing","LGALS3"
"SC1_40.346",0.59257223808869,40,"Sequencing","SYT16"
"SC1_40.347",0.495845213103369,40,"Sequencing","KCNH5"
"SC1_40.348",1.1022838284224,40,"Sequencing","TMEM229B"
"SC1_40.349",0.212554031175948,40,"Sequencing","ENSG00000258422"
"SC1_40.350",0.790581725105456,40,"Sequencing","FOS"
"SC1_40.351",0.476968525853025,40,"Sequencing","NRXN3"
"SC1_40.352",0.399504931641407,40,"Sequencing","ENSG00000258419"
"SC1_40.353",0.527986213853093,40,"Sequencing","TSHR"
"SC1_40.354",1.13869112922804,40,"Sequencing","MEG8"
"SC1_40.355",0.236020216565302,40,"Sequencing","DIO3"
"SC1_40.356",1.13599200559353,40,"Sequencing","ENSG00000260780"
"SC1_40.357",-0.261515212473406,40,"Sequencing","SNORD116-18"
"SC1_40.358",0.779685587182312,40,"Sequencing","SNORD115-1"
"SC1_40.359",1.02951192536065,40,"Sequencing","SNORD115-46"
"SC1_40.360",0.675805439763629,40,"Sequencing","GABRA5"
"SC1_40.361",0.297800157955137,40,"Sequencing","GJD2"
"SC1_40.362",0.539401864987689,40,"Sequencing","MEIS2"
"SC1_40.363",-0.854876721906709,40,"Sequencing","ENSG00000276121"
"SC1_40.364",-0.348256485576037,40,"Sequencing","FGF7"
"SC1_40.365",0.693478128765929,40,"Sequencing","LYSMD2"
"SC1_40.366",-0.238705642553385,40,"Sequencing","THSD4"
"SC1_40.367",0.994034810155666,40,"Sequencing","ENSG00000275120"
"SC1_40.368",1.04189964452758,40,"Sequencing","ENSG00000276278"
"SC1_40.369",-0.162983574411888,40,"Sequencing","PLIN1"
"SC1_40.370",1.46272491262186,40,"Sequencing","ENSG00000260337"
"SC1_40.371",-0.0195913750574699,40,"Sequencing","FAM169B"
"SC1_40.372",0.288111292951712,40,"Sequencing","ADAMTS17"
"SC1_40.373",0.573772134435408,40,"Sequencing","TNFRSF12A"
"SC1_40.374",1.66738857540604,40,"Sequencing","ENSG00000262668"
"SC1_40.375",0.462997432093732,40,"Sequencing","GRIN2A"
"SC1_40.376",-0.645030788272941,40,"Sequencing","SOCS1"
"SC1_40.377",0.624073993739372,40,"Sequencing","ENSG00000262801"
"SC1_40.378",-1.05299914965284,40,"Sequencing","ENSG00000262267"
"SC1_40.379",0.669333522436935,40,"Sequencing","TMC5"
"SC1_40.380",0.410337706643717,40,"Sequencing","RNU4-46P"
"SC1_40.381",0.51558704905455,40,"Sequencing","HS3ST4"
"SC1_40.382",1.61889683376643,40,"Sequencing","ENSG00000283662"
"SC1_40.383",1.07067409208639,40,"Sequencing","LPCAT2"
"SC1_40.384",1.10787217555405,40,"Sequencing","MT3"
"SC1_40.385",0.0209876931066642,40,"Sequencing","CDH8"
"SC1_40.386",0.583291285707294,40,"Sequencing","ENSG00000260600"
"SC1_40.387",-1.06374591927823,40,"Sequencing","ENSG00000231589"
"SC1_40.388",1.53308323376394,40,"Sequencing","HSF4"
"SC1_40.389",2.22390820873478,40,"Sequencing","ENSG00000262691"
"SC1_40.390",0.455758284644264,40,"Sequencing","ENSG00000260577"
"SC1_40.391",0.708481431258645,40,"Sequencing","HAS3"
"SC1_40.392",-0.61335153300317,40,"Sequencing","HPR"
"SC1_40.393",0.758031824449993,40,"Sequencing","ENSG00000277954"
"SC1_40.394",0.696263503920295,40,"Sequencing","ENSG00000261722"
"SC1_40.395",0.664242867906148,40,"Sequencing","MAF"
"SC1_40.396",-0.21002554675786,40,"Sequencing","ENSG00000277214"
"SC1_40.397",-0.770678517982747,40,"Sequencing","ENSG00000278058"
"SC1_40.398",1.1453643408638,40,"Sequencing","HSD17B2"
"SC1_40.399",1.25439158798488,40,"Sequencing","ATP2C2"
"SC1_40.400",1.91584803499765,40,"Sequencing","ENSG00000260279"
"SC1_40.401",0.481765147241086,40,"Sequencing","SERPINF2"
"SC1_40.402",1.09384190867365,40,"Sequencing","GUCY2D"
"SC1_40.403",1.60399791326344,40,"Sequencing","ENSG00000279174"
"SC1_40.404",2.21943418111383,40,"Sequencing","LINC00670"
"SC1_40.405",0.849543522736832,40,"Sequencing","ASIC2"
"SC1_40.406",1.13882501926401,40,"Sequencing","PLXDC1"
"SC1_40.407",1.02667464517467,40,"Sequencing","HAP1"
"SC1_40.408",0.477133072401759,40,"Sequencing","ENSG00000276851"
"SC1_40.409",0.357317969936502,40,"Sequencing","CA10"
"SC1_40.410",-0.522945726774714,40,"Sequencing","NOG"
"SC1_40.411",1.02200873036323,40,"Sequencing","TRIM25"
"SC1_40.412",0.902868604958764,40,"Sequencing","PRKCA"
"SC1_40.413",-0.0781764099443685,40,"Sequencing","KCNJ2-AS1"
"SC1_40.414",0.199129049879191,40,"Sequencing","KCNJ2"
"SC1_40.415",0.603113341736783,40,"Sequencing","ENSG00000276863"
"SC1_40.416",2.56932380067604,40,"Sequencing","ENSG00000263606"
"SC1_40.417",0.871454552322258,40,"Sequencing","LDLRAD4"
"SC1_40.418",-0.207613469230983,40,"Sequencing","RN7SL362P"
"SC1_40.419",1.41343018686099,40,"Sequencing","CHST9"
"SC1_40.420",0.558086332351344,40,"Sequencing","GAREM1"
"SC1_40.421",0.462193469354021,40,"Sequencing","RIT2"
"SC1_40.422",0.619036465711587,40,"Sequencing","PSTPIP2"
"SC1_40.423",0.572427352440434,40,"Sequencing","RAB27B"
"SC1_40.424",-0.913512190335456,40,"Sequencing","SERPINB2"
"SC1_40.425",-0.785219177728986,40,"Sequencing","SERPINB10"
"SC1_40.426",-0.886588871285241,40,"Sequencing","LINC00305"
"SC1_40.427",0.344819176792906,40,"Sequencing","CDH7"
"SC1_40.428",1.55129407399339,40,"Sequencing","ENSG00000263720"
"SC1_40.429",0.561082586919591,40,"Sequencing","CBLN2"
"SC1_40.430",0.346902356421681,40,"Sequencing","LINC01896"
"SC1_40.431",0.531682070968663,40,"Sequencing","SALL3"
"SC1_40.432",-0.28640686276402,40,"Sequencing","PDYN"
"SC1_40.433",0.199572899269865,40,"Sequencing","TGM3"
"SC1_40.434",1.25528529660198,40,"Sequencing","EBF4"
"SC1_40.435",0.653285997527522,40,"Sequencing","SLC24A3"
"SC1_40.436",-0.478846366692147,40,"Sequencing","ANKRD20A21P"
"SC1_40.437",0.0532509842500588,40,"Sequencing","MAFB"
"SC1_40.438",0.578298962598341,40,"Sequencing","PTPRT"
"SC1_40.439",0.495872463211412,40,"Sequencing","ENSG00000233508"
"SC1_40.440",1.40661299496339,40,"Sequencing","SYCP2"
"SC1_40.441",0.635675756729967,40,"Sequencing","CDH4"
"SC1_40.442",1.06571058174088,40,"Sequencing","MIR1-1HG-AS1"
"SC1_40.443",-0.177542703957483,40,"Sequencing","THEG"
"SC1_40.444",0.076635414124004,40,"Sequencing","SBNO2"
"SC1_40.445",0.392031308452921,40,"Sequencing","ZNF556"
"SC1_40.446",0.193934649764352,40,"Sequencing","FUT3"
"SC1_40.447",-0.128590936267477,40,"Sequencing","JUNB"
"SC1_40.448",0.417343704771675,40,"Sequencing","NANOS3"
"SC1_40.449",0.513353127683012,40,"Sequencing","IL27RA"
"SC1_40.450",1.05753126914955,40,"Sequencing","WTIP"
"SC1_40.451",0.134820446709782,40,"Sequencing","CYP2A13"
"SC1_40.452",0.357831974966192,40,"Sequencing","BCL3"
"SC1_40.453",0.0346175054366252,40,"Sequencing","GFY"
"SC1_40.454",0.456917190582903,40,"Sequencing","HAS1"
"SC1_40.455",1.92701033546648,40,"Sequencing","MIR935"
"SC1_40.456",1.3056414720767,40,"Sequencing","LINC01864"
"SC1_40.457",-0.336325946651396,40,"Sequencing","ZSCAN4"
"SC1_40.458",-0.62564007565336,40,"Sequencing","LINC01638"
"SC1_40.459",0.870565916294057,40,"Sequencing","C22orf42"
"SC1_40.460",1.2662134369035,40,"Sequencing","CACNA1I"
"SC1_40.461",-0.137486969828616,40,"Sequencing","NFAM1"
"SC1_40.462",-0.169324024863899,40,"Sequencing","ENSG00000230107"
"SC1_40.463",0.77295485417851,40,"Sequencing","SHISAL1"
"SC1_40.464",0.322980941697196,40,"Sequencing","NCAM2"
"SC1_40.465",-0.332811225830298,40,"Sequencing","ADAMTS1"
"SC1_40.466",0.272188666755627,40,"Sequencing","RUNX1"
"SC1_40.467",0.561721699547634,40,"Sequencing","PCP4"
"SC1_40.468",1.12873962746924,40,"Sequencing","COL18A1"
"SC2_40",0.659865159182794,40,"Sequencing","CHD5"
"SC2_40.1",0.837516316688754,40,"Sequencing","UTS2"
"SC2_40.2",0.62883056079922,40,"Sequencing","TNFRSF9"
"SC2_40.3",0.999617046001673,40,"Sequencing","FBXO6"
"SC2_40.4",1.06262893932478,40,"Sequencing","NBL1"
"SC2_40.5",1.3091179865446,40,"Sequencing","WNT4"
"SC2_40.6",0.567741933998258,40,"Sequencing","IFNLR1"
"SC2_40.7",0.259418966763641,40,"Sequencing","CSMD2"
"SC2_40.8",0.982053047676241,40,"Sequencing","HPCAL4"
"SC2_40.9",0.621026885791382,40,"Sequencing","FAAH"
"SC2_40.10",-0.557991820817322,40,"Sequencing","SLC25A3P1"
"SC2_40.11",0.276095822905519,40,"Sequencing","PTGER3"
"SC2_40.12",1.02481984957235,40,"Sequencing","ENSG00000269933"
"SC2_40.13",1.07286440325072,40,"Sequencing","PTGFR"
"SC2_40.14",0.185350196024106,40,"Sequencing","ST13P20"
"SC2_40.15",1.13165817014767,40,"Sequencing","SAMD13"
"SC2_40.16",1.11785343021939,40,"Sequencing","UOX"
"SC2_40.17",0.769656593450812,40,"Sequencing","ENSG00000280099"
"SC2_40.18",0.958199776634146,40,"Sequencing","PLPPR4"
"SC2_40.19",1.43429287563347,40,"Sequencing","C1orf194"
"SC2_40.20",0.988595353964488,40,"Sequencing","SLC6A17"
"SC2_40.21",-1.12717511012459,40,"Sequencing","ENSG00000224950"
"SC2_40.22",0.660102539619304,40,"Sequencing","ECM1"
"SC2_40.23",-0.146461345667143,40,"Sequencing","S100A3"
"SC2_40.24",0.396377758945776,40,"Sequencing","FMO2"
"SC2_40.25",0.0458329354628554,40,"Sequencing","SLC9C2"
"SC2_40.26",0.445043416583126,40,"Sequencing","TNR"
"SC2_40.27",0.571388538796432,40,"Sequencing","CACNA1E"
"SC2_40.28",0.458410596696259,40,"Sequencing","BRINP3"
"SC2_40.29",0.854753150620855,40,"Sequencing","LINC01351"
"SC2_40.30",0.753265836475123,40,"Sequencing","ENSG00000241505"
"SC2_40.31",0.931242391144699,40,"Sequencing","ATP2B4"
"SC2_40.32",-1.07663019577157,40,"Sequencing","ENSG00000236846"
"SC2_40.33",2.10105696188165,40,"Sequencing","LEFTY1"
"SC2_40.34",0.787284657401974,40,"Sequencing","MAP3K21"
"SC2_40.35",0.247692463547376,40,"Sequencing","CHRM3"
"SC2_40.36",0.751188237996225,40,"Sequencing","PLD5"
"SC2_40.37",-0.1415912063927,40,"Sequencing","ENSG00000229727"
"SC2_40.38",0.953478197925525,40,"Sequencing","HPCAL1"
"SC2_40.39",0.403950429113221,40,"Sequencing","ENSG00000225649"
"SC2_40.40",2.42112949745371,40,"Sequencing","POMC"
"SC2_40.41",0.944422538151306,40,"Sequencing","KCNK12"
"SC2_40.42",0.396433046578302,40,"Sequencing","SFXN5"
"SC2_40.43",1.08905082508046,40,"Sequencing","CD8B"
"SC2_40.44",0.458975249832437,40,"Sequencing","ANAPC1P1"
"SC2_40.45",0.992205019373131,40,"Sequencing","CYTOR"
"SC2_40.46",0.405613221664555,40,"Sequencing","IL1R1"
"SC2_40.47",-0.137239811814238,40,"Sequencing","LINC01123"
"SC2_40.48",0.610595794761391,40,"Sequencing","MIR4435-2HG"
"SC2_40.49",1.35035126065717,40,"Sequencing","SCTR"
"SC2_40.50",0.189000659233762,40,"Sequencing","ENSG00000228400"
"SC2_40.51",1.13936392965253,40,"Sequencing","LINC01854"
"SC2_40.52",0.933346600038346,40,"Sequencing","CCDC74B"
"SC2_40.53",0.297440414828313,40,"Sequencing","SMIM39"
"SC2_40.54",1.06295585617929,40,"Sequencing","CCDC74A"
"SC2_40.55",0.752449686461087,40,"Sequencing","LYPD1"
"SC2_40.56",0.575805825540428,40,"Sequencing","KCNJ3"
"SC2_40.57",0.733214320217802,40,"Sequencing","PLA2R1"
"SC2_40.58",0.730786934918281,40,"Sequencing","SCN1A"
"SC2_40.59",0.730371668952547,40,"Sequencing","C2orf88"
"SC2_40.60",0.392712622433834,40,"Sequencing","MSTN"
"SC2_40.61",0.632818371788023,40,"Sequencing","NYAP2"
"SC2_40.62",1.00759843845177,40,"Sequencing","ENSG00000273301"
"SC2_40.63",1.01674879361174,40,"Sequencing","ECEL1"
"SC2_40.64",1.22581890282072,40,"Sequencing","RAMP1"
"SC2_40.65",0.673618781793843,40,"Sequencing","CNTN6"
"SC2_40.66",0.946651740995298,40,"Sequencing","GRM7"
"SC2_40.67",0.856003844372836,40,"Sequencing","IRAK2"
"SC2_40.68",0.813271822993584,40,"Sequencing","SYN2"
"SC2_40.69",0.68290973660382,40,"Sequencing","GRIP2"
"SC2_40.70",0.714074979924571,40,"Sequencing","ARPP21"
"SC2_40.71",1.07187102968388,40,"Sequencing","DCLK3"
"SC2_40.72",0.122117022702402,40,"Sequencing","CCK"
"SC2_40.73",0.938363265353875,40,"Sequencing","IL17RB"
"SC2_40.74",0.614585335098483,40,"Sequencing","CACNA2D3"
"SC2_40.75",0.602217131343565,40,"Sequencing","DNAH12"
"SC2_40.76",0.153244382584833,40,"Sequencing","CNTN3"
"SC2_40.77",0.360050940905339,40,"Sequencing","EPHA6"
"SC2_40.78",0.678066564526557,40,"Sequencing","ENSG00000261292"
"SC2_40.79",-0.325563696209884,40,"Sequencing","ENSG00000239482"
"SC2_40.80",-1.12335239674588,40,"Sequencing","ENSG00000251012"
"SC2_40.81",-1.12815522043897,40,"Sequencing","UPK1B"
"SC2_40.82",0.831606971386572,40,"Sequencing","ADCY5"
"SC2_40.83",1.23615438474417,40,"Sequencing","TRH"
"SC2_40.84",1.06509522027499,40,"Sequencing","COL6A4P2"
"SC2_40.85",0.657801408350807,40,"Sequencing","ZBTB38"
"SC2_40.86",0.263607118772833,40,"Sequencing","PCOLCE2"
"SC2_40.87",-0.574520650057106,40,"Sequencing","CPB1"
"SC2_40.88",-0.842373766172373,40,"Sequencing","IQCJ"
"SC2_40.89",-0.618695061483015,40,"Sequencing","LINC01323"
"SC2_40.90",0.343913032388045,40,"Sequencing","LINC01324"
"SC2_40.91",0.553367390999849,40,"Sequencing","SLITRK3"
"SC2_40.92",1.18237111265899,40,"Sequencing","LINC01322"
"SC2_40.93",0.801179366506108,40,"Sequencing","BCL6"
"SC2_40.94",1.35289187923151,40,"Sequencing",NA
"SC2_40.95",1.14130453771107,40,"Sequencing","IL1RAP"
"SC2_40.96",0.053038290970529,40,"Sequencing","UTS2B"
"SC2_40.97",-0.30653035367279,40,"Sequencing","ZDHHC19"
"SC2_40.98",2.30501622673893,40,"Sequencing","RPSAP69"
"SC2_40.99",0.202747248581768,40,"Sequencing","ENSG00000227189"
"SC2_40.100",1.03042085019519,40,"Sequencing","ENSG00000284727"
"SC2_40.101",0.58356372141656,40,"Sequencing","MSX1"
"SC2_40.102",-0.0875693205825387,40,"Sequencing","GBA3"
"SC2_40.103",0.0919319695506808,40,"Sequencing","CCKAR"
"SC2_40.104",0.27278599271928,40,"Sequencing","PCDH7"
"SC2_40.105",0.336030904416506,40,"Sequencing","LINC02513"
"SC2_40.106",0.667368472506083,40,"Sequencing","ENSG00000260878"
"SC2_40.107",0.690274780484783,40,"Sequencing","GABRA2"
"SC2_40.108",1.66877468106778,40,"Sequencing","ENSG00000249330"
"SC2_40.109",0.887575408139157,40,"Sequencing","GABRB1"
"SC2_40.110",0.897120514098408,40,"Sequencing","ENSG00000260918"
"SC2_40.111",0.417489453598538,40,"Sequencing","ADAMTS3"
"SC2_40.112",-0.53746098436412,40,"Sequencing","BTC"
"SC2_40.113",-0.0350525194174792,40,"Sequencing","FGF5"
"SC2_40.114",0.815831743084504,40,"Sequencing","SCD5"
"SC2_40.115",-0.849975520209121,40,"Sequencing","NPNT"
"SC2_40.116",0.97304699950698,40,"Sequencing","CAMK2D"
"SC2_40.117",-0.640825487343665,40,"Sequencing","PDE5A"
"SC2_40.118",0.770940555685283,40,"Sequencing","PCDH18"
"SC2_40.119",0.420285028309412,40,"Sequencing","ENSG00000250777"
"SC2_40.120",-0.371752165634087,40,"Sequencing","FREM3"
"SC2_40.121",0.855047595400082,40,"Sequencing","TTC29"
"SC2_40.122",1.07001459138421,40,"Sequencing",NA
"SC2_40.123",0.324733932092737,40,"Sequencing","GUCY1A1"
"SC2_40.124",0.262894352948082,40,"Sequencing","ENSG00000260244"
"SC2_40.125",0.0128596096250586,40,"Sequencing","PDGFC"
"SC2_40.126",1.02361999965492,40,"Sequencing","FSTL5"
"SC2_40.127",-0.647387380816843,40,"Sequencing","ENSG00000250027"
"SC2_40.128",0.423957846297278,40,"Sequencing","NPY1R"
"SC2_40.129",0.348721530045364,40,"Sequencing","NPY5R"
"SC2_40.130",0.60575759511333,40,"Sequencing","GALNTL6"
"SC2_40.131",0.831977291665207,40,"Sequencing","GLRA3"
"SC2_40.132",0.465204887315659,40,"Sequencing","ADAM29"
"SC2_40.133",-0.000383958863232456,40,"Sequencing","MTNR1A"
"SC2_40.134",0.645589378362247,40,"Sequencing","RANBP3L"
"SC2_40.135",0.643637818735345,40,"Sequencing","LIFR"
"SC2_40.136",0.928950407982608,40,"Sequencing","PTGER4"
"SC2_40.137",0.647128704697435,40,"Sequencing","GHR"
"SC2_40.138",1.73312832824889,40,"Sequencing","ESM1"
"SC2_40.139",1.00578984175737,40,"Sequencing","IL6ST"
"SC2_40.140",1.02212089483716,40,"Sequencing","RGS7BP"
"SC2_40.141",-0.563259174884444,40,"Sequencing","LINC02197"
"SC2_40.142",0.977916883125352,40,"Sequencing","SV2C"
"SC2_40.143",0.391247606614447,40,"Sequencing","MEF2C"
"SC2_40.144",-1.33483405682274,40,"Sequencing","EGR1"
"SC2_40.145",0.491148831918916,40,"Sequencing","NR3C1"
"SC2_40.146",0.738383027422167,40,"Sequencing","GRIA1"
"SC2_40.147",0.443983219433546,40,"Sequencing","ENSG00000249738"
"SC2_40.148",-0.851635893060196,40,"Sequencing","IL12B"
"SC2_40.149",0.35604463674096,40,"Sequencing","GABRB2"
"SC2_40.150",0.498671618054797,40,"Sequencing","GABRA1"
"SC2_40.151",0.766952112606575,40,"Sequencing","GABRG2"
"SC2_40.152",1.16336608162336,40,"Sequencing","F12"
"SC2_40.153",-0.3274219424202,40,"Sequencing","PRR7-AS1"
"SC2_40.154",1.1619936841485,40,"Sequencing","TRIM7"
"SC2_40.155",0.808518278778916,40,"Sequencing","CD83"
"SC2_40.156",0.748999463736494,40,"Sequencing","RBM24"
"SC2_40.157",0.671002406475419,40,"Sequencing","RNF144B"
"SC2_40.158",0.38690730585267,40,"Sequencing","DCDC2"
"SC2_40.159",-0.236318052221574,40,"Sequencing","SLC17A2"
"SC2_40.160",0.983532260883441,40,"Sequencing","BTN3A1"
"SC2_40.161",1.21323553702493,40,"Sequencing","RN7SL471P"
"SC2_40.162",-0.289343869894243,40,"Sequencing","TRIM31-AS1"
"SC2_40.163",0.680826071479976,40,"Sequencing","HLA-DRB5"
"SC2_40.164",1.24840504290566,40,"Sequencing","TAP1"
"SC2_40.165",1.21137017080174,40,"Sequencing","CLIC5"
"SC2_40.166",0.945577471258559,40,"Sequencing","RCAN2"
"SC2_40.167",0.495014700907833,40,"Sequencing","TENT5A"
"SC2_40.168",-1.09890892141725,40,"Sequencing","TBX18"
"SC2_40.169",0.233735325447425,40,"Sequencing","GJA10"
"SC2_40.170",0.397276753821578,40,"Sequencing","FAM162B"
"SC2_40.171",-0.590417024056186,40,"Sequencing","RFX6"
"SC2_40.172",0.559617321411937,40,"Sequencing","NKAIN2"
"SC2_40.173",-0.195762680216929,40,"Sequencing","ENSG00000237321"
"SC2_40.174",0.463376624816023,40,"Sequencing","MOXD1"
"SC2_40.175",0.97281311437031,40,"Sequencing","MAP7"
"SC2_40.176",1.29868919103085,40,"Sequencing","STXBP5-AS1"
"SC2_40.177",1.30427312914076,40,"Sequencing","MYCT1"
"SC2_40.178",1.06216647027001,40,"Sequencing","ENSG00000232529"
"SC2_40.179",0.80141962525366,40,"Sequencing","LPA"
"SC2_40.180",-0.574209516098691,40,"Sequencing","LINC02538"
"SC2_40.181",0.869559587868453,40,"Sequencing","ENSG00000235994"
"SC2_40.182",-0.428027742603843,40,"Sequencing","KIF25"
"SC2_40.183",0.747221483579003,40,"Sequencing","ENSG00000234647"
"SC2_40.184",0.670292693214102,40,"Sequencing","SMOC2"
"SC2_40.185",0.527883846744319,40,"Sequencing","NXPH1"
"SC2_40.186",0.933460299407737,40,"Sequencing","GALNT17"
"SC2_40.187",1.08202672550401,40,"Sequencing","CALN1"
"SC2_40.188",0.488183217357217,40,"Sequencing","CD36"
"SC2_40.189",-0.261227865812315,40,"Sequencing","GRM3"
"SC2_40.190",0.816816304187107,40,"Sequencing","TAC1"
"SC2_40.191",1.08378839628901,40,"Sequencing","AZGP1"
"SC2_40.192",0.699743426700163,40,"Sequencing","VGF"
"SC2_40.193",0.570051669171194,40,"Sequencing","LHFPL3"
"SC2_40.194",0.678705090448529,40,"Sequencing","TMEM229A"
"SC2_40.195",-0.297339472114468,40,"Sequencing","ENSG00000279419"
"SC2_40.196",0.748845542493147,40,"Sequencing","CHRM2"
"SC2_40.197",0.920713082457851,40,"Sequencing","CRLF2"
"SC2_40.198",0.0501929526061257,40,"Sequencing","ADGRG2"
"SC2_40.199",0.688732124159014,40,"Sequencing","MAP7D2"
"SC2_40.200",-0.565600369909683,40,"Sequencing","ENSG00000283400"
"SC2_40.201",0.832444668508881,40,"Sequencing","PTCHD1"
"SC2_40.202",0.526028857125852,40,"Sequencing","IL1RAPL1"
"SC2_40.203",0.526780469369176,40,"Sequencing","DMD"
"SC2_40.204",1.11110742439131,40,"Sequencing","ERAS"
"SC2_40.205",-0.469463957328504,40,"Sequencing","MAGED4"
"SC2_40.206",0.294006867550743,40,"Sequencing","PCDH11X"
"SC2_40.207",0.912892087077686,40,"Sequencing","TCEAL6"
"SC2_40.208",0.474548197905141,40,"Sequencing","RNF128"
"SC2_40.209",-0.381052918415589,40,"Sequencing","SERTM2"
"SC2_40.210",0.193356416030526,40,"Sequencing","TRPC5"
"SC2_40.211",1.13855794547279,40,"Sequencing","IL13RA1"
"SC2_40.212",0.985683379052533,40,"Sequencing","SMIM10L2A"
"SC2_40.213",0.574762911880989,40,"Sequencing","ARHGEF6"
"SC2_40.214",0.765191796749416,40,"Sequencing","FGF13"
"SC2_40.215",0.329965476960911,40,"Sequencing","MCF2"
"SC2_40.216",0.975698739529017,40,"Sequencing","SLITRK2"
"SC2_40.217",-0.147845420193782,40,"Sequencing","GPR50"
"SC2_40.218",-0.435113335414994,40,"Sequencing","ENSG00000269993"
"SC2_40.219",0.272182529172721,40,"Sequencing","CSMD1"
"SC2_40.220",2.01394789979275,40,"Sequencing","ENSG00000284613"
"SC2_40.221",-0.632892989540983,40,"Sequencing","LPL"
"SC2_40.222",1.15571120785336,40,"Sequencing","LGI3"
"SC2_40.223",0.315711204454085,40,"Sequencing","STC1"
"SC2_40.224",0.0108877015098723,40,"Sequencing","ADAM28"
"SC2_40.225",-0.0292747108605916,40,"Sequencing","ENSG00000253888"
"SC2_40.226",-0.671853145087352,40,"Sequencing","ENSG00000279099"
"SC2_40.227",-0.559694176891426,40,"Sequencing","ENSG00000253746"
"SC2_40.228",0.407585523904381,40,"Sequencing","CHRNA6"
"SC2_40.229",0.970761199682302,40,"Sequencing","OPRK1"
"SC2_40.230",0.131810554148729,40,"Sequencing","ENSG00000254254"
"SC2_40.231",1.36723185517568,40,"Sequencing","TTPA"
"SC2_40.232",0.810710726995035,40,"Sequencing","SBSPON"
"SC2_40.233",0.592718588698458,40,"Sequencing","PI15"
"SC2_40.234",-0.271265154750037,40,"Sequencing","IL7"
"SC2_40.235",0.227645212358813,40,"Sequencing","MATN2"
"SC2_40.236",1.01526281229441,40,"Sequencing","SPAG1"
"SC2_40.237",0.694808564809804,40,"Sequencing","ANGPT1"
"SC2_40.238",0.721774861887276,40,"Sequencing","RSPO2"
"SC2_40.239",-0.783180271518523,40,"Sequencing","TRHR"
"SC2_40.240",-0.552727955860735,40,"Sequencing","SNTB1"
"SC2_40.241",0.0398724259661766,40,"Sequencing","ENSG00000244791"
"SC2_40.242",0.700196917572093,40,"Sequencing","ADCY8"
"SC2_40.243",-0.258299380880707,40,"Sequencing","ENSG00000253259"
"SC2_40.244",0.672187603257528,40,"Sequencing","ENSG00000253507"
"SC2_40.245",0.817736039411017,40,"Sequencing","KCNK9"
"SC2_40.246",0.837937966804163,40,"Sequencing","LY6H"
"SC2_40.247",0.706661986855788,40,"Sequencing","CD274"
"SC2_40.248",1.65291421879684,40,"Sequencing","ENSG00000226197"
"SC2_40.249",-0.787480725295318,40,"Sequencing","ENSG00000225472"
"SC2_40.250",0.754177993266168,40,"Sequencing","BNC2"
"SC2_40.251",0.772272370640954,40,"Sequencing","SLC24A2"
"SC2_40.252",-0.87196782784404,40,"Sequencing","ENSG00000260390"
"SC2_40.253",0.815260836144742,40,"Sequencing","ENSG00000260412"
"SC2_40.254",0.706073845777019,40,"Sequencing","LINGO2"
"SC2_40.255",-0.262576965968126,40,"Sequencing","AQP3"
"SC2_40.256",0.471021510068851,40,"Sequencing","FAM189A2"
"SC2_40.257",0.755241647074146,40,"Sequencing","NTRK2"
"SC2_40.258",1.00147147207103,40,"Sequencing","FGD3"
"SC2_40.259",0.253878594132287,40,"Sequencing","FBP1"
"SC2_40.260",-0.625991533888457,40,"Sequencing","GAS2L1P2"
"SC2_40.261",0.538925436577258,40,"Sequencing","GRIN3A"
"SC2_40.262",-0.150005836889955,40,"Sequencing","PPP3R2"
"SC2_40.263",0.529909437987572,40,"Sequencing","LINC01505"
"SC2_40.264",0.890260647686391,40,"Sequencing","BRINP1"
"SC2_40.265",0.186920187711204,40,"Sequencing","GPR21"
"SC2_40.266",0.036220621380732,40,"Sequencing","MIR181A2HG"
"SC2_40.267",0.260223189481734,40,"Sequencing","IER5L"
"SC2_40.268",1.70666659262816,40,"Sequencing","C9orf50"
"SC2_40.269",1.02304661101583,40,"Sequencing","NACC2"
"SC2_40.270",0.769134788459565,40,"Sequencing","GRIN1"
"SC2_40.271",1.0937524140529,40,"Sequencing","TH"
"SC2_40.272",-0.410755581867054,40,"Sequencing","SPON1"
"SC2_40.273",0.83533631867539,40,"Sequencing","NCR3LG1"
"SC2_40.274",1.01788611311655,40,"Sequencing","ENSG00000270607"
"SC2_40.275",0.224000913709884,40,"Sequencing","ENSG00000279675"
"SC2_40.276",0.235920186539714,40,"Sequencing","LRRC4C"
"SC2_40.277",0.0255896725004513,40,"Sequencing","LINC02740"
"SC2_40.278",0.61371309154825,40,"Sequencing","MS4A7"
"SC2_40.279",0.0587775224830118,40,"Sequencing","MS4A14"
"SC2_40.280",-0.688473803162571,40,"Sequencing","MS4A1"
"SC2_40.281",0.417312658967978,40,"Sequencing","MIR6746"
"SC2_40.282",0.548013160047221,40,"Sequencing","KCNK4"
"SC2_40.283",0.460370686938688,40,"Sequencing","ENSG00000257069"
"SC2_40.284",0.317239545436501,40,"Sequencing","CATSPERZ"
"SC2_40.285",-0.366060459065894,40,"Sequencing","SHANK2-AS1"
"SC2_40.286",0.744677413760019,40,"Sequencing","ARHGEF17"
"SC2_40.287",0.60083410971723,40,"Sequencing","GRM5"
"SC2_40.288",1.26327250807938,40,"Sequencing","MMP10"
"SC2_40.289",0.290609353222548,40,"Sequencing","MMP1"
"SC2_40.290",0.816161129829899,40,"Sequencing","PDGFD"
"SC2_40.291",1.13898372129754,40,"Sequencing","C11orf87"
"SC2_40.292",1.05982736377725,40,"Sequencing","ARHGAP20"
"SC2_40.293",1.46766192994572,40,"Sequencing","LAYN"
"SC2_40.294",0.859117554733198,40,"Sequencing","SCN2B"
"SC2_40.295",0.666710355515652,40,"Sequencing","ABCG4"
"SC2_40.296",2.0235279202825,40,"Sequencing","TRIM29"
"SC2_40.297",0.763201221217758,40,"Sequencing","MIR100HG"
"SC2_40.298",0.380024072718126,40,"Sequencing","MIR125B1"
"SC2_40.299",-0.566142113166585,40,"Sequencing","ENSG00000238117"
"SC2_40.300",1.16912983719497,40,"Sequencing","LINC02714"
"SC2_40.301",-1.04036687688674,40,"Sequencing","LINC00707"
"SC2_40.302",0.732147384090465,40,"Sequencing","SFMBT2"
"SC2_40.303",-0.215842645401475,40,"Sequencing","ARMC3"
"SC2_40.304",0.032778278800603,40,"Sequencing","MKX"
"SC2_40.305",0.7784852090855,40,"Sequencing","FZD8"
"SC2_40.306",0.896154950635206,40,"Sequencing","MIR4683"
"SC2_40.307",0.441141231827796,40,"Sequencing","ANXA8L1"
"SC2_40.308",0.643927267275119,40,"Sequencing","LRRTM3"
"SC2_40.309",0.811073710842177,40,"Sequencing","TLL2"
"SC2_40.310",0.920014860020453,40,"Sequencing","SORCS1"
"SC2_40.311",1.02107481596915,40,"Sequencing","CHST15"
"SC2_40.312",0.854029152602338,40,"Sequencing","PTPRE"
"SC2_40.313",0.560234526126303,40,"Sequencing","JAKMIP3"
"SC2_40.314",0.486610744431532,40,"Sequencing","ENSG00000249695"
"SC2_40.315",0.73008683039755,40,"Sequencing","GRIN2B"
"SC2_40.316",0.773836619258757,40,"Sequencing","RERG"
"SC2_40.317",0.350272173261132,40,"Sequencing","PTHLH"
"SC2_40.318",0.220826389896084,40,"Sequencing","PDZRN4"
"SC2_40.319",0.621330146452087,40,"Sequencing","TMEM117"
"SC2_40.320",0.962020157541187,40,"Sequencing","ENSG00000258101"
"SC2_40.321",1.10849080616633,40,"Sequencing","KRT18"
"SC2_40.322",0.326010725311308,40,"Sequencing","TAFA2"
"SC2_40.323",-0.675808203121299,40,"Sequencing","LINC02458"
"SC2_40.324",1.25333723129087,40,"Sequencing","NTN4"
"SC2_40.325",-0.288957901392025,40,"Sequencing","SLC17A8"
"SC2_40.326",-0.395829260731146,40,"Sequencing","ENSG00000257548"
"SC2_40.327",-0.428983308988638,40,"Sequencing","TMEM233"
"SC2_40.328",0.380891692493216,40,"Sequencing","MIR1178"
"SC2_40.329",-0.946056766870858,40,"Sequencing","ENSG00000280381"
"SC2_40.330",1.08681033637913,40,"Sequencing","TMEM132D"
"SC2_40.331",-0.126373937269147,40,"Sequencing","LINC02340"
"SC2_40.332",0.764455964405077,40,"Sequencing","FLT3"
"SC2_40.333",-0.800585032432114,40,"Sequencing","STOML3"
"SC2_40.334",-0.447643068689505,40,"Sequencing","KCTD4"
"SC2_40.335",-0.147856311713471,40,"Sequencing","ENSG00000278727"
"SC2_40.336",0.759774170312792,40,"Sequencing","SLITRK6"
"SC2_40.337",1.15474467309956,40,"Sequencing","ENSG00000232636"
"SC2_40.338",1.00676984260662,40,"Sequencing","MIR4500HG"
"SC2_40.339",1.20879225345939,40,"Sequencing","COL4A2"
"SC2_40.340",0.704407089901521,40,"Sequencing","NPAS3"
"SC2_40.341",0.61738789475709,40,"Sequencing","ENSG00000258636"
"SC2_40.342",0.625965573555092,40,"Sequencing","LRFN5"
"SC2_40.343",0.511216400178009,40,"Sequencing","MDGA2"
"SC2_40.344",1.2791122726452,40,"Sequencing","PTGER2"
"SC2_40.345",0.893165109616666,40,"Sequencing","LGALS3"
"SC2_40.346",0.648847421282011,40,"Sequencing","SYT16"
"SC2_40.347",0.82771821140595,40,"Sequencing","KCNH5"
"SC2_40.348",0.819858061716681,40,"Sequencing","TMEM229B"
"SC2_40.349",-0.297360870590747,40,"Sequencing","ENSG00000258422"
"SC2_40.350",0.825220749555796,40,"Sequencing","FOS"
"SC2_40.351",0.745878499885008,40,"Sequencing","NRXN3"
"SC2_40.352",-0.382938257115556,40,"Sequencing","ENSG00000258419"
"SC2_40.353",1.0716785438098,40,"Sequencing","TSHR"
"SC2_40.354",0.716749769948964,40,"Sequencing","MEG8"
"SC2_40.355",0.694733269408529,40,"Sequencing","DIO3"
"SC2_40.356",0.431434774864378,40,"Sequencing","ENSG00000260780"
"SC2_40.357",-0.157378601499651,40,"Sequencing","SNORD116-18"
"SC2_40.358",1.22640370820688,40,"Sequencing","SNORD115-1"
"SC2_40.359",0.91039575926338,40,"Sequencing","SNORD115-46"
"SC2_40.360",0.901383618047542,40,"Sequencing","GABRA5"
"SC2_40.361",0.757834586318069,40,"Sequencing","GJD2"
"SC2_40.362",0.848451193629158,40,"Sequencing","MEIS2"
"SC2_40.363",-0.799397332852493,40,"Sequencing","ENSG00000276121"
"SC2_40.364",-0.499294056125285,40,"Sequencing","FGF7"
"SC2_40.365",0.943957311128907,40,"Sequencing","LYSMD2"
"SC2_40.366",-0.37614390179847,40,"Sequencing","THSD4"
"SC2_40.367",0.965246604031733,40,"Sequencing","ENSG00000275120"
"SC2_40.368",0.900696458048014,40,"Sequencing","ENSG00000276278"
"SC2_40.369",0.324872645934812,40,"Sequencing","PLIN1"
"SC2_40.370",0.844909426937365,40,"Sequencing","ENSG00000260337"
"SC2_40.371",0.322697713144382,40,"Sequencing","FAM169B"
"SC2_40.372",0.550353059641624,40,"Sequencing","ADAMTS17"
"SC2_40.373",0.871455926365969,40,"Sequencing","TNFRSF12A"
"SC2_40.374",0.881400568642932,40,"Sequencing","ENSG00000262668"
"SC2_40.375",0.658383283949896,40,"Sequencing","GRIN2A"
"SC2_40.376",0.473684812561055,40,"Sequencing","SOCS1"
"SC2_40.377",0.522196150638524,40,"Sequencing","ENSG00000262801"
"SC2_40.378",0.496608522506947,40,"Sequencing","ENSG00000262267"
"SC2_40.379",1.04229815434733,40,"Sequencing","TMC5"
"SC2_40.380",1.37665291709851,40,"Sequencing","RNU4-46P"
"SC2_40.381",1.22846740656169,40,"Sequencing","HS3ST4"
"SC2_40.382",0.846794950953527,40,"Sequencing","ENSG00000283662"
"SC2_40.383",0.974259344487241,40,"Sequencing","LPCAT2"
"SC2_40.384",1.20345526165556,40,"Sequencing","MT3"
"SC2_40.385",0.156259671824875,40,"Sequencing","CDH8"
"SC2_40.386",-0.871495764698622,40,"Sequencing","ENSG00000260600"
"SC2_40.387",-0.445415876238154,40,"Sequencing","ENSG00000231589"
"SC2_40.388",0.966161196554748,40,"Sequencing","HSF4"
"SC2_40.389",-0.197057240804372,40,"Sequencing","ENSG00000262691"
"SC2_40.390",1.65642989454557,40,"Sequencing","ENSG00000260577"
"SC2_40.391",1.04699174487984,40,"Sequencing","HAS3"
"SC2_40.392",0.866323511859536,40,"Sequencing","HPR"
"SC2_40.393",0.51856427750982,40,"Sequencing","ENSG00000277954"
"SC2_40.394",0.913074693523651,40,"Sequencing","ENSG00000261722"
"SC2_40.395",0.402630958389731,40,"Sequencing","MAF"
"SC2_40.396",-0.620634249944053,40,"Sequencing","ENSG00000277214"
"SC2_40.397",1.23968445622615,40,"Sequencing","ENSG00000278058"
"SC2_40.398",0.668964029999883,40,"Sequencing","HSD17B2"
"SC2_40.399",0.807129982831112,40,"Sequencing","ATP2C2"
"SC2_40.400",0.853451179501935,40,"Sequencing","ENSG00000260279"
"SC2_40.401",1.62737578026672,40,"Sequencing","SERPINF2"
"SC2_40.402",1.22091261564083,40,"Sequencing","GUCY2D"
"SC2_40.403",1.58023050225271,40,"Sequencing","ENSG00000279174"
"SC2_40.404",-0.425978537391054,40,"Sequencing","LINC00670"
"SC2_40.405",0.942204527480978,40,"Sequencing","ASIC2"
"SC2_40.406",1.26729196603859,40,"Sequencing","PLXDC1"
"SC2_40.407",1.05020888805597,40,"Sequencing","HAP1"
"SC2_40.408",-0.344077293226994,40,"Sequencing","ENSG00000276851"
"SC2_40.409",1.00277615921806,40,"Sequencing","CA10"
"SC2_40.410",0.132193327461188,40,"Sequencing","NOG"
"SC2_40.411",1.08330430106031,40,"Sequencing","TRIM25"
"SC2_40.412",0.528516639382409,40,"Sequencing","PRKCA"
"SC2_40.413",0.62851391314887,40,"Sequencing","KCNJ2-AS1"
"SC2_40.414",0.385290925096506,40,"Sequencing","KCNJ2"
"SC2_40.415",0.543003233445423,40,"Sequencing","ENSG00000276863"
"SC2_40.416",-0.262704552830626,40,"Sequencing","ENSG00000263606"
"SC2_40.417",1.18100361008123,40,"Sequencing","LDLRAD4"
"SC2_40.418",-0.524942033533934,40,"Sequencing","RN7SL362P"
"SC2_40.419",-0.374040496407291,40,"Sequencing","CHST9"
"SC2_40.420",1.01347164867162,40,"Sequencing","GAREM1"
"SC2_40.421",0.937638741219783,40,"Sequencing","RIT2"
"SC2_40.422",1.00567660682124,40,"Sequencing","PSTPIP2"
"SC2_40.423",1.00683691806247,40,"Sequencing","RAB27B"
"SC2_40.424",-0.769773057529348,40,"Sequencing","SERPINB2"
"SC2_40.425",-0.78490365683761,40,"Sequencing","SERPINB10"
"SC2_40.426",0.611239927605738,40,"Sequencing","LINC00305"
"SC2_40.427",0.483586663110633,40,"Sequencing","CDH7"
"SC2_40.428",-0.028434662624296,40,"Sequencing","ENSG00000263720"
"SC2_40.429",0.454555484296884,40,"Sequencing","CBLN2"
"SC2_40.430",0.918745507655965,40,"Sequencing","LINC01896"
"SC2_40.431",0.22854190548803,40,"Sequencing","SALL3"
"SC2_40.432",-1.02396815513673,40,"Sequencing","PDYN"
"SC2_40.433",0.294833003297039,40,"Sequencing","TGM3"
"SC2_40.434",1.0117812427536,40,"Sequencing","EBF4"
"SC2_40.435",0.683196339921108,40,"Sequencing","SLC24A3"
"SC2_40.436",0.0532958742586319,40,"Sequencing","ANKRD20A21P"
"SC2_40.437",0.109139798774754,40,"Sequencing","MAFB"
"SC2_40.438",0.629359676531875,40,"Sequencing","PTPRT"
"SC2_40.439",0.722129436306104,40,"Sequencing","ENSG00000233508"
"SC2_40.440",0.813147957355077,40,"Sequencing","SYCP2"
"SC2_40.441",0.338591042249271,40,"Sequencing","CDH4"
"SC2_40.442",1.01950221608757,40,"Sequencing","MIR1-1HG-AS1"
"SC2_40.443",-0.303844244091342,40,"Sequencing","THEG"
"SC2_40.444",0.655200775164887,40,"Sequencing","SBNO2"
"SC2_40.445",0.599490964457241,40,"Sequencing","ZNF556"
"SC2_40.446",0.587666527788241,40,"Sequencing","FUT3"
"SC2_40.447",0.677268765915736,40,"Sequencing","JUNB"
"SC2_40.448",0.533034755901449,40,"Sequencing","NANOS3"
"SC2_40.449",0.809640877246974,40,"Sequencing","IL27RA"
"SC2_40.450",0.655478139750178,40,"Sequencing","WTIP"
"SC2_40.451",0.982054957743598,40,"Sequencing","CYP2A13"
"SC2_40.452",0.631278398585727,40,"Sequencing","BCL3"
"SC2_40.453",1.25493907011202,40,"Sequencing","GFY"
"SC2_40.454",1.15385784225078,40,"Sequencing","HAS1"
"SC2_40.455",0.431749706656962,40,"Sequencing","MIR935"
"SC2_40.456",1.07395134927766,40,"Sequencing","LINC01864"
"SC2_40.457",-0.861683572438859,40,"Sequencing","ZSCAN4"
"SC2_40.458",0.516682621175053,40,"Sequencing","LINC01638"
"SC2_40.459",0.952874287076409,40,"Sequencing","C22orf42"
"SC2_40.460",0.764755309982325,40,"Sequencing","CACNA1I"
"SC2_40.461",0.692257674077642,40,"Sequencing","NFAM1"
"SC2_40.462",1.19107606326846,40,"Sequencing","ENSG00000230107"
"SC2_40.463",0.848235628465071,40,"Sequencing","SHISAL1"
"SC2_40.464",0.815305727009584,40,"Sequencing","NCAM2"
"SC2_40.465",0.552967943866289,40,"Sequencing","ADAMTS1"
"SC2_40.466",0.566887912600663,40,"Sequencing","RUNX1"
"SC2_40.467",0.853688453967115,40,"Sequencing","PCP4"
"SC2_40.468",0.814878677319624,40,"Sequencing","COL18A1"
"SC3_40",0.656772555857684,40,"Sequencing","CHD5"
"SC3_40.1",0.942677862307208,40,"Sequencing","UTS2"
"SC3_40.2",0.564982997083536,40,"Sequencing","TNFRSF9"
"SC3_40.3",0.610469213890609,40,"Sequencing","FBXO6"
"SC3_40.4",1.06141543908887,40,"Sequencing","NBL1"
"SC3_40.5",1.43719862460017,40,"Sequencing","WNT4"
"SC3_40.6",0.570421255091479,40,"Sequencing","IFNLR1"
"SC3_40.7",0.342082958140034,40,"Sequencing","CSMD2"
"SC3_40.8",1.1101316866069,40,"Sequencing","HPCAL4"
"SC3_40.9",0.700295887366468,40,"Sequencing","FAAH"
"SC3_40.10",-0.557991820817322,40,"Sequencing","SLC25A3P1"
"SC3_40.11",0.441016103977038,40,"Sequencing","PTGER3"
"SC3_40.12",0.659281215816565,40,"Sequencing","ENSG00000269933"
"SC3_40.13",0.99728140684723,40,"Sequencing","PTGFR"
"SC3_40.14",-0.0811778497535155,40,"Sequencing","ST13P20"
"SC3_40.15",0.641828670625729,40,"Sequencing","SAMD13"
"SC3_40.16",0.872601483898045,40,"Sequencing","UOX"
"SC3_40.17",0.961837598106121,40,"Sequencing","ENSG00000280099"
"SC3_40.18",0.965963900229065,40,"Sequencing","PLPPR4"
"SC3_40.19",0.767113104030838,40,"Sequencing","C1orf194"
"SC3_40.20",0.995625383396112,40,"Sequencing","SLC6A17"
"SC3_40.21",-0.34163225184267,40,"Sequencing","ENSG00000224950"
"SC3_40.22",0.539348171008068,40,"Sequencing","ECM1"
"SC3_40.23",-0.315967116041556,40,"Sequencing","S100A3"
"SC3_40.24",1.2236577623077,40,"Sequencing","FMO2"
"SC3_40.25",1.3095008628576,40,"Sequencing","SLC9C2"
"SC3_40.26",0.567457026920061,40,"Sequencing","TNR"
"SC3_40.27",0.589773665492512,40,"Sequencing","CACNA1E"
"SC3_40.28",0.415453971003065,40,"Sequencing","BRINP3"
"SC3_40.29",0.700297155957489,40,"Sequencing","LINC01351"
"SC3_40.30",0.579781154314313,40,"Sequencing","ENSG00000241505"
"SC3_40.31",0.979242185325739,40,"Sequencing","ATP2B4"
"SC3_40.32",-0.285043381499268,40,"Sequencing","ENSG00000236846"
"SC3_40.33",1.08057066484684,40,"Sequencing","LEFTY1"
"SC3_40.34",0.922944656285417,40,"Sequencing","MAP3K21"
"SC3_40.35",0.3701884479366,40,"Sequencing","CHRM3"
"SC3_40.36",0.627987636664288,40,"Sequencing","PLD5"
"SC3_40.37",-0.993151260322417,40,"Sequencing","ENSG00000229727"
"SC3_40.38",1.08624710257147,40,"Sequencing","HPCAL1"
"SC3_40.39",0.490103180148209,40,"Sequencing","ENSG00000225649"
"SC3_40.40",1.44054800538446,40,"Sequencing","POMC"
"SC3_40.41",0.886414053094567,40,"Sequencing","KCNK12"
"SC3_40.42",0.307193486572008,40,"Sequencing","SFXN5"
"SC3_40.43",1.08200244927938,40,"Sequencing","CD8B"
"SC3_40.44",0.659033319280301,40,"Sequencing","ANAPC1P1"
"SC3_40.45",0.617549214967167,40,"Sequencing","CYTOR"
"SC3_40.46",0.336849816115651,40,"Sequencing","IL1R1"
"SC3_40.47",1.34554572281702,40,"Sequencing","LINC01123"
"SC3_40.48",0.482441544617693,40,"Sequencing","MIR4435-2HG"
"SC3_40.49",0.224230233962688,40,"Sequencing","SCTR"
"SC3_40.50",0.305431682266162,40,"Sequencing","ENSG00000228400"
"SC3_40.51",0.977623438434975,40,"Sequencing","LINC01854"
"SC3_40.52",0.743312293651044,40,"Sequencing","CCDC74B"
"SC3_40.53",1.24721051550469,40,"Sequencing","SMIM39"
"SC3_40.54",1.07871550526044,40,"Sequencing","CCDC74A"
"SC3_40.55",0.421139941077099,40,"Sequencing","LYPD1"
"SC3_40.56",0.846349934108745,40,"Sequencing","KCNJ3"
"SC3_40.57",0.414864202903902,40,"Sequencing","PLA2R1"
"SC3_40.58",0.787506348660338,40,"Sequencing","SCN1A"
"SC3_40.59",0.721922557147093,40,"Sequencing","C2orf88"
"SC3_40.60",0.673447937527605,40,"Sequencing","MSTN"
"SC3_40.61",0.80024056801386,40,"Sequencing","NYAP2"
"SC3_40.62",0.7902632015665,40,"Sequencing","ENSG00000273301"
"SC3_40.63",1.0906574409936,40,"Sequencing","ECEL1"
"SC3_40.64",1.25018768980553,40,"Sequencing","RAMP1"
"SC3_40.65",0.674744715248119,40,"Sequencing","CNTN6"
"SC3_40.66",0.828297567780589,40,"Sequencing","GRM7"
"SC3_40.67",0.770506970506608,40,"Sequencing","IRAK2"
"SC3_40.68",0.939588569023553,40,"Sequencing","SYN2"
"SC3_40.69",0.6143114384229,40,"Sequencing","GRIP2"
"SC3_40.70",0.285096563443627,40,"Sequencing","ARPP21"
"SC3_40.71",0.251902539666911,40,"Sequencing","DCLK3"
"SC3_40.72",-0.187472243376991,40,"Sequencing","CCK"
"SC3_40.73",-0.398446752781345,40,"Sequencing","IL17RB"
"SC3_40.74",0.675518705256737,40,"Sequencing","CACNA2D3"
"SC3_40.75",0.448889770921031,40,"Sequencing","DNAH12"
"SC3_40.76",1.02410941311158,40,"Sequencing","CNTN3"
"SC3_40.77",0.0745125792078506,40,"Sequencing","EPHA6"
"SC3_40.78",0.0863159934443882,40,"Sequencing","ENSG00000261292"
"SC3_40.79",-0.264926306317978,40,"Sequencing","ENSG00000239482"
"SC3_40.80",-0.816628848059434,40,"Sequencing","ENSG00000251012"
"SC3_40.81",-1.02366797585398,40,"Sequencing","UPK1B"
"SC3_40.82",0.846300373403005,40,"Sequencing","ADCY5"
"SC3_40.83",1.01293912460705,40,"Sequencing","TRH"
"SC3_40.84",0.891431501406793,40,"Sequencing","COL6A4P2"
"SC3_40.85",0.669965347709961,40,"Sequencing","ZBTB38"
"SC3_40.86",0.017108031290799,40,"Sequencing","PCOLCE2"
"SC3_40.87",-0.842208120134781,40,"Sequencing","CPB1"
"SC3_40.88",-0.561594566726332,40,"Sequencing","IQCJ"
"SC3_40.89",-0.44493190794812,40,"Sequencing","LINC01323"
"SC3_40.90",0.267699781809361,40,"Sequencing","LINC01324"
"SC3_40.91",0.541613042758179,40,"Sequencing","SLITRK3"
"SC3_40.92",0.883934935559869,40,"Sequencing","LINC01322"
"SC3_40.93",0.668227762106554,40,"Sequencing","BCL6"
"SC3_40.94",-0.0741095908175532,40,"Sequencing",NA
"SC3_40.95",0.933122778293536,40,"Sequencing","IL1RAP"
"SC3_40.96",-0.0546166317129728,40,"Sequencing","UTS2B"
"SC3_40.97",-0.428472711540324,40,"Sequencing","ZDHHC19"
"SC3_40.98",0.238006452805839,40,"Sequencing","RPSAP69"
"SC3_40.99",0.50144419662123,40,"Sequencing","ENSG00000227189"
"SC3_40.100",1.35686572357443,40,"Sequencing","ENSG00000284727"
"SC3_40.101",0.560197471649059,40,"Sequencing","MSX1"
"SC3_40.102",-1.32315955382628,40,"Sequencing","GBA3"
"SC3_40.103",0.100696892815629,40,"Sequencing","CCKAR"
"SC3_40.104",0.415589560926262,40,"Sequencing","PCDH7"
"SC3_40.105",0.853672114940263,40,"Sequencing","LINC02513"
"SC3_40.106",0.590268664375489,40,"Sequencing","ENSG00000260878"
"SC3_40.107",0.624306310262967,40,"Sequencing","GABRA2"
"SC3_40.108",0.785172791315451,40,"Sequencing","ENSG00000249330"
"SC3_40.109",0.947217045397583,40,"Sequencing","GABRB1"
"SC3_40.110",1.11673023556099,40,"Sequencing","ENSG00000260918"
"SC3_40.111",-0.254384844088986,40,"Sequencing","ADAMTS3"
"SC3_40.112",0.80659142816902,40,"Sequencing","BTC"
"SC3_40.113",0.486097993242075,40,"Sequencing","FGF5"
"SC3_40.114",0.840961833495874,40,"Sequencing","SCD5"
"SC3_40.115",-0.966625647942261,40,"Sequencing","NPNT"
"SC3_40.116",0.893149395637309,40,"Sequencing","CAMK2D"
"SC3_40.117",-0.17511110422415,40,"Sequencing","PDE5A"
"SC3_40.118",0.44891932317555,40,"Sequencing","PCDH18"
"SC3_40.119",0.902529776060332,40,"Sequencing","ENSG00000250777"
"SC3_40.120",0.626959919084617,40,"Sequencing","FREM3"
"SC3_40.121",-0.268414631591647,40,"Sequencing","TTC29"
"SC3_40.122",-0.0664636701114608,40,"Sequencing",NA
"SC3_40.123",0.327380926870334,40,"Sequencing","GUCY1A1"
"SC3_40.124",-0.0399605006824395,40,"Sequencing","ENSG00000260244"
"SC3_40.125",-0.057556656899708,40,"Sequencing","PDGFC"
"SC3_40.126",0.840585338415452,40,"Sequencing","FSTL5"
"SC3_40.127",-0.205882628585368,40,"Sequencing","ENSG00000250027"
"SC3_40.128",0.115653724607875,40,"Sequencing","NPY1R"
"SC3_40.129",0.232537474467863,40,"Sequencing","NPY5R"
"SC3_40.130",0.316789730815067,40,"Sequencing","GALNTL6"
"SC3_40.131",0.634436905773822,40,"Sequencing","GLRA3"
"SC3_40.132",0.0866927566573765,40,"Sequencing","ADAM29"
"SC3_40.133",0.705996027562831,40,"Sequencing","MTNR1A"
"SC3_40.134",2.10450300094187,40,"Sequencing","RANBP3L"
"SC3_40.135",0.410894238675952,40,"Sequencing","LIFR"
"SC3_40.136",1.0692126813815,40,"Sequencing","PTGER4"
"SC3_40.137",0.444384100936906,40,"Sequencing","GHR"
"SC3_40.138",0.0360201768537591,40,"Sequencing","ESM1"
"SC3_40.139",0.864917298186184,40,"Sequencing","IL6ST"
"SC3_40.140",1.10036627565268,40,"Sequencing","RGS7BP"
"SC3_40.141",-1.36999094644996,40,"Sequencing","LINC02197"
"SC3_40.142",1.41197892461343,40,"Sequencing","SV2C"
"SC3_40.143",0.1144836487779,40,"Sequencing","MEF2C"
"SC3_40.144",-0.205413661714926,40,"Sequencing","EGR1"
"SC3_40.145",0.609902017047618,40,"Sequencing","NR3C1"
"SC3_40.146",0.622785187991531,40,"Sequencing","GRIA1"
"SC3_40.147",1.62175775976622,40,"Sequencing","ENSG00000249738"
"SC3_40.148",-0.526543836572079,40,"Sequencing","IL12B"
"SC3_40.149",-0.270832630416857,40,"Sequencing","GABRB2"
"SC3_40.150",0.130199524336957,40,"Sequencing","GABRA1"
"SC3_40.151",0.79752142635476,40,"Sequencing","GABRG2"
"SC3_40.152",0.916625739439327,40,"Sequencing","F12"
"SC3_40.153",-0.679456599264973,40,"Sequencing","PRR7-AS1"
"SC3_40.154",0.913263544032198,40,"Sequencing","TRIM7"
"SC3_40.155",0.868440753006095,40,"Sequencing","CD83"
"SC3_40.156",0.572789243305642,40,"Sequencing","RBM24"
"SC3_40.157",0.555595462213353,40,"Sequencing","RNF144B"
"SC3_40.158",1.24695572040859,40,"Sequencing","DCDC2"
"SC3_40.159",-0.248825688757076,40,"Sequencing","SLC17A2"
"SC3_40.160",0.921934972840353,40,"Sequencing","BTN3A1"
"SC3_40.161",1.39010117516864,40,"Sequencing","RN7SL471P"
"SC3_40.162",-0.192616308499775,40,"Sequencing","TRIM31-AS1"
"SC3_40.163",1.67166210478518,40,"Sequencing","HLA-DRB5"
"SC3_40.164",1.15810718696672,40,"Sequencing","TAP1"
"SC3_40.165",1.32635721716138,40,"Sequencing","CLIC5"
"SC3_40.166",0.882756689749936,40,"Sequencing","RCAN2"
"SC3_40.167",0.447457993134911,40,"Sequencing","TENT5A"
"SC3_40.168",-0.677088197219945,40,"Sequencing","TBX18"
"SC3_40.169",0.751332617779941,40,"Sequencing","GJA10"
"SC3_40.170",0.419805783831117,40,"Sequencing","FAM162B"
"SC3_40.171",-0.941229795800359,40,"Sequencing","RFX6"
"SC3_40.172",0.497770230413531,40,"Sequencing","NKAIN2"
"SC3_40.173",-0.455990715106649,40,"Sequencing","ENSG00000237321"
"SC3_40.174",0.870893420803932,40,"Sequencing","MOXD1"
"SC3_40.175",1.05619209211658,40,"Sequencing","MAP7"
"SC3_40.176",1.10918496368472,40,"Sequencing","STXBP5-AS1"
"SC3_40.177",0.599974124902329,40,"Sequencing","MYCT1"
"SC3_40.178",0.868478968268982,40,"Sequencing","ENSG00000232529"
"SC3_40.179",1.07156568619018,40,"Sequencing","LPA"
"SC3_40.180",-0.536190040820685,40,"Sequencing","LINC02538"
"SC3_40.181",0.831437820591864,40,"Sequencing","ENSG00000235994"
"SC3_40.182",-0.238285872104679,40,"Sequencing","KIF25"
"SC3_40.183",1.05386003176534,40,"Sequencing","ENSG00000234647"
"SC3_40.184",0.828456290229258,40,"Sequencing","SMOC2"
"SC3_40.185",-0.0181508078182866,40,"Sequencing","NXPH1"
"SC3_40.186",0.764541538246472,40,"Sequencing","GALNT17"
"SC3_40.187",1.04876840795749,40,"Sequencing","CALN1"
"SC3_40.188",0.429599132664373,40,"Sequencing","CD36"
"SC3_40.189",-0.960216698532247,40,"Sequencing","GRM3"
"SC3_40.190",0.263886097211746,40,"Sequencing","TAC1"
"SC3_40.191",0.920310239019403,40,"Sequencing","AZGP1"
"SC3_40.192",0.797547924871687,40,"Sequencing","VGF"
"SC3_40.193",1.00373668686988,40,"Sequencing","LHFPL3"
"SC3_40.194",1.06989182628782,40,"Sequencing","TMEM229A"
"SC3_40.195",0.323219954035121,40,"Sequencing","ENSG00000279419"
"SC3_40.196",1.0870921963516,40,"Sequencing","CHRM2"
"SC3_40.197",0.916657123072371,40,"Sequencing","CRLF2"
"SC3_40.198",0.52007219710472,40,"Sequencing","ADGRG2"
"SC3_40.199",0.593668367738824,40,"Sequencing","MAP7D2"
"SC3_40.200",-0.205824786296028,40,"Sequencing","ENSG00000283400"
"SC3_40.201",0.870946627185061,40,"Sequencing","PTCHD1"
"SC3_40.202",0.358668058111439,40,"Sequencing","IL1RAPL1"
"SC3_40.203",0.46858026230755,40,"Sequencing","DMD"
"SC3_40.204",0.96900122498159,40,"Sequencing","ERAS"
"SC3_40.205",-0.469463957328504,40,"Sequencing","MAGED4"
"SC3_40.206",-0.081056877572401,40,"Sequencing","PCDH11X"
"SC3_40.207",1.15436978522639,40,"Sequencing","TCEAL6"
"SC3_40.208",0.470144996154852,40,"Sequencing","RNF128"
"SC3_40.209",0.28828380671692,40,"Sequencing","SERTM2"
"SC3_40.210",0.112518277964488,40,"Sequencing","TRPC5"
"SC3_40.211",0.892046229946904,40,"Sequencing","IL13RA1"
"SC3_40.212",1.25372693374833,40,"Sequencing","SMIM10L2A"
"SC3_40.213",0.612603430520861,40,"Sequencing","ARHGEF6"
"SC3_40.214",0.683085933062896,40,"Sequencing","FGF13"
"SC3_40.215",0.364987300831775,40,"Sequencing","MCF2"
"SC3_40.216",1.11513879007224,40,"Sequencing","SLITRK2"
"SC3_40.217",-0.853897143395284,40,"Sequencing","GPR50"
"SC3_40.218",-0.762446651845831,40,"Sequencing","ENSG00000269993"
"SC3_40.219",0.375114141025135,40,"Sequencing","CSMD1"
"SC3_40.220",0.713595418726155,40,"Sequencing","ENSG00000284613"
"SC3_40.221",-1.07166689632461,40,"Sequencing","LPL"
"SC3_40.222",1.31299517614746,40,"Sequencing","LGI3"
"SC3_40.223",-0.0374635953707538,40,"Sequencing","STC1"
"SC3_40.224",-0.783598073214398,40,"Sequencing","ADAM28"
"SC3_40.225",-0.48776345088382,40,"Sequencing","ENSG00000253888"
"SC3_40.226",-0.544421270324104,40,"Sequencing","ENSG00000279099"
"SC3_40.227",-0.298779901400324,40,"Sequencing","ENSG00000253746"
"SC3_40.228",-0.0283159416005152,40,"Sequencing","CHRNA6"
"SC3_40.229",1.27733542353952,40,"Sequencing","OPRK1"
"SC3_40.230",-0.620255677514923,40,"Sequencing","ENSG00000254254"
"SC3_40.231",0.577215273323749,40,"Sequencing","TTPA"
"SC3_40.232",0.887144303939014,40,"Sequencing","SBSPON"
"SC3_40.233",0.0391045150636924,40,"Sequencing","PI15"
"SC3_40.234",0.544968367128521,40,"Sequencing","IL7"
"SC3_40.235",0.05240331470729,40,"Sequencing","MATN2"
"SC3_40.236",0.699456396917709,40,"Sequencing","SPAG1"
"SC3_40.237",-0.181283896851286,40,"Sequencing","ANGPT1"
"SC3_40.238",0.675740117344062,40,"Sequencing","RSPO2"
"SC3_40.239",-0.858352182183071,40,"Sequencing","TRHR"
"SC3_40.240",-0.843298911565284,40,"Sequencing","SNTB1"
"SC3_40.241",-0.544212008213521,40,"Sequencing","ENSG00000244791"
"SC3_40.242",0.766603562887243,40,"Sequencing","ADCY8"
"SC3_40.243",-0.423463852892163,40,"Sequencing","ENSG00000253259"
"SC3_40.244",0.883671562266518,40,"Sequencing","ENSG00000253507"
"SC3_40.245",0.797742315656283,40,"Sequencing","KCNK9"
"SC3_40.246",0.479910593731064,40,"Sequencing","LY6H"
"SC3_40.247",0.952949486262382,40,"Sequencing","CD274"
"SC3_40.248",-0.376292932075867,40,"Sequencing","ENSG00000226197"
"SC3_40.249",0.570614950294258,40,"Sequencing","ENSG00000225472"
"SC3_40.250",0.549562469752855,40,"Sequencing","BNC2"
"SC3_40.251",0.726788112633073,40,"Sequencing","SLC24A2"
"SC3_40.252",-1.00361559990758,40,"Sequencing","ENSG00000260390"
"SC3_40.253",0.599681065614073,40,"Sequencing","ENSG00000260412"
"SC3_40.254",0.696821280835056,40,"Sequencing","LINGO2"
"SC3_40.255",-0.400033919734699,40,"Sequencing","AQP3"
"SC3_40.256",0.58114488392887,40,"Sequencing","FAM189A2"
"SC3_40.257",0.833072072734852,40,"Sequencing","NTRK2"
"SC3_40.258",1.22094177120521,40,"Sequencing","FGD3"
"SC3_40.259",0.140150355173776,40,"Sequencing","FBP1"
"SC3_40.260",0.189408570562911,40,"Sequencing","GAS2L1P2"
"SC3_40.261",0.364811620924059,40,"Sequencing","GRIN3A"
"SC3_40.262",-0.549680898715021,40,"Sequencing","PPP3R2"
"SC3_40.263",1.11008608362818,40,"Sequencing","LINC01505"
"SC3_40.264",0.72668457842123,40,"Sequencing","BRINP1"
"SC3_40.265",0.38639666971099,40,"Sequencing","GPR21"
"SC3_40.266",-0.0942493601373277,40,"Sequencing","MIR181A2HG"
"SC3_40.267",0.00603358302537252,40,"Sequencing","IER5L"
"SC3_40.268",1.14649561491151,40,"Sequencing","C9orf50"
"SC3_40.269",0.917429916218762,40,"Sequencing","NACC2"
"SC3_40.270",1.00596326626311,40,"Sequencing","GRIN1"
"SC3_40.271",0.971969832029975,40,"Sequencing","TH"
"SC3_40.272",-0.387823394404785,40,"Sequencing","SPON1"
"SC3_40.273",1.1426688863922,40,"Sequencing","NCR3LG1"
"SC3_40.274",1.28656968219333,40,"Sequencing","ENSG00000270607"
"SC3_40.275",-0.425918880007127,40,"Sequencing","ENSG00000279675"
"SC3_40.276",0.17133866283909,40,"Sequencing","LRRC4C"
"SC3_40.277",-0.114891519449094,40,"Sequencing","LINC02740"
"SC3_40.278",-0.0918203248862097,40,"Sequencing","MS4A7"
"SC3_40.279",0.771081536384483,40,"Sequencing","MS4A14"
"SC3_40.280",-0.942061419564921,40,"Sequencing","MS4A1"
"SC3_40.281",-0.919910811461796,40,"Sequencing","MIR6746"
"SC3_40.282",0.0312493051668638,40,"Sequencing","KCNK4"
"SC3_40.283",0.0984174080809177,40,"Sequencing","ENSG00000257069"
"SC3_40.284",0.0573712623671344,40,"Sequencing","CATSPERZ"
"SC3_40.285",0.607169908752836,40,"Sequencing","SHANK2-AS1"
"SC3_40.286",0.958562706415699,40,"Sequencing","ARHGEF17"
"SC3_40.287",1.37679548363264,40,"Sequencing","GRM5"
"SC3_40.288",0.746388070187883,40,"Sequencing","MMP10"
"SC3_40.289",-0.0562502112513583,40,"Sequencing","MMP1"
"SC3_40.290",0.529227281052391,40,"Sequencing","PDGFD"
"SC3_40.291",1.05358061223377,40,"Sequencing","C11orf87"
"SC3_40.292",1.07845437834072,40,"Sequencing","ARHGAP20"
"SC3_40.293",1.56521235431305,40,"Sequencing","LAYN"
"SC3_40.294",1.08559633856695,40,"Sequencing","SCN2B"
"SC3_40.295",0.815308103888602,40,"Sequencing","ABCG4"
"SC3_40.296",1.01740305679822,40,"Sequencing","TRIM29"
"SC3_40.297",0.717630909933929,40,"Sequencing","MIR100HG"
"SC3_40.298",-0.595493078734072,40,"Sequencing","MIR125B1"
"SC3_40.299",-0.522186649444974,40,"Sequencing","ENSG00000238117"
"SC3_40.300",0.938616264973209,40,"Sequencing","LINC02714"
"SC3_40.301",0.664540354522937,40,"Sequencing","LINC00707"
"SC3_40.302",1.03342329977904,40,"Sequencing","SFMBT2"
"SC3_40.303",-0.580567649344684,40,"Sequencing","ARMC3"
"SC3_40.304",-0.147135792261526,40,"Sequencing","MKX"
"SC3_40.305",0.466636658216923,40,"Sequencing","FZD8"
"SC3_40.306",0.46023616378502,40,"Sequencing","MIR4683"
"SC3_40.307",0.788523958978791,40,"Sequencing","ANXA8L1"
"SC3_40.308",0.439468862657032,40,"Sequencing","LRRTM3"
"SC3_40.309",0.891998748104752,40,"Sequencing","TLL2"
"SC3_40.310",0.837916885304413,40,"Sequencing","SORCS1"
"SC3_40.311",0.975632008609829,40,"Sequencing","CHST15"
"SC3_40.312",0.818987472247015,40,"Sequencing","PTPRE"
"SC3_40.313",0.418640200826575,40,"Sequencing","JAKMIP3"
"SC3_40.314",-0.909906256378731,40,"Sequencing","ENSG00000249695"
"SC3_40.315",0.728685540296793,40,"Sequencing","GRIN2B"
"SC3_40.316",1.29374576396116,40,"Sequencing","RERG"
"SC3_40.317",0.0881022321343469,40,"Sequencing","PTHLH"
"SC3_40.318",0.425764385255073,40,"Sequencing","PDZRN4"
"SC3_40.319",0.657778830163428,40,"Sequencing","TMEM117"
"SC3_40.320",0.638493771653178,40,"Sequencing","ENSG00000258101"
"SC3_40.321",1.06537898949812,40,"Sequencing","KRT18"
"SC3_40.322",-0.245841090624339,40,"Sequencing","TAFA2"
"SC3_40.323",-0.599619289611049,40,"Sequencing","LINC02458"
"SC3_40.324",1.41405593778387,40,"Sequencing","NTN4"
"SC3_40.325",-0.375172259305328,40,"Sequencing","SLC17A8"
"SC3_40.326",0.327124577467283,40,"Sequencing","ENSG00000257548"
"SC3_40.327",-0.550909319878085,40,"Sequencing","TMEM233"
"SC3_40.328",1.42880307051068,40,"Sequencing","MIR1178"
"SC3_40.329",-0.228545859766743,40,"Sequencing","ENSG00000280381"
"SC3_40.330",1.26930843378781,40,"Sequencing","TMEM132D"
"SC3_40.331",-0.982748979629678,40,"Sequencing","LINC02340"
"SC3_40.332",0.72703566306426,40,"Sequencing","FLT3"
"SC3_40.333",-0.572139896238322,40,"Sequencing","STOML3"
"SC3_40.334",0.241049202023177,40,"Sequencing","KCTD4"
"SC3_40.335",-0.0186158934770938,40,"Sequencing","ENSG00000278727"
"SC3_40.336",1.09143190094899,40,"Sequencing","SLITRK6"
"SC3_40.337",0.486131704697728,40,"Sequencing","ENSG00000232636"
"SC3_40.338",0.924903395065972,40,"Sequencing","MIR4500HG"
"SC3_40.339",1.06519404430057,40,"Sequencing","COL4A2"
"SC3_40.340",1.01953223649568,40,"Sequencing","NPAS3"
"SC3_40.341",-0.196725108885295,40,"Sequencing","ENSG00000258636"
"SC3_40.342",0.568949874844901,40,"Sequencing","LRFN5"
"SC3_40.343",0.531197568956066,40,"Sequencing","MDGA2"
"SC3_40.344",-5.8914558883136e-05,40,"Sequencing","PTGER2"
"SC3_40.345",-0.171647649010998,40,"Sequencing","LGALS3"
"SC3_40.346",0.512868473651122,40,"Sequencing","SYT16"
"SC3_40.347",0.625948694150724,40,"Sequencing","KCNH5"
"SC3_40.348",0.995242045862859,40,"Sequencing","TMEM229B"
"SC3_40.349",0.340752528384519,40,"Sequencing","ENSG00000258422"
"SC3_40.350",1.25148699593391,40,"Sequencing","FOS"
"SC3_40.351",0.686047476478257,40,"Sequencing","NRXN3"
"SC3_40.352",0.197399972704012,40,"Sequencing","ENSG00000258419"
"SC3_40.353",0.586770848561681,40,"Sequencing","TSHR"
"SC3_40.354",-0.126813212252621,40,"Sequencing","MEG8"
"SC3_40.355",0.0914840283844144,40,"Sequencing","DIO3"
"SC3_40.356",0.606013303282346,40,"Sequencing","ENSG00000260780"
"SC3_40.357",-0.574254148685705,40,"Sequencing","SNORD116-18"
"SC3_40.358",0.486725841863501,40,"Sequencing","SNORD115-1"
"SC3_40.359",0.569517336430688,40,"Sequencing","SNORD115-46"
"SC3_40.360",0.948146938976425,40,"Sequencing","GABRA5"
"SC3_40.361",0.820314717506672,40,"Sequencing","GJD2"
"SC3_40.362",1.42121855669149,40,"Sequencing","MEIS2"
"SC3_40.363",-0.415863794037925,40,"Sequencing","ENSG00000276121"
"SC3_40.364",-0.388936474773895,40,"Sequencing","FGF7"
"SC3_40.365",0.752069494461614,40,"Sequencing","LYSMD2"
"SC3_40.366",-0.782282429160435,40,"Sequencing","THSD4"
"SC3_40.367",1.10237884481466,40,"Sequencing","ENSG00000275120"
"SC3_40.368",0.818000144920406,40,"Sequencing","ENSG00000276278"
"SC3_40.369",0.0823018083591027,40,"Sequencing","PLIN1"
"SC3_40.370",0.921861655503482,40,"Sequencing","ENSG00000260337"
"SC3_40.371",-0.298863040078217,40,"Sequencing","FAM169B"
"SC3_40.372",0.446501108890942,40,"Sequencing","ADAMTS17"
"SC3_40.373",0.813461400838641,40,"Sequencing","TNFRSF12A"
"SC3_40.374",0.595294516341379,40,"Sequencing","ENSG00000262668"
"SC3_40.375",0.784893465261413,40,"Sequencing","GRIN2A"
"SC3_40.376",0.0685814512333043,40,"Sequencing","SOCS1"
"SC3_40.377",1.13313422693672,40,"Sequencing","ENSG00000262801"
"SC3_40.378",0.524788816632648,40,"Sequencing","ENSG00000262267"
"SC3_40.379",0.747159363660525,40,"Sequencing","TMC5"
"SC3_40.380",0.0148739796857526,40,"Sequencing","RNU4-46P"
"SC3_40.381",1.08214911375657,40,"Sequencing","HS3ST4"
"SC3_40.382",0.132459805039832,40,"Sequencing","ENSG00000283662"
"SC3_40.383",0.951616344499768,40,"Sequencing","LPCAT2"
"SC3_40.384",1.13484674953247,40,"Sequencing","MT3"
"SC3_40.385",0.0874855001391116,40,"Sequencing","CDH8"
"SC3_40.386",-0.561493937796963,40,"Sequencing","ENSG00000260600"
"SC3_40.387",-0.812462527817915,40,"Sequencing","ENSG00000231589"
"SC3_40.388",0.957300939534969,40,"Sequencing","HSF4"
"SC3_40.389",0.158019984993136,40,"Sequencing","ENSG00000262691"
"SC3_40.390",0.679012454037434,40,"Sequencing","ENSG00000260577"
"SC3_40.391",0.678092845370162,40,"Sequencing","HAS3"
"SC3_40.392",0.0553740900580604,40,"Sequencing","HPR"
"SC3_40.393",0.497374697261593,40,"Sequencing","ENSG00000277954"
"SC3_40.394",0.741471835572443,40,"Sequencing","ENSG00000261722"
"SC3_40.395",-0.0455816838463519,40,"Sequencing","MAF"
"SC3_40.396",-0.709722557929926,40,"Sequencing","ENSG00000277214"
"SC3_40.397",0.763077299143333,40,"Sequencing","ENSG00000278058"
"SC3_40.398",-0.198591399092215,40,"Sequencing","HSD17B2"
"SC3_40.399",0.864397385099501,40,"Sequencing","ATP2C2"
"SC3_40.400",-0.105870029105384,40,"Sequencing","ENSG00000260279"
"SC3_40.401",0.63222697344069,40,"Sequencing","SERPINF2"
"SC3_40.402",1.13131477347908,40,"Sequencing","GUCY2D"
"SC3_40.403",0.566791772634865,40,"Sequencing","ENSG00000279174"
"SC3_40.404",-0.123138814069401,40,"Sequencing","LINC00670"
"SC3_40.405",1.02667528933891,40,"Sequencing","ASIC2"
"SC3_40.406",1.39999291437032,40,"Sequencing","PLXDC1"
"SC3_40.407",1.09212485211385,40,"Sequencing","HAP1"
"SC3_40.408",-0.58806916626542,40,"Sequencing","ENSG00000276851"
"SC3_40.409",0.791437808763054,40,"Sequencing","CA10"
"SC3_40.410",0.248863028888254,40,"Sequencing","NOG"
"SC3_40.411",1.04176916144644,40,"Sequencing","TRIM25"
"SC3_40.412",0.167760147982934,40,"Sequencing","PRKCA"
"SC3_40.413",0.781771784648308,40,"Sequencing","KCNJ2-AS1"
"SC3_40.414",0.467775709584921,40,"Sequencing","KCNJ2"
"SC3_40.415",-1.08233360744519,40,"Sequencing","ENSG00000276863"
"SC3_40.416",0.218499921709864,40,"Sequencing","ENSG00000263606"
"SC3_40.417",1.16291600020483,40,"Sequencing","LDLRAD4"
"SC3_40.418",-0.102179731355651,40,"Sequencing","RN7SL362P"
"SC3_40.419",-0.633312447670791,40,"Sequencing","CHST9"
"SC3_40.420",0.778090846951648,40,"Sequencing","GAREM1"
"SC3_40.421",0.319849307521677,40,"Sequencing","RIT2"
"SC3_40.422",0.786333088675289,40,"Sequencing","PSTPIP2"
"SC3_40.423",1.09946629054278,40,"Sequencing","RAB27B"
"SC3_40.424",-0.974595008182411,40,"Sequencing","SERPINB2"
"SC3_40.425",-0.938233997104646,40,"Sequencing","SERPINB10"
"SC3_40.426",0.0582864063613875,40,"Sequencing","LINC00305"
"SC3_40.427",0.229953477092226,40,"Sequencing","CDH7"
"SC3_40.428",-0.659330524695572,40,"Sequencing","ENSG00000263720"
"SC3_40.429",0.267763336204107,40,"Sequencing","CBLN2"
"SC3_40.430",0.936640286849636,40,"Sequencing","LINC01896"
"SC3_40.431",0.537248552733842,40,"Sequencing","SALL3"
"SC3_40.432",-1.10772947019964,40,"Sequencing","PDYN"
"SC3_40.433",-0.0715954266136081,40,"Sequencing","TGM3"
"SC3_40.434",0.986243162233616,40,"Sequencing","EBF4"
"SC3_40.435",0.884939087301282,40,"Sequencing","SLC24A3"
"SC3_40.436",1.8355163028128,40,"Sequencing","ANKRD20A21P"
"SC3_40.437",-0.186351672293758,40,"Sequencing","MAFB"
"SC3_40.438",0.485344324282628,40,"Sequencing","PTPRT"
"SC3_40.439",0.508866153164626,40,"Sequencing","ENSG00000233508"
"SC3_40.440",-0.0150595025133913,40,"Sequencing","SYCP2"
"SC3_40.441",0.359154823031977,40,"Sequencing","CDH4"
"SC3_40.442",0.928713953880701,40,"Sequencing","MIR1-1HG-AS1"
"SC3_40.443",0.574695066865866,40,"Sequencing","THEG"
"SC3_40.444",0.477966529289141,40,"Sequencing","SBNO2"
"SC3_40.445",0.816218846050796,40,"Sequencing","ZNF556"
"SC3_40.446",0.184313320535808,40,"Sequencing","FUT3"
"SC3_40.447",0.851656192309279,40,"Sequencing","JUNB"
"SC3_40.448",0.220369435824245,40,"Sequencing","NANOS3"
"SC3_40.449",0.773995609242846,40,"Sequencing","IL27RA"
"SC3_40.450",0.803962172336705,40,"Sequencing","WTIP"
"SC3_40.451",0.844571160089225,40,"Sequencing","CYP2A13"
"SC3_40.452",0.681810034974215,40,"Sequencing","BCL3"
"SC3_40.453",1.86685125794261,40,"Sequencing","GFY"
"SC3_40.454",1.33824865329489,40,"Sequencing","HAS1"
"SC3_40.455",0.488050599750556,40,"Sequencing","MIR935"
"SC3_40.456",0.218867577543372,40,"Sequencing","LINC01864"
"SC3_40.457",-0.738759084057597,40,"Sequencing","ZSCAN4"
"SC3_40.458",-0.21665254056247,40,"Sequencing","LINC01638"
"SC3_40.459",0.82505475650897,40,"Sequencing","C22orf42"
"SC3_40.460",0.981197227938545,40,"Sequencing","CACNA1I"
"SC3_40.461",0.343906770469652,40,"Sequencing","NFAM1"
"SC3_40.462",0.349723876461251,40,"Sequencing","ENSG00000230107"
"SC3_40.463",0.757744687813593,40,"Sequencing","SHISAL1"
"SC3_40.464",0.685952116842368,40,"Sequencing","NCAM2"
"SC3_40.465",0.342158828021639,40,"Sequencing","ADAMTS1"
"SC3_40.466",0.467157302564874,40,"Sequencing","RUNX1"
"SC3_40.467",0.792535633666258,40,"Sequencing","PCP4"
"SC3_40.468",0.770481577777704,40,"Sequencing","COL18A1"
"N_09_1",-2.59077637580017,9,"Proteomics","DMD"
"N_09_1.1",-1.61886058031512,9,"Proteomics","CDH4"
"N_09_1.2",-1.9439538495474,9,"Proteomics","PCDH7"
"N_09_1.3",-2.42863965927118,9,"Proteomics","IL6ST"
"N_09_1.4",0.504352912564545,9,"Proteomics","SERPINF2"
"N_09_1.5",-1.84761447995405,9,"Proteomics","GABRG2"
"N_09_1.6",-0.495758228669192,9,"Proteomics","SNTB1"
"N_09_1.7",-1.0877675851168,9,"Proteomics","TGM3"
"N_09_1.8",-0.0312115718542531,9,"Proteomics","NR3C1"
"N_09_1.9",-1.18606261603482,9,"Proteomics","NTRK2"
"N_09_1.10",-1.67366652335957,9,"Proteomics","CAMK2D"
"N_09_1.11",-0.871716933114856,9,"Proteomics","ADCY5"
"N_09_1.12",-1.02879887525025,9,"Proteomics","GRIA1"
"N_09_1.13",-0.147341659383334,9,"Proteomics","PLPPR4"
"N_09_1.14",-1.45680874292409,9,"Proteomics","PTPRT"
"N_09_1.15",-1.14508885219295,9,"Proteomics","FGF13"
"N_09_1.16",-2.23889839309337,9,"Proteomics","IL1RAP"
"N_09_1.17",-2.39523686727477,9,"Proteomics","CD36"
"N_09_1.18",-1.32627547212162,9,"Proteomics","ADCY8"
"N_09_1.19",-2.16128815656758,9,"Proteomics","CACNA1E"
"N_09_1.20",-0.00132855906481773,9,"Proteomics","PDE5A"
"N_09_1.21",-1.86986189223291,9,"Proteomics","NCAM2"
"N_09_1.22",-2.21067608740705,9,"Proteomics","CDH8"
"N_09_1.23",-2.54533755114313,9,"Proteomics","RAB27B"
"N_09_1.24",-2.32465051256656,9,"Proteomics","FAAH"
"N_09_1.25",-1.97818522230917,9,"Proteomics","VGF"
"N_09_1.26",-1.4191045515065,9,"Proteomics","BRINP1"
"N_09_1.27",-1.77768100917829,9,"Proteomics","LY6H"
"N_09_1.28",-0.41112040722806,9,"Proteomics","SLITRK3"
"N_09_1.29",-1.8329760831673,9,"Proteomics","ECEL1"
"N_09_1.30",-0.64322117481826,9,"Proteomics","KRT18"
"N_09_1.31",-1.77743157860264,9,"Proteomics","TH"
"N_09_1.32",-0.5126673255462,9,"Proteomics","COL4A2"
"N_09_1.33",-1.9727908709998,9,"Proteomics","PRKCA"
"N_09_1.34",-1.99660304905396,9,"Proteomics","TAC1"
"N_09_1.35",-1.32622973508603,9,"Proteomics","PTPRE"
"N_09_1.36",-1.96604349547178,9,"Proteomics","ATP2B4"
"N_09_1.37",-0.518779441348739,9,"Proteomics","AZGP1"
"N_09_1.38",-1.80889418723395,9,"Proteomics","GABRA5"
"N_09_1.39",-1.60966560927074,9,"Proteomics","HPCAL1"
"N_09_1.40",0.202970522888047,9,"Proteomics","COL18A1"
"N_09_1.41",-1.51406803380771,9,"Proteomics","LIFR"
"N_09_1.42",0.768552027322647,9,"Proteomics","GRIN1"
"N_09_1.43",-1.54277242540044,9,"Proteomics","RCAN2"
"N_09_1.44",-1.21291649106965,9,"Proteomics","MAP7"
"N_09_1.45",-1.93666929768222,9,"Proteomics","TRIM25"
"N_09_1.46",-1.46032492446068,9,"Proteomics","ECM1"
"N_09_1.47",-1.77584630026154,9,"Proteomics","SV2C"
"N_09_1.48",-1.89814710943751,9,"Proteomics","GALNT17"
"N_09_1.49",-2.40039160984168,9,"Proteomics","BRINP3"
"N_09_1.50",-1.99399942605399,9,"Proteomics","LPCAT2"
"N_09_1.51",-1.33204493811501,9,"Proteomics","SCD5"
"N_09_1.52",-1.97083340024,9,"Proteomics","CACNA2D3"
"N_09_1.53",-1.42261653135598,9,"Proteomics","SLC17A8"
"N_09_1.54",-1.40737707004702,9,"Proteomics","SFXN5"
"N_09_1.55",-0.256979392058082,9,"Proteomics","SORCS1"
"N_09_1.56",-1.90432321503767,9,"Proteomics","SYN2"
"N_09_1.57",0.329740734180979,9,"Proteomics","MAGED4"
"N_09_1.58",-1.03136951980751,9,"Proteomics","ARHGEF17"
"N_09_1.59",-1.26102274215392,9,"Proteomics","MAP7D2"
"N_09_1.60",-0.930121900343448,9,"Proteomics","SLC6A17"
"N_09_1.61",-2.47373668994911,9,"Proteomics","SMOC2"
"N_09_1.62",-1.84266287944321,9,"Proteomics","GAREM1"
"N_09_1.63",-0.245485496108821,9,"Proteomics","NYAP2"
"N_09_1.64",-2.00943329356178,9,"Proteomics","CDH7"
"N_09_1.65",-1.51546111281159,9,"Proteomics","HPCAL4"
"N_09_2",-1.56297553776296,9,"Proteomics","DMD"
"N_09_2.1",-1.16658210969987,9,"Proteomics","CDH4"
"N_09_2.2",-2.00290354101414,9,"Proteomics","PCDH7"
"N_09_2.3",-1.32722774854523,9,"Proteomics","IL6ST"
"N_09_2.4",1.93010544243229,9,"Proteomics","SERPINF2"
"N_09_2.5",-1.88373473645118,9,"Proteomics","GABRG2"
"N_09_2.6",-0.268644509390439,9,"Proteomics","SNTB1"
"N_09_2.7",-0.154863601849296,9,"Proteomics","TGM3"
"N_09_2.8",-0.172435500817965,9,"Proteomics","NR3C1"
"N_09_2.9",-0.387683902322787,9,"Proteomics","NTRK2"
"N_09_2.10",-1.58442536951471,9,"Proteomics","CAMK2D"
"N_09_2.11",-1.07650244030253,9,"Proteomics","ADCY5"
"N_09_2.12",-1.61766834409444,9,"Proteomics","GRIA1"
"N_09_2.13",-1.72571682564779,9,"Proteomics","PLPPR4"
"N_09_2.14",-1.68649499576859,9,"Proteomics","PTPRT"
"N_09_2.15",0.238393316709099,9,"Proteomics","FGF13"
"N_09_2.16",-0.837315957039377,9,"Proteomics","IL1RAP"
"N_09_2.17",-1.80643385382327,9,"Proteomics","CD36"
"N_09_2.18",-1.59974832285074,9,"Proteomics","ADCY8"
"N_09_2.19",-1.65567732011246,9,"Proteomics","CACNA1E"
"N_09_2.20",-1.25282014473891,9,"Proteomics","PDE5A"
"N_09_2.21",-2.04122254644448,9,"Proteomics","NCAM2"
"N_09_2.22",-1.50709485400008,9,"Proteomics","CDH8"
"N_09_2.23",-1.70419192368954,9,"Proteomics","RAB27B"
"N_09_2.24",-1.66008940477477,9,"Proteomics","FAAH"
"N_09_2.25",-1.68447990903349,9,"Proteomics","VGF"
"N_09_2.26",-0.601030773838861,9,"Proteomics","BRINP1"
"N_09_2.27",-1.84983836159835,9,"Proteomics","LY6H"
"N_09_2.28",-1.76426788413455,9,"Proteomics","SLITRK3"
"N_09_2.29",-1.35986499960515,9,"Proteomics","ECEL1"
"N_09_2.30",-0.656450795100997,9,"Proteomics","KRT18"
"N_09_2.31",-1.08964365949034,9,"Proteomics","TH"
"N_09_2.32",1.25064782168032,9,"Proteomics","COL4A2"
"N_09_2.33",-1.08539243605057,9,"Proteomics","PRKCA"
"N_09_2.34",-2.01646808191209,9,"Proteomics","TAC1"
"N_09_2.35",-1.39830732179837,9,"Proteomics","PTPRE"
"N_09_2.36",-1.53902714505122,9,"Proteomics","ATP2B4"
"N_09_2.37",-0.533940664102894,9,"Proteomics","AZGP1"
"N_09_2.38",-1.75269980531741,9,"Proteomics","GABRA5"
"N_09_2.39",-1.65638033452248,9,"Proteomics","HPCAL1"
"N_09_2.40",-0.131211606346686,9,"Proteomics","COL18A1"
"N_09_2.41",-1.41047822318239,9,"Proteomics","LIFR"
"N_09_2.42",-1.5755675942689,9,"Proteomics","GRIN1"
"N_09_2.43",-1.22530989034428,9,"Proteomics","RCAN2"
"N_09_2.44",1.92549210623347,9,"Proteomics","MAP7"
"N_09_2.45",-0.114197172177206,9,"Proteomics","TRIM25"
"N_09_2.46",-1.08727430963566,9,"Proteomics","ECM1"
"N_09_2.47",-1.34849185383784,9,"Proteomics","SV2C"
"N_09_2.48",-1.57897345984164,9,"Proteomics","GALNT17"
"N_09_2.49",-0.794250699774888,9,"Proteomics","BRINP3"
"N_09_2.50",-1.4379652875014,9,"Proteomics","LPCAT2"
"N_09_2.51",-2.06833673834876,9,"Proteomics","SCD5"
"N_09_2.52",-0.893546305145917,9,"Proteomics","CACNA2D3"
"N_09_2.53",-0.593730089475256,9,"Proteomics","SLC17A8"
"N_09_2.54",-0.61510203780738,9,"Proteomics","SFXN5"
"N_09_2.55",-2.32795522290795,9,"Proteomics","SORCS1"
"N_09_2.56",-1.7778782242776,9,"Proteomics","SYN2"
"N_09_2.57",0.632794281230481,9,"Proteomics","MAGED4"
"N_09_2.58",-2.67277011976858,9,"Proteomics","ARHGEF17"
"N_09_2.59",-3.37627219382458,9,"Proteomics","MAP7D2"
"N_09_2.60",0.41890213675488,9,"Proteomics","SLC6A17"
"N_09_2.61",0.494665813527272,9,"Proteomics","SMOC2"
"N_09_2.62",-1.85840103437669,9,"Proteomics","GAREM1"
"N_09_2.63",-2.42715699320762,9,"Proteomics","NYAP2"
"N_09_2.64",-1.71873281506828,9,"Proteomics","CDH7"
"N_09_2.65",-1.73080727777433,9,"Proteomics","HPCAL4"
"N_09_3",-1.39814087469413,9,"Proteomics","DMD"
"N_09_3.1",-1.8919182467799,9,"Proteomics","CDH4"
"N_09_3.2",-1.83977896994264,9,"Proteomics","PCDH7"
"N_09_3.3",-1.8345285741376,9,"Proteomics","IL6ST"
"N_09_3.4",0.731406005460098,9,"Proteomics","SERPINF2"
"N_09_3.5",-2.44893934717812,9,"Proteomics","GABRG2"
"N_09_3.6",-0.624425018842327,9,"Proteomics","SNTB1"
"N_09_3.7",-0.271639777671167,9,"Proteomics","TGM3"
"N_09_3.8",-0.652790792466499,9,"Proteomics","NR3C1"
"N_09_3.9",0.230282734423381,9,"Proteomics","NTRK2"
"N_09_3.10",-2.01235722363794,9,"Proteomics","CAMK2D"
"N_09_3.11",-1.58256322940214,9,"Proteomics","ADCY5"
"N_09_3.12",-1.75100438581139,9,"Proteomics","GRIA1"
"N_09_3.13",-2.27703659956899,9,"Proteomics","PLPPR4"
"N_09_3.14",-2.39929090179804,9,"Proteomics","PTPRT"
"N_09_3.15",-1.61509713377323,9,"Proteomics","FGF13"
"N_09_3.16",-1.82096701929222,9,"Proteomics","IL1RAP"
"N_09_3.17",-1.80784045996843,9,"Proteomics","CD36"
"N_09_3.18",-2.54169343179943,9,"Proteomics","ADCY8"
"N_09_3.19",-1.92629329849712,9,"Proteomics","CACNA1E"
"N_09_3.20",-1.04422561887702,9,"Proteomics","PDE5A"
"N_09_3.21",-2.04322500859293,9,"Proteomics","NCAM2"
"N_09_3.22",-2.12308698114153,9,"Proteomics","CDH8"
"N_09_3.23",-2.03275742227525,9,"Proteomics","RAB27B"
"N_09_3.24",-2.14675474847304,9,"Proteomics","FAAH"
"N_09_3.25",-0.682767475909142,9,"Proteomics","VGF"
"N_09_3.26",-0.755254511291846,9,"Proteomics","BRINP1"
"N_09_3.27",-2.16159397087663,9,"Proteomics","LY6H"
"N_09_3.28",-2.514226846202,9,"Proteomics","SLITRK3"
"N_09_3.29",-1.54106720042948,9,"Proteomics","ECEL1"
"N_09_3.30",-0.28352400346372,9,"Proteomics","KRT18"
"N_09_3.31",-1.60254216747765,9,"Proteomics","TH"
"N_09_3.32",-1.05731576794416,9,"Proteomics","COL4A2"
"N_09_3.33",-1.25945650826231,9,"Proteomics","PRKCA"
"N_09_3.34",-0.65537437996374,9,"Proteomics","TAC1"
"N_09_3.35",-1.29294219519723,9,"Proteomics","PTPRE"
"N_09_3.36",-1.78258846896366,9,"Proteomics","ATP2B4"
"N_09_3.37",0.319813252352478,9,"Proteomics","AZGP1"
"N_09_3.38",-2.28389510769238,9,"Proteomics","GABRA5"
"N_09_3.39",-1.89149980089956,9,"Proteomics","HPCAL1"
"N_09_3.40",-0.513222136695329,9,"Proteomics","COL18A1"
"N_09_3.41",-1.87748517139221,9,"Proteomics","LIFR"
"N_09_3.42",-2.41890975785926,9,"Proteomics","GRIN1"
"N_09_3.43",-1.35176772252705,9,"Proteomics","RCAN2"
"N_09_3.44",-0.139903324198356,9,"Proteomics","MAP7"
"N_09_3.45",-1.60538590827543,9,"Proteomics","TRIM25"
"N_09_3.46",0.254944362834957,9,"Proteomics","ECM1"
"N_09_3.47",-1.17144396953401,9,"Proteomics","SV2C"
"N_09_3.48",-2.19507544829465,9,"Proteomics","GALNT17"
"N_09_3.49",-1.54958075852431,9,"Proteomics","BRINP3"
"N_09_3.50",-1.8177017918701,9,"Proteomics","LPCAT2"
"N_09_3.51",-2.2264400104603,9,"Proteomics","SCD5"
"N_09_3.52",-1.82804688573317,9,"Proteomics","CACNA2D3"
"N_09_3.53",-1.75220106221903,9,"Proteomics","SLC17A8"
"N_09_3.54",-1.90144283826938,9,"Proteomics","SFXN5"
"N_09_3.55",-2.67475655914278,9,"Proteomics","SORCS1"
"N_09_3.56",-1.52544941512863,9,"Proteomics","SYN2"
"N_09_3.57",0.86528684566785,9,"Proteomics","MAGED4"
"N_09_3.58",-1.82773884951301,9,"Proteomics","ARHGEF17"
"N_09_3.59",-0.789472381688231,9,"Proteomics","MAP7D2"
"N_09_3.60",-1.14711855808839,9,"Proteomics","SLC6A17"
"N_09_3.61",-1.43154029720274,9,"Proteomics","SMOC2"
"N_09_3.62",-2.07049191878325,9,"Proteomics","GAREM1"
"N_09_3.63",-1.76828365954718,9,"Proteomics","NYAP2"
"N_09_3.64",-2.28836272119613,9,"Proteomics","CDH7"
"N_09_3.65",-1.72433943315544,9,"Proteomics","HPCAL4"
"N_15_1",-0.393022447005975,15,"Proteomics","DMD"
"N_15_1.1",-0.837678224719932,15,"Proteomics","CDH4"
"N_15_1.2",-0.732828905692077,15,"Proteomics","PCDH7"
"N_15_1.3",-0.525188101856689,15,"Proteomics","IL6ST"
"N_15_1.4",1.27145543844684,15,"Proteomics","SERPINF2"
"N_15_1.5",-0.284188052430401,15,"Proteomics","GABRG2"
"N_15_1.6",1.72477433534873,15,"Proteomics","SNTB1"
"N_15_1.7",0.0220168158365595,15,"Proteomics","TGM3"
"N_15_1.8",-0.554091575372637,15,"Proteomics","NR3C1"
"N_15_1.9",-0.748151793996671,15,"Proteomics","NTRK2"
"N_15_1.10",-0.609338299383655,15,"Proteomics","CAMK2D"
"N_15_1.11",-0.99934818208348,15,"Proteomics","ADCY5"
"N_15_1.12",-1.02503338370413,15,"Proteomics","GRIA1"
"N_15_1.13",-0.889105706023242,15,"Proteomics","PLPPR4"
"N_15_1.14",-0.604322024597985,15,"Proteomics","PTPRT"
"N_15_1.15",-1.7884409573133,15,"Proteomics","FGF13"
"N_15_1.16",-0.505512887869623,15,"Proteomics","IL1RAP"
"N_15_1.17",0.13607305919375,15,"Proteomics","CD36"
"N_15_1.18",-0.677331072463111,15,"Proteomics","ADCY8"
"N_15_1.19",-0.41055885571791,15,"Proteomics","CACNA1E"
"N_15_1.20",-1.30878556708502,15,"Proteomics","PDE5A"
"N_15_1.21",-0.354334705101739,15,"Proteomics","NCAM2"
"N_15_1.22",0.41756210284802,15,"Proteomics","CDH8"
"N_15_1.23",0.266765502018721,15,"Proteomics","RAB27B"
"N_15_1.24",-0.180585156693484,15,"Proteomics","FAAH"
"N_15_1.25",-0.0654880014336006,15,"Proteomics","VGF"
"N_15_1.26",-1.30443033836423,15,"Proteomics","BRINP1"
"N_15_1.27",-0.342612068311051,15,"Proteomics","LY6H"
"N_15_1.28",-0.0867721577272731,15,"Proteomics","SLITRK3"
"N_15_1.29",-0.956909693230683,15,"Proteomics","ECEL1"
"N_15_1.30",-1.34757119103986,15,"Proteomics","KRT18"
"N_15_1.31",-1.00479105592107,15,"Proteomics","TH"
"N_15_1.32",-0.821114905057443,15,"Proteomics","COL4A2"
"N_15_1.33",0.206161948260695,15,"Proteomics","PRKCA"
"N_15_1.34",0.237596313920495,15,"Proteomics","TAC1"
"N_15_1.35",-0.953121019124923,15,"Proteomics","PTPRE"
"N_15_1.36",-0.627547170553097,15,"Proteomics","ATP2B4"
"N_15_1.37",0.463672375974255,15,"Proteomics","AZGP1"
"N_15_1.38",-0.301512977113231,15,"Proteomics","GABRA5"
"N_15_1.39",-0.910731859992688,15,"Proteomics","HPCAL1"
"N_15_1.40",-0.165160148981345,15,"Proteomics","COL18A1"
"N_15_1.41",-1.1446977459088,15,"Proteomics","LIFR"
"N_15_1.42",-1.18387359070472,15,"Proteomics","GRIN1"
"N_15_1.43",0.660797866837385,15,"Proteomics","RCAN2"
"N_15_1.44",0.0430272623395619,15,"Proteomics","MAP7"
"N_15_1.45",-0.576037518490317,15,"Proteomics","TRIM25"
"N_15_1.46",0.612677996482557,15,"Proteomics","ECM1"
"N_15_1.47",-1.35189572118496,15,"Proteomics","SV2C"
"N_15_1.48",-0.263489868837795,15,"Proteomics","GALNT17"
"N_15_1.49",-0.699456758906191,15,"Proteomics","BRINP3"
"N_15_1.50",-0.446870705295268,15,"Proteomics","LPCAT2"
"N_15_1.51",0.109107265713159,15,"Proteomics","SCD5"
"N_15_1.52",-0.178130598705371,15,"Proteomics","CACNA2D3"
"N_15_1.53",-0.736931438045148,15,"Proteomics","SLC17A8"
"N_15_1.54",-0.629677888422238,15,"Proteomics","SFXN5"
"N_15_1.55",-0.378406233306778,15,"Proteomics","SORCS1"
"N_15_1.56",-0.814113658101454,15,"Proteomics","SYN2"
"N_15_1.57",1.913043378862,15,"Proteomics","MAGED4"
"N_15_1.58",-0.239148482779175,15,"Proteomics","ARHGEF17"
"N_15_1.59",-0.172072473367709,15,"Proteomics","MAP7D2"
"N_15_1.60",-1.08368064005395,15,"Proteomics","SLC6A17"
"N_15_1.61",-0.00656617459044527,15,"Proteomics","SMOC2"
"N_15_1.62",-0.408286092811175,15,"Proteomics","GAREM1"
"N_15_1.63",-1.24065661182144,15,"Proteomics","NYAP2"
"N_15_1.64",-0.214400907074659,15,"Proteomics","CDH7"
"N_15_1.65",-0.661467362098986,15,"Proteomics","HPCAL4"
"N_15_2",0.226565755181178,15,"Proteomics","DMD"
"N_15_2.1",-1.05586377413326,15,"Proteomics","CDH4"
"N_15_2.2",-0.520800574893266,15,"Proteomics","PCDH7"
"N_15_2.3",-0.493213636705837,15,"Proteomics","IL6ST"
"N_15_2.4",0.920561111419916,15,"Proteomics","SERPINF2"
"N_15_2.5",-0.0767781186871619,15,"Proteomics","GABRG2"
"N_15_2.6",-0.803921068965696,15,"Proteomics","SNTB1"
"N_15_2.7",3.1102423738511,15,"Proteomics","TGM3"
"N_15_2.8",-0.273374246819542,15,"Proteomics","NR3C1"
"N_15_2.9",-0.811593477848555,15,"Proteomics","NTRK2"
"N_15_2.10",-0.776516177312211,15,"Proteomics","CAMK2D"
"N_15_2.11",-1.50715015680812,15,"Proteomics","ADCY5"
"N_15_2.12",-1.48403280124653,15,"Proteomics","GRIA1"
"N_15_2.13",-0.896636718446929,15,"Proteomics","PLPPR4"
"N_15_2.14",-0.671560066837159,15,"Proteomics","PTPRT"
"N_15_2.15",-0.784153725475773,15,"Proteomics","FGF13"
"N_15_2.16",-1.16608365876221,15,"Proteomics","IL1RAP"
"N_15_2.17",-0.420332488749964,15,"Proteomics","CD36"
"N_15_2.18",-0.561684848362444,15,"Proteomics","ADCY8"
"N_15_2.19",-0.191331694124751,15,"Proteomics","CACNA1E"
"N_15_2.20",-0.196078265148254,15,"Proteomics","PDE5A"
"N_15_2.21",-0.340875088355162,15,"Proteomics","NCAM2"
"N_15_2.22",-0.828712310583901,15,"Proteomics","CDH8"
"N_15_2.23",0.561862516151511,15,"Proteomics","RAB27B"
"N_15_2.24",-0.253151627213728,15,"Proteomics","FAAH"
"N_15_2.25",-0.333542211522916,15,"Proteomics","VGF"
"N_15_2.26",-0.54771433820975,15,"Proteomics","BRINP1"
"N_15_2.27",-0.251319287299706,15,"Proteomics","LY6H"
"N_15_2.28",-0.552927835213675,15,"Proteomics","SLITRK3"
"N_15_2.29",-0.702142765519589,15,"Proteomics","ECEL1"
"N_15_2.30",-0.983912687831655,15,"Proteomics","KRT18"
"N_15_2.31",-0.0913055231707884,15,"Proteomics","TH"
"N_15_2.32",0.907585798821972,15,"Proteomics","COL4A2"
"N_15_2.33",-0.34455290761015,15,"Proteomics","PRKCA"
"N_15_2.34",0.200780628461606,15,"Proteomics","TAC1"
"N_15_2.35",-0.975400515505157,15,"Proteomics","PTPRE"
"N_15_2.36",-0.659052569623876,15,"Proteomics","ATP2B4"
"N_15_2.37",2.88885834558467,15,"Proteomics","AZGP1"
"N_15_2.38",-0.0479324858023449,15,"Proteomics","GABRA5"
"N_15_2.39",-0.877330823860823,15,"Proteomics","HPCAL1"
"N_15_2.40",-3.76246483752084,15,"Proteomics","COL18A1"
"N_15_2.41",-1.33926183747842,15,"Proteomics","LIFR"
"N_15_2.42",0.174346451495517,15,"Proteomics","GRIN1"
"N_15_2.43",-1.62956508245658,15,"Proteomics","RCAN2"
"N_15_2.44",-2.4434919415331,15,"Proteomics","MAP7"
"N_15_2.45",-1.3488467605587,15,"Proteomics","TRIM25"
"N_15_2.46",1.28391793513532,15,"Proteomics","ECM1"
"N_15_2.47",-0.774559557730534,15,"Proteomics","SV2C"
"N_15_2.48",-0.718154828828585,15,"Proteomics","GALNT17"
"N_15_2.49",-1.27681376550371,15,"Proteomics","BRINP3"
"N_15_2.50",1.12864610554745,15,"Proteomics","LPCAT2"
"N_15_2.51",-0.769812562280628,15,"Proteomics","SCD5"
"N_15_2.52",-1.20971022855817,15,"Proteomics","CACNA2D3"
"N_15_2.53",0.202816001473243,15,"Proteomics","SLC17A8"
"N_15_2.54",-1.59686521667192,15,"Proteomics","SFXN5"
"N_15_2.55",-0.421543363605866,15,"Proteomics","SORCS1"
"N_15_2.56",-0.831633661879158,15,"Proteomics","SYN2"
"N_15_2.57",0.67848529404108,15,"Proteomics","MAGED4"
"N_15_2.58",-0.320472862001861,15,"Proteomics","ARHGEF17"
"N_15_2.59",-0.206034196147282,15,"Proteomics","MAP7D2"
"N_15_2.60",-0.809439414861935,15,"Proteomics","SLC6A17"
"N_15_2.61",-0.930481380334896,15,"Proteomics","SMOC2"
"N_15_2.62",-0.289261318118525,15,"Proteomics","GAREM1"
"N_15_2.63",-0.61178715841943,15,"Proteomics","NYAP2"
"N_15_2.64",-0.263711242347861,15,"Proteomics","CDH7"
"N_15_2.65",-0.991000245236838,15,"Proteomics","HPCAL4"
"N_15_3",-0.0580927411262142,15,"Proteomics","DMD"
"N_15_3.1",-1.12477216366957,15,"Proteomics","CDH4"
"N_15_3.2",-0.0947913191066136,15,"Proteomics","PCDH7"
"N_15_3.3",-0.649146624649063,15,"Proteomics","IL6ST"
"N_15_3.4",0.0998140437396245,15,"Proteomics","SERPINF2"
"N_15_3.5",0.0188270531389313,15,"Proteomics","GABRG2"
"N_15_3.6",-0.903626280916802,15,"Proteomics","SNTB1"
"N_15_3.7",-0.0618247860413672,15,"Proteomics","TGM3"
"N_15_3.8",-1.63837648493477,15,"Proteomics","NR3C1"
"N_15_3.9",0.259639701448559,15,"Proteomics","NTRK2"
"N_15_3.10",-0.774909992010089,15,"Proteomics","CAMK2D"
"N_15_3.11",-0.839144410407878,15,"Proteomics","ADCY5"
"N_15_3.12",-0.929534290977088,15,"Proteomics","GRIA1"
"N_15_3.13",-0.751876278882981,15,"Proteomics","PLPPR4"
"N_15_3.14",-0.540494115425175,15,"Proteomics","PTPRT"
"N_15_3.15",-1.09403834143899,15,"Proteomics","FGF13"
"N_15_3.16",-0.569849754785431,15,"Proteomics","IL1RAP"
"N_15_3.17",-0.543092723523624,15,"Proteomics","CD36"
"N_15_3.18",-0.492858168299496,15,"Proteomics","ADCY8"
"N_15_3.19",-0.357011952538656,15,"Proteomics","CACNA1E"
"N_15_3.20",0.469725414315711,15,"Proteomics","PDE5A"
"N_15_3.21",-0.268253828531614,15,"Proteomics","NCAM2"
"N_15_3.22",-0.195539442432304,15,"Proteomics","CDH8"
"N_15_3.23",0.755488530409468,15,"Proteomics","RAB27B"
"N_15_3.24",-0.065639233578318,15,"Proteomics","FAAH"
"N_15_3.25",0.932860617344206,15,"Proteomics","VGF"
"N_15_3.26",-1.28901603979308,15,"Proteomics","BRINP1"
"N_15_3.27",-0.514866202535618,15,"Proteomics","LY6H"
"N_15_3.28",-0.700364431157163,15,"Proteomics","SLITRK3"
"N_15_3.29",-0.578562059156274,15,"Proteomics","ECEL1"
"N_15_3.30",-0.931809226236007,15,"Proteomics","KRT18"
"N_15_3.31",-0.225398473940894,15,"Proteomics","TH"
"N_15_3.32",0.364387569697269,15,"Proteomics","COL4A2"
"N_15_3.33",-1.03132390622699,15,"Proteomics","PRKCA"
"N_15_3.34",0.936755592433182,15,"Proteomics","TAC1"
"N_15_3.35",-0.994966691875262,15,"Proteomics","PTPRE"
"N_15_3.36",-0.645711687663782,15,"Proteomics","ATP2B4"
"N_15_3.37",-0.644304131199009,15,"Proteomics","AZGP1"
"N_15_3.38",-0.801770508629763,15,"Proteomics","GABRA5"
"N_15_3.39",-0.522727628524452,15,"Proteomics","HPCAL1"
"N_15_3.40",0.119818567008423,15,"Proteomics","COL18A1"
"N_15_3.41",-0.699258738748142,15,"Proteomics","LIFR"
"N_15_3.42",-0.67812812388015,15,"Proteomics","GRIN1"
"N_15_3.43",-1.90705979039952,15,"Proteomics","RCAN2"
"N_15_3.44",0.89094435460569,15,"Proteomics","MAP7"
"N_15_3.45",-1.32815557154983,15,"Proteomics","TRIM25"
"N_15_3.46",0.315998005556232,15,"Proteomics","ECM1"
"N_15_3.47",-0.40158116477781,15,"Proteomics","SV2C"
"N_15_3.48",-0.706014882093311,15,"Proteomics","GALNT17"
"N_15_3.49",-0.605812388362609,15,"Proteomics","BRINP3"
"N_15_3.50",-1.3118580780633,15,"Proteomics","LPCAT2"
"N_15_3.51",-0.794439133652244,15,"Proteomics","SCD5"
"N_15_3.52",-1.08703325681256,15,"Proteomics","CACNA2D3"
"N_15_3.53",0.447358164185419,15,"Proteomics","SLC17A8"
"N_15_3.54",-0.317784701220335,15,"Proteomics","SFXN5"
"N_15_3.55",-0.422988502841441,15,"Proteomics","SORCS1"
"N_15_3.56",-0.547789354457215,15,"Proteomics","SYN2"
"N_15_3.57",0.349077226951299,15,"Proteomics","MAGED4"
"N_15_3.58",-0.0520674654137071,15,"Proteomics","ARHGEF17"
"N_15_3.59",0.254242838173112,15,"Proteomics","MAP7D2"
"N_15_3.60",-0.840418045107876,15,"Proteomics","SLC6A17"
"N_15_3.61",-0.534878330703628,15,"Proteomics","SMOC2"
"N_15_3.62",-0.715042609568339,15,"Proteomics","GAREM1"
"N_15_3.63",-0.44207512098748,15,"Proteomics","NYAP2"
"N_15_3.64",-0.441258022467268,15,"Proteomics","CDH7"
"N_15_3.65",-0.862119761292204,15,"Proteomics","HPCAL4"
"N_21_1",-0.888421785711177,21,"Proteomics","DMD"
"N_21_1.1",0.0613712442697666,21,"Proteomics","CDH4"
"N_21_1.2",0.0542484071445619,21,"Proteomics","PCDH7"
"N_21_1.3",0.352778693173256,21,"Proteomics","IL6ST"
"N_21_1.4",-0.277448449261021,21,"Proteomics","SERPINF2"
"N_21_1.5",0.107226068558823,21,"Proteomics","GABRG2"
"N_21_1.6",-0.353420564078262,21,"Proteomics","SNTB1"
"N_21_1.7",-0.667135659359215,21,"Proteomics","TGM3"
"N_21_1.8",1.50073531433891,21,"Proteomics","NR3C1"
"N_21_1.9",-1.07900366564173,21,"Proteomics","NTRK2"
"N_21_1.10",0.0324465722397007,21,"Proteomics","CAMK2D"
"N_21_1.11",0.33573215803628,21,"Proteomics","ADCY5"
"N_21_1.12",0.364301953691777,21,"Proteomics","GRIA1"
"N_21_1.13",-0.381682955161804,21,"Proteomics","PLPPR4"
"N_21_1.14",0.475057669468276,21,"Proteomics","PTPRT"
"N_21_1.15",0.127809181971296,21,"Proteomics","FGF13"
"N_21_1.16",-0.195293067499265,21,"Proteomics","IL1RAP"
"N_21_1.17",0.213057918594026,21,"Proteomics","CD36"
"N_21_1.18",0.0168105708441678,21,"Proteomics","ADCY8"
"N_21_1.19",-0.185391403456592,21,"Proteomics","CACNA1E"
"N_21_1.20",0.488853215171627,21,"Proteomics","PDE5A"
"N_21_1.21",0.0670114187029127,21,"Proteomics","NCAM2"
"N_21_1.22",0.0553413783100962,21,"Proteomics","CDH8"
"N_21_1.23",0.15076751894873,21,"Proteomics","RAB27B"
"N_21_1.24",0.22386847028169,21,"Proteomics","FAAH"
"N_21_1.25",0.323002750598295,21,"Proteomics","VGF"
"N_21_1.26",-0.863731587186725,21,"Proteomics","BRINP1"
"N_21_1.27",0.0823916977287014,21,"Proteomics","LY6H"
"N_21_1.28",1.01412366957105,21,"Proteomics","SLITRK3"
"N_21_1.29",-0.473666356434373,21,"Proteomics","ECEL1"
"N_21_1.30",-1.68810763251827,21,"Proteomics","KRT18"
"N_21_1.31",-0.727373926054543,21,"Proteomics","TH"
"N_21_1.32",-0.0204836226724915,21,"Proteomics","COL4A2"
"N_21_1.33",1.29208239609887,21,"Proteomics","PRKCA"
"N_21_1.34",0.845726238823793,21,"Proteomics","TAC1"
"N_21_1.35",-0.613292782563952,21,"Proteomics","PTPRE"
"N_21_1.36",-0.0628355647701673,21,"Proteomics","ATP2B4"
"N_21_1.37",-0.562162335352405,21,"Proteomics","AZGP1"
"N_21_1.38",0.160292569600209,21,"Proteomics","GABRA5"
"N_21_1.39",-0.0739221595542544,21,"Proteomics","HPCAL1"
"N_21_1.40",0.141303634793495,21,"Proteomics","COL18A1"
"N_21_1.41",0.472715189916093,21,"Proteomics","LIFR"
"N_21_1.42",-0.281160595609306,21,"Proteomics","GRIN1"
"N_21_1.43",0.245586294142396,21,"Proteomics","RCAN2"
"N_21_1.44",-0.0688681380204277,21,"Proteomics","MAP7"
"N_21_1.45",0.279016472876902,21,"Proteomics","TRIM25"
"N_21_1.46",0.749520197358928,21,"Proteomics","ECM1"
"N_21_1.47",-0.716978504834083,21,"Proteomics","SV2C"
"N_21_1.48",0.442736373075422,21,"Proteomics","GALNT17"
"N_21_1.49",0.266723496863035,21,"Proteomics","BRINP3"
"N_21_1.50",0.245155617921232,21,"Proteomics","LPCAT2"
"N_21_1.51",0.484658709269298,21,"Proteomics","SCD5"
"N_21_1.52",0.329143303320922,21,"Proteomics","CACNA2D3"
"N_21_1.53",0.527306378021898,21,"Proteomics","SLC17A8"
"N_21_1.54",-1.1857603044227,21,"Proteomics","SFXN5"
"N_21_1.55",0.25774694271281,21,"Proteomics","SORCS1"
"N_21_1.56",-0.117550247293715,21,"Proteomics","SYN2"
"N_21_1.57",0.443069632777035,21,"Proteomics","MAGED4"
"N_21_1.58",-0.518416578111719,21,"Proteomics","ARHGEF17"
"N_21_1.59",-0.00135731232377533,21,"Proteomics","MAP7D2"
"N_21_1.60",-0.627334065553321,21,"Proteomics","SLC6A17"
"N_21_1.61",0.885124923994804,21,"Proteomics","SMOC2"
"N_21_1.62",0.425557576041341,21,"Proteomics","GAREM1"
"N_21_1.63",-0.184486085131115,21,"Proteomics","NYAP2"
"N_21_1.64",0.619327272668131,21,"Proteomics","CDH7"
"N_21_1.65",0.207437487974033,21,"Proteomics","HPCAL4"
"N_21_2",0.60737459084536,21,"Proteomics","DMD"
"N_21_2.1",0.243831223534757,21,"Proteomics","CDH4"
"N_21_2.2",0.527333103834474,21,"Proteomics","PCDH7"
"N_21_2.3",0.951304992366216,21,"Proteomics","IL6ST"
"N_21_2.4",1.44930614498859,21,"Proteomics","SERPINF2"
"N_21_2.5",0.403717383647355,21,"Proteomics","GABRG2"
"N_21_2.6",-0.813983665208824,21,"Proteomics","SNTB1"
"N_21_2.7",1.9937674940364,21,"Proteomics","TGM3"
"N_21_2.8",-0.0418233739357516,21,"Proteomics","NR3C1"
"N_21_2.9",-1.22687051409998,21,"Proteomics","NTRK2"
"N_21_2.10",0.137064475750712,21,"Proteomics","CAMK2D"
"N_21_2.11",-0.0935775104418851,21,"Proteomics","ADCY5"
"N_21_2.12",0.112436459257048,21,"Proteomics","GRIA1"
"N_21_2.13",-0.0972674977074543,21,"Proteomics","PLPPR4"
"N_21_2.14",0.363127704296498,21,"Proteomics","PTPRT"
"N_21_2.15",-0.357886298377248,21,"Proteomics","FGF13"
"N_21_2.16",0.0421698997894516,21,"Proteomics","IL1RAP"
"N_21_2.17",0.331918982890513,21,"Proteomics","CD36"
"N_21_2.18",0.246220731085848,21,"Proteomics","ADCY8"
"N_21_2.19",-0.22792062527732,21,"Proteomics","CACNA1E"
"N_21_2.20",0.154348018848089,21,"Proteomics","PDE5A"
"N_21_2.21",0.239261863469169,21,"Proteomics","NCAM2"
"N_21_2.22",0.716784032736591,21,"Proteomics","CDH8"
"N_21_2.23",0.0110628441599389,21,"Proteomics","RAB27B"
"N_21_2.24",0.394765918724145,21,"Proteomics","FAAH"
"N_21_2.25",0.696405270676109,21,"Proteomics","VGF"
"N_21_2.26",-0.946672019342946,21,"Proteomics","BRINP1"
"N_21_2.27",0.268173951235928,21,"Proteomics","LY6H"
"N_21_2.28",0.108898279967306,21,"Proteomics","SLITRK3"
"N_21_2.29",-0.118583745905922,21,"Proteomics","ECEL1"
"N_21_2.30",-0.454098134902785,21,"Proteomics","KRT18"
"N_21_2.31",-0.806755975378264,21,"Proteomics","TH"
"N_21_2.32",0.905942527455895,21,"Proteomics","COL4A2"
"N_21_2.33",-0.97413062495416,21,"Proteomics","PRKCA"
"N_21_2.34",0.38162319705416,21,"Proteomics","TAC1"
"N_21_2.35",-0.0709655139188216,21,"Proteomics","PTPRE"
"N_21_2.36",0.138151857723503,21,"Proteomics","ATP2B4"
"N_21_2.37",0.257060961416135,21,"Proteomics","AZGP1"
"N_21_2.38",0.324444130382356,21,"Proteomics","GABRA5"
"N_21_2.39",0.343402514098672,21,"Proteomics","HPCAL1"
"N_21_2.40",-0.194541072436753,21,"Proteomics","COL18A1"
"N_21_2.41",0.47036968465202,21,"Proteomics","LIFR"
"N_21_2.42",0.073980911367366,21,"Proteomics","GRIN1"
"N_21_2.43",0.257292220495599,21,"Proteomics","RCAN2"
"N_21_2.44",-0.466999373300674,21,"Proteomics","MAP7"
"N_21_2.45",-0.138191445928576,21,"Proteomics","TRIM25"
"N_21_2.46",0.906294826157594,21,"Proteomics","ECM1"
"N_21_2.47",0.149296558759275,21,"Proteomics","SV2C"
"N_21_2.48",0.551803948665831,21,"Proteomics","GALNT17"
"N_21_2.49",-0.0544741650541882,21,"Proteomics","BRINP3"
"N_21_2.50",-0.0232538084819088,21,"Proteomics","LPCAT2"
"N_21_2.51",0.372366362289005,21,"Proteomics","SCD5"
"N_21_2.52",0.0299807849549034,21,"Proteomics","CACNA2D3"
"N_21_2.53",1.33700377587608,21,"Proteomics","SLC17A8"
"N_21_2.54",0.674944620836435,21,"Proteomics","SFXN5"
"N_21_2.55",0.37700282740466,21,"Proteomics","SORCS1"
"N_21_2.56",0.0617207701499308,21,"Proteomics","SYN2"
"N_21_2.57",-0.52649262897112,21,"Proteomics","MAGED4"
"N_21_2.58",0.311143425891077,21,"Proteomics","ARHGEF17"
"N_21_2.59",0.189925563463858,21,"Proteomics","MAP7D2"
"N_21_2.60",-1.77448126156919,21,"Proteomics","SLC6A17"
"N_21_2.61",0.115469310478228,21,"Proteomics","SMOC2"
"N_21_2.62",0.317120984038781,21,"Proteomics","GAREM1"
"N_21_2.63",0.249201371639649,21,"Proteomics","NYAP2"
"N_21_2.64",0.564124087352738,21,"Proteomics","CDH7"
"N_21_2.65",-0.0658796307212623,21,"Proteomics","HPCAL4"
"N_21_3",0.158201593843574,21,"Proteomics","DMD"
"N_21_3.1",0.0462601527637922,21,"Proteomics","CDH4"
"N_21_3.2",0.762015602346067,21,"Proteomics","PCDH7"
"N_21_3.3",0.635504397444929,21,"Proteomics","IL6ST"
"N_21_3.4",-0.0427179091779704,21,"Proteomics","SERPINF2"
"N_21_3.5",0.413228003893228,21,"Proteomics","GABRG2"
"N_21_3.6",1.50149388673395,21,"Proteomics","SNTB1"
"N_21_3.7",-0.147956144302683,21,"Proteomics","TGM3"
"N_21_3.8",0.969764332484623,21,"Proteomics","NR3C1"
"N_21_3.9",-0.377727357988524,21,"Proteomics","NTRK2"
"N_21_3.10",0.0898758034734165,21,"Proteomics","CAMK2D"
"N_21_3.11",-0.846074948426012,21,"Proteomics","ADCY5"
"N_21_3.12",0.199961429260624,21,"Proteomics","GRIA1"
"N_21_3.13",0.0192058414589431,21,"Proteomics","PLPPR4"
"N_21_3.14",0.224797095609432,21,"Proteomics","PTPRT"
"N_21_3.15",-0.571285801318364,21,"Proteomics","FGF13"
"N_21_3.16",0.446368434653365,21,"Proteomics","IL1RAP"
"N_21_3.17",0.37496179171884,21,"Proteomics","CD36"
"N_21_3.18",0.290819515901602,21,"Proteomics","ADCY8"
"N_21_3.19",0.551012252955126,21,"Proteomics","CACNA1E"
"N_21_3.20",1.17588199914131,21,"Proteomics","PDE5A"
"N_21_3.21",0.37886731807261,21,"Proteomics","NCAM2"
"N_21_3.22",0.277907639349106,21,"Proteomics","CDH8"
"N_21_3.23",0.0704205062585175,21,"Proteomics","RAB27B"
"N_21_3.24",0.17119948895399,21,"Proteomics","FAAH"
"N_21_3.25",1.75797657346828,21,"Proteomics","VGF"
"N_21_3.26",-0.233835417998102,21,"Proteomics","BRINP1"
"N_21_3.27",0.0804406980455124,21,"Proteomics","LY6H"
"N_21_3.28",0.0881356905799909,21,"Proteomics","SLITRK3"
"N_21_3.29",0.134571502388953,21,"Proteomics","ECEL1"
"N_21_3.30",0.108455763909238,21,"Proteomics","KRT18"
"N_21_3.31",-0.435638139606572,21,"Proteomics","TH"
"N_21_3.32",0.0219573138657888,21,"Proteomics","COL4A2"
"N_21_3.33",0.150406905321586,21,"Proteomics","PRKCA"
"N_21_3.34",2.04736841770617,21,"Proteomics","TAC1"
"N_21_3.35",-0.394046567665301,21,"Proteomics","PTPRE"
"N_21_3.36",0.00859203715367059,21,"Proteomics","ATP2B4"
"N_21_3.37",-0.675909215205275,21,"Proteomics","AZGP1"
"N_21_3.38",0.402836115518735,21,"Proteomics","GABRA5"
"N_21_3.39",0.364582144639348,21,"Proteomics","HPCAL1"
"N_21_3.40",-0.109313547950859,21,"Proteomics","COL18A1"
"N_21_3.41",0.500482996135425,21,"Proteomics","LIFR"
"N_21_3.42",-0.959301646586837,21,"Proteomics","GRIN1"
"N_21_3.43",0.27726962569665,21,"Proteomics","RCAN2"
"N_21_3.44",0.635415802366836,21,"Proteomics","MAP7"
"N_21_3.45",0.462519570690425,21,"Proteomics","TRIM25"
"N_21_3.46",0.493758918311782,21,"Proteomics","ECM1"
"N_21_3.47",0.225402034192537,21,"Proteomics","SV2C"
"N_21_3.48",0.120129819408347,21,"Proteomics","GALNT17"
"N_21_3.49",0.428262850087233,21,"Proteomics","BRINP3"
"N_21_3.50",-0.273306017400508,21,"Proteomics","LPCAT2"
"N_21_3.51",0.203100660964348,21,"Proteomics","SCD5"
"N_21_3.52",-0.216558612366721,21,"Proteomics","CACNA2D3"
"N_21_3.53",0.771178123507961,21,"Proteomics","SLC17A8"
"N_21_3.54",0.547570271602048,21,"Proteomics","SFXN5"
"N_21_3.55",0.223016164720882,21,"Proteomics","SORCS1"
"N_21_3.56",0.159054281618215,21,"Proteomics","SYN2"
"N_21_3.57",0.346045550617923,21,"Proteomics","MAGED4"
"N_21_3.58",0.740755405740084,21,"Proteomics","ARHGEF17"
"N_21_3.59",0.506000783397972,21,"Proteomics","MAP7D2"
"N_21_3.60",-0.270353824084654,21,"Proteomics","SLC6A17"
"N_21_3.61",0.369423801987271,21,"Proteomics","SMOC2"
"N_21_3.62",0.115002186695662,21,"Proteomics","GAREM1"
"N_21_3.63",0.613601277330651,21,"Proteomics","NYAP2"
"N_21_3.64",0.212201547716704,21,"Proteomics","CDH7"
"N_21_3.65",0.256706971635974,21,"Proteomics","HPCAL4"
"N_27_1",0.249647942755025,27,"Proteomics","DMD"
"N_27_1.1",0.896947999134874,27,"Proteomics","CDH4"
"N_27_1.2",0.337404689517085,27,"Proteomics","PCDH7"
"N_27_1.3",0.200979981843635,27,"Proteomics","IL6ST"
"N_27_1.4",-0.103571586331325,27,"Proteomics","SERPINF2"
"N_27_1.5",0.432321049019512,27,"Proteomics","GABRG2"
"N_27_1.6",-1.09129387466255,27,"Proteomics","SNTB1"
"N_27_1.7",-0.264356518449767,27,"Proteomics","TGM3"
"N_27_1.8",0.434427079504314,27,"Proteomics","NR3C1"
"N_27_1.9",-0.989532674043015,27,"Proteomics","NTRK2"
"N_27_1.10",0.581934497457211,27,"Proteomics","CAMK2D"
"N_27_1.11",0.414312000653357,27,"Proteomics","ADCY5"
"N_27_1.12",0.592390524840826,27,"Proteomics","GRIA1"
"N_27_1.13",0.364040767050949,27,"Proteomics","PLPPR4"
"N_27_1.14",0.832148493045758,27,"Proteomics","PTPRT"
"N_27_1.15",0.48096845356849,27,"Proteomics","FGF13"
"N_27_1.16",0.231535509338059,27,"Proteomics","IL1RAP"
"N_27_1.17",0.553082152370747,27,"Proteomics","CD36"
"N_27_1.18",0.523020713013485,27,"Proteomics","ADCY8"
"N_27_1.19",0.800442188698198,27,"Proteomics","CACNA1E"
"N_27_1.20",-1.11828235611244,27,"Proteomics","PDE5A"
"N_27_1.21",0.411685542260466,27,"Proteomics","NCAM2"
"N_27_1.22",0.723324629061747,27,"Proteomics","CDH8"
"N_27_1.23",0.130255012849477,27,"Proteomics","RAB27B"
"N_27_1.24",0.592569924249313,27,"Proteomics","FAAH"
"N_27_1.25",1.08732185560914,27,"Proteomics","VGF"
"N_27_1.26",0.7488235549905,27,"Proteomics","BRINP1"
"N_27_1.27",0.435505880822385,27,"Proteomics","LY6H"
"N_27_1.28",-0.0867304727397216,27,"Proteomics","SLITRK3"
"N_27_1.29",0.451304298735092,27,"Proteomics","ECEL1"
"N_27_1.30",-0.792080647890222,27,"Proteomics","KRT18"
"N_27_1.31",0.697082888988783,27,"Proteomics","TH"
"N_27_1.32",-3.18095304792147,27,"Proteomics","COL4A2"
"N_27_1.33",1.32662185201981,27,"Proteomics","PRKCA"
"N_27_1.34",0.338728109904039,27,"Proteomics","TAC1"
"N_27_1.35",0.553286650905095,27,"Proteomics","PTPRE"
"N_27_1.36",0.345878870337749,27,"Proteomics","ATP2B4"
"N_27_1.37",0.62333917373446,27,"Proteomics","AZGP1"
"N_27_1.38",0.394492868214271,27,"Proteomics","GABRA5"
"N_27_1.39",0.560589800752948,27,"Proteomics","HPCAL1"
"N_27_1.40",0.247341594721618,27,"Proteomics","COL18A1"
"N_27_1.41",0.878726755815686,27,"Proteomics","LIFR"
"N_27_1.42",0.632789682546326,27,"Proteomics","GRIN1"
"N_27_1.43",0.60624143452963,27,"Proteomics","RCAN2"
"N_27_1.44",-1.71485737268831,27,"Proteomics","MAP7"
"N_27_1.45",-0.0290024101126814,27,"Proteomics","TRIM25"
"N_27_1.46",0.791031802584928,27,"Proteomics","ECM1"
"N_27_1.47",-0.0469969811554013,27,"Proteomics","SV2C"
"N_27_1.48",0.658559970363618,27,"Proteomics","GALNT17"
"N_27_1.49",0.588799563409393,27,"Proteomics","BRINP3"
"N_27_1.50",0.502598452323996,27,"Proteomics","LPCAT2"
"N_27_1.51",0.587052016233155,27,"Proteomics","SCD5"
"N_27_1.52",0.687037922571017,27,"Proteomics","CACNA2D3"
"N_27_1.53",0.680173339101483,27,"Proteomics","SLC17A8"
"N_27_1.54",0.247625349456124,27,"Proteomics","SFXN5"
"N_27_1.55",0.522762596504479,27,"Proteomics","SORCS1"
"N_27_1.56",0.573992202573129,27,"Proteomics","SYN2"
"N_27_1.57",-1.11886080025293,27,"Proteomics","MAGED4"
"N_27_1.58",0.392433457684486,27,"Proteomics","ARHGEF17"
"N_27_1.59",0.281984016369466,27,"Proteomics","MAP7D2"
"N_27_1.60",0.668619399490752,27,"Proteomics","SLC6A17"
"N_27_1.61",-0.305231020108241,27,"Proteomics","SMOC2"
"N_27_1.62",0.618702846627788,27,"Proteomics","GAREM1"
"N_27_1.63",-0.0628914583759035,27,"Proteomics","NYAP2"
"N_27_1.64",0.535917234085523,27,"Proteomics","CDH7"
"N_27_1.65",0.762323033845062,27,"Proteomics","HPCAL4"
"N_27_2",0.528915521713889,27,"Proteomics","DMD"
"N_27_2.1",0.7148173793852,27,"Proteomics","CDH4"
"N_27_2.2",0.811554941301283,27,"Proteomics","PCDH7"
"N_27_2.3",0.98386396716087,27,"Proteomics","IL6ST"
"N_27_2.4",-0.226951840381357,27,"Proteomics","SERPINF2"
"N_27_2.5",0.651050536973308,27,"Proteomics","GABRG2"
"N_27_2.6",-0.382589680502846,27,"Proteomics","SNTB1"
"N_27_2.7",-0.00997860967903874,27,"Proteomics","TGM3"
"N_27_2.8",1.41997114284251,27,"Proteomics","NR3C1"
"N_27_2.9",-0.933864182733339,27,"Proteomics","NTRK2"
"N_27_2.10",0.527030854944277,27,"Proteomics","CAMK2D"
"N_27_2.11",0.188931620367935,27,"Proteomics","ADCY5"
"N_27_2.12",0.739027683746313,27,"Proteomics","GRIA1"
"N_27_2.13",0.426398582558101,27,"Proteomics","PLPPR4"
"N_27_2.14",0.706798822961391,27,"Proteomics","PTPRT"
"N_27_2.15",0.710993731185813,27,"Proteomics","FGF13"
"N_27_2.16",0.787170784014342,27,"Proteomics","IL1RAP"
"N_27_2.17",0.613306356086384,27,"Proteomics","CD36"
"N_27_2.18",0.564766513059794,27,"Proteomics","ADCY8"
"N_27_2.19",0.712834800996366,27,"Proteomics","CACNA1E"
"N_27_2.20",0.535653919665245,27,"Proteomics","PDE5A"
"N_27_2.21",0.466623374828811,27,"Proteomics","NCAM2"
"N_27_2.22",0.786014622825513,27,"Proteomics","CDH8"
"N_27_2.23",0.317691919770996,27,"Proteomics","RAB27B"
"N_27_2.24",0.548913437736499,27,"Proteomics","FAAH"
"N_27_2.25",0.703186179108006,27,"Proteomics","VGF"
"N_27_2.26",0.123933395811155,27,"Proteomics","BRINP1"
"N_27_2.27",0.677405454089286,27,"Proteomics","LY6H"
"N_27_2.28",0.511015629857649,27,"Proteomics","SLITRK3"
"N_27_2.29",0.351838411466215,27,"Proteomics","ECEL1"
"N_27_2.30",0.611525951871272,27,"Proteomics","KRT18"
"N_27_2.31",0.413572488040997,27,"Proteomics","TH"
"N_27_2.32",-0.18873380185746,27,"Proteomics","COL4A2"
"N_27_2.33",0.526130144625873,27,"Proteomics","PRKCA"
"N_27_2.34",0.48763986433962,27,"Proteomics","TAC1"
"N_27_2.35",0.639070078395441,27,"Proteomics","PTPRE"
"N_27_2.36",0.584397525795693,27,"Proteomics","ATP2B4"
"N_27_2.37",-0.101490438923901,27,"Proteomics","AZGP1"
"N_27_2.38",0.535030424922244,27,"Proteomics","GABRA5"
"N_27_2.39",0.134584176514347,27,"Proteomics","HPCAL1"
"N_27_2.40",0.356253769772122,27,"Proteomics","COL18A1"
"N_27_2.41",0.872092775504493,27,"Proteomics","LIFR"
"N_27_2.42",0.587614016592682,27,"Proteomics","GRIN1"
"N_27_2.43",0.629628344992974,27,"Proteomics","RCAN2"
"N_27_2.44",0.554485435003837,27,"Proteomics","MAP7"
"N_27_2.45",0.424554808794781,27,"Proteomics","TRIM25"
"N_27_2.46",1.08707123215535,27,"Proteomics","ECM1"
"N_27_2.47",0.574070643754207,27,"Proteomics","SV2C"
"N_27_2.48",0.666666130974541,27,"Proteomics","GALNT17"
"N_27_2.49",0.466224379107272,27,"Proteomics","BRINP3"
"N_27_2.50",0.501131503553169,27,"Proteomics","LPCAT2"
"N_27_2.51",0.232967061716693,27,"Proteomics","SCD5"
"N_27_2.52",1.00512286388872,27,"Proteomics","CACNA2D3"
"N_27_2.53",0.793086363407592,27,"Proteomics","SLC17A8"
"N_27_2.54",0.688491999631468,27,"Proteomics","SFXN5"
"N_27_2.55",0.562025737040294,27,"Proteomics","SORCS1"
"N_27_2.56",0.585897654195334,27,"Proteomics","SYN2"
"N_27_2.57",0.0100932103561325,27,"Proteomics","MAGED4"
"N_27_2.58",1.05338986685856,27,"Proteomics","ARHGEF17"
"N_27_2.59",0.615445639385195,27,"Proteomics","MAP7D2"
"N_27_2.60",0.53585892876692,27,"Proteomics","SLC6A17"
"N_27_2.61",0.796176415335084,27,"Proteomics","SMOC2"
"N_27_2.62",0.439425500770284,27,"Proteomics","GAREM1"
"N_27_2.63",0.778643122005811,27,"Proteomics","NYAP2"
"N_27_2.64",0.614279178782224,27,"Proteomics","CDH7"
"N_27_2.65",0.193955921256828,27,"Proteomics","HPCAL4"
"N_27_3",0.529275806840023,27,"Proteomics","DMD"
"N_27_3.1",0.576162429335896,27,"Proteomics","CDH4"
"N_27_3.2",0.706765800107106,27,"Proteomics","PCDH7"
"N_27_3.3",0.56935924828684,27,"Proteomics","IL6ST"
"N_27_3.4",-0.150579679661056,27,"Proteomics","SERPINF2"
"N_27_3.5",0.662696041975329,27,"Proteomics","GABRG2"
"N_27_3.6",-0.419125250734104,27,"Proteomics","SNTB1"
"N_27_3.7",-0.153797594643352,27,"Proteomics","TGM3"
"N_27_3.8",-1.45464767897671,27,"Proteomics","NR3C1"
"N_27_3.9",0.0237588816295747,27,"Proteomics","NTRK2"
"N_27_3.10",0.575107210722612,27,"Proteomics","CAMK2D"
"N_27_3.11",0.464179844866307,27,"Proteomics","ADCY5"
"N_27_3.12",0.512576252033193,27,"Proteomics","GRIA1"
"N_27_3.13",0.510553948383791,27,"Proteomics","PLPPR4"
"N_27_3.14",0.390311981102246,27,"Proteomics","PTPRT"
"N_27_3.15",0.821442646440658,27,"Proteomics","FGF13"
"N_27_3.16",0.518522487061848,27,"Proteomics","IL1RAP"
"N_27_3.17",0.637066543623551,27,"Proteomics","CD36"
"N_27_3.18",0.752069231291136,27,"Proteomics","ADCY8"
"N_27_3.19",0.472994229794886,27,"Proteomics","CACNA1E"
"N_27_3.20",-0.968761680925204,27,"Proteomics","PDE5A"
"N_27_3.21",0.513968986077807,27,"Proteomics","NCAM2"
"N_27_3.22",0.777387584858112,27,"Proteomics","CDH8"
"N_27_3.23",0.607190420958729,27,"Proteomics","RAB27B"
"N_27_3.24",0.443494224150017,27,"Proteomics","FAAH"
"N_27_3.25",1.4688911046692,27,"Proteomics","VGF"
"N_27_3.26",0.327332184950023,27,"Proteomics","BRINP1"
"N_27_3.27",0.205434512164343,27,"Proteomics","LY6H"
"N_27_3.28",0.248221031670139,27,"Proteomics","SLITRK3"
"N_27_3.29",0.574108441371675,27,"Proteomics","ECEL1"
"N_27_3.30",0.759354668632186,27,"Proteomics","KRT18"
"N_27_3.31",0.357378608577121,27,"Proteomics","TH"
"N_27_3.32",0.0664390430105778,27,"Proteomics","COL4A2"
"N_27_3.33",-0.480349264930589,27,"Proteomics","PRKCA"
"N_27_3.34",0.605298279553668,27,"Proteomics","TAC1"
"N_27_3.35",0.51740969253111,27,"Proteomics","PTPRE"
"N_27_3.36",0.462263351797774,27,"Proteomics","ATP2B4"
"N_27_3.37",-0.120759183790993,27,"Proteomics","AZGP1"
"N_27_3.38",0.608489588666397,27,"Proteomics","GABRA5"
"N_27_3.39",0.642325386978646,27,"Proteomics","HPCAL1"
"N_27_3.40",0.4300706355567,27,"Proteomics","COL18A1"
"N_27_3.41",0.692799394403425,27,"Proteomics","LIFR"
"N_27_3.42",0.281474416205164,27,"Proteomics","GRIN1"
"N_27_3.43",0.692443166644525,27,"Proteomics","RCAN2"
"N_27_3.44",-0.270651823341625,27,"Proteomics","MAP7"
"N_27_3.45",-0.107753367760262,27,"Proteomics","TRIM25"
"N_27_3.46",0.588819068044604,27,"Proteomics","ECM1"
"N_27_3.47",0.586708845068345,27,"Proteomics","SV2C"
"N_27_3.48",0.418848919934418,27,"Proteomics","GALNT17"
"N_27_3.49",0.573986684895785,27,"Proteomics","BRINP3"
"N_27_3.50",0.500669670602287,27,"Proteomics","LPCAT2"
"N_27_3.51",0.662149723473483,27,"Proteomics","SCD5"
"N_27_3.52",0.329249670641111,27,"Proteomics","CACNA2D3"
"N_27_3.53",0.784039386377996,27,"Proteomics","SLC17A8"
"N_27_3.54",0.0127344898904594,27,"Proteomics","SFXN5"
"N_27_3.55",0.542564051900812,27,"Proteomics","SORCS1"
"N_27_3.56",0.611587621309192,27,"Proteomics","SYN2"
"N_27_3.57",0.895060708460185,27,"Proteomics","MAGED4"
"N_27_3.58",0.65271212595316,27,"Proteomics","ARHGEF17"
"N_27_3.59",0.376125311324107,27,"Proteomics","MAP7D2"
"N_27_3.60",0.69382541168295,27,"Proteomics","SLC6A17"
"N_27_3.61",0.0305373261007061,27,"Proteomics","SMOC2"
"N_27_3.62",0.322461565399291,27,"Proteomics","GAREM1"
"N_27_3.63",0.355733333625849,27,"Proteomics","NYAP2"
"N_27_3.64",0.223358796584397,27,"Proteomics","CDH7"
"N_27_3.65",0.662130561015292,27,"Proteomics","HPCAL4"
"N_33_1",0.713786173973066,33,"Proteomics","DMD"
"N_33_1.1",0.9032580140953,33,"Proteomics","CDH4"
"N_33_1.2",0.405556123556684,33,"Proteomics","PCDH7"
"N_33_1.3",0.278360196045739,33,"Proteomics","IL6ST"
"N_33_1.4",-0.184209840294447,33,"Proteomics","SERPINF2"
"N_33_1.5",0.390120043143227,33,"Proteomics","GABRG2"
"N_33_1.6",1.60756708437062,33,"Proteomics","SNTB1"
"N_33_1.7",-0.116206315152766,33,"Proteomics","TGM3"
"N_33_1.8",-0.434650691811244,33,"Proteomics","NR3C1"
"N_33_1.9",1.06702592062523,33,"Proteomics","NTRK2"
"N_33_1.10",0.728923420066355,33,"Proteomics","CAMK2D"
"N_33_1.11",0.943019631752175,33,"Proteomics","ADCY5"
"N_33_1.12",0.858266820617914,33,"Proteomics","GRIA1"
"N_33_1.13",0.714966172211045,33,"Proteomics","PLPPR4"
"N_33_1.14",0.868225731533395,33,"Proteomics","PTPRT"
"N_33_1.15",0.267640772915214,33,"Proteomics","FGF13"
"N_33_1.16",0.650869667943942,33,"Proteomics","IL1RAP"
"N_33_1.17",0.641462498491178,33,"Proteomics","CD36"
"N_33_1.18",0.621554032809066,33,"Proteomics","ADCY8"
"N_33_1.19",0.733669998584872,33,"Proteomics","CACNA1E"
"N_33_1.20",-0.915232586572809,33,"Proteomics","PDE5A"
"N_33_1.21",0.659806300366406,33,"Proteomics","NCAM2"
"N_33_1.22",-0.0728805234923132,33,"Proteomics","CDH8"
"N_33_1.23",0.602688481844202,33,"Proteomics","RAB27B"
"N_33_1.24",0.648468552230676,33,"Proteomics","FAAH"
"N_33_1.25",-0.125192918881117,33,"Proteomics","VGF"
"N_33_1.26",1.16782209976008,33,"Proteomics","BRINP1"
"N_33_1.27",0.877177679094595,33,"Proteomics","LY6H"
"N_33_1.28",-0.366397213073743,33,"Proteomics","SLITRK3"
"N_33_1.29",0.371770877412668,33,"Proteomics","ECEL1"
"N_33_1.30",0.16246481455654,33,"Proteomics","KRT18"
"N_33_1.31",0.987654312529027,33,"Proteomics","TH"
"N_33_1.32",0.0819331566211264,33,"Proteomics","COL4A2"
"N_33_1.33",1.35471054295246,33,"Proteomics","PRKCA"
"N_33_1.34",0.335713420892746,33,"Proteomics","TAC1"
"N_33_1.35",0.726552549693664,33,"Proteomics","PTPRE"
"N_33_1.36",0.658887291800608,33,"Proteomics","ATP2B4"
"N_33_1.37",-0.918066369887816,33,"Proteomics","AZGP1"
"N_33_1.38",0.47283732667816,33,"Proteomics","GABRA5"
"N_33_1.39",1.02670964046489,33,"Proteomics","HPCAL1"
"N_33_1.40",0.598258714106942,33,"Proteomics","COL18A1"
"N_33_1.41",0.824689194753366,33,"Proteomics","LIFR"
"N_33_1.42",0.501713909085179,33,"Proteomics","GRIN1"
"N_33_1.43",0.657017418546014,33,"Proteomics","RCAN2"
"N_33_1.44",0.633213192706325,33,"Proteomics","MAP7"
"N_33_1.45",0.71627269420631,33,"Proteomics","TRIM25"
"N_33_1.46",-0.394845592432355,33,"Proteomics","ECM1"
"N_33_1.47",0.360407768301341,33,"Proteomics","SV2C"
"N_33_1.48",0.781569764946116,33,"Proteomics","GALNT17"
"N_33_1.49",0.685523032534548,33,"Proteomics","BRINP3"
"N_33_1.50",0.961079189479897,33,"Proteomics","LPCAT2"
"N_33_1.51",0.965867952742305,33,"Proteomics","SCD5"
"N_33_1.52",0.436945187168087,33,"Proteomics","CACNA2D3"
"N_33_1.53",-1.35549410007964,33,"Proteomics","SLC17A8"
"N_33_1.54",0.789020748785276,33,"Proteomics","SFXN5"
"N_33_1.55",0.533732909085784,33,"Proteomics","SORCS1"
"N_33_1.56",0.81564336916008,33,"Proteomics","SYN2"
"N_33_1.57",-0.785157216995507,33,"Proteomics","MAGED4"
"N_33_1.58",0.326263316834249,33,"Proteomics","ARHGEF17"
"N_33_1.59",0.452740383400999,33,"Proteomics","MAP7D2"
"N_33_1.60",1.00879872395277,33,"Proteomics","SLC6A17"
"N_33_1.61",1.66682255736812,33,"Proteomics","SMOC2"
"N_33_1.62",0.931363490545614,33,"Proteomics","GAREM1"
"N_33_1.63",0.537516381970402,33,"Proteomics","NYAP2"
"N_33_1.64",0.84244706192724,33,"Proteomics","CDH7"
"N_33_1.65",0.932968310893903,33,"Proteomics","HPCAL4"
"N_33_2",0.400923012721726,33,"Proteomics","DMD"
"N_33_2.1",0.691464952148375,33,"Proteomics","CDH4"
"N_33_2.2",0.629027742179634,33,"Proteomics","PCDH7"
"N_33_2.3",0.573286624750961,33,"Proteomics","IL6ST"
"N_33_2.4",-0.585017273523754,33,"Proteomics","SERPINF2"
"N_33_2.5",0.639501996940107,33,"Proteomics","GABRG2"
"N_33_2.6",-0.51450963201629,33,"Proteomics","SNTB1"
"N_33_2.7",-0.499264407522959,33,"Proteomics","TGM3"
"N_33_2.8",-1.26305947058902,33,"Proteomics","NR3C1"
"N_33_2.9",0.634709745668954,33,"Proteomics","NTRK2"
"N_33_2.10",0.892543927736334,33,"Proteomics","CAMK2D"
"N_33_2.11",0.698550854441806,33,"Proteomics","ADCY5"
"N_33_2.12",1.04807016034696,33,"Proteomics","GRIA1"
"N_33_2.13",0.757619636895998,33,"Proteomics","PLPPR4"
"N_33_2.14",0.694550529635906,33,"Proteomics","PTPRT"
"N_33_2.15",1.46927775878057,33,"Proteomics","FGF13"
"N_33_2.16",0.791152081981689,33,"Proteomics","IL1RAP"
"N_33_2.17",0.767545493319354,33,"Proteomics","CD36"
"N_33_2.18",0.799431188219822,33,"Proteomics","ADCY8"
"N_33_2.19",0.73870093467884,33,"Proteomics","CACNA1E"
"N_33_2.20",1.10884404715689,33,"Proteomics","PDE5A"
"N_33_2.21",0.637826923986146,33,"Proteomics","NCAM2"
"N_33_2.22",0.664768183115226,33,"Proteomics","CDH8"
"N_33_2.23",0.61989836465254,33,"Proteomics","RAB27B"
"N_33_2.24",0.665624561969283,33,"Proteomics","FAAH"
"N_33_2.25",-0.594386411163706,33,"Proteomics","VGF"
"N_33_2.26",1.00124987971936,33,"Proteomics","BRINP1"
"N_33_2.27",1.00704287921574,33,"Proteomics","LY6H"
"N_33_2.28",0.692016227295932,33,"Proteomics","SLITRK3"
"N_33_2.29",0.928638812023427,33,"Proteomics","ECEL1"
"N_33_2.30",1.19392331372641,33,"Proteomics","KRT18"
"N_33_2.31",0.978201560524089,33,"Proteomics","TH"
"N_33_2.32",0.87831280973626,33,"Proteomics","COL4A2"
"N_33_2.33",0.0764493322290513,33,"Proteomics","PRKCA"
"N_33_2.34",0.0423829165690964,33,"Proteomics","TAC1"
"N_33_2.35",1.12365905742014,33,"Proteomics","PTPRE"
"N_33_2.36",0.876942411899028,33,"Proteomics","ATP2B4"
"N_33_2.37",-0.883761919229459,33,"Proteomics","AZGP1"
"N_33_2.38",0.749543298763013,33,"Proteomics","GABRA5"
"N_33_2.39",0.81750191105681,33,"Proteomics","HPCAL1"
"N_33_2.40",0.55632303779763,33,"Proteomics","COL18A1"
"N_33_2.41",0.728850865848311,33,"Proteomics","LIFR"
"N_33_2.42",0.75816133467682,33,"Proteomics","GRIN1"
"N_33_2.43",0.76483990821644,33,"Proteomics","RCAN2"
"N_33_2.44",0.328731101670495,33,"Proteomics","MAP7"
"N_33_2.45",1.22453888827877,33,"Proteomics","TRIM25"
"N_33_2.46",-1.00770269647187,33,"Proteomics","ECM1"
"N_33_2.47",0.927166158123227,33,"Proteomics","SV2C"
"N_33_2.48",0.679284954899228,33,"Proteomics","GALNT17"
"N_33_2.49",0.806722641554305,33,"Proteomics","BRINP3"
"N_33_2.50",0.574285349968419,33,"Proteomics","LPCAT2"
"N_33_2.51",0.716697330570777,33,"Proteomics","SCD5"
"N_33_2.52",0.909232811418777,33,"Proteomics","CACNA2D3"
"N_33_2.53",0.671903622313611,33,"Proteomics","SLC17A8"
"N_33_2.54",0.744633934907152,33,"Proteomics","SFXN5"
"N_33_2.55",0.696337700291075,33,"Proteomics","SORCS1"
"N_33_2.56",0.961727422862381,33,"Proteomics","SYN2"
"N_33_2.57",-1.42587575973177,33,"Proteomics","MAGED4"
"N_33_2.58",1.13813891617264,33,"Proteomics","ARHGEF17"
"N_33_2.59",0.415334340880384,33,"Proteomics","MAP7D2"
"N_33_2.60",-0.568413472008989,33,"Proteomics","SLC6A17"
"N_33_2.61",0.159105954525672,33,"Proteomics","SMOC2"
"N_33_2.62",0.652310125541715,33,"Proteomics","GAREM1"
"N_33_2.63",0.73294169944507,33,"Proteomics","NYAP2"
"N_33_2.64",0.661189368887901,33,"Proteomics","CDH7"
"N_33_2.65",0.950586868572857,33,"Proteomics","HPCAL4"
"N_33_3",0.967047783048005,33,"Proteomics","DMD"
"N_33_3.1",0.661680834002854,33,"Proteomics","CDH4"
"N_33_3.2",1.08605227414747,33,"Proteomics","PCDH7"
"N_33_3.3",0.667558581425596,33,"Proteomics","IL6ST"
"N_33_3.4",-1.06561660173578,33,"Proteomics","SERPINF2"
"N_33_3.5",0.693180157416907,33,"Proteomics","GABRG2"
"N_33_3.6",-0.811753848665551,33,"Proteomics","SNTB1"
"N_33_3.7",-0.92435256677315,33,"Proteomics","TGM3"
"N_33_3.8",1.40586291262829,33,"Proteomics","NR3C1"
"N_33_3.9",1.45049338550852,33,"Proteomics","NTRK2"
"N_33_3.10",0.838371119600577,33,"Proteomics","CAMK2D"
"N_33_3.11",1.08407576460411,33,"Proteomics","ADCY5"
"N_33_3.12",0.763175743761978,33,"Proteomics","GRIA1"
"N_33_3.13",0.893324817001264,33,"Proteomics","PLPPR4"
"N_33_3.14",0.713993473119988,33,"Proteomics","PTPRT"
"N_33_3.15",-0.047898813895921,33,"Proteomics","FGF13"
"N_33_3.16",0.923836562733368,33,"Proteomics","IL1RAP"
"N_33_3.17",0.589851792255905,33,"Proteomics","CD36"
"N_33_3.18",0.848486117851879,33,"Proteomics","ADCY8"
"N_33_3.19",0.725083475390929,33,"Proteomics","CACNA1E"
"N_33_3.20",1.10826805459835,33,"Proteomics","PDE5A"
"N_33_3.21",0.859703027732018,33,"Proteomics","NCAM2"
"N_33_3.22",0.7331727980372,33,"Proteomics","CDH8"
"N_33_3.23",0.32619315911302,33,"Proteomics","RAB27B"
"N_33_3.24",0.727670831251414,33,"Proteomics","FAAH"
"N_33_3.25",-0.359501270095356,33,"Proteomics","VGF"
"N_33_3.26",0.851784296460138,33,"Proteomics","BRINP1"
"N_33_3.27",0.611153019752179,33,"Proteomics","LY6H"
"N_33_3.28",0.584483816596159,33,"Proteomics","SLITRK3"
"N_33_3.29",0.911315835785137,33,"Proteomics","ECEL1"
"N_33_3.30",1.56993964530587,33,"Proteomics","KRT18"
"N_33_3.31",0.758202930446586,33,"Proteomics","TH"
"N_33_3.32",0.152727143030474,33,"Proteomics","COL4A2"
"N_33_3.33",0.263763276130315,33,"Proteomics","PRKCA"
"N_33_3.34",0.316601309815435,33,"Proteomics","TAC1"
"N_33_3.35",0.60295324536574,33,"Proteomics","PTPRE"
"N_33_3.36",0.973453888853767,33,"Proteomics","ATP2B4"
"N_33_3.37",-1.04884192584362,33,"Proteomics","AZGP1"
"N_33_3.38",0.764056302427013,33,"Proteomics","GABRA5"
"N_33_3.39",1.06318347850062,33,"Proteomics","HPCAL1"
"N_33_3.40",0.478388944423288,33,"Proteomics","COL18A1"
"N_33_3.41",0.575800359611704,33,"Proteomics","LIFR"
"N_33_3.42",0.809951438753012,33,"Proteomics","GRIN1"
"N_33_3.43",0.574113944886661,33,"Proteomics","RCAN2"
"N_33_3.44",0.457060886005095,33,"Proteomics","MAP7"
"N_33_3.45",0.965888648589798,33,"Proteomics","TRIM25"
"N_33_3.46",-1.05005798465872,33,"Proteomics","ECM1"
"N_33_3.47",1.10320830206351,33,"Proteomics","SV2C"
"N_33_3.48",0.793375722058203,33,"Proteomics","GALNT17"
"N_33_3.49",0.690430167931247,33,"Proteomics","BRINP3"
"N_33_3.50",0.916416466217424,33,"Proteomics","LPCAT2"
"N_33_3.51",0.681285094530482,33,"Proteomics","SCD5"
"N_33_3.52",0.793863231215214,33,"Proteomics","CACNA2D3"
"N_33_3.53",1.05544866192383,33,"Proteomics","SLC17A8"
"N_33_3.54",1.10836439180675,33,"Proteomics","SFXN5"
"N_33_3.55",0.642903400908297,33,"Proteomics","SORCS1"
"N_33_3.56",0.781298489990132,33,"Proteomics","SYN2"
"N_33_3.57",-0.842793433505077,33,"Proteomics","MAGED4"
"N_33_3.58",0.798197321529155,33,"Proteomics","ARHGEF17"
"N_33_3.59",0.731750479443377,33,"Proteomics","MAP7D2"
"N_33_3.60",0.985920140639943,33,"Proteomics","SLC6A17"
"N_33_3.61",-0.599164992913264,33,"Proteomics","SMOC2"
"N_33_3.62",0.770229928035016,33,"Proteomics","GAREM1"
"N_33_3.63",0.820029953977996,33,"Proteomics","NYAP2"
"N_33_3.64",0.743912333878297,33,"Proteomics","CDH7"
"N_33_3.65",0.9352357485188,33,"Proteomics","HPCAL4"
"N_40_1",0.558290594117571,40,"Proteomics","DMD"
"N_40_1.1",1.22902650881325,40,"Proteomics","CDH4"
"N_40_1.2",0.683936877113556,40,"Proteomics","PCDH7"
"N_40_1.3",0.617760008917344,40,"Proteomics","IL6ST"
"N_40_1.4",-1.7050727024652,40,"Proteomics","SERPINF2"
"N_40_1.5",0.650623586394734,40,"Proteomics","GABRG2"
"N_40_1.6",1.44680459684753,40,"Proteomics","SNTB1"
"N_40_1.7",0.0618599141281781,40,"Proteomics","TGM3"
"N_40_1.8",1.01798112906637,40,"Proteomics","NR3C1"
"N_40_1.9",1.63450707129528,40,"Proteomics","NTRK2"
"N_40_1.10",1.04556209311189,40,"Proteomics","CAMK2D"
"N_40_1.11",1.60736134627951,40,"Proteomics","ADCY5"
"N_40_1.12",1.05514638882374,40,"Proteomics","GRIA1"
"N_40_1.13",1.2051194457311,40,"Proteomics","PLPPR4"
"N_40_1.14",1.07281763286952,40,"Proteomics","PTPRT"
"N_40_1.15",0.763497027884324,40,"Proteomics","FGF13"
"N_40_1.16",0.9875815198225,40,"Proteomics","IL1RAP"
"N_40_1.17",0.772834814517687,40,"Proteomics","CD36"
"N_40_1.18",0.78148832093191,40,"Proteomics","ADCY8"
"N_40_1.19",1.22596157828107,40,"Proteomics","CACNA1E"
"N_40_1.20",2.09166763070351,40,"Proteomics","PDE5A"
"N_40_1.21",0.940238446055861,40,"Proteomics","NCAM2"
"N_40_1.22",0.429023866674948,40,"Proteomics","CDH8"
"N_40_1.23",0.583043603319928,40,"Proteomics","RAB27B"
"N_40_1.24",0.843284627988006,40,"Proteomics","FAAH"
"N_40_1.25",-0.834742152260975,40,"Proteomics","VGF"
"N_40_1.26",1.62298884482505,40,"Proteomics","BRINP1"
"N_40_1.27",0.958571322110447,40,"Proteomics","LY6H"
"N_40_1.28",1.74507434440354,40,"Proteomics","SLITRK3"
"N_40_1.29",1.20344719212989,40,"Proteomics","ECEL1"
"N_40_1.30",0.962738417752035,40,"Proteomics","KRT18"
"N_40_1.31",1.41390773653623,40,"Proteomics","TH"
"N_40_1.32",0.273375967846807,40,"Proteomics","COL4A2"
"N_40_1.33",1.4675174707523,40,"Proteomics","PRKCA"
"N_40_1.34",-0.675658141666576,40,"Proteomics","TAC1"
"N_40_1.35",1.13933953212847,40,"Proteomics","PTPRE"
"N_40_1.36",1.01317010053626,40,"Proteomics","ATP2B4"
"N_40_1.37",-0.191360805829033,40,"Proteomics","AZGP1"
"N_40_1.38",0.8444911168185,40,"Proteomics","GABRA5"
"N_40_1.39",0.588446681895425,40,"Proteomics","HPCAL1"
"N_40_1.40",0.293570007772034,40,"Proteomics","COL18A1"
"N_40_1.41",0.844130239442169,40,"Proteomics","LIFR"
"N_40_1.42",0.192302396762967,40,"Proteomics","GRIN1"
"N_40_1.43",0.652542694675208,40,"Proteomics","RCAN2"
"N_40_1.44",-0.0091453690300447,40,"Proteomics","MAP7"
"N_40_1.45",1.10125004269055,40,"Proteomics","TRIM25"
"N_40_1.46",-1.20673359856411,40,"Proteomics","ECM1"
"N_40_1.47",1.00873588806675,40,"Proteomics","SV2C"
"N_40_1.48",0.927083255298547,40,"Proteomics","GALNT17"
"N_40_1.49",1.32158985380992,40,"Proteomics","BRINP3"
"N_40_1.50",0.993646529653063,40,"Proteomics","LPCAT2"
"N_40_1.51",0.646238257564161,40,"Proteomics","SCD5"
"N_40_1.52",0.631997205181448,40,"Proteomics","CACNA2D3"
"N_40_1.53",0.766695227110995,40,"Proteomics","SLC17A8"
"N_40_1.54",0.623606189258208,40,"Proteomics","SFXN5"
"N_40_1.55",0.564733818249534,40,"Proteomics","SORCS1"
"N_40_1.56",0.946207922748934,40,"Proteomics","SYN2"
"N_40_1.57",1.1230410280604,40,"Proteomics","MAGED4"
"N_40_1.58",0.286879963320061,40,"Proteomics","ARHGEF17"
"N_40_1.59",0.954041176042828,40,"Proteomics","MAP7D2"
"N_40_1.60",1.68298266222671,40,"Proteomics","SLC6A17"
"N_40_1.61",1.19476773449644,40,"Proteomics","SMOC2"
"N_40_1.62",0.890010982395292,40,"Proteomics","GAREM1"
"N_40_1.63",0.861081148594196,40,"Proteomics","NYAP2"
"N_40_1.64",0.840741933154129,40,"Proteomics","CDH7"
"N_40_1.65",0.359534352841004,40,"Proteomics","HPCAL4"
"N_40_2",0.810628240200979,40,"Proteomics","DMD"
"N_40_2.1",0.891773950039763,40,"Proteomics","CDH4"
"N_40_2.2",0.450448091461754,40,"Proteomics","PCDH7"
"N_40_2.3",0.804478529330321,40,"Proteomics","IL6ST"
"N_40_2.4",-1.41796060828961,40,"Proteomics","SERPINF2"
"N_40_2.5",0.73518462237876,40,"Proteomics","GABRG2"
"N_40_2.6",-0.0971750475377668,40,"Proteomics","SNTB1"
"N_40_2.7",-0.271301674519326,40,"Proteomics","TGM3"
"N_40_2.8",0.638091312921496,40,"Proteomics","NR3C1"
"N_40_2.9",0.949669831175782,40,"Proteomics","NTRK2"
"N_40_2.10",0.99927419544445,40,"Proteomics","CAMK2D"
"N_40_2.11",1.18683033494583,40,"Proteomics","ADCY5"
"N_40_2.12",0.809893671474391,40,"Proteomics","GRIA1"
"N_40_2.13",1.15622274952078,40,"Proteomics","PLPPR4"
"N_40_2.14",0.538823388477472,40,"Proteomics","PTPRT"
"N_40_2.15",1.51696707967989,40,"Proteomics","FGF13"
"N_40_2.16",0.803834271180757,40,"Proteomics","IL1RAP"
"N_40_2.17",0.745611417339852,40,"Proteomics","CD36"
"N_40_2.18",0.828160130124222,40,"Proteomics","ADCY8"
"N_40_2.19",0.61209603826217,40,"Proteomics","CACNA1E"
"N_40_2.20",-0.674904579692662,40,"Proteomics","PDE5A"
"N_40_2.21",0.808382545332457,40,"Proteomics","NCAM2"
"N_40_2.22",0.733769867333436,40,"Proteomics","CDH8"
"N_40_2.23",0.615354611520722,40,"Proteomics","RAB27B"
"N_40_2.24",0.653048828604707,40,"Proteomics","FAAH"
"N_40_2.25",-0.296607686720644,40,"Proteomics","VGF"
"N_40_2.26",0.908788033971686,40,"Proteomics","BRINP1"
"N_40_2.27",0.925101231303975,40,"Proteomics","LY6H"
"N_40_2.28",0.972958192651698,40,"Proteomics","SLITRK3"
"N_40_2.29",1.27714491291417,40,"Proteomics","ECEL1"
"N_40_2.30",1.0970835487365,40,"Proteomics","KRT18"
"N_40_2.31",1.20788392023622,40,"Proteomics","TH"
"N_40_2.32",0.741198508984509,40,"Proteomics","COL4A2"
"N_40_2.33",0.121720329012703,40,"Proteomics","PRKCA"
"N_40_2.34",-0.910218570983366,40,"Proteomics","TAC1"
"N_40_2.35",1.13214177627472,40,"Proteomics","PTPRE"
"N_40_2.36",1.13818846515774,40,"Proteomics","ATP2B4"
"N_40_2.37",-0.176486087066628,40,"Proteomics","AZGP1"
"N_40_2.38",0.839453373636956,40,"Proteomics","GABRA5"
"N_40_2.39",0.919776890816745,40,"Proteomics","HPCAL1"
"N_40_2.40",0.753700587946216,40,"Proteomics","COL18A1"
"N_40_2.41",0.514229029594574,40,"Proteomics","LIFR"
"N_40_2.42",0.881737392944473,40,"Proteomics","GRIN1"
"N_40_2.43",0.836792565988076,40,"Proteomics","RCAN2"
"N_40_2.44",0.407591448498929,40,"Proteomics","MAP7"
"N_40_2.45",1.18052678986686,40,"Proteomics","TRIM25"
"N_40_2.46",0.903216035185642,40,"Proteomics","ECM1"
"N_40_2.47",1.15195100642382,40,"Proteomics","SV2C"
"N_40_2.48",0.684805668824319,40,"Proteomics","GALNT17"
"N_40_2.49",0.677864590768423,40,"Proteomics","BRINP3"
"N_40_2.50",0.436816496494792,40,"Proteomics","LPCAT2"
"N_40_2.51",0.813098454998103,40,"Proteomics","SCD5"
"N_40_2.52",1.2035363673232,40,"Proteomics","CACNA2D3"
"N_40_2.53",-0.939286327741733,40,"Proteomics","SLC17A8"
"N_40_2.54",1.22914811452391,40,"Proteomics","SFXN5"
"N_40_2.55",0.772000633062374,40,"Proteomics","SORCS1"
"N_40_2.56",1.04358414101009,40,"Proteomics","SYN2"
"N_40_2.57",-1.26075909870357,40,"Proteomics","MAGED4"
"N_40_2.58",0.255898096075547,40,"Proteomics","ARHGEF17"
"N_40_2.59",0.5717354948858,40,"Proteomics","MAP7D2"
"N_40_2.60",0.936296103961096,40,"Proteomics","SLC6A17"
"N_40_2.61",-0.429808166150244,40,"Proteomics","SMOC2"
"N_40_2.62",0.87256308825412,40,"Proteomics","GAREM1"
"N_40_2.63",1.40088603044192,40,"Proteomics","NYAP2"
"N_40_2.64",0.614797131274362,40,"Proteomics","CDH7"
"N_40_2.65",1.12849685069396,40,"Proteomics","HPCAL4"
"N_40_3",1.14077274686024,40,"Proteomics","DMD"
"N_40_3.1",0.77908041179381,40,"Proteomics","CDH4"
"N_40_3.2",0.680713507486456,40,"Proteomics","PCDH7"
"N_40_3.3",0.622709124419904,40,"Proteomics","IL6ST"
"N_40_3.4",-1.14785460793039,40,"Proteomics","SERPINF2"
"N_40_3.5",0.743578191220685,40,"Proteomics","GABRG2"
"N_40_3.6",1.29958676688982,40,"Proteomics","SNTB1"
"N_40_3.7",-0.557441356771337,40,"Proteomics","TGM3"
"N_40_3.8",-0.870371836208082,40,"Proteomics","NR3C1"
"N_40_3.9",1.49040291293411,40,"Proteomics","NTRK2"
"N_40_3.10",0.983079414670609,40,"Proteomics","CAMK2D"
"N_40_3.11",0.893084255039597,40,"Proteomics","ADCY5"
"N_40_3.12",0.780824993229059,40,"Proteomics","GRIA1"
"N_40_3.13",1.11921228001056,40,"Proteomics","PLPPR4"
"N_40_3.14",0.478318325231156,40,"Proteomics","PTPRT"
"N_40_3.15",1.0068999546504,40,"Proteomics","FGF13"
"N_40_3.16",1.15087951982218,40,"Proteomics","IL1RAP"
"N_40_3.17",0.596163572938258,40,"Proteomics","CD36"
"N_40_3.18",0.926764250763917,40,"Proteomics","ADCY8"
"N_40_3.19",0.542677808649922,40,"Proteomics","CACNA1E"
"N_40_3.20",0.347177058616405,40,"Proteomics","PDE5A"
"N_40_3.21",0.934397322374148,40,"Proteomics","NCAM2"
"N_40_3.22",0.6229334939072,40,"Proteomics","CDH8"
"N_40_3.23",0.663603905131412,40,"Proteomics","RAB27B"
"N_40_3.24",0.717961817160159,40,"Proteomics","FAAH"
"N_40_3.25",-0.014751092143117,40,"Proteomics","VGF"
"N_40_3.26",1.20806728704403,40,"Proteomics","BRINP1"
"N_40_3.27",0.769512574236559,40,"Proteomics","LY6H"
"N_40_3.28",0.517880364882643,40,"Proteomics","SLITRK3"
"N_40_3.29",1.35963261922154,40,"Proteomics","ECEL1"
"N_40_3.30",1.31528936931172,40,"Proteomics","KRT18"
"N_40_3.31",0.946996053763704,40,"Proteomics","TH"
"N_40_3.32",0.136760810248235,40,"Proteomics","COL4A2"
"N_40_3.33",0.36243232163091,40,"Proteomics","PRKCA"
"N_40_3.34",-0.521892065894258,40,"Proteomics","TAC1"
"N_40_3.35",1.58485976002068,40,"Proteomics","PTPRE"
"N_40_3.36",1.08288030104179,40,"Proteomics","ATP2B4"
"N_40_3.37",1.82311840871779,40,"Proteomics","AZGP1"
"N_40_3.38",0.900737956161221,40,"Proteomics","GABRA5"
"N_40_3.39",1.08115559090655,40,"Proteomics","HPCAL1"
"N_40_3.40",0.697913333145304,40,"Proteomics","COL18A1"
"N_40_3.41",0.610363264840402,40,"Proteomics","LIFR"
"N_40_3.42",1.43431733115701,40,"Proteomics","GRIN1"
"N_40_3.43",0.801909425476314,40,"Proteomics","RCAN2"
"N_40_3.44",0.45087224375195,40,"Proteomics","MAP7"
"N_40_3.45",0.829671536540808,40,"Proteomics","TRIM25"
"N_40_3.46",-1.7803112735845,40,"Proteomics","ECM1"
"N_40_3.47",1.50084684856317,40,"Proteomics","SV2C"
"N_40_3.48",0.634991068884897,40,"Proteomics","GALNT17"
"N_40_3.49",0.874652885006418,40,"Proteomics","BRINP3"
"N_40_3.50",0.544509732904732,40,"Proteomics","LPCAT2"
"N_40_3.51",0.716484492791963,40,"Proteomics","SCD5"
"N_40_3.52",1.02774993987853,40,"Proteomics","CACNA2D3"
"N_40_3.53",-1.23674949438333,40,"Proteomics","SLC17A8"
"N_40_3.54",0.987869946163147,40,"Proteomics","SFXN5"
"N_40_3.55",0.787802491981894,40,"Proteomics","SORCS1"
"N_40_3.56",0.97802390055803,40,"Proteomics","SYN2"
"N_40_3.57",-1.62579895304543,40,"Proteomics","MAGED4"
"N_40_3.58",0.706171981336565,40,"Proteomics","ARHGEF17"
"N_40_3.59",0.456905272738407,40,"Proteomics","MAP7D2"
"N_40_3.60",1.12015767419572,40,"Proteomics","SLC6A17"
"N_40_3.61",0.99931321413894,40,"Proteomics","SMOC2"
"N_40_3.62",0.829397578756288,40,"Proteomics","GAREM1"
"N_40_3.63",0.633188264567431,40,"Proteomics","NYAP2"
"N_40_3.64",0.463603055404336,40,"Proteomics","CDH7"
"N_40_3.65",1.16169871584295,40,"Proteomics","HPCAL4"
"1",0.173871831549464,27,"Synapse density (sqrt)","SC1_27"
"2",0.26193921345549,27,"Synapse density (sqrt)","SC1_27"
"3",0.463506432649125,27,"Synapse density (sqrt)","SC1_27"
"4",1.08740199582087,27,"Synapse density (sqrt)","SC1_27"
"5",0.18361770334926,27,"Synapse density (sqrt)","SC1_27"
"6",0.129135247925346,27,"Synapse density (sqrt)","SC1_27"
"7",0.616245187801934,27,"Synapse density (sqrt)","SC1_27"
"8",0.734122172801097,27,"Synapse density (sqrt)","SC1_27"
"9",0.86965192723461,27,"Synapse density (sqrt)","SC1_27"
"10",-0.0355847818966396,27,"Synapse density (sqrt)","SC1_27"
"11",1.67987228836978,27,"Synapse density (sqrt)","SC1_27"
"12",-0.042446864364051,27,"Synapse density (sqrt)","SC1_27"
"13",1.3127523718616,27,"Synapse density (sqrt)","SC1_27"
"14",-0.69158293420964,27,"Synapse density (sqrt)","SC1_27"
"15",-0.282944410679543,27,"Synapse density (sqrt)","SC1_27"
"16",-0.513127079112091,27,"Synapse density (sqrt)","SC1_27"
"17",-1.84297696206279,15,"Synapse density (sqrt)","SC1_15"
"18",-2.30748876621776,15,"Synapse density (sqrt)","SC1_15"
"19",-2.30748876621776,15,"Synapse density (sqrt)","SC1_15"
"20",-1.36493830226059,15,"Synapse density (sqrt)","SC1_15"
"21",-0.397024410064947,15,"Synapse density (sqrt)","SC1_15"
"22",-1.35267527419174,15,"Synapse density (sqrt)","SC1_15"
"23",-1.39085052870074,15,"Synapse density (sqrt)","SC1_15"
"24",-2.30748876621776,15,"Synapse density (sqrt)","SC1_15"
"25",-0.924928088112944,15,"Synapse density (sqrt)","SC1_15"
"26",-1.65578399104811,15,"Synapse density (sqrt)","SC1_15"
"27",-1.07428141943354,15,"Synapse density (sqrt)","SC1_15"
"28",-0.414370629514063,15,"Synapse density (sqrt)","SC1_15"
"29",-1.58092598031694,15,"Synapse density (sqrt)","SC1_15"
"30",-1.04623183897443,15,"Synapse density (sqrt)","SC1_15"
"31",-1.10056138100852,15,"Synapse density (sqrt)","SC1_15"
"32",-1.8432311603164,15,"Synapse density (sqrt)","SC1_15"
"33",0.187113187918004,40,"Synapse density (sqrt)","SC3_40"
"34",-0.115785664695166,40,"Synapse density (sqrt)","SC3_40"
"35",0.242767823326149,40,"Synapse density (sqrt)","SC3_40"
"36",0.565013118015419,40,"Synapse density (sqrt)","SC3_40"
"37",0.908421538624843,40,"Synapse density (sqrt)","SC3_40"
"38",-0.130696130192833,40,"Synapse density (sqrt)","SC3_40"
"39",-0.0234670684023897,40,"Synapse density (sqrt)","SC3_40"
"40",0.0851746294618611,40,"Synapse density (sqrt)","SC3_40"
"41",-0.558876335022041,40,"Synapse density (sqrt)","SC3_40"
"42",-0.688221118672533,40,"Synapse density (sqrt)","SC3_40"
"43",0.0734725368847927,40,"Synapse density (sqrt)","SC3_40"
"44",0.176954392841394,40,"Synapse density (sqrt)","SC3_40"
"45",-0.148995859079121,40,"Synapse density (sqrt)","SC3_40"
"46",0.0719248031612589,40,"Synapse density (sqrt)","SC3_40"
"47",0.376941164405828,40,"Synapse density (sqrt)","SC3_40"
"48",-0.421821107595002,40,"Synapse density (sqrt)","SC3_40"
"49",1.09640133010262,33,"Synapse density (sqrt)","SC2_33"
"50",0.732555817178109,33,"Synapse density (sqrt)","SC2_33"
"51",0.351041096305947,33,"Synapse density (sqrt)","SC2_33"
"52",0.218922728797924,33,"Synapse density (sqrt)","SC2_33"
"53",0.950941703194894,33,"Synapse density (sqrt)","SC2_33"
"54",-0.467538329070345,33,"Synapse density (sqrt)","SC2_33"
"55",0.496976719848462,33,"Synapse density (sqrt)","SC2_33"
"56",0.571061028059004,33,"Synapse density (sqrt)","SC2_33"
"57",0.466868223233661,33,"Synapse density (sqrt)","SC2_33"
"58",0.55090372227335,33,"Synapse density (sqrt)","SC2_33"
"59",-0.532131995042119,33,"Synapse density (sqrt)","SC2_33"
"60",0.0436087362135065,33,"Synapse density (sqrt)","SC2_33"
"61",-0.0223343891212796,33,"Synapse density (sqrt)","SC2_33"
"62",0.235902515027768,33,"Synapse density (sqrt)","SC2_33"
"63",0.258746462284019,33,"Synapse density (sqrt)","SC2_33"
"64",0.366484520487119,33,"Synapse density (sqrt)","SC2_33"
"65",-0.438613657597376,21,"Synapse density (sqrt)","SC1_21"
"66",-0.0183471040551482,21,"Synapse density (sqrt)","SC1_21"
"67",0.842486396788081,21,"Synapse density (sqrt)","SC1_21"
"68",0.704535112310309,21,"Synapse density (sqrt)","SC1_21"
"69",-0.049926635176257,21,"Synapse density (sqrt)","SC1_21"
"70",-0.277176987375059,21,"Synapse density (sqrt)","SC1_21"
"71",-0.601473423875873,21,"Synapse density (sqrt)","SC1_21"
"72",-0.610899236026347,21,"Synapse density (sqrt)","SC1_21"
"73",-0.904019440981269,21,"Synapse density (sqrt)","SC1_21"
"74",-0.357281345409679,21,"Synapse density (sqrt)","SC1_21"
"75",-0.925382490946495,21,"Synapse density (sqrt)","SC1_21"
"76",0.593334794897899,21,"Synapse density (sqrt)","SC1_21"
"77",0.0381211129112964,21,"Synapse density (sqrt)","SC1_21"
"78",0.856916498342499,21,"Synapse density (sqrt)","SC1_21"
"79",-1.38315079107938,21,"Synapse density (sqrt)","SC1_21"
"80",-1.72599966676037,21,"Synapse density (sqrt)","SC1_21"
"81",-1.2427609233655,21,"Synapse density (sqrt)","SC3_21"
"82",-1.19176763856033,21,"Synapse density (sqrt)","SC3_21"
"83",-1.12392472178946,21,"Synapse density (sqrt)","SC3_21"
"84",0.740926640707765,21,"Synapse density (sqrt)","SC3_21"
"85",-0.712862772185253,21,"Synapse density (sqrt)","SC3_21"
"86",0.243080589829481,21,"Synapse density (sqrt)","SC3_21"
"87",0.552485621215528,21,"Synapse density (sqrt)","SC3_21"
"88",-0.972465868895589,21,"Synapse density (sqrt)","SC3_21"
"89",-0.16844846827129,21,"Synapse density (sqrt)","SC3_21"
"90",-0.510400337927272,21,"Synapse density (sqrt)","SC3_21"
"91",-0.0666617787816675,21,"Synapse density (sqrt)","SC3_21"
"92",-0.165900764796977,21,"Synapse density (sqrt)","SC3_21"
"93",0.244211594815489,21,"Synapse density (sqrt)","SC3_21"
"94",1.56142921897887,21,"Synapse density (sqrt)","SC3_21"
"95",-0.53861542570806,21,"Synapse density (sqrt)","SC3_21"
"96",0.680491310992059,21,"Synapse density (sqrt)","SC3_21"
"97",0.33034682001332,33,"Synapse density (sqrt)","SC1_33"
"98",1.03169512114189,33,"Synapse density (sqrt)","SC1_33"
"100",0.585886897760534,33,"Synapse density (sqrt)","SC1_33"
"101",1.251164452234,33,"Synapse density (sqrt)","SC1_33"
"102",0.693930721254443,33,"Synapse density (sqrt)","SC1_33"
"103",1.22242567558912,33,"Synapse density (sqrt)","SC1_33"
"104",0.892403870863124,33,"Synapse density (sqrt)","SC1_33"
"105",0.452643741716932,33,"Synapse density (sqrt)","SC1_33"
"106",0.761065514252526,33,"Synapse density (sqrt)","SC1_33"
"107",1.01152512609839,33,"Synapse density (sqrt)","SC1_33"
"108",0.716155335588684,33,"Synapse density (sqrt)","SC1_33"
"109",1.31802585045899,33,"Synapse density (sqrt)","SC1_33"
"110",0.948416062888446,33,"Synapse density (sqrt)","SC1_33"
"111",1.28293417457799,33,"Synapse density (sqrt)","SC1_33"
"112",1.24877050612495,33,"Synapse density (sqrt)","SC1_33"
"113",0.866898962828054,27,"Synapse density (sqrt)","SC3_27"
"114",1.33333240702376,27,"Synapse density (sqrt)","SC3_27"
"115",-0.293432817352982,27,"Synapse density (sqrt)","SC3_27"
"116",0.834577880893343,27,"Synapse density (sqrt)","SC3_27"
"117",-0.86916414121104,27,"Synapse density (sqrt)","SC3_27"
"118",-0.046792684559733,27,"Synapse density (sqrt)","SC3_27"
"119",1.19731249810954,27,"Synapse density (sqrt)","SC3_27"
"120",0.691184365210276,27,"Synapse density (sqrt)","SC3_27"
"121",0.360745729398403,27,"Synapse density (sqrt)","SC3_27"
"122",0.128784982126923,27,"Synapse density (sqrt)","SC3_27"
"123",0.590313627376824,27,"Synapse density (sqrt)","SC3_27"
"124",0.736620907511415,27,"Synapse density (sqrt)","SC3_27"
"125",0.319341695997954,27,"Synapse density (sqrt)","SC3_27"
"126",-0.473089824284873,27,"Synapse density (sqrt)","SC3_27"
"127",0.869172358342735,27,"Synapse density (sqrt)","SC3_27"
"128",0.368481407941674,27,"Synapse density (sqrt)","SC3_27"
"129",0.695568551436501,21,"Synapse density (sqrt)","SC2_21"
"130",0.276510073702932,21,"Synapse density (sqrt)","SC2_21"
"131",-0.49463852450377,21,"Synapse density (sqrt)","SC2_21"
"132",-0.697182636991429,21,"Synapse density (sqrt)","SC2_21"
"133",-1.11206991099605,21,"Synapse density (sqrt)","SC2_21"
"134",0.604348052145605,21,"Synapse density (sqrt)","SC2_21"
"135",-0.746640037594412,21,"Synapse density (sqrt)","SC2_21"
"136",0.595230408070403,21,"Synapse density (sqrt)","SC2_21"
"137",0.188113282621938,21,"Synapse density (sqrt)","SC2_21"
"138",-1.12105983696222,21,"Synapse density (sqrt)","SC2_21"
"139",-0.423878362133355,21,"Synapse density (sqrt)","SC2_21"
"140",-0.0609110370938575,21,"Synapse density (sqrt)","SC2_21"
"141",-0.317096515163957,21,"Synapse density (sqrt)","SC2_21"
"142",-2.30748876621776,21,"Synapse density (sqrt)","SC2_21"
"143",-0.940638338730912,21,"Synapse density (sqrt)","SC2_21"
"144",-0.647392898621222,21,"Synapse density (sqrt)","SC2_21"
"145",-2.30748876621776,15,"Synapse density (sqrt)","SC2_15"
"146",-1.35158149216288,15,"Synapse density (sqrt)","SC2_15"
"147",-0.861880042926922,15,"Synapse density (sqrt)","SC2_15"
"149",-0.0501812873366083,15,"Synapse density (sqrt)","SC2_15"
"150",-0.441169883271159,15,"Synapse density (sqrt)","SC2_15"
"151",-1.27336271673966,15,"Synapse density (sqrt)","SC2_15"
"152",-1.19347515948907,15,"Synapse density (sqrt)","SC2_15"
"153",-0.141025753499902,15,"Synapse density (sqrt)","SC2_15"
"154",-0.964506369871176,15,"Synapse density (sqrt)","SC2_15"
"155",-2.30748876621776,15,"Synapse density (sqrt)","SC2_15"
"156",-2.30748876621776,15,"Synapse density (sqrt)","SC2_15"
"157",-2.30748876621776,15,"Synapse density (sqrt)","SC2_15"
"158",-0.621833393193643,15,"Synapse density (sqrt)","SC2_15"
"159",-2.30748876621776,15,"Synapse density (sqrt)","SC2_15"
"160",-1.06593386456574,15,"Synapse density (sqrt)","SC2_15"
"161",0.0033629302094991,40,"Synapse density (sqrt)","SC2_40"
"162",-0.3993850283982,40,"Synapse density (sqrt)","SC2_40"
"163",1.08392917255048,40,"Synapse density (sqrt)","SC2_40"
"164",0.24246472200392,40,"Synapse density (sqrt)","SC2_40"
"165",0.869461104993763,40,"Synapse density (sqrt)","SC2_40"
"166",0.667310072345876,40,"Synapse density (sqrt)","SC2_40"
"167",0.953790061658027,40,"Synapse density (sqrt)","SC2_40"
"168",1.1944994781224,40,"Synapse density (sqrt)","SC2_40"
"169",0.061332762328689,40,"Synapse density (sqrt)","SC2_40"
"170",0.88945374533695,40,"Synapse density (sqrt)","SC2_40"
"171",0.57592447110544,40,"Synapse density (sqrt)","SC2_40"
"172",1.49192079415005,40,"Synapse density (sqrt)","SC2_40"
"173",0.778745846650592,40,"Synapse density (sqrt)","SC2_40"
"175",1.00634357354249,40,"Synapse density (sqrt)","SC2_40"
"176",0.854973612073248,40,"Synapse density (sqrt)","SC2_40"
"177",0.365413059791715,33,"Synapse density (sqrt)","SC3_33"
"178",1.31320690913354,33,"Synapse density (sqrt)","SC3_33"
"179",0.254290525059388,33,"Synapse density (sqrt)","SC3_33"
"180",0.748132445970565,33,"Synapse density (sqrt)","SC3_33"
"181",0.643916835490712,33,"Synapse density (sqrt)","SC3_33"
"182",0.61368728020326,33,"Synapse density (sqrt)","SC3_33"
"183",0.580005236393354,33,"Synapse density (sqrt)","SC3_33"
"184",1.11805958896845,33,"Synapse density (sqrt)","SC3_33"
"185",0.0436325673070404,33,"Synapse density (sqrt)","SC3_33"
"186",0.40710148519248,33,"Synapse density (sqrt)","SC3_33"
"187",0.829726359910458,33,"Synapse density (sqrt)","SC3_33"
"188",-0.164177232536405,33,"Synapse density (sqrt)","SC3_33"
"189",0.468364471761855,33,"Synapse density (sqrt)","SC3_33"
"190",-0.119363292366854,33,"Synapse density (sqrt)","SC3_33"
"191",0.800818702057963,33,"Synapse density (sqrt)","SC3_33"
"192",0.998619619864029,33,"Synapse density (sqrt)","SC3_33"
"193",0.361013365314811,40,"Synapse density (sqrt)","SC1_40"
"194",1.01218296400179,40,"Synapse density (sqrt)","SC1_40"
"195",1.31166504907448,40,"Synapse density (sqrt)","SC1_40"
"196",1.01426136210246,40,"Synapse density (sqrt)","SC1_40"
"197",1.16959418308831,40,"Synapse density (sqrt)","SC1_40"
"198",0.447987920730219,40,"Synapse density (sqrt)","SC1_40"
"199",1.05830207350399,40,"Synapse density (sqrt)","SC1_40"
"200",0.52223425016349,40,"Synapse density (sqrt)","SC1_40"
"201",1.90091368910939,40,"Synapse density (sqrt)","SC1_40"
"202",0.15987633190725,40,"Synapse density (sqrt)","SC1_40"
"203",0.907791056488352,40,"Synapse density (sqrt)","SC1_40"
"204",0.756028893751565,40,"Synapse density (sqrt)","SC1_40"
"205",1.29876699565074,40,"Synapse density (sqrt)","SC1_40"
"206",0.100487128660905,40,"Synapse density (sqrt)","SC1_40"
"207",0.739265610165081,40,"Synapse density (sqrt)","SC1_40"
"208",1.006687879975,40,"Synapse density (sqrt)","SC1_40"
"209",1.346333967953,27,"Synapse density (sqrt)","SC2_27"
"210",1.11820754107547,27,"Synapse density (sqrt)","SC2_27"
"211",0.394839576570252,27,"Synapse density (sqrt)","SC2_27"
"212",0.731420645618111,27,"Synapse density (sqrt)","SC2_27"
"213",1.98695115313932,27,"Synapse density (sqrt)","SC2_27"
"214",-0.883066102226693,27,"Synapse density (sqrt)","SC2_27"
"215",1.02704033731864,27,"Synapse density (sqrt)","SC2_27"
"216",0.714852843134693,27,"Synapse density (sqrt)","SC2_27"
"217",0.933888272939711,27,"Synapse density (sqrt)","SC2_27"
"218",1.60375329123183,27,"Synapse density (sqrt)","SC2_27"
"219",0.590739117782699,27,"Synapse density (sqrt)","SC2_27"
"220",0.304140095713157,27,"Synapse density (sqrt)","SC2_27"
"221",1.35865724363768,27,"Synapse density (sqrt)","SC2_27"
"222",0.625592080950763,27,"Synapse density (sqrt)","SC2_27"
"224",1.13862854971647,27,"Synapse density (sqrt)","SC2_27"
"225",-1.19735169545076,15,"Synapse density (sqrt)","SC3_15"
"226",-2.30748876621776,15,"Synapse density (sqrt)","SC3_15"
"227",-2.30748876621776,15,"Synapse density (sqrt)","SC3_15"
"228",-1.59394799234684,15,"Synapse density (sqrt)","SC3_15"
"229",0.0887646049938482,15,"Synapse density (sqrt)","SC3_15"
"230",-1.71934104242106,15,"Synapse density (sqrt)","SC3_15"
"231",-2.30748876621776,15,"Synapse density (sqrt)","SC3_15"
"232",-0.976276881314217,15,"Synapse density (sqrt)","SC3_15"
"233",-1.35706383680135,15,"Synapse density (sqrt)","SC3_15"
"234",-2.30748876621776,15,"Synapse density (sqrt)","SC3_15"
"235",-1.58206664399339,15,"Synapse density (sqrt)","SC3_15"
"236",-0.381150763389024,15,"Synapse density (sqrt)","SC3_15"
"237",-0.46088387538864,15,"Synapse density (sqrt)","SC3_15"
"238",-1.19795690569624,15,"Synapse density (sqrt)","SC3_15"
"239",-2.30748876621776,15,"Synapse density (sqrt)","SC3_15"
"240",-0.395390571835062,15,"Synapse density (sqrt)","SC3_15"
