"","Day","Experiment","Table","Cell.Trace","Peak.Intensity.df.F.","Start.Intensity.df.F.","Stop.Intensity.df.F.","Peak.Duration.s.","Duration.To.Peak.s.","Time.To.Decay.s.","Baseline.Intensity.df.F.","#Peaks","Frequency","Frequency [hz]","Differentiation","CVS","Video","#Cells_Video","#Cells_DayExp","#Cells_Day","Condition"
"1","Day 15","Cell Line 1","TIFF_LV16_CA imaging_LV16_DAY15_CS1_1_200820.csv","Mean2",0.0772549825354428,0.00804250198127333,0.0194213703562378,1.473,0.982,0.491,0.0137319361687556,1,0.0016366612111293,0.00333333333333333,"LV16","CS1","1",2,15,17,"Day 15"
"2","Day 15","Cell Line 1","TIFF_LV16_CA imaging_LV16_DAY15_CS1_1_200820.csv","Mean7",0.0767296493871402,0.0243820499246652,0.0190678828847172,2.455,0.491,1.964,0.0217249664046912,1,0.0016366612111293,0.00333333333333333,"LV16","CS1","1",2,15,17,"Day 15"
"3","Day 15","Cell Line 1","TIFF_LV16_CA imaging_LV16_DAY15_CS1_2_200820.csv","Mean7",0.0959967867184362,0.0674597861637626,0.0383489853298394,1.473,0.491,0.982,0.052904385746801,1,0.0016366612111293,0.00333333333333333,"LV16","CS1","2",2,15,17,"Day 15"
"4","Day 15","Cell Line 1","TIFF_LV16_CA imaging_LV16_DAY15_CS1_2_200820.csv","Mean9",0.0920902140979592,0.0241888556694824,0.0271786022433131,0.982,0.491,0.491,0.0256837289563977,1,0.0016366612111293,0.00333333333333333,"LV16","CS1","2",2,15,17,"Day 15"
"5","Day 15","Cell Line 1","TIFF_LV16_CA imaging_LV16_DAY15_CS1_3_200820.csv","Mean5",0.0844067729945525,0.00327440067651294,0.0357922476351551,0.982,0.491,0.491,0.019533324155834,1,0.0016366612111293,0.00333333333333333,"LV16","CS1","3",1,15,17,"Day 15"
"6","Day 15","Cell Line 1","TIFF_LV16_CA imaging_LV16_DAY15_CS1_5_200820.csv","Mean2",0.0753081664098613,0.0191488930338173,0.0425756224150515,1.473,0.982,0.491,0.0308622577244344,1,0.0016366612111293,0.00333333333333333,"LV16","CS1","5",1,15,17,"Day 15"
"7","Day 15","Cell Line 1","TIFF_LV16_CA imaging_LV16_DAY15_CS2_1_200820.csv","Mean6",0.0880710077282118,0.0100783752172534,0.0620880382147502,2.946,1.964,0.982,0.0360832067160018,1,0.0016366612111293,0.00333333333333333,"LV16","CS2","1",1,15,17,"Day 15"
"8","Day 15","Cell Line 1","TIFF_LV16_CA imaging_LV16_DAY15_CS2_2_200820.csv","Mean1",0.0991869918699188,0.0160646290007203,0.0509519398991458,2.946,0.982,1.964,0.033508284449933,1,0.0016366612111293,0.00333333333333333,"LV16","CS2","2",3,15,17,"Day 15"
"9","Day 15","Cell Line 1","TIFF_LV16_CA imaging_LV16_DAY15_CS2_2_200820.csv","Mean11",0.0859768604257523,0.045482605492164,0.0312643128820917,1.473,0.491,0.982,0.0383734591871279,1,0.0016366612111293,0.00333333333333333,"LV16","CS2","2",3,15,17,"Day 15"
"10","Day 15","Cell Line 1","TIFF_LV16_CA imaging_LV16_DAY15_CS2_2_200820.csv","Mean9",0.0754856057224131,0.0200990417657258,0.0174828441805178,1.473,0.491,0.982,0.0187909429731218,1,0.0016366612111293,0.00333333333333333,"LV16","CS2","2",3,15,17,"Day 15"
"11","Day 15","Cell Line 1","TIFF_LV16_CA imaging_LV16_DAY15_CS2_3_200820.csv","Mean1",0.0963950191536826,0.0625183315409161,0.0468576405862539,1.2275,0.491,0.7365,0.0571521895636871,4,0.00654664484451719,0.0133333333333333,"LV16","CS2","3",1,15,17,"Day 15"
"12","Day 15","Cell Line 1","TIFF_LV16_CA imaging_LV16_DAY15_CS2_4_200820.csv","Mean3",0.0947099833242923,0.0398408775842324,0.0510718662728788,1.473,0.491,0.982,0.0454563719285556,1,0.0016366612111293,0.00333333333333333,"LV16","CS2","4",2,15,17,"Day 15"
"13","Day 15","Cell Line 1","TIFF_LV16_CA imaging_LV16_DAY15_CS2_4_200820.csv","Mean7",0.0814066365353904,0.037472730499045,0.0274417293821697,0.982,0.491,0.491,0.0324572299406073,1,0.0016366612111293,0.00333333333333333,"LV16","CS2","4",2,15,17,"Day 15"
"14","Day 15","Cell Line 1","TIFF_LV16_CA imaging_LV16_DAY15_CS2_5_200820.csv","Mean5",0.0880363936800661,0.0320994706188354,0.0428604942930874,0.982,0.491,0.491,0.0374799824559614,1,0.0016366612111293,0.00333333333333333,"LV16","CS2","5",2,15,17,"Day 15"
"15","Day 15","Cell Line 1","TIFF_LV16_CA imaging_LV16_DAY15_CS2_5_200820.csv","Mean6",0.0757169361250993,0.0495944871455075,0.0295997879671349,1.473,0.491,0.982,0.0395971375563212,1,0.0016366612111293,0.00333333333333333,"LV16","CS2","5",2,15,17,"Day 15"
"16","Day 15","Cell Line 2","Tiff_LV18_CA imaging_LV18_DAY15_CS2_10_141021.csv","Mean8",0.0850154191197084,-0.0128559413672955,0.041651648043574,2.455,1.964,0.491,0.0143978533381392,1,0.0016366612111293,0.00333333333333333,"LV18","CS2","10",2,2,17,"Day 15"
"17","Day 15","Cell Line 2","Tiff_LV18_CA imaging_LV18_DAY15_CS2_10_141021.csv","Mean9",0.084159011592924,-0.0126559428777729,0.03707529383449,2.455,1.473,0.982,0.0122096754783586,1,0.0016366612111293,0.00333333333333333,"LV18","CS2","10",2,2,17,"Day 15"
"18","Day 21","Cell Line 1","TIFF_LV16_CA imaging_LV16_Day21_CS1_1_260820.csv","Mean11",0.0934746014456876,-0.0166023038584678,-0.0145779010022995,4.419,0.982,3.437,-0.0155901024303837,1,0.0016366612111293,0.00333333333333333,"LV16","CS1","1",3,41,43,"Day 21"
"19","Day 21","Cell Line 1","TIFF_LV16_CA imaging_LV16_Day21_CS1_1_260820.csv","Mean6",0.174877072033254,-0.0122877274801034,0.00592081918183189,3.437,0.982,2.455,-0.00350281340295036,13,0.0212765957446809,0.0433333333333333,"LV16","CS1","1",3,41,43,"Day 21"
"20","Day 21","Cell Line 1","TIFF_LV16_CA imaging_LV16_Day21_CS1_1_260820.csv","Mean7",0.0881619773862739,-0.0244543781225349,-0.00171443597160133,3.437,1.964,1.473,-0.0130844070470681,1,0.0016366612111293,0.00333333333333333,"LV16","CS1","1",3,41,43,"Day 21"
"21","Day 21","Cell Line 1","TIFF_LV16_CA imaging_LV16_Day21_CS1_2_260820.csv","Mean14",0.0787453998343416,0.0239208614236137,0.0118739318703671,1.964,0.7365,1.2275,0.0178973966469904,2,0.00327332242225859,0.00666666666666667,"LV16","CS1","2",4,41,43,"Day 21"
"22","Day 21","Cell Line 1","TIFF_LV16_CA imaging_LV16_Day21_CS1_2_260820.csv","Mean16",0.0951680498781948,-0.0102140881126388,0.0141211445559271,2.455,1.2275,1.2275,0.003814154176473,10,0.016366612111293,0.0333333333333333,"LV16","CS1","2",4,41,43,"Day 21"
"23","Day 21","Cell Line 1","TIFF_LV16_CA imaging_LV16_Day21_CS1_2_260820.csv","Mean4",0.0927621089669579,0.0169699635310719,0.0313284585921895,2.455,0.982,1.473,0.0241492110616307,2,0.00327332242225859,0.00666666666666667,"LV16","CS1","2",4,41,43,"Day 21"
"24","Day 21","Cell Line 1","TIFF_LV16_CA imaging_LV16_Day21_CS1_2_260820.csv","Mean5",0.113655913114082,-0.02096580997323,0.0239603514667224,2.455,0.7365,1.473,0.00597903419002681,10,0.016366612111293,0.0333333333333333,"LV16","CS1","2",4,41,43,"Day 21"
"25","Day 21","Cell Line 1","TIFF_LV16_CA imaging_LV16_Day21_CS1_3_260820.csv","Mean3",0.199870897853491,-0.00697448377690554,0.0261617338269884,3.437,0.982,1.964,0.0103949486930263,7,0.0114566284779051,0.0233333333333333,"LV16","CS1","3",2,41,43,"Day 21"
"26","Day 21","Cell Line 1","TIFF_LV16_CA imaging_LV16_Day21_CS1_3_260820.csv","Mean9",0.0841567916007257,0.0134616126915505,0.00301076929015322,2.946,1.473,1.473,0.00823619099085186,1,0.0016366612111293,0.00333333333333333,"LV16","CS1","3",2,41,43,"Day 21"
"27","Day 21","Cell Line 1","TIFF_LV16_CA imaging_LV16_Day21_CS1_4_260820.csv","Mean12",0.0887880685259128,-0.00190920008622194,-0.00226845816696266,2.946,0.982,1.473,0.00338729047555504,6,0.00981996726677578,0.02,"LV16","CS1","4",3,41,43,"Day 21"
"28","Day 21","Cell Line 1","TIFF_LV16_CA imaging_LV16_Day21_CS1_4_260820.csv","Mean6",0.225472508176635,-0.00916072513965408,0.00145201593840752,3.6825,0.491,2.7005,-0.00420409265887749,8,0.0130932896890344,0.0266666666666667,"LV16","CS1","4",3,41,43,"Day 21"
"29","Day 21","Cell Line 1","TIFF_LV16_CA imaging_LV16_Day21_CS1_4_260820.csv","Mean7",0.0940458639003856,-0.00976961472192119,0.00225589285397095,2.946,0.982,1.964,-0.000590617617279764,3,0.00490998363338789,0.01,"LV16","CS1","4",3,41,43,"Day 21"
"30","Day 21","Cell Line 1","TIFF_LV16_CA imaging_LV16_Day21_CS1_5_260820.csv","Mean1",0.274848794717525,-0.00858481367862839,0.011466235444262,3.6825,0.982,2.946,0.00204711738920192,8,0.0130932896890344,0.0266666666666667,"LV16","CS1","5",7,41,43,"Day 21"
"31","Day 21","Cell Line 1","TIFF_LV16_CA imaging_LV16_Day21_CS1_5_260820.csv","Mean11",0.102484204067153,-0.0137920785434185,-0.00415631981131179,2.946,0.982,1.7185,-0.00897419917736518,6,0.00981996726677578,0.02,"LV16","CS1","5",7,41,43,"Day 21"
"32","Day 21","Cell Line 1","TIFF_LV16_CA imaging_LV16_Day21_CS1_5_260820.csv","Mean2",0.0895468863581294,-0.0142379452386721,0.0182699297310395,2.455,0.982,0.982,0.00343590986188516,5,0.00818330605564648,0.0166666666666667,"LV16","CS1","5",7,41,43,"Day 21"
"33","Day 21","Cell Line 1","TIFF_LV16_CA imaging_LV16_Day21_CS1_5_260820.csv","Mean5",0.160190797499237,-0.0140000762427568,0.0128612000609943,2.946,0.7365,2.2095,-0.0028305123513266,8,0.0130932896890344,0.0266666666666667,"LV16","CS1","5",7,41,43,"Day 21"
"34","Day 21","Cell Line 1","TIFF_LV16_CA imaging_LV16_Day21_CS1_5_260820.csv","Mean6",0.0829990457750067,0.0225956772681372,0.0507036251285424,0.982,0.491,0.491,0.0366496511983398,1,0.0016366612111293,0.00333333333333333,"LV16","CS1","5",7,41,43,"Day 21"
"35","Day 21","Cell Line 1","TIFF_LV16_CA imaging_LV16_Day21_CS1_5_260820.csv","Mean8",0.155136086965373,-0.00933371333184043,0.00432587586263058,3.437,0.982,2.2095,-0.00561091545711781,8,0.0130932896890344,0.0266666666666667,"LV16","CS1","5",7,41,43,"Day 21"
"36","Day 21","Cell Line 1","TIFF_LV16_CA imaging_LV16_Day21_CS1_5_260820.csv","Mean9",0.0824757517486212,0.0288865879170804,0.0326585381315639,1.473,0.982,0.491,0.0307725630243222,1,0.0016366612111293,0.00333333333333333,"LV16","CS1","5",7,41,43,"Day 21"
"37","Day 21","Cell Line 1","TIFF_LV16_CA imaging_LV16_Day21_CS2_1_260820.csv","Mean1",0.133046801681107,-0.0163350244141288,0.0129687308733322,3.437,0.982,2.455,0.00116290140500256,15,0.0245499181669394,0.05,"LV16","CS2","1",4,41,43,"Day 21"
"38","Day 21","Cell Line 1","TIFF_LV16_CA imaging_LV16_Day21_CS2_1_260820.csv","Mean11",0.0854837740986166,0.000960941722888467,0.00821805369261875,1.964,0.491,1.473,0.00458949770775361,1,0.0016366612111293,0.00333333333333333,"LV16","CS2","1",4,41,43,"Day 21"
"39","Day 21","Cell Line 1","TIFF_LV16_CA imaging_LV16_Day21_CS2_1_260820.csv","Mean6",0.164724701434207,-0.0157326450111791,0.00782542308181706,2.946,0.982,1.964,-0.000854343518804592,15,0.0245499181669394,0.05,"LV16","CS2","1",4,41,43,"Day 21"
"40","Day 21","Cell Line 1","TIFF_LV16_CA imaging_LV16_Day21_CS2_1_260820.csv","Mean8",0.0920072608411981,-0.0216920860706834,0.0132555570628476,2.946,0.982,1.964,-0.00421826450391792,3,0.00490998363338789,0.01,"LV16","CS2","1",4,41,43,"Day 21"
"41","Day 21","Cell Line 1","TIFF_LV16_CA imaging_LV16_Day21_CS2_2_260820.csv","Mean1",0.145356553554774,-0.0139536552119951,0.00917390056675511,3.437,0.982,2.455,-0.00398611808594595,13,0.0212765957446809,0.0433333333333333,"LV16","CS2","2",4,41,43,"Day 21"
"42","Day 21","Cell Line 1","TIFF_LV16_CA imaging_LV16_Day21_CS2_2_260820.csv","Mean3",0.0895920594792765,0.031903877907031,0.0416522850452905,1.473,0.491,0.982,0.0367780814761607,1,0.0016366612111293,0.00333333333333333,"LV16","CS2","2",4,41,43,"Day 21"
"43","Day 21","Cell Line 1","TIFF_LV16_CA imaging_LV16_Day21_CS2_2_260820.csv","Mean5",0.120939528962445,-0.0182202418841503,0.016970082749841,3.928,1.2275,2.946,-0.000166772756206205,10,0.016366612111293,0.0333333333333333,"LV16","CS2","2",4,41,43,"Day 21"
"44","Day 21","Cell Line 1","TIFF_LV16_CA imaging_LV16_Day21_CS2_2_260820.csv","Mean6",0.0756793845915961,0.0355831303877228,0.0308573968843017,2.455,1.473,0.982,0.0332202636360122,1,0.0016366612111293,0.00333333333333333,"LV16","CS2","2",4,41,43,"Day 21"
"45","Day 21","Cell Line 1","TIFF_LV16_CA imaging_LV16_Day21_CS2_3_260820.csv","Mean4",0.540460522104293,-0.0208336000614541,0.0323498534062248,4.419,0.7365,3.437,0.00315752749433471,12,0.0196399345335516,0.04,"LV16","CS2","3",1,41,43,"Day 21"
"46","Day 21","Cell Line 1","TIFF_LV16_CA imaging_LV16_Day21_CS2_4_260820.csv","Mean1",0.55969478211447,-0.0211396045231288,0.0219030733863238,5.401,1.2275,3.928,-0.000839815749514325,12,0.0196399345335516,0.04,"LV16","CS2","4",7,41,43,"Day 21"
"47","Day 21","Cell Line 1","TIFF_LV16_CA imaging_LV16_Day21_CS2_4_260820.csv","Mean11",0.075366852579802,0.049095474284303,0.0176583177262344,1.964,0.491,1.473,0.0333768960052687,1,0.0016366612111293,0.00333333333333333,"LV16","CS2","4",7,41,43,"Day 21"
"48","Day 21","Cell Line 1","TIFF_LV16_CA imaging_LV16_Day21_CS2_4_260820.csv","Mean2",0.0772010879690004,0.0313908863966616,0.0336357539401617,1.964,0.491,1.473,0.0325133201684117,1,0.0016366612111293,0.00333333333333333,"LV16","CS2","4",7,41,43,"Day 21"
"49","Day 21","Cell Line 1","TIFF_LV16_CA imaging_LV16_Day21_CS2_4_260820.csv","Mean3",0.079904840510754,0.0443559741709958,0.0457542360537943,1.473,0.491,0.982,0.045055105112395,1,0.0016366612111293,0.00333333333333333,"LV16","CS2","4",7,41,43,"Day 21"
"50","Day 21","Cell Line 1","TIFF_LV16_CA imaging_LV16_Day21_CS2_4_260820.csv","Mean4",0.122714772936766,-0.0140685491304616,0.0124708105450747,2.946,0.982,1.964,-0.00152284458919684,10,0.016366612111293,0.0333333333333333,"LV16","CS2","4",7,41,43,"Day 21"
"51","Day 21","Cell Line 1","TIFF_LV16_CA imaging_LV16_Day21_CS2_4_260820.csv","Mean7",0.0986953850601714,0.0171659860503777,0.0330219363232265,1.473,0.491,0.982,0.0250939611868021,1,0.0016366612111293,0.00333333333333333,"LV16","CS2","4",7,41,43,"Day 21"
"52","Day 21","Cell Line 1","TIFF_LV16_CA imaging_LV16_Day21_CS2_4_260820.csv","Mean8",0.103526446637582,-0.0114032504400353,0.0187177678394094,1.964,0.491,1.473,0.00239023087301644,11,0.0180032733224223,0.0366666666666667,"LV16","CS2","4",7,41,43,"Day 21"
"53","Day 21","Cell Line 1","TIFF_LV16_CA imaging_LV16_Day21_CS2_5_260820.csv","Mean1",0.0789863469192403,0.0110131492770416,0.0161317950526475,1.964,0.982,0.982,0.0135724721648445,2,0.00327332242225859,0.00666666666666667,"LV16","CS2","5",6,41,43,"Day 21"
"54","Day 21","Cell Line 1","TIFF_LV16_CA imaging_LV16_Day21_CS2_5_260820.csv","Mean11",0.0806541951383444,-0.0148477041050134,0.0418037210912757,0.982,0.491,0.491,0.0134780084931312,1,0.0016366612111293,0.00333333333333333,"LV16","CS2","5",6,41,43,"Day 21"
"55","Day 21","Cell Line 1","TIFF_LV16_CA imaging_LV16_Day21_CS2_5_260820.csv","Mean4",0.0988920925823525,-0.0209732206335414,0.02969231376886,2.455,1.473,0.982,0.000819575005924552,7,0.0114566284779051,0.0233333333333333,"LV16","CS2","5",6,41,43,"Day 21"
"56","Day 21","Cell Line 1","TIFF_LV16_CA imaging_LV16_Day21_CS2_5_260820.csv","Mean5",0.341472620637594,-0.0160559781661924,0.00469388150126796,3.928,0.982,3.437,-0.00535199272206405,11,0.0180032733224223,0.0366666666666667,"LV16","CS2","5",6,41,43,"Day 21"
"57","Day 21","Cell Line 1","TIFF_LV16_CA imaging_LV16_Day21_CS2_5_260820.csv","Mean6",0.0760864348043121,1.91992013131997e-05,0.0236726152192069,2.7005,1.2275,1.473,0.01184590721026,2,0.00327332242225859,0.00666666666666667,"LV16","CS2","5",6,41,43,"Day 21"
"58","Day 21","Cell Line 1","TIFF_LV16_CA imaging_LV16_Day21_CS2_5_260820.csv","Mean8",0.0890635400133121,0.0496305019370914,0.0460037888484972,1.473,0.491,0.982,0.0589020872800504,3,0.00490998363338789,0.01,"LV16","CS2","5",6,41,43,"Day 21"
"59","Day 21","Cell Line 2","Tiff_LV18_CA imaging_LV18_DAY21_CS2_2_201021.csv","Mean3",0.0753792298716452,0.00519253208868137,0.0196032672112018,1.964,0.982,0.982,0.0123978996499416,1,0.0016366612111293,0.00333333333333333,"LV18","CS2","2",1,2,43,"Day 21"
"60","Day 21","Cell Line 2","Tiff_LV18_CA imaging_LV18_DAY21_CS2_5_201021.csv","Mean2",0.0978541776296556,-0.0146991755832311,0.0262410103490616,2.455,1.964,0.491,0.00577091738291525,1,0.0016366612111293,0.00333333333333333,"LV18","CS2","5",1,2,43,"Day 21"
"61","Day 27","Cell Line 1","TIFF_LV16_CA imaging_LV16_DAY27_CS1_1_010920.csv","Mean11",0.0994013352418168,0.00156718523084645,0.00584560091105705,2.455,0.982,1.473,0.00370639307095175,2,0.00327332242225859,0.00666666666666667,"LV16","CS1","1",3,50,77,"Day 27"
"62","Day 27","Cell Line 1","TIFF_LV16_CA imaging_LV16_DAY27_CS1_1_010920.csv","Mean4",0.213433551221208,-0.0232311314543358,0.0222171890883999,4.6645,0.982,3.437,-0.0005069711829679,16,0.0261865793780687,0.0533333333333333,"LV16","CS1","1",3,50,77,"Day 27"
"63","Day 27","Cell Line 1","TIFF_LV16_CA imaging_LV16_DAY27_CS1_1_010920.csv","Mean8",0.112176337271105,-0.0159349365209892,-0.00042620188932794,2.455,0.982,1.7185,-0.0101059989169458,12,0.0196399345335516,0.04,"LV16","CS1","1",3,50,77,"Day 27"
"64","Day 27","Cell Line 1","TIFF_LV16_CA imaging_LV16_DAY27_CS1_2_010920.csv","Mean5",0.510285372754921,-0.0401504032441102,0.037124181028613,5.892,0.982,4.6645,-0.0006998138873337,16,0.0261865793780687,0.0533333333333333,"LV16","CS1","2",2,50,77,"Day 27"
"65","Day 27","Cell Line 1","TIFF_LV16_CA imaging_LV16_DAY27_CS1_2_010920.csv","Mean7",0.139312466559658,-0.0113506076587939,0.0128602002598793,2.946,0.982,1.964,0.00351601314683179,15,0.0245499181669394,0.05,"LV16","CS1","2",2,50,77,"Day 27"
"66","Day 27","Cell Line 1","TIFF_LV16_CA imaging_LV16_DAY27_CS1_3_010920.csv","Mean2",0.13496170276131,-0.0188508036370743,-0.000223361780937875,2.7005,0.491,1.964,-0.00728950478831816,14,0.0229132569558101,0.0466666666666667,"LV16","CS1","3",5,50,77,"Day 27"
"67","Day 27","Cell Line 1","TIFF_LV16_CA imaging_LV16_DAY27_CS1_3_010920.csv","Mean4",0.28936151830199,-0.0232612389482476,0.031094663479538,4.91,0.982,3.928,0.00781326498286432,14,0.0229132569558101,0.0466666666666667,"LV16","CS1","3",5,50,77,"Day 27"
"68","Day 27","Cell Line 1","TIFF_LV16_CA imaging_LV16_DAY27_CS1_3_010920.csv","Mean5",0.0984478328629797,-0.0109409881639358,0.00663409291942205,2.455,0.982,1.473,0.00465439534981677,5,0.00818330605564648,0.0166666666666667,"LV16","CS1","3",5,50,77,"Day 27"
"69","Day 27","Cell Line 1","TIFF_LV16_CA imaging_LV16_DAY27_CS1_3_010920.csv","Mean7",0.0822745305474742,0.0135308119545094,-0.00693996297275859,3.928,0.982,2.946,0.00329542449087538,1,0.0016366612111293,0.00333333333333333,"LV16","CS1","3",5,50,77,"Day 27"
"70","Day 27","Cell Line 1","TIFF_LV16_CA imaging_LV16_DAY27_CS1_3_010920.csv","Mean9",0.0909143218827321,0.0369411358536165,0.0452461783378407,3.437,0.491,2.946,0.0410936570957286,1,0.0016366612111293,0.00333333333333333,"LV16","CS1","3",5,50,77,"Day 27"
"71","Day 27","Cell Line 1","TIFF_LV16_CA imaging_LV16_DAY27_CS1_4_010920.csv","Mean1",0.0803071422417508,0.0395343327302491,0.0285711208753339,0.982,0.491,0.491,0.0340527268027915,1,0.0016366612111293,0.00333333333333333,"LV16","CS1","4",7,50,77,"Day 27"
"72","Day 27","Cell Line 1","TIFF_LV16_CA imaging_LV16_DAY27_CS1_4_010920.csv","Mean10",0.22713186121834,-0.0190409245897055,0.010730180428586,3.437,0.982,2.455,-0.00761170960551151,12,0.0196399345335516,0.04,"LV16","CS1","4",7,50,77,"Day 27"
"73","Day 27","Cell Line 1","TIFF_LV16_CA imaging_LV16_DAY27_CS1_4_010920.csv","Mean12",0.0775459053015856,-0.00912112461178013,0.0199313463738898,1.473,0.491,0.982,0.00540511088105481,1,0.0016366612111293,0.00333333333333333,"LV16","CS1","4",7,50,77,"Day 27"
"74","Day 27","Cell Line 1","TIFF_LV16_CA imaging_LV16_DAY27_CS1_4_010920.csv","Mean3",0.0800950170058846,-0.00165200021594765,0.0090698051071641,2.946,0.982,1.964,0.000194352966582094,5,0.00818330605564648,0.0166666666666667,"LV16","CS1","4",7,50,77,"Day 27"
"75","Day 27","Cell Line 1","TIFF_LV16_CA imaging_LV16_DAY27_CS1_4_010920.csv","Mean7",0.204974404053984,-0.0160039298826205,0.00982470655152803,3.437,0.982,2.2095,-0.000925590775117575,12,0.0196399345335516,0.04,"LV16","CS1","4",7,50,77,"Day 27"
"76","Day 27","Cell Line 1","TIFF_LV16_CA imaging_LV16_DAY27_CS1_4_010920.csv","Mean8",0.329120730446608,-0.018583788359201,0.0172932956824001,4.1735,1.2275,2.946,-0.000204674913793693,12,0.0196399345335516,0.04,"LV16","CS1","4",7,50,77,"Day 27"
"77","Day 27","Cell Line 1","TIFF_LV16_CA imaging_LV16_DAY27_CS1_4_010920.csv","Mean9",0.0959447814847375,-0.002854929540687,0.00782494407645641,3.437,0.491,2.946,0.00248500726788471,1,0.0016366612111293,0.00333333333333333,"LV16","CS1","4",7,50,77,"Day 27"
"78","Day 27","Cell Line 1","TIFF_LV16_CA imaging_LV16_DAY27_CS1_5_010920.csv","Mean3",0.114171384785663,-0.0140266485036822,0.00731131071474179,2.455,0.982,1.473,0.00235196458218045,11,0.0180032733224223,0.0366666666666667,"LV16","CS1","5",4,50,77,"Day 27"
"79","Day 27","Cell Line 1","TIFF_LV16_CA imaging_LV16_DAY27_CS1_5_010920.csv","Mean5",0.0766757773994085,0.0112801326283716,0.00647459449771472,1.964,0.982,0.982,0.00887736356304317,1,0.0016366612111293,0.00333333333333333,"LV16","CS1","5",4,50,77,"Day 27"
"80","Day 27","Cell Line 1","TIFF_LV16_CA imaging_LV16_DAY27_CS1_5_010920.csv","Mean7",0.0879744922945473,-0.00669994060705839,0.00839837034104049,2.946,0.982,1.964,0.000849214866991053,9,0.0147299509001637,0.03,"LV16","CS1","5",4,50,77,"Day 27"
"81","Day 27","Cell Line 1","TIFF_LV16_CA imaging_LV16_DAY27_CS1_5_010920.csv","Mean8",0.0986079878241687,-0.0159594024950195,0.02088445785914,1.7185,0.7365,0.982,0.00246252768206029,2,0.00327332242225859,0.00666666666666667,"LV16","CS1","5",4,50,77,"Day 27"
"82","Day 27","Cell Line 1","TIFF_LV16_CA imaging_LV16_DAY27_CS2_1_010920.csv","Mean3",0.177019833231262,-0.0140481462288595,-0.00283601074103738,3.437,0.982,1.964,-0.00546473830498891,23,0.0376432078559738,0.0766666666666667,"LV16","CS2","1",4,50,77,"Day 27"
"83","Day 27","Cell Line 1","TIFF_LV16_CA imaging_LV16_DAY27_CS2_1_010920.csv","Mean4",0.53699659445574,-0.0199730568734259,-0.00435943134941554,4.419,0.982,2.946,-0.00846365606513206,23,0.0376432078559738,0.0766666666666667,"LV16","CS2","1",4,50,77,"Day 27"
"84","Day 27","Cell Line 1","TIFF_LV16_CA imaging_LV16_DAY27_CS2_1_010920.csv","Mean5",0.12692622425539,-0.0192154117658658,-0.0023168916187678,3.437,1.473,2.455,-0.00785771327726788,21,0.0343698854337152,0.07,"LV16","CS2","1",4,50,77,"Day 27"
"85","Day 27","Cell Line 1","TIFF_LV16_CA imaging_LV16_DAY27_CS2_1_010920.csv","Mean8",0.119592496490706,-0.011399889404058,-0.000404100557233365,2.946,0.982,1.964,-0.00590199498064571,23,0.0376432078559738,0.0766666666666667,"LV16","CS2","1",4,50,77,"Day 27"
"86","Day 27","Cell Line 1","TIFF_LV16_CA imaging_LV16_DAY27_CS2_2_010920.csv","Mean1",0.0883711911357341,-0.0115401662049862,0.0111523545706371,1.964,0.982,1.2275,-0.00237396121883652,10,0.016366612111293,0.0333333333333333,"LV16","CS2","2",7,50,77,"Day 27"
"87","Day 27","Cell Line 1","TIFF_LV16_CA imaging_LV16_DAY27_CS2_2_010920.csv","Mean10",0.0950311965899964,-0.0124374523814426,-0.00260486378518625,2.455,0.982,1.473,-0.000190474229351596,13,0.0212765957446809,0.0433333333333333,"LV16","CS2","2",7,50,77,"Day 27"
"88","Day 27","Cell Line 1","TIFF_LV16_CA imaging_LV16_DAY27_CS2_2_010920.csv","Mean2",0.0752743197362594,0.0409880431038725,0.0497662746641736,0.982,0.491,0.491,0.0453771588840231,1,0.0016366612111293,0.00333333333333333,"LV16","CS2","2",7,50,77,"Day 27"
"89","Day 27","Cell Line 1","TIFF_LV16_CA imaging_LV16_DAY27_CS2_2_010920.csv","Mean4",0.0871586526099255,0.0066803805605555,0.0049678580611983,1.964,0.7365,1.2275,0.00773977886346109,4,0.00654664484451719,0.0133333333333333,"LV16","CS2","2",7,50,77,"Day 27"
"90","Day 27","Cell Line 1","TIFF_LV16_CA imaging_LV16_DAY27_CS2_2_010920.csv","Mean6",0.143447682979249,-0.0170747098579699,0.0078743037963106,3.437,0.982,1.964,-0.00588057763185573,21,0.0343698854337152,0.07,"LV16","CS2","2",7,50,77,"Day 27"
"91","Day 27","Cell Line 1","TIFF_LV16_CA imaging_LV16_DAY27_CS2_2_010920.csv","Mean7",0.124895131390219,-0.018971069795134,0.00987794646964898,2.946,0.982,1.964,-0.00543512579722695,19,0.0310965630114566,0.0633333333333333,"LV16","CS2","2",7,50,77,"Day 27"
"92","Day 27","Cell Line 1","TIFF_LV16_CA imaging_LV16_DAY27_CS2_2_010920.csv","Mean9",0.0993133124880609,0.00738465560057515,0.0312528276846667,1.964,0.982,0.982,0.0193187416426209,2,0.00327332242225859,0.00666666666666667,"LV16","CS2","2",7,50,77,"Day 27"
"93","Day 27","Cell Line 1","TIFF_LV16_CA imaging_LV16_DAY27_CS2_3_010920.csv","Mean1",0.0913068657100574,-0.0088153915449455,0.0106385260493748,2.455,0.982,1.473,0.00333526371104391,5,0.00818330605564648,0.0166666666666667,"LV16","CS2","3",8,50,77,"Day 27"
"94","Day 27","Cell Line 1","TIFF_LV16_CA imaging_LV16_DAY27_CS2_3_010920.csv","Mean13",0.0956015090423634,-0.00213492741246795,-0.00179982488190337,2.2095,0.7365,1.473,-0.00602373823087484,6,0.00981996726677578,0.02,"LV16","CS2","3",8,50,77,"Day 27"
"95","Day 27","Cell Line 1","TIFF_LV16_CA imaging_LV16_DAY27_CS2_3_010920.csv","Mean14",0.0762990048407537,0.0130575696507593,0.00902187688280385,2.455,1.2275,1.2275,0.0110397232667816,2,0.00327332242225859,0.00666666666666667,"LV16","CS2","3",8,50,77,"Day 27"
"96","Day 27","Cell Line 1","TIFF_LV16_CA imaging_LV16_DAY27_CS2_3_010920.csv","Mean3",0.0859442907941526,-0.010134334255235,-0.00103713947056489,2.455,0.982,1.473,-0.00762050572896085,11,0.0180032733224223,0.0366666666666667,"LV16","CS2","3",8,50,77,"Day 27"
"97","Day 27","Cell Line 1","TIFF_LV16_CA imaging_LV16_DAY27_CS2_3_010920.csv","Mean4",0.0980406295366925,-0.0124263313239692,0.00939305663715109,2.455,0.982,1.473,-0.00247324853624072,12,0.0196399345335516,0.04,"LV16","CS2","3",8,50,77,"Day 27"
"98","Day 27","Cell Line 1","TIFF_LV16_CA imaging_LV16_DAY27_CS2_3_010920.csv","Mean5",0.0752441752605445,-0.00309925246903482,0.0185409505101762,1.964,1.473,0.491,0.0077208490205707,1,0.0016366612111293,0.00333333333333333,"LV16","CS2","3",8,50,77,"Day 27"
"99","Day 27","Cell Line 1","TIFF_LV16_CA imaging_LV16_DAY27_CS2_3_010920.csv","Mean6",0.227795395952636,-0.022674210794491,0.00740723840812822,3.437,0.982,2.455,-0.00588054116949189,22,0.0360065466448445,0.0733333333333333,"LV16","CS2","3",8,50,77,"Day 27"
"100","Day 27","Cell Line 1","TIFF_LV16_CA imaging_LV16_DAY27_CS2_3_010920.csv","Mean7",0.187268208459472,-0.0266652213972144,0.017350975944006,4.419,0.982,2.946,-0.00336412273434668,21,0.0343698854337152,0.07,"LV16","CS2","3",8,50,77,"Day 27"
"101","Day 27","Cell Line 1","TIFF_LV16_CA imaging_LV16_DAY27_CS2_4_010920.csv","Mean1",0.556149508123312,-0.0479842151663145,-0.00603825863058171,5.892,1.473,4.419,-0.0236912441751445,21,0.0343698854337152,0.07,"LV16","CS2","4",6,50,77,"Day 27"
"102","Day 27","Cell Line 1","TIFF_LV16_CA imaging_LV16_DAY27_CS2_4_010920.csv","Mean2",0.372838513442646,-0.0254378911303009,0.00720204174387313,4.419,0.982,3.437,-0.00768276054959257,22,0.0360065466448445,0.0733333333333333,"LV16","CS2","4",6,50,77,"Day 27"
"103","Day 27","Cell Line 1","TIFF_LV16_CA imaging_LV16_DAY27_CS2_4_010920.csv","Mean3",0.0788585042469443,0.0206857261238865,0.0206960845245493,1.964,0.982,0.982,0.0206909053242179,1,0.0016366612111293,0.00333333333333333,"LV16","CS2","4",6,50,77,"Day 27"
"104","Day 27","Cell Line 1","TIFF_LV16_CA imaging_LV16_DAY27_CS2_4_010920.csv","Mean6",0.117540397845448,-0.0130081951184826,0.0079062450002667,2.946,0.982,1.964,-0.00568191918653228,20,0.0327332242225859,0.0666666666666667,"LV16","CS2","4",6,50,77,"Day 27"
"105","Day 27","Cell Line 1","TIFF_LV16_CA imaging_LV16_DAY27_CS2_4_010920.csv","Mean7",0.156707447750207,-0.016930516860633,0.00177970760615353,2.455,0.491,1.473,-0.00903364672338129,23,0.0376432078559738,0.0766666666666667,"LV16","CS2","4",6,50,77,"Day 27"
"106","Day 27","Cell Line 1","TIFF_LV16_CA imaging_LV16_DAY27_CS2_4_010920.csv","Mean8",0.103843177175209,-0.0106433417234335,0.0103330707069298,2.455,0.982,1.7185,-0.000888978755150884,14,0.0229132569558101,0.0466666666666667,"LV16","CS2","4",6,50,77,"Day 27"
"107","Day 27","Cell Line 1","TIFF_LV16_CA imaging_LV16_DAY27_CS2_5_010920.csv","Mean1",0.0810075782268579,0.0461619947848761,0.0568672588005215,1.473,0.982,0.491,0.0515146267926988,1,0.0016366612111293,0.00333333333333333,"LV16","CS2","5",4,50,77,"Day 27"
"108","Day 27","Cell Line 1","TIFF_LV16_CA imaging_LV16_DAY27_CS2_5_010920.csv","Mean2",0.0823422997461172,-0.0130024977129994,0.0162299951690324,1.964,0.982,1.473,0.00161374872801649,3,0.00490998363338789,0.01,"LV16","CS2","5",4,50,77,"Day 27"
"109","Day 27","Cell Line 1","TIFF_LV16_CA imaging_LV16_DAY27_CS2_5_010920.csv","Mean6",0.0911898128124403,0.0011969543045092,0.0360192719701466,1.964,0.982,0.982,0.0196290447499975,3,0.00490998363338789,0.01,"LV16","CS2","5",4,50,77,"Day 27"
"110","Day 27","Cell Line 1","TIFF_LV16_CA imaging_LV16_DAY27_CS2_5_010920.csv","Mean9",0.263413015330715,-0.0166799046862589,0.0234557759474252,3.1915,0.982,2.455,0.00380547727594203,16,0.0261865793780687,0.0533333333333333,"LV16","CS2","5",4,50,77,"Day 27"
"111","Day 27","Cell Line 2","Tiff_LV18_CA imaging_LV18_DAY27_CS1_1_261021.csv","Mean1",0.0789222022552204,0.0159736015216958,-0.0135670523450718,2.946,0.491,2.455,0.00120327458831202,1,0.0016366612111293,0.00333333333333333,"LV18","CS1","1",7,27,77,"Day 27"
"112","Day 27","Cell Line 2","Tiff_LV18_CA imaging_LV18_DAY27_CS1_1_261021.csv","Mean10",0.583270350615791,-0.0238182642682848,0.0258193151799148,4.91,0.982,3.928,-0.000489465690614378,17,0.027823240589198,0.0566666666666667,"LV18","CS1","1",7,27,77,"Day 27"
"113","Day 27","Cell Line 2","Tiff_LV18_CA imaging_LV18_DAY27_CS1_1_261021.csv","Mean2",0.171347241326609,-0.016420220082531,0.0103498013143817,2.946,0.982,1.964,-0.00155223139232769,16,0.0261865793780687,0.0533333333333333,"LV18","CS1","1",7,27,77,"Day 27"
"114","Day 27","Cell Line 2","Tiff_LV18_CA imaging_LV18_DAY27_CS1_1_261021.csv","Mean3",0.237482459497385,-0.0213914402347239,0.0210565760938895,3.928,1.473,2.946,0.00158263171322869,17,0.027823240589198,0.0566666666666667,"LV18","CS1","1",7,27,77,"Day 27"
"115","Day 27","Cell Line 2","Tiff_LV18_CA imaging_LV18_DAY27_CS1_1_261021.csv","Mean4",0.140349162920982,-0.0211495450893535,0,2.455,0.982,1.473,-0.0071547999044579,17,0.027823240589198,0.0566666666666667,"LV18","CS1","1",7,27,77,"Day 27"
"116","Day 27","Cell Line 2","Tiff_LV18_CA imaging_LV18_DAY27_CS1_1_261021.csv","Mean5",0.100636672015005,-0.00721659303543833,0.0152171205427464,2.455,0.982,1.473,0.00419075250382801,11,0.0180032733224223,0.0366666666666667,"LV18","CS1","1",7,27,77,"Day 27"
"117","Day 27","Cell Line 2","Tiff_LV18_CA imaging_LV18_DAY27_CS1_1_261021.csv","Mean8",0.375282022902388,-0.0148567536503342,0.00107487974117746,3.437,0.982,2.455,-0.0104614533225491,17,0.027823240589198,0.0566666666666667,"LV18","CS1","1",7,27,77,"Day 27"
"118","Day 27","Cell Line 2","Tiff_LV18_CA imaging_LV18_DAY27_CS1_2_261021.csv","Mean4",0.250456078279618,-0.019072364420366,0.0303104491285153,3.1915,0.982,2.2095,0.00293785489208116,18,0.0294599018003273,0.06,"LV18","CS1","2",1,27,77,"Day 27"
"119","Day 27","Cell Line 2","Tiff_LV18_CA imaging_LV18_DAY27_CS1_3_261021.csv","Mean1",0.661729534283723,-0.0204280522024066,0.0154281463625921,4.91,1.2275,3.437,-0.00329089847648816,16,0.0261865793780687,0.0533333333333333,"LV18","CS1","3",3,27,77,"Day 27"
"120","Day 27","Cell Line 2","Tiff_LV18_CA imaging_LV18_DAY27_CS1_3_261021.csv","Mean3",0.0917667238421955,-0.00762633592822269,0.00600782864933808,1.964,0.7365,1.473,0.00034965034965036,4,0.00654664484451719,0.0133333333333333,"LV18","CS1","3",3,27,77,"Day 27"
"121","Day 27","Cell Line 2","Tiff_LV18_CA imaging_LV18_DAY27_CS1_3_261021.csv","Mean4",0.241727156788478,-0.015984734434781,0.00949303364753032,3.437,0.982,2.455,-0.00313557778054796,15,0.0245499181669394,0.05,"LV18","CS1","3",3,27,77,"Day 27"
"122","Day 27","Cell Line 2","Tiff_LV18_CA imaging_LV18_DAY27_CS1_4_261021.csv","Mean11",0.0809303272431166,-0.00665682731945657,0.0293042902946714,1.964,0.982,0.982,0.0113237314876074,1,0.0016366612111293,0.00333333333333333,"LV18","CS1","4",2,27,77,"Day 27"
"123","Day 27","Cell Line 2","Tiff_LV18_CA imaging_LV18_DAY27_CS1_4_261021.csv","Mean7",0.0937093130654441,0.0119403981616461,0.0184280515896421,1.964,0.982,0.982,0.0151842248756441,1,0.0016366612111293,0.00333333333333333,"LV18","CS1","4",2,27,77,"Day 27"
"124","Day 27","Cell Line 2","Tiff_LV18_CA imaging_LV18_DAY27_CS1_5_261021.csv","Mean2",0.186253492217344,-0.00581561092422591,-0.00310165915958711,2.455,0.491,1.964,-0.0100689891099834,12,0.0196399345335516,0.04,"LV18","CS1","5",2,27,77,"Day 27"
"125","Day 27","Cell Line 2","Tiff_LV18_CA imaging_LV18_DAY27_CS1_5_261021.csv","Mean7",0.441940077778386,-0.0156515309196473,0.00633090504098885,3.437,0.982,2.455,-0.00198553979295614,12,0.0196399345335516,0.04,"LV18","CS1","5",2,27,77,"Day 27"
"126","Day 27","Cell Line 2","Tiff_LV18_CA imaging_LV18_DAY27_CS2_1_261021.csv","Mean11",0.139977659315623,-0.0138744497776992,0.0115850826162932,2.946,0.982,1.964,0.00134099404985725,18,0.0294599018003273,0.06,"LV18","CS2","1",4,27,77,"Day 27"
"127","Day 27","Cell Line 2","Tiff_LV18_CA imaging_LV18_DAY27_CS2_1_261021.csv","Mean2",0.212982969964465,-0.0201841250985652,-0.00214027506118732,2.946,0.982,1.964,-0.00969268107853471,19,0.0310965630114566,0.0633333333333333,"LV18","CS2","1",4,27,77,"Day 27"
"128","Day 27","Cell Line 2","Tiff_LV18_CA imaging_LV18_DAY27_CS2_1_261021.csv","Mean4",0.0916592742351412,-0.00120685742578347,0.0098302147587317,2.455,0.491,1.964,-0.00380108514018111,9,0.0147299509001637,0.03,"LV18","CS2","1",4,27,77,"Day 27"
"129","Day 27","Cell Line 2","Tiff_LV18_CA imaging_LV18_DAY27_CS2_1_261021.csv","Mean7",0.146464282404308,-0.0229381416758488,0.0060859446601242,2.946,0.982,1.964,-0.0102925578473673,18,0.0294599018003273,0.06,"LV18","CS2","1",4,27,77,"Day 27"
"130","Day 27","Cell Line 2","Tiff_LV18_CA imaging_LV18_DAY27_CS2_2_261021.csv","Mean3",0.302301775320991,-0.0207559494213876,0.0120207072036501,3.437,0.982,2.455,-0.00388991255008622,19,0.0310965630114566,0.0633333333333333,"LV18","CS2","2",2,27,77,"Day 27"
"131","Day 27","Cell Line 2","Tiff_LV18_CA imaging_LV18_DAY27_CS2_2_261021.csv","Mean6",0.14356759348731,-0.0173642644889894,0.00894005332790846,2.946,0.982,1.964,-0.00340201541714203,18,0.0294599018003273,0.06,"LV18","CS2","2",2,27,77,"Day 27"
"132","Day 27","Cell Line 2","Tiff_LV18_CA imaging_LV18_DAY27_CS2_3_261021.csv","Mean2",0.440711921761119,-0.0212656180276663,0.00455990629183398,3.437,0.982,2.455,-0.00896177301799788,18,0.0294599018003273,0.06,"LV18","CS2","3",2,27,77,"Day 27"
"133","Day 27","Cell Line 2","Tiff_LV18_CA imaging_LV18_DAY27_CS2_3_261021.csv","Mean5",0.0767424643046007,0.0139925965097833,0.00511898466419893,0.982,0.491,0.491,0.0095557905869911,1,0.0016366612111293,0.00333333333333333,"LV18","CS2","3",2,27,77,"Day 27"
"134","Day 27","Cell Line 2","Tiff_LV18_CA imaging_LV18_DAY27_CS2_4_261021.csv","Mean1",0.252918166496744,-0.0221021202222175,0.00185181332057174,2.946,0.7365,1.964,-0.010406046482595,18,0.0294599018003273,0.06,"LV18","CS2","4",2,27,77,"Day 27"
"135","Day 27","Cell Line 2","Tiff_LV18_CA imaging_LV18_DAY27_CS2_4_261021.csv","Mean9",0.287578234549746,-0.0164249803344848,0.00740449399774268,3.437,0.982,2.455,-0.00230428537227679,18,0.0294599018003273,0.06,"LV18","CS2","4",2,27,77,"Day 27"
"136","Day 27","Cell Line 2","Tiff_LV18_CA imaging_LV18_DAY27_CS2_5_261021.csv","Mean2",0.444492596605273,-0.0251263994221741,0.000740339472733781,4.91,0.982,3.928,-0.0114481762369086,17,0.027823240589198,0.0566666666666667,"LV18","CS2","5",2,27,77,"Day 27"
"137","Day 27","Cell Line 2","Tiff_LV18_CA imaging_LV18_DAY27_CS2_5_261021.csv","Mean7",0.321729292443857,-0.0202645200692838,0.0139668999489382,3.437,0.982,2.455,-0.00643278366823862,17,0.027823240589198,0.0566666666666667,"LV18","CS2","5",2,27,77,"Day 27"
"138","Day 33","Cell Line 1","TIFF_LV16_CA imaging_LV16_DAY33_CS1_1_070920.csv","Mean1",0.71195574141211,-0.0267148856742884,0.0199172619261279,5.892,0.982,4.1735,-0.00101179152159095,16,0.0261865793780687,0.0533333333333333,"LV16","CS1","1",10,100,131,"Day 33"
"139","Day 33","Cell Line 1","TIFF_LV16_CA imaging_LV16_DAY33_CS1_1_070920.csv","Mean11",0.218953245797031,-0.0215772896469914,0.0231009939869923,3.437,0.982,1.964,0.000319568863255245,16,0.0261865793780687,0.0533333333333333,"LV16","CS1","1",10,100,131,"Day 33"
"140","Day 33","Cell Line 1","TIFF_LV16_CA imaging_LV16_DAY33_CS1_1_070920.csv","Mean2",0.36277532871946,-0.0264650571404641,0.0233586867971648,4.419,1.2275,2.946,-0.00289128465163724,16,0.0261865793780687,0.0533333333333333,"LV16","CS1","1",10,100,131,"Day 33"
"141","Day 33","Cell Line 1","TIFF_LV16_CA imaging_LV16_DAY33_CS1_1_070920.csv","Mean3",0.391432211427834,-0.0338367596630356,0.0255725983421166,5.401,0.982,4.1735,-0.00740547427025635,16,0.0261865793780687,0.0533333333333333,"LV16","CS1","1",10,100,131,"Day 33"
"142","Day 33","Cell Line 1","TIFF_LV16_CA imaging_LV16_DAY33_CS1_1_070920.csv","Mean4",0.323397380722221,-0.0228193651760531,0.0169498258670233,3.928,0.982,3.1915,-0.00181085053696513,16,0.0261865793780687,0.0533333333333333,"LV16","CS1","1",10,100,131,"Day 33"
"143","Day 33","Cell Line 1","TIFF_LV16_CA imaging_LV16_DAY33_CS1_1_070920.csv","Mean5",0.095875009280964,-0.0163663169953011,0.0164193510750008,2.455,0.982,1.473,0.000662925996245188,15,0.0245499181669394,0.05,"LV16","CS1","1",10,100,131,"Day 33"
"144","Day 33","Cell Line 1","TIFF_LV16_CA imaging_LV16_DAY33_CS1_1_070920.csv","Mean6",0.0979424409932438,-0.0155084671404756,0.0585790120207071,1.473,0.982,0.491,0.0221823725541809,3,0.00490998363338789,0.01,"LV16","CS1","1",10,100,131,"Day 33"
"145","Day 33","Cell Line 1","TIFF_LV16_CA imaging_LV16_DAY33_CS1_1_070920.csv","Mean7",0.252487046267849,-0.022937069820089,0.0283329935248916,3.928,0.982,2.946,0.00137973944894793,16,0.0261865793780687,0.0533333333333333,"LV16","CS1","1",10,100,131,"Day 33"
"146","Day 33","Cell Line 1","TIFF_LV16_CA imaging_LV16_DAY33_CS1_1_070920.csv","Mean8",0.0874453163648356,-0.0173629635377766,0.014763368996925,1.964,0.982,0.982,-0.0012997972704258,5,0.00818330605564648,0.0166666666666667,"LV16","CS1","1",10,100,131,"Day 33"
"147","Day 33","Cell Line 1","TIFF_LV16_CA imaging_LV16_DAY33_CS1_1_070920.csv","Mean9",0.429478176739541,-0.0164162102273614,0.0161275221197509,5.1555,0.982,4.419,-0.0028849304807827,16,0.0261865793780687,0.0533333333333333,"LV16","CS1","1",10,100,131,"Day 33"
"148","Day 33","Cell Line 1","TIFF_LV16_CA imaging_LV16_DAY33_CS1_2_070920.csv","Mean1",0.364469716710717,-0.019794885158024,0.0185012842943826,4.419,0.982,3.437,0.00509995160629864,15,0.0245499181669394,0.05,"LV16","CS1","2",13,100,131,"Day 33"
"149","Day 33","Cell Line 1","TIFF_LV16_CA imaging_LV16_DAY33_CS1_2_070920.csv","Mean10",0.20489856127512,-0.0126726565643019,0.0282572463074006,3.928,0.982,2.455,0.00237073507155312,15,0.0245499181669394,0.05,"LV16","CS1","2",13,100,131,"Day 33"
"150","Day 33","Cell Line 1","TIFF_LV16_CA imaging_LV16_DAY33_CS1_2_070920.csv","Mean11",0.108544112869541,0.0238269828746462,0.0625701953868288,1.473,0.982,0.491,0.0431985891307375,1,0.0016366612111293,0.00333333333333333,"LV16","CS1","2",13,100,131,"Day 33"
"151","Day 33","Cell Line 1","TIFF_LV16_CA imaging_LV16_DAY33_CS1_2_070920.csv","Mean13",0.114665424845967,-0.0131516999979531,0.00316766626409842,2.946,0.982,1.7185,-0.00225932900743044,14,0.0229132569558101,0.0466666666666667,"LV16","CS1","2",13,100,131,"Day 33"
"152","Day 33","Cell Line 1","TIFF_LV16_CA imaging_LV16_DAY33_CS1_2_070920.csv","Mean14",0.271040980026208,-0.0177798514871143,0.00277965294047573,3.928,0.982,2.7005,-0.00720724298137632,14,0.0229132569558101,0.0466666666666667,"LV16","CS1","2",13,100,131,"Day 33"
"153","Day 33","Cell Line 1","TIFF_LV16_CA imaging_LV16_DAY33_CS1_2_070920.csv","Mean15",0.0823213528663621,0.0328795515568327,0.0262942201705216,2.946,0.491,2.455,0.0295868858636771,1,0.0016366612111293,0.00333333333333333,"LV16","CS1","2",13,100,131,"Day 33"
"154","Day 33","Cell Line 1","TIFF_LV16_CA imaging_LV16_DAY33_CS1_2_070920.csv","Mean16",0.298145014212247,-0.0219386162364655,0.0148489229909798,4.1735,0.982,3.1915,-0.00434171828532932,14,0.0229132569558101,0.0466666666666667,"LV16","CS1","2",13,100,131,"Day 33"
"155","Day 33","Cell Line 1","TIFF_LV16_CA imaging_LV16_DAY33_CS1_2_070920.csv","Mean17",0.629123960044858,-0.0325906945205124,0.0411483191195263,6.383,0.982,5.1555,-0.00124533813212326,14,0.0229132569558101,0.0466666666666667,"LV16","CS1","2",13,100,131,"Day 33"
"156","Day 33","Cell Line 1","TIFF_LV16_CA imaging_LV16_DAY33_CS1_2_070920.csv","Mean3",0.281661666282021,-0.0128179090699285,0.0139810754673436,3.6825,0.982,2.455,-0.00158781444726521,14,0.0229132569558101,0.0466666666666667,"LV16","CS1","2",13,100,131,"Day 33"
"157","Day 33","Cell Line 1","TIFF_LV16_CA imaging_LV16_DAY33_CS1_2_070920.csv","Mean5",0.267387131647264,-0.0163704155849887,0.0126344896563389,4.419,0.982,3.437,-0.00110680482728698,14,0.0229132569558101,0.0466666666666667,"LV16","CS1","2",13,100,131,"Day 33"
"158","Day 33","Cell Line 1","TIFF_LV16_CA imaging_LV16_DAY33_CS1_2_070920.csv","Mean6",0.424550933989004,-0.0147995423966124,0.0221032681077758,4.419,0.982,3.1915,0.00430710651231087,14,0.0229132569558101,0.0466666666666667,"LV16","CS1","2",13,100,131,"Day 33"
"159","Day 33","Cell Line 1","TIFF_LV16_CA imaging_LV16_DAY33_CS1_2_070920.csv","Mean7",0.401102146101668,-0.0216086643100947,-0.000703497511703212,5.6465,0.982,4.6645,-0.0114687464716559,14,0.0229132569558101,0.0466666666666667,"LV16","CS1","2",13,100,131,"Day 33"
"160","Day 33","Cell Line 1","TIFF_LV16_CA imaging_LV16_DAY33_CS1_2_070920.csv","Mean9",0.261476302085887,-0.0150091692736171,0.0241294093418717,4.419,0.982,3.437,0.00473664080964189,14,0.0229132569558101,0.0466666666666667,"LV16","CS1","2",13,100,131,"Day 33"
"161","Day 33","Cell Line 1","TIFF_LV16_CA imaging_LV16_DAY33_CS1_3_070920.csv","Mean1",0.113421962418069,-0.0106878387663181,0.0307329894321267,2.455,1.473,0.982,0.00760690565255805,13,0.0212765957446809,0.0433333333333333,"LV16","CS1","3",12,100,131,"Day 33"
"162","Day 33","Cell Line 1","TIFF_LV16_CA imaging_LV16_DAY33_CS1_3_070920.csv","Mean10",0.117109206582891,-0.0140228192859772,0.0240128292759871,2.946,1.2275,1.7185,0.00462169409537829,16,0.0261865793780687,0.0533333333333333,"LV16","CS1","3",12,100,131,"Day 33"
"163","Day 33","Cell Line 1","TIFF_LV16_CA imaging_LV16_DAY33_CS1_3_070920.csv","Mean11",0.119034370585969,-0.013595214655652,0.034515045156872,2.455,0.982,1.473,0.00461466849291617,16,0.0261865793780687,0.0533333333333333,"LV16","CS1","3",12,100,131,"Day 33"
"164","Day 33","Cell Line 1","TIFF_LV16_CA imaging_LV16_DAY33_CS1_3_070920.csv","Mean12",0.644422503859549,-0.0470613578429612,0.0254837898969592,6.874,1.473,5.401,-0.0034592323986643,16,0.0261865793780687,0.0533333333333333,"LV16","CS1","3",12,100,131,"Day 33"
"165","Day 33","Cell Line 1","TIFF_LV16_CA imaging_LV16_DAY33_CS1_3_070920.csv","Mean2",0.356082720640189,-0.0273077435530953,0.0223577481962395,5.401,0.982,4.419,-0.000360348356932531,16,0.0261865793780687,0.0533333333333333,"LV16","CS1","3",12,100,131,"Day 33"
"166","Day 33","Cell Line 1","TIFF_LV16_CA imaging_LV16_DAY33_CS1_3_070920.csv","Mean3",0.113174566062104,-0.0106605653718115,0.00856185354665604,2.946,0.982,1.7185,-0.0047207098878831,16,0.0261865793780687,0.0533333333333333,"LV16","CS1","3",12,100,131,"Day 33"
"167","Day 33","Cell Line 1","TIFF_LV16_CA imaging_LV16_DAY33_CS1_3_070920.csv","Mean4",0.090462050736329,0.0151299303147849,0.0171724279976657,2.455,0.7365,1.473,0.0123107685970273,6,0.00981996726677578,0.02,"LV16","CS1","3",12,100,131,"Day 33"
"168","Day 33","Cell Line 1","TIFF_LV16_CA imaging_LV16_DAY33_CS1_3_070920.csv","Mean5",0.174520664301325,-0.0211111209421258,0.0223055892267809,3.437,0.982,1.964,0.00526450836570194,16,0.0261865793780687,0.0533333333333333,"LV16","CS1","3",12,100,131,"Day 33"
"169","Day 33","Cell Line 1","TIFF_LV16_CA imaging_LV16_DAY33_CS1_3_070920.csv","Mean6",0.0877781842269172,0.00628787803889384,0.0158531642065508,2.455,0.7365,1.7185,0.00912286078677567,6,0.00981996726677578,0.02,"LV16","CS1","3",12,100,131,"Day 33"
"170","Day 33","Cell Line 1","TIFF_LV16_CA imaging_LV16_DAY33_CS1_3_070920.csv","Mean7",0.265529509235343,-0.0113358350796822,0.0255373068863005,3.928,0.982,2.946,0.00744188313270628,15,0.0245499181669394,0.05,"LV16","CS1","3",12,100,131,"Day 33"
"171","Day 33","Cell Line 1","TIFF_LV16_CA imaging_LV16_DAY33_CS1_3_070920.csv","Mean8",0.11309993089419,-0.010054408658666,0.0141618243933775,2.455,0.982,1.964,-0.00370348741008943,15,0.0245499181669394,0.05,"LV16","CS1","3",12,100,131,"Day 33"
"172","Day 33","Cell Line 1","TIFF_LV16_CA imaging_LV16_DAY33_CS1_3_070920.csv","Mean9",0.845723090799759,-0.0499451734993457,0.00244950656149412,8.838,0.982,7.6105,-0.0223672225955927,16,0.0261865793780687,0.0533333333333333,"LV16","CS1","3",12,100,131,"Day 33"
"173","Day 33","Cell Line 1","TIFF_LV16_CA imaging_LV16_DAY33_CS1_4_070920.csv","Mean1",0.29442985487215,-0.0180557475236121,0.00127159640635796,4.419,0.982,2.7005,-0.00523612070951399,14,0.0229132569558101,0.0466666666666667,"LV16","CS1","4",16,100,131,"Day 33"
"174","Day 33","Cell Line 1","TIFF_LV16_CA imaging_LV16_DAY33_CS1_4_070920.csv","Mean10",0.416339858819009,-0.0230419541241816,0.0350871576521057,4.6645,0.982,3.437,0.00454596385638597,14,0.0229132569558101,0.0466666666666667,"LV16","CS1","4",16,100,131,"Day 33"
"175","Day 33","Cell Line 1","TIFF_LV16_CA imaging_LV16_DAY33_CS1_4_070920.csv","Mean11",0.086719084775828,0.0264382592404357,0.0290491992785037,0.982,0.491,0.491,0.0277437292594697,2,0.00327332242225859,0.00666666666666667,"LV16","CS1","4",16,100,131,"Day 33"
"176","Day 33","Cell Line 1","TIFF_LV16_CA imaging_LV16_DAY33_CS1_4_070920.csv","Mean12",0.128834575321741,-0.0190284890674354,0.0107894548539769,3.1915,0.982,1.964,-0.0051136189395565,14,0.0229132569558101,0.0466666666666667,"LV16","CS1","4",16,100,131,"Day 33"
"177","Day 33","Cell Line 1","TIFF_LV16_CA imaging_LV16_DAY33_CS1_4_070920.csv","Mean13",0.338056485974435,-0.0187780291463151,0.0196094105985146,4.6645,0.982,3.6825,-0.000345742767381101,14,0.0229132569558101,0.0466666666666667,"LV16","CS1","4",16,100,131,"Day 33"
"178","Day 33","Cell Line 1","TIFF_LV16_CA imaging_LV16_DAY33_CS1_4_070920.csv","Mean14",0.141493063442023,-0.021927154784726,0.0106978349944126,3.437,1.2275,1.964,-0.00664583125130601,14,0.0229132569558101,0.0466666666666667,"LV16","CS1","4",16,100,131,"Day 33"
"179","Day 33","Cell Line 1","TIFF_LV16_CA imaging_LV16_DAY33_CS1_4_070920.csv","Mean15",0.0798107507952067,-0.00517134454958299,0.0491927901254325,0.982,0.491,0.491,0.0220107227879248,1,0.0016366612111293,0.00333333333333333,"LV16","CS1","4",16,100,131,"Day 33"
"180","Day 33","Cell Line 1","TIFF_LV16_CA imaging_LV16_DAY33_CS1_4_070920.csv","Mean16",0.210467228302042,-0.0244156223473682,0.015991091720594,3.437,0.982,1.964,-0.00725623168828332,15,0.0245499181669394,0.05,"LV16","CS1","4",16,100,131,"Day 33"
"181","Day 33","Cell Line 1","TIFF_LV16_CA imaging_LV16_DAY33_CS1_4_070920.csv","Mean17",0.379082979125731,-0.0218813973181619,0.0302672794389681,4.419,0.982,3.1915,0.00561319707645134,14,0.0229132569558101,0.0466666666666667,"LV16","CS1","4",16,100,131,"Day 33"
"182","Day 33","Cell Line 1","TIFF_LV16_CA imaging_LV16_DAY33_CS1_4_070920.csv","Mean18",0.252946407630365,-0.021670510515206,0.0553807364553201,3.1915,0.982,1.964,0.0257431983425845,16,0.0261865793780687,0.0533333333333333,"LV16","CS1","4",16,100,131,"Day 33"
"183","Day 33","Cell Line 1","TIFF_LV16_CA imaging_LV16_DAY33_CS1_4_070920.csv","Mean3",0.0854108712437725,-0.0059655394899676,0.0214294024941032,2.455,1.473,0.982,0.00629872121680076,5,0.00818330605564648,0.0166666666666667,"LV16","CS1","4",16,100,131,"Day 33"
"184","Day 33","Cell Line 1","TIFF_LV16_CA imaging_LV16_DAY33_CS1_4_070920.csv","Mean4",0.173925415284175,-0.012278667225032,-0.00316228027789417,2.946,0.982,2.455,-0.00563465730331047,14,0.0229132569558101,0.0466666666666667,"LV16","CS1","4",16,100,131,"Day 33"
"185","Day 33","Cell Line 1","TIFF_LV16_CA imaging_LV16_DAY33_CS1_4_070920.csv","Mean5",0.326905778101016,-0.0157610671974583,0.00761258588681119,3.437,0.982,2.7005,-0.00671543952994316,14,0.0229132569558101,0.0466666666666667,"LV16","CS1","4",16,100,131,"Day 33"
"186","Day 33","Cell Line 1","TIFF_LV16_CA imaging_LV16_DAY33_CS1_4_070920.csv","Mean6",0.218648720446294,-0.0218719560789871,0.016762596298592,3.928,1.2275,2.946,0.000630921809970706,14,0.0229132569558101,0.0466666666666667,"LV16","CS1","4",16,100,131,"Day 33"
"187","Day 33","Cell Line 1","TIFF_LV16_CA imaging_LV16_DAY33_CS1_4_070920.csv","Mean7",0.402868811412929,-0.0274306444254031,0.0361049597720976,5.6465,1.473,4.419,0.00472107541479808,14,0.0229132569558101,0.0466666666666667,"LV16","CS1","4",16,100,131,"Day 33"
"188","Day 33","Cell Line 1","TIFF_LV16_CA imaging_LV16_DAY33_CS1_4_070920.csv","Mean8",0.102954073883933,-0.0114868767246358,-0.0057327429463732,2.455,0.982,1.473,-0.00674880746112224,13,0.0212765957446809,0.0433333333333333,"LV16","CS1","4",16,100,131,"Day 33"
"189","Day 33","Cell Line 1","TIFF_LV16_CA imaging_LV16_DAY33_CS1_5_070920.csv","Mean1",1.14441936225145,-0.0162884061693183,0.0198569864420984,5.892,0.982,4.91,0.00221346598358994,13,0.0212765957446809,0.0433333333333333,"LV16","CS1","5",11,100,131,"Day 33"
"190","Day 33","Cell Line 1","TIFF_LV16_CA imaging_LV16_DAY33_CS1_5_070920.csv","Mean10",0.466395674651723,-0.0148940368601759,0.00356762303169038,4.91,0.982,3.437,-0.00290461344173004,13,0.0212765957446809,0.0433333333333333,"LV16","CS1","5",11,100,131,"Day 33"
"191","Day 33","Cell Line 1","TIFF_LV16_CA imaging_LV16_DAY33_CS1_5_070920.csv","Mean11",0.114163742578234,-0.0164450096088572,0.00541633601361498,2.946,0.982,1.964,-0.00646805174441389,12,0.0196399345335516,0.04,"LV16","CS1","5",11,100,131,"Day 33"
"192","Day 33","Cell Line 1","TIFF_LV16_CA imaging_LV16_DAY33_CS1_5_070920.csv","Mean12",0.224496742195857,-0.0194593017601868,0.0358844695127881,3.437,0.982,2.455,0.00541184479237583,13,0.0212765957446809,0.0433333333333333,"LV16","CS1","5",11,100,131,"Day 33"
"193","Day 33","Cell Line 1","TIFF_LV16_CA imaging_LV16_DAY33_CS1_5_070920.csv","Mean13",0.104431415731675,-0.0136107060305745,0.0107734888842594,3.437,0.982,1.964,-0.00340267650764359,13,0.0212765957446809,0.0433333333333333,"LV16","CS1","5",11,100,131,"Day 33"
"194","Day 33","Cell Line 1","TIFF_LV16_CA imaging_LV16_DAY33_CS1_5_070920.csv","Mean14",0.643395963978255,-0.0684715025140053,0.0291352354346019,8.838,0.982,8.347,-0.0184399849662777,13,0.0212765957446809,0.0433333333333333,"LV16","CS1","5",11,100,131,"Day 33"
"195","Day 33","Cell Line 1","TIFF_LV16_CA imaging_LV16_DAY33_CS1_5_070920.csv","Mean2",0.369198719185217,-0.0201284672659234,-0.0140523127965741,4.91,0.982,3.437,-0.0119690598356545,13,0.0212765957446809,0.0433333333333333,"LV16","CS1","5",11,100,131,"Day 33"
"196","Day 33","Cell Line 1","TIFF_LV16_CA imaging_LV16_DAY33_CS1_5_070920.csv","Mean6",0.687252578614644,-0.0172541403825652,0.016337450515723,4.419,0.982,3.437,-0.00323897086284285,13,0.0212765957446809,0.0433333333333333,"LV16","CS1","5",11,100,131,"Day 33"
"197","Day 33","Cell Line 1","TIFF_LV16_CA imaging_LV16_DAY33_CS1_5_070920.csv","Mean7",0.337739881799028,-0.022347133588396,0.0360383658753641,3.928,0.982,3.437,0.00463220025709088,13,0.0212765957446809,0.0433333333333333,"LV16","CS1","5",11,100,131,"Day 33"
"198","Day 33","Cell Line 1","TIFF_LV16_CA imaging_LV16_DAY33_CS1_5_070920.csv","Mean8",0.585547486104575,-0.0285476260127444,0.0241977538379353,5.892,0.982,4.91,-0.00297622833013243,13,0.0212765957446809,0.0433333333333333,"LV16","CS1","5",11,100,131,"Day 33"
"199","Day 33","Cell Line 1","TIFF_LV16_CA imaging_LV16_DAY33_CS1_5_070920.csv","Mean9",0.337394342489559,-0.0124104925073015,0.00333918676699395,3.437,0.982,2.455,-0.00683304976025183,13,0.0212765957446809,0.0433333333333333,"LV16","CS1","5",11,100,131,"Day 33"
"200","Day 33","Cell Line 1","TIFF_LV16_CA imaging_LV16_DAY33_CS2_1_070920.csv","Mean1",0.248440573980662,-0.0295941296584648,0.0039673289759536,3.437,0.982,2.455,-0.0110744888159551,24,0.0392798690671031,0.08,"LV16","CS2","1",8,100,131,"Day 33"
"201","Day 33","Cell Line 1","TIFF_LV16_CA imaging_LV16_DAY33_CS2_1_070920.csv","Mean2",0.0762242935345465,0.0121615623612959,0.0160576022093998,2.455,0.491,1.964,0.0141095822853479,1,0.0016366612111293,0.00333333333333333,"LV16","CS2","1",8,100,131,"Day 33"
"202","Day 33","Cell Line 1","TIFF_LV16_CA imaging_LV16_DAY33_CS2_1_070920.csv","Mean3",0.0855307531716717,-0.00095283978373755,0.00721588780043895,2.7005,0.7365,1.964,0.0031315240083507,2,0.00327332242225859,0.00666666666666667,"LV16","CS2","1",8,100,131,"Day 33"
"203","Day 33","Cell Line 1","TIFF_LV16_CA imaging_LV16_DAY33_CS2_1_070920.csv","Mean4",0.402921463767777,-0.0177521932385199,-0.00474066462716887,4.6645,0.982,3.437,-0.0111393942224609,26,0.0425531914893617,0.0866666666666667,"LV16","CS2","1",8,100,131,"Day 33"
"204","Day 33","Cell Line 1","TIFF_LV16_CA imaging_LV16_DAY33_CS2_1_070920.csv","Mean5",0.47906496951388,-0.0190561276180301,-0.00661760642511097,3.437,0.982,2.2095,-0.0131016633816567,26,0.0425531914893617,0.0866666666666667,"LV16","CS2","1",8,100,131,"Day 33"
"205","Day 33","Cell Line 1","TIFF_LV16_CA imaging_LV16_DAY33_CS2_1_070920.csv","Mean6",0.300278993215848,-0.0220234033158043,-0.00129460880735423,3.437,0.982,2.455,-0.0121934085343825,26,0.0425531914893617,0.0866666666666667,"LV16","CS2","1",8,100,131,"Day 33"
"206","Day 33","Cell Line 1","TIFF_LV16_CA imaging_LV16_DAY33_CS2_1_070920.csv","Mean8",0.252555875367653,-0.023879740165778,0.00332657009389895,3.928,0.982,2.946,-0.00975754573050851,26,0.0425531914893617,0.0866666666666667,"LV16","CS2","1",8,100,131,"Day 33"
"207","Day 33","Cell Line 1","TIFF_LV16_CA imaging_LV16_DAY33_CS2_1_070920.csv","Mean9",0.0800956633287258,0.0331589781326756,0.0442815803343243,1.964,0.982,0.982,0.0387202792335,2,0.00327332242225859,0.00666666666666667,"LV16","CS2","1",8,100,131,"Day 33"
"208","Day 33","Cell Line 1","TIFF_LV16_CA imaging_LV16_DAY33_CS2_2_070920.csv","Mean13",0.177614728065129,-0.0143198278783485,0.00168653999227658,2.946,0.982,1.964,-0.00857455846540624,23,0.0376432078559738,0.0766666666666667,"LV16","CS2","2",5,100,131,"Day 33"
"209","Day 33","Cell Line 1","TIFF_LV16_CA imaging_LV16_DAY33_CS2_2_070920.csv","Mean2",0.109422136572803,-0.0076093906183868,0.00563725269480497,2.7005,0.982,1.964,-0.000927535187803315,4,0.00654664484451719,0.0133333333333333,"LV16","CS2","2",5,100,131,"Day 33"
"210","Day 33","Cell Line 1","TIFF_LV16_CA imaging_LV16_DAY33_CS2_2_070920.csv","Mean4",0.25428791937168,-0.0111499523312299,-0.000413129341263097,2.946,0.7365,1.964,-0.00812639033912928,22,0.0360065466448445,0.0733333333333333,"LV16","CS2","2",5,100,131,"Day 33"
"211","Day 33","Cell Line 1","TIFF_LV16_CA imaging_LV16_DAY33_CS2_2_070920.csv","Mean8",0.165283095992354,-0.011679700884243,0.0102971320713886,2.946,0.982,2.455,-0.0012262784253142,23,0.0376432078559738,0.0766666666666667,"LV16","CS2","2",5,100,131,"Day 33"
"212","Day 33","Cell Line 1","TIFF_LV16_CA imaging_LV16_DAY33_CS2_2_070920.csv","Mean9",0.0896741348351289,-0.0152424094025466,0.00476452824028722,2.7005,0.982,1.473,-0.0048563499836762,14,0.0229132569558101,0.0466666666666667,"LV16","CS2","2",5,100,131,"Day 33"
"213","Day 33","Cell Line 1","TIFF_LV16_CA imaging_LV16_DAY33_CS2_3_070920.csv","Mean1",0.198637992194237,-0.0203145420115397,0.00737013362256743,3.6825,0.982,2.455,-0.00502973835581115,20,0.0327332242225859,0.0666666666666667,"LV16","CS2","3",11,100,131,"Day 33"
"214","Day 33","Cell Line 1","TIFF_LV16_CA imaging_LV16_DAY33_CS2_3_070920.csv","Mean10",0.0831711063067999,3.42388699216001e-05,0.0226563493538636,2.2095,0.982,0.982,0.0085254786104888,6,0.00981996726677578,0.02,"LV16","CS2","3",11,100,131,"Day 33"
"215","Day 33","Cell Line 1","TIFF_LV16_CA imaging_LV16_DAY33_CS2_3_070920.csv","Mean11",0.0939302289674214,-0.0173928049190303,0.0178560075565607,2.455,0.982,1.473,0.00367383268394145,11,0.0180032733224223,0.0366666666666667,"LV16","CS2","3",11,100,131,"Day 33"
"216","Day 33","Cell Line 1","TIFF_LV16_CA imaging_LV16_DAY33_CS2_3_070920.csv","Mean12",0.0833038180916625,-0.0190044424655178,0.019662210708467,1.964,0.982,0.982,-0.0017911535231079,7,0.0114566284779051,0.0233333333333333,"LV16","CS2","3",11,100,131,"Day 33"
"217","Day 33","Cell Line 1","TIFF_LV16_CA imaging_LV16_DAY33_CS2_3_070920.csv","Mean14",0.088188145136065,-0.0116808726931499,0.017193853612762,2.455,0.982,1.473,-0.00848451673443856,5,0.00818330605564648,0.0166666666666667,"LV16","CS2","3",11,100,131,"Day 33"
"218","Day 33","Cell Line 1","TIFF_LV16_CA imaging_LV16_DAY33_CS2_3_070920.csv","Mean2",0.0816865476795521,0.00020429110984888,0.0146441846791633,2.2095,0.491,1.473,0.0103341405323528,8,0.0130932896890344,0.0266666666666667,"LV16","CS2","3",11,100,131,"Day 33"
"219","Day 33","Cell Line 1","TIFF_LV16_CA imaging_LV16_DAY33_CS2_3_070920.csv","Mean3",0.0983213675916975,-0.00134743165127235,-0.000236571969307319,2.455,0.982,1.473,-0.000792001810289833,7,0.0114566284779051,0.0233333333333333,"LV16","CS2","3",11,100,131,"Day 33"
"220","Day 33","Cell Line 1","TIFF_LV16_CA imaging_LV16_DAY33_CS2_3_070920.csv","Mean4",0.864332180500659,-0.0175930500658762,-0.00317852437417657,5.6465,0.982,4.419,-0.0106678194993413,20,0.0327332242225859,0.0666666666666667,"LV16","CS2","3",11,100,131,"Day 33"
"221","Day 33","Cell Line 1","TIFF_LV16_CA imaging_LV16_DAY33_CS2_3_070920.csv","Mean5",0.229863576137274,-0.0153558634452751,0.000347602767735896,3.6825,0.982,2.946,-0.00494004874617639,20,0.0327332242225859,0.0666666666666667,"LV16","CS2","3",11,100,131,"Day 33"
"222","Day 33","Cell Line 1","TIFF_LV16_CA imaging_LV16_DAY33_CS2_3_070920.csv","Mean7",0.424554765759603,-0.0179089358533693,-0.000666660894710912,3.928,0.982,2.946,-0.0103657111193843,20,0.0327332242225859,0.0666666666666667,"LV16","CS2","3",11,100,131,"Day 33"
"223","Day 33","Cell Line 1","TIFF_LV16_CA imaging_LV16_DAY33_CS2_3_070920.csv","Mean8",0.158005470229329,-0.0201767304860088,0.00271933515674309,2.946,0.982,1.964,-0.00957816116137179,20,0.0327332242225859,0.0666666666666667,"LV16","CS2","3",11,100,131,"Day 33"
"224","Day 33","Cell Line 1","TIFF_LV16_CA imaging_LV16_DAY33_CS2_4_070920.csv","Mean1",0.495178251952699,-0.0205212599505046,0.0217617613873667,5.401,0.982,3.928,0.000969336549909857,17,0.027823240589198,0.0566666666666667,"LV16","CS2","4",9,100,131,"Day 33"
"225","Day 33","Cell Line 1","TIFF_LV16_CA imaging_LV16_DAY33_CS2_4_070920.csv","Mean10",0.121609253965109,-0.0145112136394086,0.0014907488654269,2.946,0.982,1.964,-0.00287771141743799,17,0.027823240589198,0.0566666666666667,"LV16","CS2","4",9,100,131,"Day 33"
"226","Day 33","Cell Line 1","TIFF_LV16_CA imaging_LV16_DAY33_CS2_4_070920.csv","Mean3",0.409765575805552,-0.0168126945289027,0.00568519151539144,3.928,0.982,2.946,-0.00787111167083454,17,0.027823240589198,0.0566666666666667,"LV16","CS2","4",9,100,131,"Day 33"
"227","Day 33","Cell Line 1","TIFF_LV16_CA imaging_LV16_DAY33_CS2_4_070920.csv","Mean4",0.233528542252011,-0.0112160500095912,0.0138000293377566,3.928,0.491,2.946,-0.00248242555544278,17,0.027823240589198,0.0566666666666667,"LV16","CS2","4",9,100,131,"Day 33"
"228","Day 33","Cell Line 1","TIFF_LV16_CA imaging_LV16_DAY33_CS2_4_070920.csv","Mean5",0.438208026980929,-0.026872633463932,0.0168978894075877,5.401,0.982,4.91,-0.00475724512962522,17,0.027823240589198,0.0566666666666667,"LV16","CS2","4",9,100,131,"Day 33"
"229","Day 33","Cell Line 1","TIFF_LV16_CA imaging_LV16_DAY33_CS2_4_070920.csv","Mean6",0.568310660790965,-0.0270323576814273,0.0223156423636547,5.892,0.982,4.91,-0.00107070001239765,17,0.027823240589198,0.0566666666666667,"LV16","CS2","4",9,100,131,"Day 33"
"230","Day 33","Cell Line 1","TIFF_LV16_CA imaging_LV16_DAY33_CS2_4_070920.csv","Mean7",0.246026082457674,-0.0214172301214921,0.0103027491838082,3.928,0.982,2.946,-0.00499973239612507,17,0.027823240589198,0.0566666666666667,"LV16","CS2","4",9,100,131,"Day 33"
"231","Day 33","Cell Line 1","TIFF_LV16_CA imaging_LV16_DAY33_CS2_4_070920.csv","Mean8",0.0935869266684978,-0.00684662769254908,-0.00398242241142535,2.455,0.982,1.964,-0.0074596853297759,7,0.0114566284779051,0.0233333333333333,"LV16","CS2","4",9,100,131,"Day 33"
"232","Day 33","Cell Line 1","TIFF_LV16_CA imaging_LV16_DAY33_CS2_4_070920.csv","Mean9",0.075231100536962,-0.00473955933382865,-0.0105229501876076,3.437,0.982,2.455,-0.0076312547607181,1,0.0016366612111293,0.00333333333333333,"LV16","CS2","4",9,100,131,"Day 33"
"233","Day 33","Cell Line 1","TIFF_LV16_CA imaging_LV16_DAY33_CS2_5_070920.csv","Mean2",0.0987985341188477,-0.0158649162684974,0.0061696896599713,2.455,0.982,1.964,-0.00593774643967151,9,0.0147299509001637,0.03,"LV16","CS2","5",5,100,131,"Day 33"
"234","Day 33","Cell Line 1","TIFF_LV16_CA imaging_LV16_DAY33_CS2_5_070920.csv","Mean4",0.172996657331286,-0.0130906134248803,0.00567350257475834,3.437,0.982,2.455,-0.00506820851025386,17,0.027823240589198,0.0566666666666667,"LV16","CS2","5",5,100,131,"Day 33"
"235","Day 33","Cell Line 1","TIFF_LV16_CA imaging_LV16_DAY33_CS2_5_070920.csv","Mean5",0.0969831808132539,-0.00450563904514032,0.00952434257782256,2.2095,0.491,1.473,0.00125700799447756,10,0.016366612111293,0.0333333333333333,"LV16","CS2","5",5,100,131,"Day 33"
"236","Day 33","Cell Line 1","TIFF_LV16_CA imaging_LV16_DAY33_CS2_5_070920.csv","Mean7",0.0894347843791995,0.0156981716007656,0.0272936433603454,1.964,0.982,0.982,0.0214959074805555,1,0.0016366612111293,0.00333333333333333,"LV16","CS2","5",5,100,131,"Day 33"
"237","Day 33","Cell Line 1","TIFF_LV16_CA imaging_LV16_DAY33_CS2_5_070920.csv","Mean8",0.0915643408280095,-0.0239255786941011,-0.00913672944495147,1.473,0.491,0.982,-0.0165311540695263,3,0.00490998363338789,0.01,"LV16","CS2","5",5,100,131,"Day 33"
"238","Day 33","Cell Line 2","Tiff_LV18_CA imaging_LV18_DAY33_CS1_1_011121.csv","Mean7",0.387844103628287,-0.0167147628157323,0.0111864077040303,2.946,0.982,1.964,-0.000705230050906287,11,0.0180032733224223,0.0366666666666667,"LV18","CS1","1",1,31,131,"Day 33"
"239","Day 33","Cell Line 2","Tiff_LV18_CA imaging_LV18_DAY33_CS1_2_011121.csv","Mean11",0.122429296227458,-0.00695232832671917,0.0069121414577787,3.437,0.982,1.964,-0.00149193750941878,11,0.0180032733224223,0.0366666666666667,"LV18","CS1","2",4,31,131,"Day 33"
"240","Day 33","Cell Line 2","Tiff_LV18_CA imaging_LV18_DAY33_CS1_2_011121.csv","Mean18",0.132868852459016,-0.0206762295081967,0.0118545081967214,2.946,0.982,1.964,0.00505122950819682,11,0.0180032733224223,0.0366666666666667,"LV18","CS1","2",4,31,131,"Day 33"
"241","Day 33","Cell Line 2","Tiff_LV18_CA imaging_LV18_DAY33_CS1_2_011121.csv","Mean6",0.121742214082433,-0.0154102363830608,-0.000475818542558802,2.946,0.982,1.964,-0.0097901909558566,10,0.016366612111293,0.0333333333333333,"LV18","CS1","2",4,31,131,"Day 33"
"242","Day 33","Cell Line 2","Tiff_LV18_CA imaging_LV18_DAY33_CS1_2_011121.csv","Mean9",0.352387733063198,-0.0163036726268408,0.0377631666969295,4.1735,0.982,3.1915,0.010951939525416,12,0.0196399345335516,0.04,"LV18","CS1","2",4,31,131,"Day 33"
"243","Day 33","Cell Line 2","Tiff_LV18_CA imaging_LV18_DAY33_CS1_3_011121.csv","Mean4",0.513727871627838,-0.0168316710218002,0.0208555690503354,4.419,0.982,3.437,0.00267135303571204,11,0.0180032733224223,0.0366666666666667,"LV18","CS1","3",1,31,131,"Day 33"
"244","Day 33","Cell Line 2","Tiff_LV18_CA imaging_LV18_DAY33_CS1_4_011121.csv","Mean2",0.0802292599451464,-0.00959938113879841,-0.00017581284136994,1.473,0.491,0.982,-0.00488759699008417,1,0.0016366612111293,0.00333333333333333,"LV18","CS1","4",4,31,131,"Day 33"
"245","Day 33","Cell Line 2","Tiff_LV18_CA imaging_LV18_DAY33_CS1_4_011121.csv","Mean5",0.180962176073337,-0.0193487183822217,0.00444738745338932,2.946,0.982,1.7185,-0.00399419538448531,10,0.016366612111293,0.0333333333333333,"LV18","CS1","4",4,31,131,"Day 33"
"246","Day 33","Cell Line 2","Tiff_LV18_CA imaging_LV18_DAY33_CS1_4_011121.csv","Mean6",0.415809275501028,-0.019492413428932,0.019793566059686,3.928,1.2275,2.946,0.00212456992929107,10,0.016366612111293,0.0333333333333333,"LV18","CS1","4",4,31,131,"Day 33"
"247","Day 33","Cell Line 2","Tiff_LV18_CA imaging_LV18_DAY33_CS1_4_011121.csv","Mean7",0.483464978077628,-0.0162573661657812,0.0153871018540774,3.928,1.2275,2.455,-0.0022046695896497,10,0.016366612111293,0.0333333333333333,"LV18","CS1","4",4,31,131,"Day 33"
"248","Day 33","Cell Line 2","Tiff_LV18_CA imaging_LV18_DAY33_CS2_1_011121.csv","Mean1",0.0797707023965745,0.023787324170638,0.0319658355779636,1.473,0.7365,0.7365,0.0278765798743008,2,0.00327332242225859,0.00666666666666667,"LV18","CS2","1",2,31,131,"Day 33"
"249","Day 33","Cell Line 2","Tiff_LV18_CA imaging_LV18_DAY33_CS2_1_011121.csv","Mean3",0.13972405361743,-9.16910448412896e-05,0.00591625551237831,2.455,0.491,1.473,-0.00152600096057285,6,0.00981996726677578,0.02,"LV18","CS2","1",2,31,131,"Day 33"
"250","Day 33","Cell Line 2","Tiff_LV18_CA imaging_LV18_DAY33_CS2_2_011121.csv","Mean2",0.149187405776168,-0.0131420046884989,0.00179173277134494,2.946,0.982,1.964,-0.0105570157782987,9,0.0147299509001637,0.03,"LV18","CS2","2",4,31,131,"Day 33"
"251","Day 33","Cell Line 2","Tiff_LV18_CA imaging_LV18_DAY33_CS2_2_011121.csv","Mean3",0.102767252896472,-0.0212225410105345,0.00661424910751437,2.455,0.982,1.473,-0.0104716485249348,4,0.00654664484451719,0.0133333333333333,"LV18","CS2","2",4,31,131,"Day 33"
"252","Day 33","Cell Line 2","Tiff_LV18_CA imaging_LV18_DAY33_CS2_2_011121.csv","Mean4",0.229020488352512,-0.0188043783328655,0.0212471803827404,3.437,0.982,2.455,0.000649681396243356,9,0.0147299509001637,0.03,"LV18","CS2","2",4,31,131,"Day 33"
"253","Day 33","Cell Line 2","Tiff_LV18_CA imaging_LV18_DAY33_CS2_2_011121.csv","Mean5",0.0911925783001033,-0.0174823130444951,0.000643162018359377,2.455,0.491,1.473,-0.00930148706854544,9,0.0147299509001637,0.03,"LV18","CS2","2",4,31,131,"Day 33"
"254","Day 33","Cell Line 2","Tiff_LV18_CA imaging_LV18_DAY33_CS2_3_011121.csv","Mean1",0.214267080465974,-0.0117438042549365,0.00179013178608367,2.2095,0.7365,1.473,-0.00415148652903349,10,0.016366612111293,0.0333333333333333,"LV18","CS2","3",4,31,131,"Day 33"
"255","Day 33","Cell Line 2","Tiff_LV18_CA imaging_LV18_DAY33_CS2_3_011121.csv","Mean2",0.116626956454362,-0.0115740740740741,0.0082422904075623,1.964,0.982,1.473,-0.00206783666511707,10,0.016366612111293,0.0333333333333333,"LV18","CS2","3",4,31,131,"Day 33"
"256","Day 33","Cell Line 2","Tiff_LV18_CA imaging_LV18_DAY33_CS2_3_011121.csv","Mean3",0.0754047984871764,-0.0325966197848954,-0.0131308355986291,2.455,1.473,0.982,-0.0228637276917622,1,0.0016366612111293,0.00333333333333333,"LV18","CS2","3",4,31,131,"Day 33"
"257","Day 33","Cell Line 2","Tiff_LV18_CA imaging_LV18_DAY33_CS2_3_011121.csv","Mean5",0.211331580205594,-0.00735339690634934,-0.00449349660442185,2.946,0.491,1.7185,-0.00419688155762744,10,0.016366612111293,0.0333333333333333,"LV18","CS2","3",4,31,131,"Day 33"
"258","Day 33","Cell Line 2","Tiff_LV18_CA imaging_LV18_DAY33_CS2_4_011121.csv","Mean2",0.151718675041558,-0.0112681713208304,-0.0075753349770732,2.455,0.982,1.964,-0.00799928597726275,9,0.0147299509001637,0.03,"LV18","CS2","4",2,31,131,"Day 33"
"259","Day 33","Cell Line 2","Tiff_LV18_CA imaging_LV18_DAY33_CS2_4_011121.csv","Mean3",0.0783497423275133,-0.0134412737481732,0.0057110991462196,1.473,0.982,0.491,-0.00386508730097679,1,0.0016366612111293,0.00333333333333333,"LV18","CS2","4",2,31,131,"Day 33"
"260","Day 33","Cell Line 2","Tiff_LV18_CA imaging_LV18_DAY33_CS2_5_011121.csv","Mean10",0.0803840973480099,-0.0196228693511681,0.0207027077237472,2.455,1.473,0.491,-0.003256931865682,5,0.00818330605564648,0.0166666666666667,"LV18","CS2","5",4,31,131,"Day 33"
"261","Day 33","Cell Line 2","Tiff_LV18_CA imaging_LV18_DAY33_CS2_5_011121.csv","Mean2",0.30032035349351,-0.0166694283347142,0.00201049433858045,2.946,0.982,1.964,-0.00952499309582993,10,0.016366612111293,0.0333333333333333,"LV18","CS2","5",4,31,131,"Day 33"
"262","Day 33","Cell Line 2","Tiff_LV18_CA imaging_LV18_DAY33_CS2_5_011121.csv","Mean5",0.284345630799878,-0.0138999832352101,0.0110351764740687,3.1915,0.982,2.455,-0.00399889549618854,10,0.016366612111293,0.0333333333333333,"LV18","CS2","5",4,31,131,"Day 33"
"263","Day 33","Cell Line 2","Tiff_LV18_CA imaging_LV18_DAY33_CS2_5_011121.csv","Mean6",0.138026037523525,-0.0182379076851438,0.00687801944083352,2.455,0.982,1.473,-0.00957247628101895,10,0.016366612111293,0.0333333333333333,"LV18","CS2","5",4,31,131,"Day 33"
"264","Day 33","Cell Line 2","Tiff_LV18_CA imaging_LV18_DAY33_CS2_6_011121.csv","Mean1",0.0795093237088597,0.00534931683423553,-0.000171865601099997,2.455,0.982,1.473,0.00258872561656776,1,0.0016366612111293,0.00333333333333333,"LV18","CS2","6",5,31,131,"Day 33"
"265","Day 33","Cell Line 2","Tiff_LV18_CA imaging_LV18_DAY33_CS2_6_011121.csv","Mean2",0.099045819335573,-0.00873693542366549,-0.00139977603583415,2.455,1.473,1.473,-0.00506835572974982,3,0.00490998363338789,0.01,"LV18","CS2","6",5,31,131,"Day 33"
"266","Day 33","Cell Line 2","Tiff_LV18_CA imaging_LV18_DAY33_CS2_6_011121.csv","Mean5",0.0789045553145336,-0.00389040837498819,0.0321724983495237,1.473,0.982,0.491,0.0141410449872678,1,0.0016366612111293,0.00333333333333333,"LV18","CS2","6",5,31,131,"Day 33"
"267","Day 33","Cell Line 2","Tiff_LV18_CA imaging_LV18_DAY33_CS2_6_011121.csv","Mean7",0.0808925780197273,0.0258718266587614,0.0151457985231499,2.946,0.491,2.455,0.0205088125909557,1,0.0016366612111293,0.00333333333333333,"LV18","CS2","6",5,31,131,"Day 33"
"268","Day 33","Cell Line 2","Tiff_LV18_CA imaging_LV18_DAY33_CS2_6_011121.csv","Mean8",0.217666582640114,-0.0125577682547686,0.00630619275691115,3.1915,0.982,2.455,0.000836064196285991,12,0.0196399345335516,0.04,"LV18","CS2","6",5,31,131,"Day 33"
"269","Day 40","Cell Line 1","TIFF_LV16_CA imaging_LV16_DAY40_CS1_1_140920.csv","Mean1",0.109155,-0.01928,0.00380000000000003,2.946,0.982,1.7185,-0.00799500000000002,22,0.0360065466448445,0.0733333333333333,"LV16","CS1","1",11,111,170,"Day 40"
"270","Day 40","Cell Line 1","TIFF_LV16_CA imaging_LV16_DAY40_CS1_1_140920.csv","Mean10",0.7085032713888,-0.0350845726139137,0.00661296234198685,4.91,0.982,3.928,-0.0168911278688014,26,0.0425531914893617,0.0866666666666667,"LV16","CS1","1",11,111,170,"Day 40"
"271","Day 40","Cell Line 1","TIFF_LV16_CA imaging_LV16_DAY40_CS1_1_140920.csv","Mean11",0.0844425679429346,0.0524766116308527,0.0332437056954291,2.2095,1.2275,0.982,0.0428601586631409,2,0.00327332242225859,0.00666666666666667,"LV16","CS1","1",11,111,170,"Day 40"
"272","Day 40","Cell Line 1","TIFF_LV16_CA imaging_LV16_DAY40_CS1_1_140920.csv","Mean12",0.249967504735024,-0.0223706688453968,-0.0040433393991161,3.437,0.982,2.455,-0.0136781854644038,26,0.0425531914893617,0.0866666666666667,"LV16","CS1","1",11,111,170,"Day 40"
"273","Day 40","Cell Line 1","TIFF_LV16_CA imaging_LV16_DAY40_CS1_1_140920.csv","Mean2",0.164317575313828,-0.0252410909546335,0.00399811173518042,2.946,0.982,1.964,-0.0154625767107583,27,0.044189852700491,0.09,"LV16","CS1","1",11,111,170,"Day 40"
"274","Day 40","Cell Line 1","TIFF_LV16_CA imaging_LV16_DAY40_CS1_1_140920.csv","Mean4",0.521637377621841,-0.0315616908486418,0.0111653311679357,4.419,0.982,3.437,-0.0123125067030291,26,0.0425531914893617,0.0866666666666667,"LV16","CS1","1",11,111,170,"Day 40"
"275","Day 40","Cell Line 1","TIFF_LV16_CA imaging_LV16_DAY40_CS1_1_140920.csv","Mean5",0.10627443369285,-0.0201569301577619,-0.00505540614227223,2.946,0.982,1.964,-0.0114093215404663,19,0.0310965630114566,0.0633333333333333,"LV16","CS1","1",11,111,170,"Day 40"
"276","Day 40","Cell Line 1","TIFF_LV16_CA imaging_LV16_DAY40_CS1_1_140920.csv","Mean6",0.402644191314053,-0.0225109148803467,-0.000697567540951383,3.928,0.982,2.946,-0.0125931457834095,27,0.044189852700491,0.09,"LV16","CS1","1",11,111,170,"Day 40"
"277","Day 40","Cell Line 1","TIFF_LV16_CA imaging_LV16_DAY40_CS1_1_140920.csv","Mean7",0.0790745699632369,-0.00934961194571777,0.0264943493850133,1.473,0.982,0.491,0.00857236871964778,1,0.0016366612111293,0.00333333333333333,"LV16","CS1","1",11,111,170,"Day 40"
"278","Day 40","Cell Line 1","TIFF_LV16_CA imaging_LV16_DAY40_CS1_1_140920.csv","Mean8",0.111646336725973,-0.0290264936679357,0.0235179861704606,2.455,0.982,1.473,-0.0027192914303473,19,0.0310965630114566,0.0633333333333333,"LV16","CS1","1",11,111,170,"Day 40"
"279","Day 40","Cell Line 1","TIFF_LV16_CA imaging_LV16_DAY40_CS1_1_140920.csv","Mean9",0.236534685040031,-0.0212994511488947,0.00250927340170188,3.437,0.982,2.455,-0.0089796740462244,27,0.044189852700491,0.09,"LV16","CS1","1",11,111,170,"Day 40"
"280","Day 40","Cell Line 1","TIFF_LV16_CA imaging_LV16_DAY40_CS1_2_140920.csv","Mean1",0.287750132345156,-0.0188777130757014,-0.00813128639491795,3.437,0.982,2.455,-0.0129010058231869,27,0.044189852700491,0.09,"LV16","CS1","2",12,111,170,"Day 40"
"281","Day 40","Cell Line 1","TIFF_LV16_CA imaging_LV16_DAY40_CS1_2_140920.csv","Mean10",0.113424786408935,-0.0165129686149672,0.0194994147440736,2.455,0.982,1.473,-0.00629833831074354,18,0.0294599018003273,0.06,"LV16","CS1","2",12,111,170,"Day 40"
"282","Day 40","Cell Line 1","TIFF_LV16_CA imaging_LV16_DAY40_CS1_2_140920.csv","Mean11",0.571656870103475,-0.0236677657932685,-0.00418286543148445,3.928,0.982,2.946,-0.0106932930788756,26,0.0425531914893617,0.0866666666666667,"LV16","CS1","2",12,111,170,"Day 40"
"283","Day 40","Cell Line 1","TIFF_LV16_CA imaging_LV16_DAY40_CS1_2_140920.csv","Mean12",0.105415829906602,-0.0168202054976464,0.000233761541976194,2.455,0.982,1.473,-0.0130587697767577,25,0.0409165302782324,0.0833333333333333,"LV16","CS1","2",12,111,170,"Day 40"
"284","Day 40","Cell Line 1","TIFF_LV16_CA imaging_LV16_DAY40_CS1_2_140920.csv","Mean13",0.606471128356264,-0.0240214445448217,-0.00184381618115306,4.419,0.982,3.437,-0.012453164107045,26,0.0425531914893617,0.0866666666666667,"LV16","CS1","2",12,111,170,"Day 40"
"285","Day 40","Cell Line 1","TIFF_LV16_CA imaging_LV16_DAY40_CS1_2_140920.csv","Mean2",0.092465319749036,-0.00447821331951875,0.0184884591032062,2.455,0.491,1.964,-0.00378748632936158,9,0.0147299509001637,0.03,"LV16","CS1","2",12,111,170,"Day 40"
"286","Day 40","Cell Line 1","TIFF_LV16_CA imaging_LV16_DAY40_CS1_2_140920.csv","Mean3",0.0865702407959741,-0.0173025323306886,-0.00219952324469987,2.455,0.982,1.473,-0.00975102778769421,12,0.0196399345335516,0.04,"LV16","CS1","2",12,111,170,"Day 40"
"287","Day 40","Cell Line 1","TIFF_LV16_CA imaging_LV16_DAY40_CS1_2_140920.csv","Mean5",0.157025500599007,-0.0166331507787095,-0.00378658223515317,3.437,0.982,2.455,-0.00983548690741057,27,0.044189852700491,0.09,"LV16","CS1","2",12,111,170,"Day 40"
"288","Day 40","Cell Line 1","TIFF_LV16_CA imaging_LV16_DAY40_CS1_2_140920.csv","Mean6",0.758006087006878,-0.0255641419958434,-0.00187243023427896,4.419,0.982,3.437,-0.0153172514525812,27,0.044189852700491,0.09,"LV16","CS1","2",12,111,170,"Day 40"
"289","Day 40","Cell Line 1","TIFF_LV16_CA imaging_LV16_DAY40_CS1_2_140920.csv","Mean7",0.162334364055998,-0.0319999287108243,0.003395146989369,3.437,0.982,2.455,-0.0134647430470776,27,0.044189852700491,0.09,"LV16","CS1","2",12,111,170,"Day 40"
"290","Day 40","Cell Line 1","TIFF_LV16_CA imaging_LV16_DAY40_CS1_2_140920.csv","Mean8",0.0881853535630169,-0.00987748991254503,-0.00450055686403384,2.455,0.491,1.473,-0.00520804805462747,15,0.0245499181669394,0.05,"LV16","CS1","2",12,111,170,"Day 40"
"291","Day 40","Cell Line 1","TIFF_LV16_CA imaging_LV16_DAY40_CS1_2_140920.csv","Mean9",0.178733866011063,-0.0206987849274265,-0.0100420783887286,3.437,0.982,2.946,-0.0148834570469481,27,0.044189852700491,0.09,"LV16","CS1","2",12,111,170,"Day 40"
"292","Day 40","Cell Line 1","TIFF_LV16_CA imaging_LV16_DAY40_CS1_3_140920.csv","Mean2",0.269112894121779,-0.0174812163682051,0.0128025554937681,3.928,0.982,2.455,-0.00233096821939111,23,0.0376432078559738,0.0766666666666667,"LV16","CS1","3",4,111,170,"Day 40"
"293","Day 40","Cell Line 1","TIFF_LV16_CA imaging_LV16_DAY40_CS1_3_140920.csv","Mean3",0.633132244717476,-0.0146868386974512,-0.000322162913363546,4.419,0.982,3.437,-0.00468399608350969,23,0.0376432078559738,0.0766666666666667,"LV16","CS1","3",4,111,170,"Day 40"
"294","Day 40","Cell Line 1","TIFF_LV16_CA imaging_LV16_DAY40_CS1_3_140920.csv","Mean4",0.330849664416642,-0.0207111102576167,0.00685569435509423,3.437,0.982,2.455,-0.00576588859976774,23,0.0376432078559738,0.0766666666666667,"LV16","CS1","3",4,111,170,"Day 40"
"295","Day 40","Cell Line 1","TIFF_LV16_CA imaging_LV16_DAY40_CS1_3_140920.csv","Mean5",0.268525252525252,-0.0373010101010101,0.0129212121212122,4.91,0.982,3.437,-0.00823434343434348,23,0.0376432078559738,0.0766666666666667,"LV16","CS1","3",4,111,170,"Day 40"
"296","Day 40","Cell Line 1","TIFF_LV16_CA imaging_LV16_DAY40_CS1_4_140920.csv","Mean1",0.155863153593369,-0.0164928558428938,0.0167332264256551,3.928,0.982,2.455,-0.000887654223482825,21,0.0343698854337152,0.07,"LV16","CS1","4",12,111,170,"Day 40"
"297","Day 40","Cell Line 1","TIFF_LV16_CA imaging_LV16_DAY40_CS1_4_140920.csv","Mean10",0.114517487436256,0.0106433192347916,0.0316846986089644,2.2095,0.982,1.2275,0.0237276605984321,12,0.0196399345335516,0.04,"LV16","CS1","4",12,111,170,"Day 40"
"298","Day 40","Cell Line 1","TIFF_LV16_CA imaging_LV16_DAY40_CS1_4_140920.csv","Mean11",0.162329079971622,0.000335280226241279,0.0277262169700386,2.455,0.982,1.473,0.0103888278797656,16,0.0261865793780687,0.0533333333333333,"LV16","CS1","4",12,111,170,"Day 40"
"299","Day 40","Cell Line 1","TIFF_LV16_CA imaging_LV16_DAY40_CS1_4_140920.csv","Mean13",0.301913626408846,-0.0117848939693393,0.00514128518775713,3.437,0.982,2.455,0.00177608033758884,21,0.0343698854337152,0.07,"LV16","CS1","4",12,111,170,"Day 40"
"300","Day 40","Cell Line 1","TIFF_LV16_CA imaging_LV16_DAY40_CS1_4_140920.csv","Mean2",0.366704474607336,-0.0163976293670049,0.00471722915367812,3.928,0.982,2.946,-0.00344402797286832,21,0.0343698854337152,0.07,"LV16","CS1","4",12,111,170,"Day 40"
"301","Day 40","Cell Line 1","TIFF_LV16_CA imaging_LV16_DAY40_CS1_4_140920.csv","Mean3",0.167512609078537,0.00165719317908901,0.0120806981026339,2.946,0.982,1.964,0.00502361700424309,19,0.0310965630114566,0.0633333333333333,"LV16","CS1","4",12,111,170,"Day 40"
"302","Day 40","Cell Line 1","TIFF_LV16_CA imaging_LV16_DAY40_CS1_4_140920.csv","Mean4",0.10046107014125,0.00447696559805384,0.0187612242558557,2.455,0.982,1.473,0.00987416096697362,11,0.0180032733224223,0.0366666666666667,"LV16","CS1","4",12,111,170,"Day 40"
"303","Day 40","Cell Line 1","TIFF_LV16_CA imaging_LV16_DAY40_CS1_4_140920.csv","Mean5",0.395668757416511,-0.0174860145787422,-0.010476351924055,3.928,0.982,2.455,-0.00711137480928976,21,0.0343698854337152,0.07,"LV16","CS1","4",12,111,170,"Day 40"
"304","Day 40","Cell Line 1","TIFF_LV16_CA imaging_LV16_DAY40_CS1_4_140920.csv","Mean6",0.290130032772487,-0.0099130675210825,-0.00029275671104089,3.437,0.982,2.946,-0.00299262415730784,21,0.0343698854337152,0.07,"LV16","CS1","4",12,111,170,"Day 40"
"305","Day 40","Cell Line 1","TIFF_LV16_CA imaging_LV16_DAY40_CS1_4_140920.csv","Mean7",0.488239752494316,-0.0192960003975995,0.00624355453946793,4.419,0.982,2.946,-0.00889939490327153,21,0.0343698854337152,0.07,"LV16","CS1","4",12,111,170,"Day 40"
"306","Day 40","Cell Line 1","TIFF_LV16_CA imaging_LV16_DAY40_CS1_4_140920.csv","Mean8",0.0962439599661862,0.0305471774908942,0.0448971498345839,0.982,0.491,0.491,0.037722163662739,1,0.0016366612111293,0.00333333333333333,"LV16","CS1","4",12,111,170,"Day 40"
"307","Day 40","Cell Line 1","TIFF_LV16_CA imaging_LV16_DAY40_CS1_4_140920.csv","Mean9",0.221642036725437,-0.00306807374350724,0.00047095617821345,3.437,0.982,2.946,-0.00251710073889827,20,0.0327332242225859,0.0666666666666667,"LV16","CS1","4",12,111,170,"Day 40"
"308","Day 40","Cell Line 1","TIFF_LV16_CA imaging_LV16_DAY40_CS1_5_140920.csv","Mean1",0.348047637073057,-0.0135107591066592,-0.000169855089343692,3.437,0.982,2.455,-0.00684030709800147,20,0.0327332242225859,0.0666666666666667,"LV16","CS1","5",11,111,170,"Day 40"
"309","Day 40","Cell Line 1","TIFF_LV16_CA imaging_LV16_DAY40_CS1_5_140920.csv","Mean10",0.0787847366238075,-0.0111571961841559,-0.00555785980920781,2.455,0.982,1.964,-0.00835752799668185,3,0.00490998363338789,0.01,"LV16","CS1","5",11,111,170,"Day 40"
"310","Day 40","Cell Line 1","TIFF_LV16_CA imaging_LV16_DAY40_CS1_5_140920.csv","Mean11",0.203110345781891,-0.0185767439000015,0.0121730908196368,2.946,0.982,1.964,-0.00124152457680538,20,0.0327332242225859,0.0666666666666667,"LV16","CS1","5",11,111,170,"Day 40"
"311","Day 40","Cell Line 1","TIFF_LV16_CA imaging_LV16_DAY40_CS1_5_140920.csv","Mean2",0.435611975140684,-0.0282720610970255,0.00347844907550556,4.419,0.982,3.437,-0.0127089001917012,20,0.0327332242225859,0.0666666666666667,"LV16","CS1","5",11,111,170,"Day 40"
"312","Day 40","Cell Line 1","TIFF_LV16_CA imaging_LV16_DAY40_CS1_5_140920.csv","Mean3",0.15664973064059,-0.0205104637407341,0.00624250006382918,3.1915,0.982,1.964,-0.00479570386635012,20,0.0327332242225859,0.0666666666666667,"LV16","CS1","5",11,111,170,"Day 40"
"313","Day 40","Cell Line 1","TIFF_LV16_CA imaging_LV16_DAY40_CS1_5_140920.csv","Mean4",0.224193963079138,-0.0215920193346017,0.00185632745410605,3.437,0.982,2.455,-0.00863886460636606,20,0.0327332242225859,0.0666666666666667,"LV16","CS1","5",11,111,170,"Day 40"
"314","Day 40","Cell Line 1","TIFF_LV16_CA imaging_LV16_DAY40_CS1_5_140920.csv","Mean5",0.49692903748977,-0.0284833649940307,0.00966339547840194,5.1555,1.2275,3.928,-0.00676888191435837,20,0.0327332242225859,0.0666666666666667,"LV16","CS1","5",11,111,170,"Day 40"
"315","Day 40","Cell Line 1","TIFF_LV16_CA imaging_LV16_DAY40_CS1_5_140920.csv","Mean6",0.117947549615228,-0.0139935196435805,-0.00581206966383156,2.946,0.982,1.964,-0.0119481571486432,20,0.0327332242225859,0.0666666666666667,"LV16","CS1","5",11,111,170,"Day 40"
"316","Day 40","Cell Line 1","TIFF_LV16_CA imaging_LV16_DAY40_CS1_5_140920.csv","Mean7",0.170862458611447,-0.0211278709202712,-0.00243863982761346,2.7005,0.982,1.964,-0.00843800914489939,20,0.0327332242225859,0.0666666666666667,"LV16","CS1","5",11,111,170,"Day 40"
"317","Day 40","Cell Line 1","TIFF_LV16_CA imaging_LV16_DAY40_CS1_5_140920.csv","Mean8",0.173520711439583,-0.0170674579845655,-0.00239355001259759,3.928,0.982,2.455,-0.0105843434767597,20,0.0327332242225859,0.0666666666666667,"LV16","CS1","5",11,111,170,"Day 40"
"318","Day 40","Cell Line 1","TIFF_LV16_CA imaging_LV16_DAY40_CS1_5_140920.csv","Mean9",0.113639249691604,-0.010358464552645,0.00054876278934763,3.1915,0.982,1.964,-0.00855117553152893,16,0.0261865793780687,0.0533333333333333,"LV16","CS1","5",11,111,170,"Day 40"
"319","Day 40","Cell Line 1","TIFF_LV16_CA imaging_LV16_DAY40_CS2_1_140920.csv","Mean10",0.109209817364324,-0.0183053713096632,0.00735280456310499,2.946,0.982,1.964,-0.0059639930884566,20,0.0327332242225859,0.0666666666666667,"LV16","CS2","1",9,111,170,"Day 40"
"320","Day 40","Cell Line 1","TIFF_LV16_CA imaging_LV16_DAY40_CS2_1_140920.csv","Mean2",0.454105542749851,-0.0219282846631761,0.00392312506678479,3.928,0.982,2.946,-0.01117212902044,28,0.0458265139116203,0.0933333333333333,"LV16","CS2","1",9,111,170,"Day 40"
"321","Day 40","Cell Line 1","TIFF_LV16_CA imaging_LV16_DAY40_CS2_1_140920.csv","Mean3",0.202387628113747,-0.018194347793775,0.00546573611777342,2.946,0.982,1.964,-0.00788444258274612,27,0.044189852700491,0.09,"LV16","CS2","1",9,111,170,"Day 40"
"322","Day 40","Cell Line 1","TIFF_LV16_CA imaging_LV16_DAY40_CS2_1_140920.csv","Mean4",0.619171313668914,-0.0252096757314357,-0.000497092197521197,3.928,0.982,2.946,-0.0141390961144582,28,0.0458265139116203,0.0933333333333333,"LV16","CS2","1",9,111,170,"Day 40"
"323","Day 40","Cell Line 1","TIFF_LV16_CA imaging_LV16_DAY40_CS2_1_140920.csv","Mean5",1.32248431862689,-0.0325597330254158,-0.00288884095302141,5.401,0.982,4.419,-0.0194351744936069,27,0.044189852700491,0.09,"LV16","CS2","1",9,111,170,"Day 40"
"324","Day 40","Cell Line 1","TIFF_LV16_CA imaging_LV16_DAY40_CS2_1_140920.csv","Mean6",0.396338145156671,-0.0220685111989459,-0.00547774531706489,3.928,0.982,3.437,-0.0130964656011916,27,0.044189852700491,0.09,"LV16","CS2","1",9,111,170,"Day 40"
"325","Day 40","Cell Line 1","TIFF_LV16_CA imaging_LV16_DAY40_CS2_1_140920.csv","Mean7",0.347359173397671,-0.0292973530543026,0.000388999615371161,4.419,0.982,3.437,-0.0181081506346376,28,0.0458265139116203,0.0933333333333333,"LV16","CS2","1",9,111,170,"Day 40"
"326","Day 40","Cell Line 1","TIFF_LV16_CA imaging_LV16_DAY40_CS2_1_140920.csv","Mean8",0.433505293206518,-0.0185838272379319,0.00137610568491662,3.437,0.982,2.455,-0.0107928288892587,28,0.0458265139116203,0.0933333333333333,"LV16","CS2","1",9,111,170,"Day 40"
"327","Day 40","Cell Line 1","TIFF_LV16_CA imaging_LV16_DAY40_CS2_1_140920.csv","Mean9",0.124239911553345,-0.0133527763481444,-0.0038218867349078,2.946,0.982,1.964,-0.00800118183031202,28,0.0458265139116203,0.0933333333333333,"LV16","CS2","1",9,111,170,"Day 40"
"328","Day 40","Cell Line 1","TIFF_LV16_CA imaging_LV16_DAY40_CS2_2_140920.csv","Mean1",0.236323851203501,-0.0228637154238905,-0.00538629860292887,2.946,0.982,1.964,-0.0133348295273898,27,0.044189852700491,0.09,"LV16","CS2","2",14,111,170,"Day 40"
"329","Day 40","Cell Line 1","TIFF_LV16_CA imaging_LV16_DAY40_CS2_2_140920.csv","Mean10",0.285092665847459,-0.0542191997576043,-0.0257292911609742,4.419,0.982,3.928,-0.0346129244028481,27,0.044189852700491,0.09,"LV16","CS2","2",14,111,170,"Day 40"
"330","Day 40","Cell Line 1","TIFF_LV16_CA imaging_LV16_DAY40_CS2_2_140920.csv","Mean11",0.316256448047163,-0.0158683370179318,-0.0189142716777206,3.437,0.982,2.455,-0.0178236305576026,27,0.044189852700491,0.09,"LV16","CS2","2",14,111,170,"Day 40"
"331","Day 40","Cell Line 1","TIFF_LV16_CA imaging_LV16_DAY40_CS2_2_140920.csv","Mean12",0.165009161098603,-0.0207059059460544,0.000993591788738701,2.946,0.982,1.964,-0.00793733990866252,26,0.0425531914893617,0.0866666666666667,"LV16","CS2","2",14,111,170,"Day 40"
"332","Day 40","Cell Line 1","TIFF_LV16_CA imaging_LV16_DAY40_CS2_2_140920.csv","Mean15",0.492005620470345,-0.0250184883892916,-0.006788936547848,4.419,0.982,3.437,-0.0178191095991717,27,0.044189852700491,0.09,"LV16","CS2","2",14,111,170,"Day 40"
"333","Day 40","Cell Line 1","TIFF_LV16_CA imaging_LV16_DAY40_CS2_2_140920.csv","Mean16",0.327086984228135,-0.0252509160426956,-0.00738808347936917,3.437,0.982,2.455,-0.0222289708459455,27,0.044189852700491,0.09,"LV16","CS2","2",14,111,170,"Day 40"
"334","Day 40","Cell Line 1","TIFF_LV16_CA imaging_LV16_DAY40_CS2_2_140920.csv","Mean17",0.0892399220432865,0.01660919857658,0.0235053693869984,1.964,0.982,0.982,0.0200572839817892,3,0.00490998363338789,0.01,"LV16","CS2","2",14,111,170,"Day 40"
"335","Day 40","Cell Line 1","TIFF_LV16_CA imaging_LV16_DAY40_CS2_2_140920.csv","Mean2",0.102301279423051,-0.0162740088939351,0.00958778818557423,2.455,0.982,1.473,0.00123001230012305,19,0.0310965630114566,0.0633333333333333,"LV16","CS2","2",14,111,170,"Day 40"
"336","Day 40","Cell Line 1","TIFF_LV16_CA imaging_LV16_DAY40_CS2_2_140920.csv","Mean4",0.108888936729026,-0.0175023142666466,-0.00409033174743273,2.455,0.982,1.473,-0.0120288045467267,23,0.0376432078559738,0.0766666666666667,"LV16","CS2","2",14,111,170,"Day 40"
"337","Day 40","Cell Line 1","TIFF_LV16_CA imaging_LV16_DAY40_CS2_2_140920.csv","Mean5",0.107900466003347,-0.0171827488799726,0.00336458014717785,2.455,0.982,1.964,-0.0112992317242124,23,0.0376432078559738,0.0766666666666667,"LV16","CS2","2",14,111,170,"Day 40"
"338","Day 40","Cell Line 1","TIFF_LV16_CA imaging_LV16_DAY40_CS2_2_140920.csv","Mean6",0.160733149700362,-0.0169120042650239,-0.00470436078942433,2.946,0.982,1.964,-0.0106057913495049,28,0.0458265139116203,0.0933333333333333,"LV16","CS2","2",14,111,170,"Day 40"
"339","Day 40","Cell Line 1","TIFF_LV16_CA imaging_LV16_DAY40_CS2_2_140920.csv","Mean7",0.513282142227092,-0.0244287425372095,-0.0014763094121688,3.928,0.982,2.946,-0.015816937632891,27,0.044189852700491,0.09,"LV16","CS2","2",14,111,170,"Day 40"
"340","Day 40","Cell Line 1","TIFF_LV16_CA imaging_LV16_DAY40_CS2_2_140920.csv","Mean8",0.220027634096223,-0.0182544462552256,-0.00604053000779425,2.946,0.982,1.964,-0.013887904768653,27,0.044189852700491,0.09,"LV16","CS2","2",14,111,170,"Day 40"
"341","Day 40","Cell Line 1","TIFF_LV16_CA imaging_LV16_DAY40_CS2_2_140920.csv","Mean9",0.146722237337885,-0.0116418082729394,0.00409771863431365,3.928,0.982,2.946,-0.00751317123846752,19,0.0310965630114566,0.0633333333333333,"LV16","CS2","2",14,111,170,"Day 40"
"342","Day 40","Cell Line 1","TIFF_LV16_CA imaging_LV16_DAY40_CS2_3_140920.csv","Mean1",0.134533898305084,-0.0223152264517921,0.00242254792998052,3.1915,0.982,1.964,-0.0132219887468742,24,0.0392798690671031,0.08,"LV16","CS2","3",11,111,170,"Day 40"
"343","Day 40","Cell Line 1","TIFF_LV16_CA imaging_LV16_DAY40_CS2_3_140920.csv","Mean10",0.194143533025267,-0.0191864028593663,0.00508928632917149,2.946,0.982,1.964,-0.0059294662103066,25,0.0409165302782324,0.0833333333333333,"LV16","CS2","3",11,111,170,"Day 40"
"344","Day 40","Cell Line 1","TIFF_LV16_CA imaging_LV16_DAY40_CS2_3_140920.csv","Mean11",0.730960636345095,-0.0216126181249575,0.00299476510979672,4.419,0.982,3.437,-0.00956387245903874,24,0.0392798690671031,0.08,"LV16","CS2","3",11,111,170,"Day 40"
"345","Day 40","Cell Line 1","TIFF_LV16_CA imaging_LV16_DAY40_CS2_3_140920.csv","Mean2",0.281560156285085,-0.0249322614930916,0.00177392554003679,2.946,0.982,2.455,-0.0109354650379485,25,0.0409165302782324,0.0833333333333333,"LV16","CS2","3",11,111,170,"Day 40"
"346","Day 40","Cell Line 1","TIFF_LV16_CA imaging_LV16_DAY40_CS2_3_140920.csv","Mean3",0.134149288939161,-0.0241402979591442,0.00511422411709539,2.946,0.982,1.964,-0.0133559557991821,23,0.0376432078559738,0.0766666666666667,"LV16","CS2","3",11,111,170,"Day 40"
"347","Day 40","Cell Line 1","TIFF_LV16_CA imaging_LV16_DAY40_CS2_3_140920.csv","Mean4",0.597003886025571,-0.0382761778414362,0.0028646230790002,5.401,0.982,4.419,-0.01644223205795,24,0.0392798690671031,0.08,"LV16","CS2","3",11,111,170,"Day 40"
"348","Day 40","Cell Line 1","TIFF_LV16_CA imaging_LV16_DAY40_CS2_3_140920.csv","Mean5",0.0842654930166429,0.0190369657940955,0.0370651083047586,1.7185,0.7365,0.982,0.0280510370494271,2,0.00327332242225859,0.00666666666666667,"LV16","CS2","3",11,111,170,"Day 40"
"349","Day 40","Cell Line 1","TIFF_LV16_CA imaging_LV16_DAY40_CS2_3_140920.csv","Mean6",0.534514380078331,-0.0211134330975624,0.00169886596130241,3.928,0.982,2.946,-0.0103740427895013,24,0.0392798690671031,0.08,"LV16","CS2","3",11,111,170,"Day 40"
"350","Day 40","Cell Line 1","TIFF_LV16_CA imaging_LV16_DAY40_CS2_3_140920.csv","Mean7",0.168848551521819,-0.0213146314631463,-2.75027502750285e-05,3.437,0.982,2.455,-0.0122983131646498,25,0.0409165302782324,0.0833333333333333,"LV16","CS2","3",11,111,170,"Day 40"
"351","Day 40","Cell Line 1","TIFF_LV16_CA imaging_LV16_DAY40_CS2_3_140920.csv","Mean8",0.43821775157801,-0.0148485943886772,-0.00492520090092595,3.928,0.982,2.455,-0.0104482384673136,24,0.0392798690671031,0.08,"LV16","CS2","3",11,111,170,"Day 40"
"352","Day 40","Cell Line 1","TIFF_LV16_CA imaging_LV16_DAY40_CS2_3_140920.csv","Mean9",0.0933616795110284,-0.000138187616263675,-0.00967313313845333,2.946,0.982,1.964,-0.0049056603773585,3,0.00490998363338789,0.01,"LV16","CS2","3",11,111,170,"Day 40"
"353","Day 40","Cell Line 1","TIFF_LV16_CA imaging_LV16_DAY40_CS2_4_140920.csv","Mean1",0.0985996547093803,0.0090692073235714,-0.00118294008568327,2.946,0.982,1.964,0.00394313361894406,5,0.00818330605564648,0.0166666666666667,"LV16","CS2","4",15,111,170,"Day 40"
"354","Day 40","Cell Line 1","TIFF_LV16_CA imaging_LV16_DAY40_CS2_4_140920.csv","Mean10",0.253401376736392,-0.0146623377859871,-0.000933057859108253,2.946,0.982,1.964,-0.00868791118812549,23,0.0376432078559738,0.0766666666666667,"LV16","CS2","4",15,111,170,"Day 40"
"355","Day 40","Cell Line 1","TIFF_LV16_CA imaging_LV16_DAY40_CS2_4_140920.csv","Mean11",0.358469264608557,-0.0177716354576245,0.000343883417033242,3.437,0.982,2.946,-0.00903829433825161,23,0.0376432078559738,0.0766666666666667,"LV16","CS2","4",15,111,170,"Day 40"
"356","Day 40","Cell Line 1","TIFF_LV16_CA imaging_LV16_DAY40_CS2_4_140920.csv","Mean12",0.244860388854393,-0.021914292921453,0.00781250000000001,4.419,0.982,3.437,-0.00568777165476564,24,0.0392798690671031,0.08,"LV16","CS2","4",15,111,170,"Day 40"
"357","Day 40","Cell Line 1","TIFF_LV16_CA imaging_LV16_DAY40_CS2_4_140920.csv","Mean13",0.234910335625903,-0.02072049176422,0.00105627650618678,3.437,0.982,2.2095,-0.0101200025414172,20,0.0327332242225859,0.0666666666666667,"LV16","CS2","4",15,111,170,"Day 40"
"358","Day 40","Cell Line 1","TIFF_LV16_CA imaging_LV16_DAY40_CS2_4_140920.csv","Mean14",0.0825180819716046,-0.00669702652022507,0.0113474417358693,1.964,0.982,1.473,0.001786766675596,8,0.0130932896890344,0.0266666666666667,"LV16","CS2","4",15,111,170,"Day 40"
"359","Day 40","Cell Line 1","TIFF_LV16_CA imaging_LV16_DAY40_CS2_4_140920.csv","Mean15",0.298047718609914,-0.0216652469820948,0.0018154754222486,3.928,0.982,2.946,-0.0096882716846063,23,0.0376432078559738,0.0766666666666667,"LV16","CS2","4",15,111,170,"Day 40"
"360","Day 40","Cell Line 1","TIFF_LV16_CA imaging_LV16_DAY40_CS2_4_140920.csv","Mean17",0.39512467435802,-0.0174544101228136,-0.00218645329363602,2.946,0.982,1.964,-0.0114393375511723,23,0.0376432078559738,0.0766666666666667,"LV16","CS2","4",15,111,170,"Day 40"
"361","Day 40","Cell Line 1","TIFF_LV16_CA imaging_LV16_DAY40_CS2_4_140920.csv","Mean18",0.132156433112561,-0.0216622678153478,0.00223262453729057,2.946,0.982,1.964,-0.00534086947861165,21,0.0343698854337152,0.07,"LV16","CS2","4",15,111,170,"Day 40"
"362","Day 40","Cell Line 1","TIFF_LV16_CA imaging_LV16_DAY40_CS2_4_140920.csv","Mean3",0.207884917436072,-0.0169324612942633,-0.00349037238949233,2.946,0.982,1.964,-0.0124843141002734,24,0.0392798690671031,0.08,"LV16","CS2","4",15,111,170,"Day 40"
"363","Day 40","Cell Line 1","TIFF_LV16_CA imaging_LV16_DAY40_CS2_4_140920.csv","Mean4",0.432676365434123,-0.0173275534627976,0.0107980682852716,3.437,0.982,2.455,-0.00261963186485232,23,0.0376432078559738,0.0766666666666667,"LV16","CS2","4",15,111,170,"Day 40"
"364","Day 40","Cell Line 1","TIFF_LV16_CA imaging_LV16_DAY40_CS2_4_140920.csv","Mean5",0.105132796180245,-0.0146026061872078,0.00700288471103154,2.946,0.982,1.964,-0.00760469511588583,18,0.0294599018003273,0.06,"LV16","CS2","4",15,111,170,"Day 40"
"365","Day 40","Cell Line 1","TIFF_LV16_CA imaging_LV16_DAY40_CS2_4_140920.csv","Mean7",0.1002316391879,-0.0152064313939229,0.0105146023527275,2.7005,0.982,1.7185,-0.00193486851069622,20,0.0327332242225859,0.0666666666666667,"LV16","CS2","4",15,111,170,"Day 40"
"366","Day 40","Cell Line 1","TIFF_LV16_CA imaging_LV16_DAY40_CS2_4_140920.csv","Mean8",0.276206826315943,-0.023959030465272,0.0104635260569733,4.419,0.982,3.437,-0.0029563243809469,23,0.0376432078559738,0.0766666666666667,"LV16","CS2","4",15,111,170,"Day 40"
"367","Day 40","Cell Line 1","TIFF_LV16_CA imaging_LV16_DAY40_CS2_4_140920.csv","Mean9",0.099124473681698,-0.00647335707534107,0.0144838977629683,2.946,0.982,1.964,-0.000983415602890998,7,0.0114566284779051,0.0233333333333333,"LV16","CS2","4",15,111,170,"Day 40"
"368","Day 40","Cell Line 1","TIFF_LV16_CA imaging_LV16_DAY40_CS2_5_140920.csv","Mean1",0.610295859545682,-0.0228475165170698,0.0059323260772289,4.419,0.982,3.437,-0.0090564212576663,22,0.0360065466448445,0.0733333333333333,"LV16","CS2","5",12,111,170,"Day 40"
"369","Day 40","Cell Line 1","TIFF_LV16_CA imaging_LV16_DAY40_CS2_5_140920.csv","Mean10",0.481187868880047,-0.0235001382361074,0.00378646728612467,4.6645,0.982,3.437,-0.00823857148008804,22,0.0360065466448445,0.0733333333333333,"LV16","CS2","5",12,111,170,"Day 40"
"370","Day 40","Cell Line 1","TIFF_LV16_CA imaging_LV16_DAY40_CS2_5_140920.csv","Mean11",0.494442340764582,-0.0198955522948518,-0.00381817894952748,3.928,0.982,2.946,-0.00938767138416877,22,0.0360065466448445,0.0733333333333333,"LV16","CS2","5",12,111,170,"Day 40"
"371","Day 40","Cell Line 1","TIFF_LV16_CA imaging_LV16_DAY40_CS2_5_140920.csv","Mean12",0.163669934930932,-0.0153835520404435,-0.00830395845058603,3.437,0.982,2.455,-0.0142727371466375,22,0.0360065466448445,0.0733333333333333,"LV16","CS2","5",12,111,170,"Day 40"
"372","Day 40","Cell Line 1","TIFF_LV16_CA imaging_LV16_DAY40_CS2_5_140920.csv","Mean2",0.295194003527337,-0.0263605442176871,-0.00147572256415795,3.437,0.982,2.455,-0.0143680488068243,22,0.0360065466448445,0.0733333333333333,"LV16","CS2","5",12,111,170,"Day 40"
"373","Day 40","Cell Line 1","TIFF_LV16_CA imaging_LV16_DAY40_CS2_5_140920.csv","Mean3",0.136520685407549,-0.0181466756131513,0.00308453426537016,3.437,0.982,2.455,-0.00740087929256004,23,0.0376432078559738,0.0766666666666667,"LV16","CS2","5",12,111,170,"Day 40"
"374","Day 40","Cell Line 1","TIFF_LV16_CA imaging_LV16_DAY40_CS2_5_140920.csv","Mean4",0.0994105972813674,-0.0127255138574464,0.00854683806883347,2.946,0.982,1.964,-0.0119650746477047,14,0.0229132569558101,0.0466666666666667,"LV16","CS2","5",12,111,170,"Day 40"
"375","Day 40","Cell Line 1","TIFF_LV16_CA imaging_LV16_DAY40_CS2_5_140920.csv","Mean5",0.0935550708833151,0.00563794983642307,0.0064776444929116,2.455,0.491,1.964,0.00605779716466734,1,0.0016366612111293,0.00333333333333333,"LV16","CS2","5",12,111,170,"Day 40"
"376","Day 40","Cell Line 1","TIFF_LV16_CA imaging_LV16_DAY40_CS2_5_140920.csv","Mean6",0.163665088482622,-0.0216991893719904,0.00490111953482278,3.437,0.982,2.455,-0.00926720439334128,22,0.0360065466448445,0.0733333333333333,"LV16","CS2","5",12,111,170,"Day 40"
"377","Day 40","Cell Line 1","TIFF_LV16_CA imaging_LV16_DAY40_CS2_5_140920.csv","Mean7",0.0966509898727234,0.0105843753491727,0.0201631334626753,2.455,0.491,1.964,0.024663016648552,7,0.0114566284779051,0.0233333333333333,"LV16","CS2","5",12,111,170,"Day 40"
"378","Day 40","Cell Line 1","TIFF_LV16_CA imaging_LV16_DAY40_CS2_5_140920.csv","Mean8",0.199931695933062,-0.0194951191052168,0.0055307320867841,2.946,0.982,1.964,-0.00637030290956353,22,0.0360065466448445,0.0733333333333333,"LV16","CS2","5",12,111,170,"Day 40"
"379","Day 40","Cell Line 1","TIFF_LV16_CA imaging_LV16_DAY40_CS2_5_140920.csv","Mean9",0.139474803647947,-0.0174304597283753,-0.00086633534959478,2.455,0.982,1.964,-0.0127200854922548,22,0.0360065466448445,0.0733333333333333,"LV16","CS2","5",12,111,170,"Day 40"
"380","Day 40","Cell Line 2","Tiff_LV18_CA imaging_LV18_DAY40_CS1_1_081121.csv","Mean3",0.0806436969449362,0.0162172590675927,-0.0195197240001816,1.964,0.491,1.473,-0.00165123246629441,1,0.0016366612111293,0.00333333333333333,"LV18","CS1","1",6,59,170,"Day 40"
"381","Day 40","Cell Line 2","Tiff_LV18_CA imaging_LV18_DAY40_CS1_1_081121.csv","Mean4",0.215338671784521,-0.0179345488236657,0.006212567420006,3.437,0.982,2.455,-0.00747824360543995,21,0.0343698854337152,0.07,"LV18","CS1","1",6,59,170,"Day 40"
"382","Day 40","Cell Line 2","Tiff_LV18_CA imaging_LV18_DAY40_CS1_1_081121.csv","Mean5",0.194348415598876,-0.0200014366913,0.00548636490163145,2.946,0.982,1.964,-0.00791302630043015,20,0.0327332242225859,0.0666666666666667,"LV18","CS1","1",6,59,170,"Day 40"
"383","Day 40","Cell Line 2","Tiff_LV18_CA imaging_LV18_DAY40_CS1_1_081121.csv","Mean6",0.137221058902897,-0.00998799688094133,-0.00785897649316178,2.455,0.491,1.964,-0.00836713773798153,21,0.0343698854337152,0.07,"LV18","CS1","1",6,59,170,"Day 40"
"384","Day 40","Cell Line 2","Tiff_LV18_CA imaging_LV18_DAY40_CS1_1_081121.csv","Mean8",0.0929645566251164,-0.00708867497671117,0.0021558798740185,2.946,0.491,1.7185,-0.0034312203344719,6,0.00981996726677578,0.02,"LV18","CS1","1",6,59,170,"Day 40"
"385","Day 40","Cell Line 2","Tiff_LV18_CA imaging_LV18_DAY40_CS1_1_081121.csv","Mean9",0.375774705791664,-0.017421244668277,0.000318618634050996,3.437,0.491,2.455,-0.00541137776864175,21,0.0343698854337152,0.07,"LV18","CS1","1",6,59,170,"Day 40"
"386","Day 40","Cell Line 2","Tiff_LV18_CA imaging_LV18_DAY40_CS1_2_081121.csv","Mean1",0.110430628509328,-0.0155655678319145,-0.0035772504980982,2.946,0.982,1.964,-0.00659414055424746,19,0.0310965630114566,0.0633333333333333,"LV18","CS1","2",5,59,170,"Day 40"
"387","Day 40","Cell Line 2","Tiff_LV18_CA imaging_LV18_DAY40_CS1_2_081121.csv","Mean10",0.0969249037298442,-0.0149981689249926,0.000688040305844985,2.946,0.982,1.7185,-0.00926080056818815,10,0.016366612111293,0.0333333333333333,"LV18","CS1","2",5,59,170,"Day 40"
"388","Day 40","Cell Line 2","Tiff_LV18_CA imaging_LV18_DAY40_CS1_2_081121.csv","Mean2",0.0982696569813547,-0.024938492507269,0.0125759947947379,2.455,0.982,1.964,-0.00121490006303242,11,0.0180032733224223,0.0366666666666667,"LV18","CS1","2",5,59,170,"Day 40"
"389","Day 40","Cell Line 2","Tiff_LV18_CA imaging_LV18_DAY40_CS1_2_081121.csv","Mean3",0.0920233867218029,-0.0150272548301891,0.00963564595431481,2.946,0.982,1.473,0.000801321686139144,9,0.0147299509001637,0.03,"LV18","CS1","2",5,59,170,"Day 40"
"390","Day 40","Cell Line 2","Tiff_LV18_CA imaging_LV18_DAY40_CS1_2_081121.csv","Mean4",0.161966788283834,-0.014781600572851,-0.00237835441743113,2.946,0.982,1.964,-0.0083242404610087,21,0.0343698854337152,0.07,"LV18","CS1","2",5,59,170,"Day 40"
"391","Day 40","Cell Line 2","Tiff_LV18_CA imaging_LV18_DAY40_CS1_3_081121.csv","Mean1",0.321940269553731,-0.0261609378031093,0.00174591004406338,4.419,0.982,2.946,-0.00945008452421638,21,0.0343698854337152,0.07,"LV18","CS1","3",8,59,170,"Day 40"
"392","Day 40","Cell Line 2","Tiff_LV18_CA imaging_LV18_DAY40_CS1_3_081121.csv","Mean10",0.71612315713665,-0.0175165016992733,0.0053983917911113,3.437,0.982,2.455,-0.0089010969389273,21,0.0343698854337152,0.07,"LV18","CS1","3",8,59,170,"Day 40"
"393","Day 40","Cell Line 2","Tiff_LV18_CA imaging_LV18_DAY40_CS1_3_081121.csv","Mean2",0.0981622386237894,-0.00787123122026896,0.0116699558526596,1.964,0.491,1.473,0.00403828384344234,7,0.0114566284779051,0.0233333333333333,"LV18","CS1","3",8,59,170,"Day 40"
"394","Day 40","Cell Line 2","Tiff_LV18_CA imaging_LV18_DAY40_CS1_3_081121.csv","Mean3",0.115916879961824,-0.00574812372565167,0.0105418420025163,2.946,0.982,1.964,-0.000948982690555709,17,0.027823240589198,0.0566666666666667,"LV18","CS1","3",8,59,170,"Day 40"
"395","Day 40","Cell Line 2","Tiff_LV18_CA imaging_LV18_DAY40_CS1_3_081121.csv","Mean4",0.103591497678964,-0.0163938431468361,0.00819936476911799,2.7005,0.982,1.964,-0.00532372343024677,12,0.0196399345335516,0.04,"LV18","CS1","3",8,59,170,"Day 40"
"396","Day 40","Cell Line 2","Tiff_LV18_CA imaging_LV18_DAY40_CS1_3_081121.csv","Mean6",0.123282252960854,-0.0161603833288129,0.00837401681583944,3.1915,1.2275,1.964,0.00230539734201248,20,0.0327332242225859,0.0666666666666667,"LV18","CS1","3",8,59,170,"Day 40"
"397","Day 40","Cell Line 2","Tiff_LV18_CA imaging_LV18_DAY40_CS1_3_081121.csv","Mean8",0.142512493537825,-0.0165087023953127,0.0036705152507324,3.437,0.982,2.455,-0.00874116836119253,19,0.0310965630114566,0.0633333333333333,"LV18","CS1","3",8,59,170,"Day 40"
"398","Day 40","Cell Line 2","Tiff_LV18_CA imaging_LV18_DAY40_CS1_3_081121.csv","Mean9",0.484312816878373,-0.0162119064493267,0.00288938559668543,3.437,0.982,2.455,-0.00772092896472766,21,0.0343698854337152,0.07,"LV18","CS1","3",8,59,170,"Day 40"
"399","Day 40","Cell Line 2","Tiff_LV18_CA imaging_LV18_DAY40_CS1_4_081121.csv","Mean1",0.0970211647795137,0.021063255458411,-0.00952534518178784,1.964,0.982,0.982,0.0057689551383116,2,0.00327332242225859,0.00666666666666667,"LV18","CS1","4",5,59,170,"Day 40"
"400","Day 40","Cell Line 2","Tiff_LV18_CA imaging_LV18_DAY40_CS1_4_081121.csv","Mean3",1.10044029791665,-0.0219661768377718,0.0406438215179621,3.928,0.982,2.946,0.00969812492768275,19,0.0310965630114566,0.0633333333333333,"LV18","CS1","4",5,59,170,"Day 40"
"401","Day 40","Cell Line 2","Tiff_LV18_CA imaging_LV18_DAY40_CS1_4_081121.csv","Mean4",0.212894370399841,-0.0186950467475631,0.00794111796299984,2.946,0.982,2.2095,-0.00440819574298783,18,0.0294599018003273,0.06,"LV18","CS1","4",5,59,170,"Day 40"
"402","Day 40","Cell Line 2","Tiff_LV18_CA imaging_LV18_DAY40_CS1_4_081121.csv","Mean5",0.0782901056676273,-0.00300050856077296,-0.0021981126744646,2.2095,0.7365,1.473,-0.00259931061761877,2,0.00327332242225859,0.00666666666666667,"LV18","CS1","4",5,59,170,"Day 40"
"403","Day 40","Cell Line 2","Tiff_LV18_CA imaging_LV18_DAY40_CS1_4_081121.csv","Mean6",0.254043290234323,-0.0144797228718944,0.00538369886589286,3.437,0.982,2.455,-0.00523200653104458,18,0.0294599018003273,0.06,"LV18","CS1","4",5,59,170,"Day 40"
"404","Day 40","Cell Line 2","Tiff_LV18_CA imaging_LV18_DAY40_CS1_5_081121.csv","Mean1",0.587310326176195,-0.0213458510812978,0.00329363584557575,3.437,0.982,2.455,-0.00904059575207905,19,0.0310965630114566,0.0633333333333333,"LV18","CS1","5",8,59,170,"Day 40"
"405","Day 40","Cell Line 2","Tiff_LV18_CA imaging_LV18_DAY40_CS1_5_081121.csv","Mean10",0.545094157531365,-0.0534705896909259,-0.0048872831654748,7.856,1.473,5.892,-0.0300450372423351,18,0.0294599018003273,0.06,"LV18","CS1","5",8,59,170,"Day 40"
"406","Day 40","Cell Line 2","Tiff_LV18_CA imaging_LV18_DAY40_CS1_5_081121.csv","Mean2",0.105497188683049,-0.0193320042113751,0.00449698707466229,2.946,0.982,1.473,-0.0110044577854439,12,0.0196399345335516,0.04,"LV18","CS1","5",8,59,170,"Day 40"
"407","Day 40","Cell Line 2","Tiff_LV18_CA imaging_LV18_DAY40_CS1_5_081121.csv","Mean3",0.541440243389078,-0.0172257089280931,-0.00428609697294401,3.437,0.982,2.455,-0.0107439439745896,18,0.0294599018003273,0.06,"LV18","CS1","5",8,59,170,"Day 40"
"408","Day 40","Cell Line 2","Tiff_LV18_CA imaging_LV18_DAY40_CS1_5_081121.csv","Mean4",0.221294827921988,-0.0198230531675152,-0.00826308321509048,3.1915,0.982,2.2095,-0.0107600923684722,18,0.0294599018003273,0.06,"LV18","CS1","5",8,59,170,"Day 40"
"409","Day 40","Cell Line 2","Tiff_LV18_CA imaging_LV18_DAY40_CS1_5_081121.csv","Mean5",0.102748558480556,-0.0183713133025072,0.0224333585100308,2.7005,0.982,1.473,0.00323075364294531,16,0.0261865793780687,0.0533333333333333,"LV18","CS1","5",8,59,170,"Day 40"
"410","Day 40","Cell Line 2","Tiff_LV18_CA imaging_LV18_DAY40_CS1_5_081121.csv","Mean8",0.0908132479447291,-0.0272428528168145,-0.00331983714852914,3.437,1.964,1.473,-0.0152813449826718,1,0.0016366612111293,0.00333333333333333,"LV18","CS1","5",8,59,170,"Day 40"
"411","Day 40","Cell Line 2","Tiff_LV18_CA imaging_LV18_DAY40_CS1_5_081121.csv","Mean9",0.311779206341534,-0.0196432887041422,0.00957513654599076,3.928,0.982,2.946,-0.00739040069602196,18,0.0294599018003273,0.06,"LV18","CS1","5",8,59,170,"Day 40"
"412","Day 40","Cell Line 2","Tiff_LV18_CA imaging_LV18_DAY40_CS2_1_081121.csv","Mean1",0.0839972695411199,-0.0141769907897954,0.0067140761268237,2.455,0.982,1.2275,-0.00436058358464424,8,0.0130932896890344,0.0266666666666667,"LV18","CS2","1",8,59,170,"Day 40"
"413","Day 40","Cell Line 2","Tiff_LV18_CA imaging_LV18_DAY40_CS2_1_081121.csv","Mean10",0.215103557735642,-0.0202347439305566,0.00776601372931943,3.437,0.982,2.455,-0.00887964311607226,21,0.0343698854337152,0.07,"LV18","CS2","1",8,59,170,"Day 40"
"414","Day 40","Cell Line 2","Tiff_LV18_CA imaging_LV18_DAY40_CS2_1_081121.csv","Mean11",0.358888468809074,-0.0120907372400755,0.00940642722117202,3.437,0.982,2.946,-0.00243856332703207,21,0.0343698854337152,0.07,"LV18","CS2","1",8,59,170,"Day 40"
"415","Day 40","Cell Line 2","Tiff_LV18_CA imaging_LV18_DAY40_CS2_1_081121.csv","Mean2",0.334441083111038,-0.0187845550869558,-0.000320402962609555,3.437,0.982,2.455,-0.0105360416076777,21,0.0343698854337152,0.07,"LV18","CS2","1",8,59,170,"Day 40"
"416","Day 40","Cell Line 2","Tiff_LV18_CA imaging_LV18_DAY40_CS2_1_081121.csv","Mean4",0.0820856454821484,-0.000639839923684627,-0.00926022871368916,2.455,0.491,1.473,-0.00495003431868689,3,0.00490998363338789,0.01,"LV18","CS2","1",8,59,170,"Day 40"
"417","Day 40","Cell Line 2","Tiff_LV18_CA imaging_LV18_DAY40_CS2_1_081121.csv","Mean5",0.158315784066978,-0.0180543428013765,-0.000132689574879627,3.1915,0.982,1.964,-0.00935461502902043,20,0.0327332242225859,0.0666666666666667,"LV18","CS2","1",8,59,170,"Day 40"
"418","Day 40","Cell Line 2","Tiff_LV18_CA imaging_LV18_DAY40_CS2_1_081121.csv","Mean7",0.362886187574635,-0.0196040907559938,0.00239597048286856,2.946,0.982,2.455,-0.0095915367892464,21,0.0343698854337152,0.07,"LV18","CS2","1",8,59,170,"Day 40"
"419","Day 40","Cell Line 2","Tiff_LV18_CA imaging_LV18_DAY40_CS2_1_081121.csv","Mean8",0.0790092952112014,0.00142369690551841,0.0462407342040241,1.473,0.982,0.491,0.0227967996234852,3,0.00490998363338789,0.01,"LV18","CS2","1",8,59,170,"Day 40"
"420","Day 40","Cell Line 2","Tiff_LV18_CA imaging_LV18_DAY40_CS2_2_081121.csv","Mean1",0.453583451528563,-0.0229369948221945,0.00403715032724418,3.1915,0.982,1.964,-0.00872793451699445,24,0.0392798690671031,0.08,"LV18","CS2","2",5,59,170,"Day 40"
"421","Day 40","Cell Line 2","Tiff_LV18_CA imaging_LV18_DAY40_CS2_2_081121.csv","Mean2",0.243344512068894,-0.019045253177659,-0.00566182254792362,3.437,0.982,2.455,-0.00901544321616357,23,0.0376432078559738,0.0766666666666667,"LV18","CS2","2",5,59,170,"Day 40"
"422","Day 40","Cell Line 2","Tiff_LV18_CA imaging_LV18_DAY40_CS2_2_081121.csv","Mean4",0.416171851997252,-0.019254833644126,0.00983904210423005,3.437,0.982,2.455,-0.00385679409166751,24,0.0392798690671031,0.08,"LV18","CS2","2",5,59,170,"Day 40"
"423","Day 40","Cell Line 2","Tiff_LV18_CA imaging_LV18_DAY40_CS2_2_081121.csv","Mean5",0.0901811137809487,-0.017841453991172,0.00340845338781209,2.455,0.982,1.2275,-0.00925680896783144,18,0.0294599018003273,0.06,"LV18","CS2","2",5,59,170,"Day 40"
"424","Day 40","Cell Line 2","Tiff_LV18_CA imaging_LV18_DAY40_CS2_2_081121.csv","Mean6",0.450997545036479,-0.0185090418726876,0.00576052003734319,3.437,0.982,2.455,-0.0070813595657134,24,0.0392798690671031,0.08,"LV18","CS2","2",5,59,170,"Day 40"
"425","Day 40","Cell Line 2","Tiff_LV18_CA imaging_LV18_DAY40_CS2_3_081121.csv","Mean10",0.437928501469148,-0.0181782566111654,0.00289422135161618,3.437,0.982,2.455,-0.00635896180215471,22,0.0360065466448445,0.0733333333333333,"LV18","CS2","3",4,59,170,"Day 40"
"426","Day 40","Cell Line 2","Tiff_LV18_CA imaging_LV18_DAY40_CS2_3_081121.csv","Mean11",0.119996572750511,-0.00966769960158234,0.00107101546546336,3.437,0.982,2.455,-0.00470175789338391,19,0.0310965630114566,0.0633333333333333,"LV18","CS2","3",4,59,170,"Day 40"
"427","Day 40","Cell Line 2","Tiff_LV18_CA imaging_LV18_DAY40_CS2_3_081121.csv","Mean3",0.36522789267889,-0.0203148356149344,0.0098006097406491,3.437,0.982,2.455,-0.00886319683137544,22,0.0360065466448445,0.0733333333333333,"LV18","CS2","3",4,59,170,"Day 40"
"428","Day 40","Cell Line 2","Tiff_LV18_CA imaging_LV18_DAY40_CS2_3_081121.csv","Mean5",0.077521299224562,-0.0184687067403463,0.0170393796495336,2.455,0.982,1.473,-0.00626878102033691,7,0.0114566284779051,0.0233333333333333,"LV18","CS2","3",4,59,170,"Day 40"
"429","Day 40","Cell Line 2","Tiff_LV18_CA imaging_LV18_DAY40_CS2_4_081121.csv","Mean1",0.285690284643469,-0.0158702465186908,0.00645536493166615,3.437,0.982,2.455,-0.00570902394106813,21,0.0343698854337152,0.07,"LV18","CS2","4",4,59,170,"Day 40"
"430","Day 40","Cell Line 2","Tiff_LV18_CA imaging_LV18_DAY40_CS2_4_081121.csv","Mean3",0.43651157460463,-0.0231673040037638,0.0168160488316826,3.928,0.982,2.946,0.00286198535532041,21,0.0343698854337152,0.07,"LV18","CS2","4",4,59,170,"Day 40"
"431","Day 40","Cell Line 2","Tiff_LV18_CA imaging_LV18_DAY40_CS2_4_081121.csv","Mean5",0.0996779496880842,-0.0156858770803774,-0.00752201427831444,2.455,0.982,1.473,-0.014709028669234,18,0.0294599018003273,0.06,"LV18","CS2","4",4,59,170,"Day 40"
"432","Day 40","Cell Line 2","Tiff_LV18_CA imaging_LV18_DAY40_CS2_4_081121.csv","Mean7",0.94368120584853,-0.0244818191774821,0.0149498932150485,4.6645,0.982,3.437,-0.0073910930398116,20,0.0327332242225859,0.0666666666666667,"LV18","CS2","4",4,59,170,"Day 40"
"433","Day 40","Cell Line 2","Tiff_LV18_CA imaging_LV18_DAY40_CS2_5_081121.csv","Mean1",0.185857616313816,-0.00966187949363414,0.00280710650705401,2.455,0.491,1.473,-0.00162540521940704,19,0.0310965630114566,0.0633333333333333,"LV18","CS2","5",6,59,170,"Day 40"
"434","Day 40","Cell Line 2","Tiff_LV18_CA imaging_LV18_DAY40_CS2_5_081121.csv","Mean2",0.273030828994132,-0.0135961649723117,-0.00126869989255305,2.946,0.982,1.964,-0.0084738408132903,20,0.0327332242225859,0.0666666666666667,"LV18","CS2","5",6,59,170,"Day 40"
"435","Day 40","Cell Line 2","Tiff_LV18_CA imaging_LV18_DAY40_CS2_5_081121.csv","Mean3",0.107328650194939,-0.0040631416245646,0.0462258057074307,3.1915,1.2275,1.964,0.0245432209841511,4,0.00654664484451719,0.0133333333333333,"LV18","CS2","5",6,59,170,"Day 40"
"436","Day 40","Cell Line 2","Tiff_LV18_CA imaging_LV18_DAY40_CS2_5_081121.csv","Mean4",0.0786896920064092,-0.0103950309576087,0.00745751983067281,2.455,0.982,0.982,-0.00146875556346796,3,0.00490998363338789,0.01,"LV18","CS2","5",6,59,170,"Day 40"
"437","Day 40","Cell Line 2","Tiff_LV18_CA imaging_LV18_DAY40_CS2_5_081121.csv","Mean5",0.125616405217812,-0.0168034388432981,-0.000455907255438251,1.964,0.982,1.473,-0.00889019148104723,15,0.0245499181669394,0.05,"LV18","CS2","5",6,59,170,"Day 40"
"438","Day 40","Cell Line 2","Tiff_LV18_CA imaging_LV18_DAY40_CS2_5_081121.csv","Mean6",0.385675655015575,-0.0183652798746345,-0.00264203948248513,3.437,0.982,2.7005,-0.0118533453093049,20,0.0327332242225859,0.0666666666666667,"LV18","CS2","5",6,59,170,"Day 40"
"439","Day 47","Cell Line 1","TIFF_LV16_CA imaging_LV16_DAY47_CS1_1_210920.csv","Mean10",0.0946103120618932,-0.00353600913858462,0.00503660626200735,2.455,0.982,1.473,0.00075029856171137,2,0.00327332242225859,0.00666666666666667,"LV16","CS1","1",13,130,130,"Day 47"
"440","Day 47","Cell Line 1","TIFF_LV16_CA imaging_LV16_DAY47_CS1_1_210920.csv","Mean11",0.0909220336442995,0.015229852759357,0.0232250571353639,2.2095,0.982,1.473,0.0192274549473605,4,0.00654664484451719,0.0133333333333333,"LV16","CS1","1",13,130,130,"Day 47"
"441","Day 47","Cell Line 1","TIFF_LV16_CA imaging_LV16_DAY47_CS1_1_210920.csv","Mean12",0.621363975987427,-0.0215563513942922,-0.00400209551782474,3.6825,0.982,2.7005,-0.0140008931715318,14,0.0229132569558101,0.0466666666666667,"LV16","CS1","1",13,130,130,"Day 47"
"442","Day 47","Cell Line 1","TIFF_LV16_CA imaging_LV16_DAY47_CS1_1_210920.csv","Mean13",0.350386913734858,-0.0117774840170999,0.00340916997147431,3.437,0.982,2.455,-0.00870459271628134,14,0.0229132569558101,0.0466666666666667,"LV16","CS1","1",13,130,130,"Day 47"
"443","Day 47","Cell Line 1","TIFF_LV16_CA imaging_LV16_DAY47_CS1_1_210920.csv","Mean14",0.383195275457214,-0.0213860352223979,0.0114127060284488,3.928,0.982,2.946,-0.00131237299616171,14,0.0229132569558101,0.0466666666666667,"LV16","CS1","1",13,130,130,"Day 47"
"444","Day 47","Cell Line 1","TIFF_LV16_CA imaging_LV16_DAY47_CS1_1_210920.csv","Mean2",0.724261928081713,-0.0220302224709667,0.0132153351056388,5.892,0.982,4.419,-0.00526094864978304,14,0.0229132569558101,0.0466666666666667,"LV16","CS1","1",13,130,130,"Day 47"
"445","Day 47","Cell Line 1","TIFF_LV16_CA imaging_LV16_DAY47_CS1_1_210920.csv","Mean3",0.084996357592112,0.0202743605265588,-0.00427854673055403,3.437,0.982,2.455,0.00799790689800238,1,0.0016366612111293,0.00333333333333333,"LV16","CS1","1",13,130,130,"Day 47"
"446","Day 47","Cell Line 1","TIFF_LV16_CA imaging_LV16_DAY47_CS1_1_210920.csv","Mean4",0.170974701320904,-0.021655506482405,0.0058565526224736,3.437,0.982,2.2095,-0.00661215476360092,14,0.0229132569558101,0.0466666666666667,"LV16","CS1","1",13,130,130,"Day 47"
"447","Day 47","Cell Line 1","TIFF_LV16_CA imaging_LV16_DAY47_CS1_1_210920.csv","Mean5",0.61122376693527,-0.021668290091207,0.0123859913220578,5.401,0.982,4.1735,-0.00664128221021879,14,0.0229132569558101,0.0466666666666667,"LV16","CS1","1",13,130,130,"Day 47"
"448","Day 47","Cell Line 1","TIFF_LV16_CA imaging_LV16_DAY47_CS1_1_210920.csv","Mean6",0.100074758135444,-0.00275725593667549,0.0168777484608619,3.928,0.7365,2.7005,0.0052198768689534,4,0.00654664484451719,0.0133333333333333,"LV16","CS1","1",13,130,130,"Day 47"
"449","Day 47","Cell Line 1","TIFF_LV16_CA imaging_LV16_DAY47_CS1_1_210920.csv","Mean7",0.153231580930846,-0.0121537591859808,0.0382654983983418,3.437,0.982,2.2095,0.0127944224609007,14,0.0229132569558101,0.0466666666666667,"LV16","CS1","1",13,130,130,"Day 47"
"450","Day 47","Cell Line 1","TIFF_LV16_CA imaging_LV16_DAY47_CS1_1_210920.csv","Mean8",0.239502879288229,-0.0128442182254851,0.0151776698234219,3.6825,0.982,2.7005,0.00109337900166483,14,0.0229132569558101,0.0466666666666667,"LV16","CS1","1",13,130,130,"Day 47"
"451","Day 47","Cell Line 1","TIFF_LV16_CA imaging_LV16_DAY47_CS1_1_210920.csv","Mean9",0.135600421348315,-0.0128441011235956,0.0104564606741572,2.7005,0.982,1.964,-0.00313026685393267,14,0.0229132569558101,0.0466666666666667,"LV16","CS1","1",13,130,130,"Day 47"
"452","Day 47","Cell Line 1","TIFF_LV16_CA imaging_LV16_DAY47_CS1_2_210920.csv","Mean1",0.0838340202260953,-0.0147061257593062,0.00588410546700431,2.455,0.982,1.473,-0.00480411142559214,7,0.0114566284779051,0.0233333333333333,"LV16","CS1","2",11,130,130,"Day 47"
"453","Day 47","Cell Line 1","TIFF_LV16_CA imaging_LV16_DAY47_CS1_2_210920.csv","Mean10",0.206818432468201,-0.0190565031982943,0.0120579369164032,3.437,0.982,2.455,-0.00909629806631872,12,0.0196399345335516,0.04,"LV16","CS1","2",11,130,130,"Day 47"
"454","Day 47","Cell Line 1","TIFF_LV16_CA imaging_LV16_DAY47_CS1_2_210920.csv","Mean12",0.177551976025473,-0.00921208715739526,0.0169913217206718,3.437,0.982,2.455,0.00400980208528441,10,0.016366612111293,0.0333333333333333,"LV16","CS1","2",11,130,130,"Day 47"
"455","Day 47","Cell Line 1","TIFF_LV16_CA imaging_LV16_DAY47_CS1_2_210920.csv","Mean13",0.0810555992896766,0.0218680775497502,0.0436171576076012,2.455,1.473,0.982,0.0327426175786757,1,0.0016366612111293,0.00333333333333333,"LV16","CS1","2",11,130,130,"Day 47"
"456","Day 47","Cell Line 1","TIFF_LV16_CA imaging_LV16_DAY47_CS1_2_210920.csv","Mean14",0.0945472288052895,-0.00915599545934326,0.00668651544420763,2.455,0.491,1.7185,-0.00948708501782414,8,0.0130932896890344,0.0266666666666667,"LV16","CS1","2",11,130,130,"Day 47"
"457","Day 47","Cell Line 1","TIFF_LV16_CA imaging_LV16_DAY47_CS1_2_210920.csv","Mean3",0.306763414372925,-0.00830031059226738,0.0507323015958017,5.401,0.982,3.928,0.00617168255328272,11,0.0180032733224223,0.0366666666666667,"LV16","CS1","2",11,130,130,"Day 47"
"458","Day 47","Cell Line 1","TIFF_LV16_CA imaging_LV16_DAY47_CS1_2_210920.csv","Mean4",0.26123164584703,-0.0169715486457569,0.0193177862861122,3.928,0.982,2.455,0.0089788709698212,11,0.0180032733224223,0.0366666666666667,"LV16","CS1","2",11,130,130,"Day 47"
"459","Day 47","Cell Line 1","TIFF_LV16_CA imaging_LV16_DAY47_CS1_2_210920.csv","Mean5",0.264884850104682,-0.0151721680253018,0.0111007171811662,3.928,0.982,2.946,-0.00460154127132619,11,0.0180032733224223,0.0366666666666667,"LV16","CS1","2",11,130,130,"Day 47"
"460","Day 47","Cell Line 1","TIFF_LV16_CA imaging_LV16_DAY47_CS1_2_210920.csv","Mean6",0.0880910124234751,-0.00659062356671387,0.00467625181965031,1.964,0.491,1.473,-0.000892376413344706,9,0.0147299509001637,0.03,"LV16","CS1","2",11,130,130,"Day 47"
"461","Day 47","Cell Line 1","TIFF_LV16_CA imaging_LV16_DAY47_CS1_2_210920.csv","Mean7",0.118580206701058,-0.00018486891913306,0.0310755849780798,2.946,0.982,1.473,0.0208197616071272,3,0.00490998363338789,0.01,"LV16","CS1","2",11,130,130,"Day 47"
"462","Day 47","Cell Line 1","TIFF_LV16_CA imaging_LV16_DAY47_CS1_2_210920.csv","Mean9",0.24000077814956,-0.0153149560345499,-0.00308828106762129,3.928,0.982,2.946,-0.0103347988483387,12,0.0196399345335516,0.04,"LV16","CS1","2",11,130,130,"Day 47"
"463","Day 47","Cell Line 1","TIFF_LV16_CA imaging_LV16_DAY47_CS1_3_210920.csv","Mean1",0.734668407828617,-0.0165300185136207,0.0143480560698227,4.419,0.982,3.437,-0.00412010711452003,13,0.0212765957446809,0.0433333333333333,"LV16","CS1","3",15,130,130,"Day 47"
"464","Day 47","Cell Line 1","TIFF_LV16_CA imaging_LV16_DAY47_CS1_3_210920.csv","Mean10",0.6065416703517,-0.0198328469089944,0.0426800507060523,5.892,0.982,4.419,0.00141136758939893,13,0.0212765957446809,0.0433333333333333,"LV16","CS1","3",15,130,130,"Day 47"
"465","Day 47","Cell Line 1","TIFF_LV16_CA imaging_LV16_DAY47_CS1_3_210920.csv","Mean11",0.454906632797657,-0.0108902161248676,0.0148159422267473,4.419,0.982,3.437,0.000879089735380815,13,0.0212765957446809,0.0433333333333333,"LV16","CS1","3",15,130,130,"Day 47"
"466","Day 47","Cell Line 1","TIFF_LV16_CA imaging_LV16_DAY47_CS1_3_210920.csv","Mean12",0.0817457729749872,0.0636499138292421,0.0650472774698401,1.473,0.7365,0.7365,0.0637226931855232,4,0.00654664484451719,0.0133333333333333,"LV16","CS1","3",15,130,130,"Day 47"
"467","Day 47","Cell Line 1","TIFF_LV16_CA imaging_LV16_DAY47_CS1_3_210920.csv","Mean13",0.382517718528518,-0.0172713466081674,0.00600742490718869,3.437,0.982,2.455,-0.00560242996962539,13,0.0212765957446809,0.0433333333333333,"LV16","CS1","3",15,130,130,"Day 47"
"468","Day 47","Cell Line 1","TIFF_LV16_CA imaging_LV16_DAY47_CS1_3_210920.csv","Mean14",0.380549573961692,-0.0167169807432746,0.0217088927125297,4.91,0.982,3.928,0.0037658283276837,13,0.0212765957446809,0.0433333333333333,"LV16","CS1","3",15,130,130,"Day 47"
"469","Day 47","Cell Line 1","TIFF_LV16_CA imaging_LV16_DAY47_CS1_3_210920.csv","Mean15",0.444238976927818,-0.012359261253248,0.0222919251265966,3.928,0.982,2.455,0.00743974470010839,13,0.0212765957446809,0.0433333333333333,"LV16","CS1","3",15,130,130,"Day 47"
"470","Day 47","Cell Line 1","TIFF_LV16_CA imaging_LV16_DAY47_CS1_3_210920.csv","Mean2",0.247440211295633,-0.0235446289663157,0.0107999565830891,3.437,0.982,2.455,-0.00596078005716559,13,0.0212765957446809,0.0433333333333333,"LV16","CS1","3",15,130,130,"Day 47"
"471","Day 47","Cell Line 1","TIFF_LV16_CA imaging_LV16_DAY47_CS1_3_210920.csv","Mean3",0.605487923540986,-0.0202031122739495,0.011474618173431,4.419,0.982,3.928,-0.000108115120980927,13,0.0212765957446809,0.0433333333333333,"LV16","CS1","3",15,130,130,"Day 47"
"472","Day 47","Cell Line 1","TIFF_LV16_CA imaging_LV16_DAY47_CS1_3_210920.csv","Mean4",0.763896787611914,-0.0232601595632322,0.0306858619176836,4.91,0.982,3.928,0.00567895617698199,13,0.0212765957446809,0.0433333333333333,"LV16","CS1","3",15,130,130,"Day 47"
"473","Day 47","Cell Line 1","TIFF_LV16_CA imaging_LV16_DAY47_CS1_3_210920.csv","Mean5",0.262271663817151,-0.0174457842166832,0.0207302258616036,5.401,0.982,3.928,0.00445705480068391,13,0.0212765957446809,0.0433333333333333,"LV16","CS1","3",15,130,130,"Day 47"
"474","Day 47","Cell Line 1","TIFF_LV16_CA imaging_LV16_DAY47_CS1_3_210920.csv","Mean6",0.957828643722325,-0.0177705409647869,0.0264390975329757,6.383,1.473,4.91,0.000465642058899388,13,0.0212765957446809,0.0433333333333333,"LV16","CS1","3",15,130,130,"Day 47"
"475","Day 47","Cell Line 1","TIFF_LV16_CA imaging_LV16_DAY47_CS1_3_210920.csv","Mean7",0.303867403314917,-0.019880228413954,0.0113941995574811,3.437,0.982,2.946,-0.00232189938656817,13,0.0212765957446809,0.0433333333333333,"LV16","CS1","3",15,130,130,"Day 47"
"476","Day 47","Cell Line 1","TIFF_LV16_CA imaging_LV16_DAY47_CS1_3_210920.csv","Mean8",0.663891876000898,-0.0131828344641377,0.0303653904176886,4.419,0.982,3.437,0.00720259324302379,13,0.0212765957446809,0.0433333333333333,"LV16","CS1","3",15,130,130,"Day 47"
"477","Day 47","Cell Line 1","TIFF_LV16_CA imaging_LV16_DAY47_CS1_3_210920.csv","Mean9",0.647449617102349,-0.0110972275488365,0.00789301134465726,4.91,0.982,3.928,-0.000847447142804125,13,0.0212765957446809,0.0433333333333333,"LV16","CS1","3",15,130,130,"Day 47"
"478","Day 47","Cell Line 1","TIFF_LV16_CA imaging_LV16_DAY47_CS1_4_210920.csv","Mean1",0.227927927927928,-0.022752828015986,0.0153220890062995,2.946,0.982,1.964,-0.0112748086432296,13,0.0212765957446809,0.0433333333333333,"LV16","CS1","4",12,130,130,"Day 47"
"479","Day 47","Cell Line 1","TIFF_LV16_CA imaging_LV16_DAY47_CS1_4_210920.csv","Mean10",0.596242753939241,-0.0199241889566465,6.7405216370785e-05,4.91,0.982,3.928,-0.0115005194166673,12,0.0196399345335516,0.04,"LV16","CS1","4",12,130,130,"Day 47"
"480","Day 47","Cell Line 1","TIFF_LV16_CA imaging_LV16_DAY47_CS1_4_210920.csv","Mean11",0.154841614577815,-0.0142493908252994,-0.00462972772539462,2.946,0.982,2.2095,-0.000993219620722535,12,0.0196399345335516,0.04,"LV16","CS1","4",12,130,130,"Day 47"
"481","Day 47","Cell Line 1","TIFF_LV16_CA imaging_LV16_DAY47_CS1_4_210920.csv","Mean12",0.572883492569002,-0.0228569532908705,-0.00319577140835099,4.419,1.2275,2.946,-0.0143699133050248,12,0.0196399345335516,0.04,"LV16","CS1","4",12,130,130,"Day 47"
"482","Day 47","Cell Line 1","TIFF_LV16_CA imaging_LV16_DAY47_CS1_4_210920.csv","Mean2",0.184883439541825,-0.0246296146917264,0.0296218619199986,2.946,0.982,1.473,0.00213313256791524,13,0.0212765957446809,0.0433333333333333,"LV16","CS1","4",12,130,130,"Day 47"
"483","Day 47","Cell Line 1","TIFF_LV16_CA imaging_LV16_DAY47_CS1_4_210920.csv","Mean3",0.266920279415315,-0.025912889082711,0.0117980546837888,3.1915,0.982,2.455,0.00145431466151656,12,0.0196399345335516,0.04,"LV16","CS1","4",12,130,130,"Day 47"
"484","Day 47","Cell Line 1","TIFF_LV16_CA imaging_LV16_DAY47_CS1_4_210920.csv","Mean4",0.890522363576715,-0.0207268618087703,0.0083840629898298,5.401,1.473,4.1735,-0.00794116574927999,14,0.0229132569558101,0.0466666666666667,"LV16","CS1","4",12,130,130,"Day 47"
"485","Day 47","Cell Line 1","TIFF_LV16_CA imaging_LV16_DAY47_CS1_4_210920.csv","Mean5",0.0789459804428316,0.0220571946961465,0.0343147079610543,2.2095,1.2275,0.982,0.0281859513286004,2,0.00327332242225859,0.00666666666666667,"LV16","CS1","4",12,130,130,"Day 47"
"486","Day 47","Cell Line 1","TIFF_LV16_CA imaging_LV16_DAY47_CS1_4_210920.csv","Mean6",0.158363542206111,-0.0136198860693941,-0.0097099948213361,2.946,0.982,1.964,-0.0122812014500258,12,0.0196399345335516,0.04,"LV16","CS1","4",12,130,130,"Day 47"
"487","Day 47","Cell Line 1","TIFF_LV16_CA imaging_LV16_DAY47_CS1_4_210920.csv","Mean7",0.32901925248864,-0.0164256822420088,0.0112514117616158,3.437,0.7365,2.946,-0.00524650014445937,12,0.0196399345335516,0.04,"LV16","CS1","4",12,130,130,"Day 47"
"488","Day 47","Cell Line 1","TIFF_LV16_CA imaging_LV16_DAY47_CS1_4_210920.csv","Mean8",0.0751150513728396,0.0325895021912369,0.03350442364523,0.982,0.491,0.491,0.0330469629182334,1,0.0016366612111293,0.00333333333333333,"LV16","CS1","4",12,130,130,"Day 47"
"489","Day 47","Cell Line 1","TIFF_LV16_CA imaging_LV16_DAY47_CS1_4_210920.csv","Mean9",0.251938404395264,-0.016466764683123,0.0135456163429546,3.928,0.982,3.437,-0.00305463127756703,12,0.0196399345335516,0.04,"LV16","CS1","4",12,130,130,"Day 47"
"490","Day 47","Cell Line 1","TIFF_LV16_CA imaging_LV16_DAY47_CS1_5_210920.csv","Mean1",0.0788732687052566,-0.00515362156208758,-0.0078655071018151,2.455,0.982,1.964,-0.00650956433195134,5,0.00818330605564648,0.0166666666666667,"LV16","CS1","5",12,130,130,"Day 47"
"491","Day 47","Cell Line 1","TIFF_LV16_CA imaging_LV16_DAY47_CS1_5_210920.csv","Mean10",0.0828445959610551,0.00605745432833524,0.0260354972601817,2.7005,1.2275,1.7185,0.0160464757942584,4,0.00654664484451719,0.0133333333333333,"LV16","CS1","5",12,130,130,"Day 47"
"492","Day 47","Cell Line 1","TIFF_LV16_CA imaging_LV16_DAY47_CS1_5_210920.csv","Mean11",0.0848271479153847,-0.0202963755031222,-0.00024210388274105,3.437,1.473,1.964,-0.0102692396929316,2,0.00327332242225859,0.00666666666666667,"LV16","CS1","5",12,130,130,"Day 47"
"493","Day 47","Cell Line 1","TIFF_LV16_CA imaging_LV16_DAY47_CS1_5_210920.csv","Mean12",0.103092671830147,0.00184152087959705,0.0315983317987326,1.964,0.982,0.982,0.0167199263391648,1,0.0016366612111293,0.00333333333333333,"LV16","CS1","5",12,130,130,"Day 47"
"494","Day 47","Cell Line 1","TIFF_LV16_CA imaging_LV16_DAY47_CS1_5_210920.csv","Mean13",0.102645829779976,0.0247633464096878,0.0210536414804707,1.964,0.491,1.473,0.0229084939450792,1,0.0016366612111293,0.00333333333333333,"LV16","CS1","5",12,130,130,"Day 47"
"495","Day 47","Cell Line 1","TIFF_LV16_CA imaging_LV16_DAY47_CS1_5_210920.csv","Mean14",0.138952622469106,-0.0238054985307733,0.00569979471078371,3.437,0.982,2.455,-0.0061224489795919,11,0.0180032733224223,0.0366666666666667,"LV16","CS1","5",12,130,130,"Day 47"
"496","Day 47","Cell Line 1","TIFF_LV16_CA imaging_LV16_DAY47_CS1_5_210920.csv","Mean3",0.087246853904492,-0.015417951495958,0.0113655304608717,1.964,0.491,0.982,-0.00205746312192688,7,0.0114566284779051,0.0233333333333333,"LV16","CS1","5",12,130,130,"Day 47"
"497","Day 47","Cell Line 1","TIFF_LV16_CA imaging_LV16_DAY47_CS1_5_210920.csv","Mean4",0.0858828671328671,0.00469576155551758,0.0200302746034452,1.473,0.7365,0.491,0.0127681008016373,4,0.00654664484451719,0.0133333333333333,"LV16","CS1","5",12,130,130,"Day 47"
"498","Day 47","Cell Line 1","TIFF_LV16_CA imaging_LV16_DAY47_CS1_5_210920.csv","Mean5",0.0903223483090319,0.0658661310200228,0.047099825541382,2.946,1.2275,1.7185,0.0564829782807023,2,0.00327332242225859,0.00666666666666667,"LV16","CS1","5",12,130,130,"Day 47"
"499","Day 47","Cell Line 1","TIFF_LV16_CA imaging_LV16_DAY47_CS1_5_210920.csv","Mean7",0.221784738769106,-0.00754780031382588,0.00831783576451431,2.946,0.491,1.964,-0.00286947172662296,11,0.0180032733224223,0.0366666666666667,"LV16","CS1","5",12,130,130,"Day 47"
"500","Day 47","Cell Line 1","TIFF_LV16_CA imaging_LV16_DAY47_CS1_5_210920.csv","Mean8",0.078947901988017,0.0146541498971015,0.0370484889650347,1.7185,0.491,1.2275,0.0258513194310682,2,0.00327332242225859,0.00666666666666667,"LV16","CS1","5",12,130,130,"Day 47"
"501","Day 47","Cell Line 1","TIFF_LV16_CA imaging_LV16_DAY47_CS1_5_210920.csv","Mean9",0.127826784282277,-0.0163993584603048,0.014865677626303,2.946,0.982,1.964,-0.003307939053729,11,0.0180032733224223,0.0366666666666667,"LV16","CS1","5",12,130,130,"Day 47"
"502","Day 47","Cell Line 1","TIFF_LV16_CA imaging_LV16_DAY47_CS2_1_210920.csv","Mean1",0.195098608183919,-0.0132156347679119,-0.000605801439669302,3.1915,0.982,1.964,-0.00787287333150066,28,0.0458265139116203,0.0933333333333333,"LV16","CS2","1",13,130,130,"Day 47"
"503","Day 47","Cell Line 1","TIFF_LV16_CA imaging_LV16_DAY47_CS2_1_210920.csv","Mean10",0.321636071158213,-0.0195543149129448,-0.00730034065102198,3.437,0.982,2.455,-0.0130819454958365,28,0.0458265139116203,0.0933333333333333,"LV16","CS2","1",13,130,130,"Day 47"
"504","Day 47","Cell Line 1","TIFF_LV16_CA imaging_LV16_DAY47_CS2_1_210920.csv","Mean11",0.47371835479267,-0.0214771452340428,-0.00277813818947822,3.928,0.982,2.946,-0.0124520122421255,27,0.044189852700491,0.09,"LV16","CS2","1",13,130,130,"Day 47"
"505","Day 47","Cell Line 1","TIFF_LV16_CA imaging_LV16_DAY47_CS2_1_210920.csv","Mean12",0.896298699292489,-0.0229940989279204,0.000764667717119281,4.91,0.982,3.928,-0.0123968857169339,28,0.0458265139116203,0.0933333333333333,"LV16","CS2","1",13,130,130,"Day 47"
"506","Day 47","Cell Line 1","TIFF_LV16_CA imaging_LV16_DAY47_CS2_1_210920.csv","Mean13",0.447158156911582,-0.0215890410958905,-0.00796014943960149,3.928,0.982,2.7005,-0.0137285180572852,28,0.0458265139116203,0.0933333333333333,"LV16","CS2","1",13,130,130,"Day 47"
"507","Day 47","Cell Line 1","TIFF_LV16_CA imaging_LV16_DAY47_CS2_1_210920.csv","Mean2",0.0828872290754181,0.00845658506308946,0.0125614495390844,1.964,0.491,1.473,0.00683438776157937,5,0.00818330605564648,0.0166666666666667,"LV16","CS2","1",13,130,130,"Day 47"
"508","Day 47","Cell Line 1","TIFF_LV16_CA imaging_LV16_DAY47_CS2_1_210920.csv","Mean3",0.366609802270258,-0.0217272380458803,0.00220979363262722,3.6825,0.982,2.7005,-0.00996746492762383,28,0.0458265139116203,0.0933333333333333,"LV16","CS2","1",13,130,130,"Day 47"
"509","Day 47","Cell Line 1","TIFF_LV16_CA imaging_LV16_DAY47_CS2_1_210920.csv","Mean4",0.260608754454347,-0.0179085652633098,-0.00110551389300448,3.6825,0.982,2.946,-0.0117541580239034,28,0.0458265139116203,0.0933333333333333,"LV16","CS2","1",13,130,130,"Day 47"
"510","Day 47","Cell Line 1","TIFF_LV16_CA imaging_LV16_DAY47_CS2_1_210920.csv","Mean5",0.0879142575095191,-0.000545292154374021,0.0133032482489541,1.964,0.491,1.473,0.00921355709114844,9,0.0147299509001637,0.03,"LV16","CS2","1",13,130,130,"Day 47"
"511","Day 47","Cell Line 1","TIFF_LV16_CA imaging_LV16_DAY47_CS2_1_210920.csv","Mean6",0.131475704911444,-0.0143559901089587,-0.0047183412409238,2.455,0.982,1.473,-0.0115555672057809,27,0.044189852700491,0.09,"LV16","CS2","1",13,130,130,"Day 47"
"512","Day 47","Cell Line 1","TIFF_LV16_CA imaging_LV16_DAY47_CS2_1_210920.csv","Mean7",0.419644663755573,-0.0204657750624971,-0.00038836345597786,3.928,0.982,2.455,-0.0102426782066093,28,0.0458265139116203,0.0933333333333333,"LV16","CS2","1",13,130,130,"Day 47"
"513","Day 47","Cell Line 1","TIFF_LV16_CA imaging_LV16_DAY47_CS2_1_210920.csv","Mean8",0.400426651160275,-0.0210113863796181,0.000229891274950103,3.928,0.982,2.946,-0.0101997349488829,28,0.0458265139116203,0.0933333333333333,"LV16","CS2","1",13,130,130,"Day 47"
"514","Day 47","Cell Line 1","TIFF_LV16_CA imaging_LV16_DAY47_CS2_1_210920.csv","Mean9",0.361354932324746,-0.0205047693808131,-0.000836524814259824,3.928,0.982,2.946,-0.0121613263874022,28,0.0458265139116203,0.0933333333333333,"LV16","CS2","1",13,130,130,"Day 47"
"515","Day 47","Cell Line 1","TIFF_LV16_CA imaging_LV16_DAY47_CS2_2_210920.csv","Mean1",0.419179887653912,-0.0177540649690239,-0.000662517708252633,3.928,0.982,2.946,-0.0102725485082779,26,0.0425531914893617,0.0866666666666667,"LV16","CS2","2",10,130,130,"Day 47"
"516","Day 47","Cell Line 1","TIFF_LV16_CA imaging_LV16_DAY47_CS2_2_210920.csv","Mean10",0.401219052406686,-0.0156432932274131,0.00447140220792022,3.437,0.982,2.7005,-0.00433745857669181,26,0.0425531914893617,0.0866666666666667,"LV16","CS2","2",10,130,130,"Day 47"
"517","Day 47","Cell Line 1","TIFF_LV16_CA imaging_LV16_DAY47_CS2_2_210920.csv","Mean2",1.21702689287971,-0.0310734590740908,-0.00683602562945583,5.401,0.982,4.419,-0.0181887916253047,26,0.0425531914893617,0.0866666666666667,"LV16","CS2","2",10,130,130,"Day 47"
"518","Day 47","Cell Line 1","TIFF_LV16_CA imaging_LV16_DAY47_CS2_2_210920.csv","Mean3",0.155744071335626,-0.0153524920060119,0.000806964100184576,2.946,0.982,1.964,-0.00867486407698437,27,0.044189852700491,0.09,"LV16","CS2","2",10,130,130,"Day 47"
"519","Day 47","Cell Line 1","TIFF_LV16_CA imaging_LV16_DAY47_CS2_2_210920.csv","Mean4",0.0836819391855025,0.0506291440003968,0.0462805271251178,1.964,1.473,0.491,0.0484548355627573,1,0.0016366612111293,0.00333333333333333,"LV16","CS2","2",10,130,130,"Day 47"
"520","Day 47","Cell Line 1","TIFF_LV16_CA imaging_LV16_DAY47_CS2_2_210920.csv","Mean5",0.186304879045811,-0.0197441930179955,-0.00443301872223685,3.437,0.982,2.2095,-0.0123770246087043,26,0.0425531914893617,0.0866666666666667,"LV16","CS2","2",10,130,130,"Day 47"
"521","Day 47","Cell Line 1","TIFF_LV16_CA imaging_LV16_DAY47_CS2_2_210920.csv","Mean6",0.288899343945216,-0.0232049975169241,0.00914294675762578,4.419,0.982,2.946,-0.00552549726861647,25,0.0409165302782324,0.0833333333333333,"LV16","CS2","2",10,130,130,"Day 47"
"522","Day 47","Cell Line 1","TIFF_LV16_CA imaging_LV16_DAY47_CS2_2_210920.csv","Mean7",0.343204352422265,-0.023448037035687,-0.00728137644442824,4.1735,1.2275,2.946,-0.0135056319031824,26,0.0425531914893617,0.0866666666666667,"LV16","CS2","2",10,130,130,"Day 47"
"523","Day 47","Cell Line 1","TIFF_LV16_CA imaging_LV16_DAY47_CS2_2_210920.csv","Mean8",0.465170502354082,-0.0250438379569264,0.0037511160212476,4.419,0.982,2.946,-0.0103444732058554,27,0.044189852700491,0.09,"LV16","CS2","2",10,130,130,"Day 47"
"524","Day 47","Cell Line 1","TIFF_LV16_CA imaging_LV16_DAY47_CS2_2_210920.csv","Mean9",0.378539513111935,-0.0196679019131546,-0.00679976595329707,3.928,0.982,2.946,-0.0133535169063282,26,0.0425531914893617,0.0866666666666667,"LV16","CS2","2",10,130,130,"Day 47"
"525","Day 47","Cell Line 1","TIFF_LV16_CA imaging_LV16_DAY47_CS2_3_210920.csv","Mean10",0.135246738513897,-0.0203592361505011,0.0047419171866138,3.437,0.982,2.455,-0.00924560408394779,21,0.0343698854337152,0.07,"LV16","CS2","3",8,130,130,"Day 47"
"526","Day 47","Cell Line 1","TIFF_LV16_CA imaging_LV16_DAY47_CS2_3_210920.csv","Mean11",0.0799736557369337,0.0567907042386038,0.0404478524721269,1.473,0.491,0.982,0.0486192783553653,1,0.0016366612111293,0.00333333333333333,"LV16","CS2","3",8,130,130,"Day 47"
"527","Day 47","Cell Line 1","TIFF_LV16_CA imaging_LV16_DAY47_CS2_3_210920.csv","Mean3",0.174493167929922,-0.0120315245613575,-0.00334718980303701,2.455,0.982,1.964,-0.00726317238847065,22,0.0360065466448445,0.0733333333333333,"LV16","CS2","3",8,130,130,"Day 47"
"528","Day 47","Cell Line 1","TIFF_LV16_CA imaging_LV16_DAY47_CS2_3_210920.csv","Mean4",0.26939211291495,-0.0162496971165495,0.00290010903804224,3.437,0.982,2.455,-0.00596301793070022,23,0.0376432078559738,0.0766666666666667,"LV16","CS2","3",8,130,130,"Day 47"
"529","Day 47","Cell Line 1","TIFF_LV16_CA imaging_LV16_DAY47_CS2_3_210920.csv","Mean6",0.118024588059673,-0.0194061213429303,0.00386030635239081,2.455,0.7365,1.7185,-0.00601627794205739,10,0.016366612111293,0.0333333333333333,"LV16","CS2","3",8,130,130,"Day 47"
"530","Day 47","Cell Line 1","TIFF_LV16_CA imaging_LV16_DAY47_CS2_3_210920.csv","Mean7",0.137784483165063,-0.010965104296462,-0.00272107010796719,2.946,0.982,1.964,-0.00666123350688016,23,0.0376432078559738,0.0766666666666667,"LV16","CS2","3",8,130,130,"Day 47"
"531","Day 47","Cell Line 1","TIFF_LV16_CA imaging_LV16_DAY47_CS2_3_210920.csv","Mean8",0.118092863820505,-0.0116173262698659,0.0134122779682145,1.964,0.491,1.473,0.00882206294795892,5,0.00818330605564648,0.0166666666666667,"LV16","CS2","3",8,130,130,"Day 47"
"532","Day 47","Cell Line 1","TIFF_LV16_CA imaging_LV16_DAY47_CS2_3_210920.csv","Mean9",0.0817236606159751,-0.0120371535533394,0.00204879353194702,2.455,0.982,1.473,-0.00815388366313271,14,0.0229132569558101,0.0466666666666667,"LV16","CS2","3",8,130,130,"Day 47"
"533","Day 47","Cell Line 1","TIFF_LV16_CA imaging_LV16_DAY47_CS2_4_210920.csv","Mean1",0.19127205634436,-0.0145028659199041,0.00624227325516045,2.946,0.982,1.964,-0.0060572996665793,24,0.0392798690671031,0.08,"LV16","CS2","4",21,130,130,"Day 47"
"534","Day 47","Cell Line 1","TIFF_LV16_CA imaging_LV16_DAY47_CS2_4_210920.csv","Mean10",0.23863216635221,-0.0185229552873529,-0.000928393878590072,3.437,0.982,1.964,-0.010931089215657,24,0.0392798690671031,0.08,"LV16","CS2","4",21,130,130,"Day 47"
"535","Day 47","Cell Line 1","TIFF_LV16_CA imaging_LV16_DAY47_CS2_4_210920.csv","Mean11",0.121458908621971,-0.0157973675726439,0.00262121360788343,2.946,1.2275,1.964,-0.00734500497610057,24,0.0392798690671031,0.08,"LV16","CS2","4",21,130,130,"Day 47"
"536","Day 47","Cell Line 1","TIFF_LV16_CA imaging_LV16_DAY47_CS2_4_210920.csv","Mean12",0.280555834336947,-0.0222467549846112,0.00832580623578215,3.437,0.982,2.2095,-0.00613040278335338,24,0.0392798690671031,0.08,"LV16","CS2","4",21,130,130,"Day 47"
"537","Day 47","Cell Line 1","TIFF_LV16_CA imaging_LV16_DAY47_CS2_4_210920.csv","Mean13",0.435156954964316,-0.018566623827623,0.00440923135818005,3.928,0.982,2.946,-0.00877573760630006,24,0.0392798690671031,0.08,"LV16","CS2","4",21,130,130,"Day 47"
"538","Day 47","Cell Line 1","TIFF_LV16_CA imaging_LV16_DAY47_CS2_4_210920.csv","Mean14",0.153666105960438,-0.0171569586250961,0.00445957047294926,2.946,0.982,1.964,-0.0053560484554499,24,0.0392798690671031,0.08,"LV16","CS2","4",21,130,130,"Day 47"
"539","Day 47","Cell Line 1","TIFF_LV16_CA imaging_LV16_DAY47_CS2_4_210920.csv","Mean15",0.256279695580877,-0.0158096119076651,0.00533574401883689,3.6825,0.982,2.455,-0.00429718706639198,24,0.0392798690671031,0.08,"LV16","CS2","4",21,130,130,"Day 47"
"540","Day 47","Cell Line 1","TIFF_LV16_CA imaging_LV16_DAY47_CS2_4_210920.csv","Mean16",0.277338234679811,-0.0195079159530472,0.00677973181837171,3.437,0.982,2.455,-0.0064225740423576,24,0.0392798690671031,0.08,"LV16","CS2","4",21,130,130,"Day 47"
"541","Day 47","Cell Line 1","TIFF_LV16_CA imaging_LV16_DAY47_CS2_4_210920.csv","Mean17",0.331743649853161,-0.0182743830181873,0.00682028955639144,3.928,0.982,2.946,-0.00524885362460712,24,0.0392798690671031,0.08,"LV16","CS2","4",21,130,130,"Day 47"
"542","Day 47","Cell Line 1","TIFF_LV16_CA imaging_LV16_DAY47_CS2_4_210920.csv","Mean18",0.541065527524785,-0.020633513339244,0.00854860159587331,4.419,0.982,3.437,-0.00499466027242687,24,0.0392798690671031,0.08,"LV16","CS2","4",21,130,130,"Day 47"
"543","Day 47","Cell Line 1","TIFF_LV16_CA imaging_LV16_DAY47_CS2_4_210920.csv","Mean19",0.301047935566934,-0.0256609479325729,0.00987903829455969,4.91,0.982,3.437,-0.00629659570645827,24,0.0392798690671031,0.08,"LV16","CS2","4",21,130,130,"Day 47"
"544","Day 47","Cell Line 1","TIFF_LV16_CA imaging_LV16_DAY47_CS2_4_210920.csv","Mean2",0.117715551784283,-0.0129496063734502,0.00716070334229013,2.455,0.982,1.473,-0.00231933248479705,24,0.0392798690671031,0.08,"LV16","CS2","4",21,130,130,"Day 47"
"545","Day 47","Cell Line 1","TIFF_LV16_CA imaging_LV16_DAY47_CS2_4_210920.csv","Mean20",0.772422055222649,-0.0293386039557103,-0.00162211100772072,6.1375,0.982,4.91,-0.0138908258705557,24,0.0392798690671031,0.08,"LV16","CS2","4",21,130,130,"Day 47"
"546","Day 47","Cell Line 1","TIFF_LV16_CA imaging_LV16_DAY47_CS2_4_210920.csv","Mean21",0.58824591966988,-0.0169756183717215,0.000128451120334601,3.928,0.982,2.455,-0.00627202736008868,24,0.0392798690671031,0.08,"LV16","CS2","4",21,130,130,"Day 47"
"547","Day 47","Cell Line 1","TIFF_LV16_CA imaging_LV16_DAY47_CS2_4_210920.csv","Mean3",0.148877197795548,-0.0190953030315256,0.00716527745277618,3.437,0.982,2.2095,-0.00500681831018871,24,0.0392798690671031,0.08,"LV16","CS2","4",21,130,130,"Day 47"
"548","Day 47","Cell Line 1","TIFF_LV16_CA imaging_LV16_DAY47_CS2_4_210920.csv","Mean4",0.112463091515621,-0.0102342110076562,-0.000513888042086662,2.455,0.982,1.473,-0.00580519288221517,23,0.0376432078559738,0.0766666666666667,"LV16","CS2","4",21,130,130,"Day 47"
"549","Day 47","Cell Line 1","TIFF_LV16_CA imaging_LV16_DAY47_CS2_4_210920.csv","Mean5",0.247763426366179,-0.0138672181547922,-0.00136179405980822,2.946,0.982,1.964,-0.00560182064941422,24,0.0392798690671031,0.08,"LV16","CS2","4",21,130,130,"Day 47"
"550","Day 47","Cell Line 1","TIFF_LV16_CA imaging_LV16_DAY47_CS2_4_210920.csv","Mean6",0.381063912437448,-0.015046957475493,0.00522511406134563,3.437,0.982,1.964,-0.00514894621788563,24,0.0392798690671031,0.08,"LV16","CS2","4",21,130,130,"Day 47"
"551","Day 47","Cell Line 1","TIFF_LV16_CA imaging_LV16_DAY47_CS2_4_210920.csv","Mean7",0.328864473905531,-0.0198671192868176,0.00766472468156019,4.6645,0.982,3.437,-0.00800686575836821,24,0.0392798690671031,0.08,"LV16","CS2","4",21,130,130,"Day 47"
"552","Day 47","Cell Line 1","TIFF_LV16_CA imaging_LV16_DAY47_CS2_4_210920.csv","Mean8",0.0824083543662448,0.000553579973540864,0.0338246746544817,3.437,1.964,1.473,0.0171891273140113,1,0.0016366612111293,0.00333333333333333,"LV16","CS2","4",21,130,130,"Day 47"
"553","Day 47","Cell Line 1","TIFF_LV16_CA imaging_LV16_DAY47_CS2_4_210920.csv","Mean9",0.0993764689885588,-0.0131067772576291,0.00506983158835297,2.946,1.473,1.473,-0.00864639381519402,18,0.0294599018003273,0.06,"LV16","CS2","4",21,130,130,"Day 47"
"554","Day 47","Cell Line 1","TIFF_LV16_CA imaging_LV16_DAY47_CS2_5_210920.csv","Mean1",0.256290149892934,-0.0211316693433262,0.0142587883654532,3.437,0.982,2.455,-0.00210368709850109,20,0.0327332242225859,0.0666666666666667,"LV16","CS2","5",15,130,130,"Day 47"
"555","Day 47","Cell Line 1","TIFF_LV16_CA imaging_LV16_DAY47_CS2_5_210920.csv","Mean10",0.0921955065037446,0.0328370880203753,0.0539431794063248,2.946,1.7185,1.2275,0.0433901337133501,4,0.00654664484451719,0.0133333333333333,"LV16","CS2","5",15,130,130,"Day 47"
"556","Day 47","Cell Line 1","TIFF_LV16_CA imaging_LV16_DAY47_CS2_5_210920.csv","Mean11",0.104016298020955,-0.00824602250679079,0.00844974776872327,2.946,0.982,1.964,-0.00211243694218078,13,0.0212765957446809,0.0433333333333333,"LV16","CS2","5",15,130,130,"Day 47"
"557","Day 47","Cell Line 1","TIFF_LV16_CA imaging_LV16_DAY47_CS2_5_210920.csv","Mean12",0.276366366046615,-0.0175154657836175,0.00728835035190647,3.437,0.982,2.455,-0.00338729942395951,20,0.0327332242225859,0.0666666666666667,"LV16","CS2","5",15,130,130,"Day 47"
"558","Day 47","Cell Line 1","TIFF_LV16_CA imaging_LV16_DAY47_CS2_5_210920.csv","Mean13",0.115529216145029,0.0260230433055224,0.0391302108624317,2.7005,1.2275,1.964,0.0341069615503465,8,0.0130932896890344,0.0266666666666667,"LV16","CS2","5",15,130,130,"Day 47"
"559","Day 47","Cell Line 1","TIFF_LV16_CA imaging_LV16_DAY47_CS2_5_210920.csv","Mean14",0.127498679002622,0.0856903582146097,0.0856355243611857,1.473,0.982,0.491,0.0856629412878977,4,0.00654664484451719,0.0133333333333333,"LV16","CS2","5",15,130,130,"Day 47"
"560","Day 47","Cell Line 1","TIFF_LV16_CA imaging_LV16_DAY47_CS2_5_210920.csv","Mean15",0.111779043093561,0.0715529247910865,0.0736010978207439,1.473,0.491,0.982,0.0732785105685729,5,0.00818330605564648,0.0166666666666667,"LV16","CS2","5",15,130,130,"Day 47"
"561","Day 47","Cell Line 1","TIFF_LV16_CA imaging_LV16_DAY47_CS2_5_210920.csv","Mean2",0.109369628838203,0.0430947182607887,0.0405397872439262,2.455,0.7365,1.473,0.0461815394620708,4,0.00654664484451719,0.0133333333333333,"LV16","CS2","5",15,130,130,"Day 47"
"562","Day 47","Cell Line 1","TIFF_LV16_CA imaging_LV16_DAY47_CS2_5_210920.csv","Mean3",0.0998170085717038,-0.0150341905037079,0.00815756525089096,2.455,0.982,1.473,-0.0043532697678898,17,0.027823240589198,0.0566666666666667,"LV16","CS2","5",15,130,130,"Day 47"
"563","Day 47","Cell Line 1","TIFF_LV16_CA imaging_LV16_DAY47_CS2_5_210920.csv","Mean4",0.146952736318408,0.0667288557213931,0.0814820130118638,1.964,0.7365,1.2275,0.0811734596249522,4,0.00654664484451719,0.0133333333333333,"LV16","CS2","5",15,130,130,"Day 47"
"564","Day 47","Cell Line 1","TIFF_LV16_CA imaging_LV16_DAY47_CS2_5_210920.csv","Mean5",0.119185470119364,0.0866578102073998,0.0835150890272436,1.473,0.491,0.982,0.0829425585914265,4,0.00654664484451719,0.0133333333333333,"LV16","CS2","5",15,130,130,"Day 47"
"565","Day 47","Cell Line 1","TIFF_LV16_CA imaging_LV16_DAY47_CS2_5_210920.csv","Mean6",0.122712341623651,0.0798461632628078,0.0789484422500153,1.473,0.491,0.982,0.0730826515414278,5,0.00818330605564648,0.0166666666666667,"LV16","CS2","5",15,130,130,"Day 47"
"566","Day 47","Cell Line 1","TIFF_LV16_CA imaging_LV16_DAY47_CS2_5_210920.csv","Mean7",0.114208606713667,-0.0118217641709609,0.0230177277571894,2.455,0.982,1.473,0.00760249929108524,11,0.0180032733224223,0.0366666666666667,"LV16","CS2","5",15,130,130,"Day 47"
"567","Day 47","Cell Line 1","TIFF_LV16_CA imaging_LV16_DAY47_CS2_5_210920.csv","Mean8",0.0892392351361876,0.0542239665525793,0.0581282151128236,1.473,0.7365,0.7365,0.0569830713422008,4,0.00654664484451719,0.0133333333333333,"LV16","CS2","5",15,130,130,"Day 47"
"568","Day 47","Cell Line 1","TIFF_LV16_CA imaging_LV16_DAY47_CS2_5_210920.csv","Mean9",0.0858142273325482,0.0287940707903303,0.0243540901849414,1.964,0.491,1.473,0.0282191591050772,7,0.0114566284779051,0.0233333333333333,"LV16","CS2","5",15,130,130,"Day 47"
