"","SC1_0","SC2_0","SC3_0","SC1_9","SC2_9","SC3_9","SC1_15","SC2_15","SC3_15","SC1_21","SC2_21","SC3_21","SC1_27","SC2_27","SC3_27","SC1_33","SC2_33","SC3_33","SC1_40","SC2_40","SC3_40","type"
"LIN28A",1.53,1.46,1.54,-0.103,0.138,-0.0347,-1.47,-1.41,-1.45,-2.58,-2.59,-2.6,-3.5,-3.38,-3.32,-3.96,-3.81,-3.81,-4.29,-4.07,-4.22,"RNA"
"HPCAL4",-2.15,-1.99,-2.2,-0.142,0.0907,0.0517,0.959,1.17,1.18,1.53,1.64,1.65,2.03,1.99,2.14,2.11,2.28,2.24,2.35,2.4,2.51,"RNA"
"PLPPR4",-0.905,-0.854,-1.15,-0.162,0.00856,0.153,1.12,1.25,1.34,1.74,1.93,1.9,2.1,2.25,2.2,2.38,2.53,2.56,2.59,2.62,2.62,"RNA"
"CXCR4",-3.94,-3.78,-3.91,-0.107,0.118,-0.0112,-1.39,-0.696,-0.858,-2.73,-2.44,-2.68,-3.91,-3.92,-4.01,-4.09,-4.28,-4.26,-4.58,-4.69,-4.52,"RNA"
"THSD7B",-5.14,-5.19,-5.25,-0.0203,0.0421,-0.0219,-0.247,-0.17,-0.206,-0.779,-0.631,-0.675,-1.39,-1.23,-1.4,-1.7,-1.45,-1.37,-2.22,-1.95,-1.87,"RNA"
"TRIM71",1.37,1.44,1.36,0.0143,0.0321,-0.0464,-0.418,-0.458,-0.514,-0.796,-0.946,-0.869,-1.1,-1.31,-1.35,-1.59,-1.73,-1.62,-1.98,-1.93,-1.95,"RNA"
"PROM1",0.871,0.851,0.851,-0.737,0.224,0.514,-2.66,-1.7,-1.48,-3.25,-2.7,-2.53,-3.42,-3.2,-2.94,-3.39,-3.28,-2.96,-3.41,-2.84,-2.75,"RNA"
"RAI14",-0.862,-0.898,-0.792,-0.0121,-0.0275,0.0396,-0.699,-0.728,-0.635,-1.39,-1.2,-1.19,-1.51,-1.49,-1.42,-2.22,-2.16,-2.04,-2.36,-2.24,-2.09,"RNA"
"LIFR",-1.15,-1.42,-1.35,-0.000243,-0.0132,0.0134,1.02,0.95,1.12,1.76,1.89,1.93,2.07,2.28,2.24,1.75,1.86,1.91,1.77,1.95,1.78,"RNA"
"GRIA1",-0.686,-0.606,-0.737,-0.0407,-0.00429,0.045,1.22,1.08,1.17,2.04,2.09,2.07,2.53,2.58,2.43,2.33,2.35,2.41,2.3,2.42,2.32,"RNA"
"RCAN2",-1.41,-1.57,-1.41,-0.204,0.189,0.0145,0.432,0.74,0.955,1.43,1.89,2.01,2.19,2.53,2.65,1.97,2.38,2.42,2.12,2.52,2.46,"RNA"
"PPP1R17",-2.68,-2.6,-2.64,-0.21,0.0433,0.166,-1.68,-1.28,-1.21,-2.56,-2.23,-2.3,-3.18,-2.99,-3.02,-2.88,-2.73,-2.57,-3.09,-2.66,-2.42,"RNA"
"CD36",-0.738,-0.77,-0.733,-0.0977,-0.0194,0.117,2.8,3.06,3.33,3.95,4.4,4.37,4.29,4.61,4.45,3.71,4.08,4.18,3.76,4.05,3.96,"RNA"
"FGF13",-1.2,-1.23,-1.32,-0.112,0.0189,0.0929,0.72,0.763,0.915,1.44,1.61,1.7,1.59,1.85,1.8,1.59,1.8,1.89,1.63,1.79,1.74,"RNA"
"ADCY8",-1.65,-1.89,-1.77,-0.102,0.000748,0.101,1.39,1.56,1.64,1.98,2.06,2.26,2.48,2.52,2.68,2.13,2.38,2.32,2.18,2.44,2.5,"RNA"
"CPT1A",0.443,0.49,0.503,-0.0619,-0.0388,0.101,0.0201,0.153,0.301,0.522,0.694,0.979,1.29,1.37,1.47,2.07,2.13,2.1,2.53,2.58,2.61,"RNA"
"GABRA5",0.852,0.819,0.771,-0.254,0.0973,0.156,1.05,1.29,1.31,1.82,2.18,2.12,2.26,2.48,2.57,2.24,2.55,2.53,2.44,2.65,2.7,"RNA"
"TYRO3",1.33,1.42,1.45,-0.0166,-0.00932,0.026,0.184,0.198,0.146,0.672,0.808,0.791,1.38,1.46,1.51,1.29,1.66,1.63,1.66,1.88,1.9,"RNA"
"IGDCC3",-1.66,-1.57,-1.62,-0.00416,-0.00412,0.00828,-0.866,-0.835,-0.929,-1.32,-1.59,-1.52,-1.84,-2.05,-2,-2.2,-2.12,-2.25,-2.56,-2.38,-2.35,"RNA"
"ALDOC",1.7,1.63,1.62,-0.255,0.0398,0.215,0.173,0.316,0.394,1.09,1.21,1.06,1.72,1.79,1.9,2.26,2.39,2.32,2.7,2.6,2.75,"RNA"
"PITPNC1",-0.397,-0.422,-0.352,-0.0135,0.0241,-0.0106,0.53,0.528,0.59,0.895,1.04,1.02,1.42,1.49,1.52,1.41,1.53,1.58,1.59,1.65,1.52,"RNA"
"GREB1L",-5.56,-5.54,-4.4,0.00236,-0.0694,0.0671,-0.285,-0.331,-0.296,-0.601,-0.655,-0.643,-0.932,-1.01,-0.958,-1.11,-1.13,-1.19,-1.37,-1.44,-1.4,"RNA"
"SNAP25",-4.75,-4.73,-4.68,-0.155,0.0399,0.116,0.173,0.31,0.469,0.552,0.797,0.876,1.05,1.24,1.33,1.22,1.45,1.47,1.43,1.58,1.59,"RNA"
"DLL3",-3.82,-3.7,-3.71,-0.0826,-0.0362,0.119,-1.34,-1.1,-1.18,-1.61,-1.7,-1.64,-1.91,-1.88,-1.99,-1.79,-1.67,-1.77,-1.84,-1.69,-1.76,"RNA"
"APOL2",2.1,2.22,2.17,-0.0418,-0.00389,0.0457,0.332,0.154,0.266,1.14,1.29,1.31,1.86,2.29,2.3,2.09,2.34,2.26,2.65,2.96,2.9,"RNA"
"SLC6A17",-1.3,-1.31,-1.3,-0.0128,-0.0875,0.1,0.906,0.602,0.512,1.59,1.31,1.52,2.87,2.3,2.59,3.02,2.68,2.55,3.22,2.91,2.91,"RNA"
"NGEF",0.436,0.649,0.605,-0.0326,-0.0813,0.114,0.35,0.342,0.287,1.54,1.45,1.65,3.62,3.01,3.45,2.46,2.51,2.31,2.87,3,3.04,"RNA"
"ENO3",-1.51,-1.48,-1.61,0.00227,-0.102,0.0998,-1.15,-1.25,-1.14,-1.92,-2.02,-1.96,-2.12,-2.11,-1.99,-1.76,-1.69,-1.8,-1.55,-1.69,-1.81,"RNA"
"CALB1",-0.268,-0.424,-0.445,-0.128,-0.12,0.248,-0.151,-0.248,-0.0956,-1.46,-1.48,-1.52,-2.29,-2.29,-2.47,-2.27,-2.31,-2.5,-2.48,-2.58,-2.73,"RNA"
"SLC7A14",-3,-2.93,-2.92,-0.0178,-0.0624,0.0802,0.533,0.594,0.656,0.872,1.06,1,1.18,1.28,1.32,1.34,1.44,1.47,1.41,1.52,1.53,"RNA"
"TRIM25",2.1,2.03,2.11,0.037,-0.0689,0.0318,0.781,0.802,0.631,1.16,1.35,1.27,1.54,1.68,1.65,1.89,1.97,1.99,2.03,2.07,2.04,"RNA"
"PCDH7",0.225,-0.1,0.271,-0.118,0.0903,0.0276,1.31,1.57,1.66,1.64,1.95,2.01,1.69,1.94,1.97,1.64,1.8,1.89,1.54,1.63,1.73,"RNA"
"IGFBPL1",-2.58,-2.61,-2.59,-0.0559,0.0854,-0.0295,-1,-0.805,-1.03,-1.38,-1.36,-1.54,-1.84,-1.74,-1.96,-1.89,-1.73,-1.82,-2.04,-1.84,-1.9,"RNA"
"ATP2B4",-0.339,-0.31,-0.412,0.041,-0.0575,0.0165,1.15,1.27,1.13,1.61,1.87,1.84,1.96,2.25,2.2,1.88,2.19,2.25,2.09,2.34,2.38,"RNA"
"THY1",1.3,1.28,1.41,-0.0621,-0.0235,0.0855,0.369,0.561,0.676,0.993,1.13,1.28,1.44,1.6,1.74,1.28,1.63,1.59,1.53,1.83,1.81,"RNA"
"PTPRT",-1.18,-1.28,-1.24,0.0164,0.146,-0.163,1.41,1.41,1.22,2.35,2.18,2.14,2.51,2.38,2.29,2.24,2.2,2.13,2.23,2.28,2.15,"RNA"
"CDH8",-0.596,-0.863,-0.794,0.127,0.0172,-0.144,2.28,2.45,2.39,2.39,2.66,2.55,2.35,2.53,2.43,2.15,2.3,2.34,1.96,2.08,2.02,"RNA"
"ENTPD3",0.215,0.192,0.278,0.0371,-0.0586,0.0215,0.316,0.473,0.407,0.972,1.03,0.951,1.72,1.92,1.94,1.99,2.53,2.55,2.31,3,2.76,"RNA"
"MAP7D2",-1.83,-1.77,-1.88,-0.0991,0.015,0.0842,0.52,0.646,0.783,1.06,1.31,1.4,1.55,1.82,1.87,1.37,1.45,1.54,1.29,1.51,1.45,"RNA"
"SYN2",-0.786,-0.82,-0.779,-0.192,-0.0266,0.218,0.751,0.904,1.05,1.6,1.68,1.9,2.15,2.22,2.17,2.04,2.17,2.25,2.19,2.24,2.34,"RNA"
"PLCL2",-2.2,-2.51,-2.2,0.112,-0.0309,-0.0815,-0.535,-0.617,-0.717,-1.07,-1.03,-1.2,-1.29,-1.35,-1.51,-1.45,-1.38,-1.45,-1.56,-1.64,-1.58,"RNA"
"AK5",-0.404,-0.342,-0.327,-0.0898,0.0771,0.0128,0.487,0.519,0.595,0.84,1.05,1.04,1.44,1.45,1.59,1.35,1.55,1.53,1.54,1.65,1.67,"RNA"
"BRINP1",1.28,1.18,1.27,0.0519,0.0979,-0.15,1.57,1.38,1.36,1.78,1.76,1.57,2.07,2.01,1.86,2.35,2.27,2.13,2.49,2.35,2.21,"RNA"
"FGF12",-1.25,-1.2,-1.16,-0.111,0.0344,0.0763,0.471,0.42,0.572,0.848,1.08,1.07,1.16,1.35,1.3,1.61,1.68,1.92,1.76,1.78,1.8,"RNA"
"BRINP3",-2.68,-2.63,-2.64,0.157,-0.0925,-0.0646,2.17,2.22,2.37,2.37,2.5,2.56,2.35,2.44,2.44,2.34,2.49,2.64,2.27,2.42,2.38,"RNA"
"GBP2",-0.115,-0.116,-0.113,-0.0138,0.0235,-0.0097,-0.0681,0.227,0.136,0.971,1.52,1.88,2.55,3.09,3.41,1.18,1.94,1.67,2,2.77,2.39,"RNA"
"DNER",-3.64,-3.69,-3.58,0.0172,-0.0213,0.00411,0.505,0.388,0.355,0.718,0.634,0.696,1.01,0.887,0.902,1.16,1.08,1.01,1.22,1.19,1.23,"RNA"
"EZH2",0.689,0.696,0.682,0.0618,-0.107,0.0454,-0.413,-0.554,-0.55,-0.73,-0.776,-0.952,-1.12,-1.22,-1.24,-1.32,-1.45,-1.55,-1.63,-1.74,-1.78,"RNA"
"DCC",-3.83,-3.63,-3.7,0.0513,0.000526,-0.0518,-0.477,-0.54,-0.453,-0.938,-1,-0.877,-1.53,-1.52,-1.77,-1.3,-1.54,-1.46,-1.82,-1.74,-1.82,"RNA"
"ZIC2",1.59,1.55,1.52,0.166,0.00169,-0.168,-1.13,-1.49,-1.97,-2.1,-2.51,-2.57,-2.16,-2.72,-2.7,-2.77,-2.83,-2.76,-2.68,-2.83,-2.89,"RNA"
"SMARCC1",0.888,0.874,0.911,0.0443,-0.0454,0.00109,-0.143,-0.199,-0.225,-0.354,-0.373,-0.363,-0.592,-0.668,-0.651,-0.873,-0.996,-0.955,-1.15,-1.29,-1.16,"RNA"
"AHNAK2",-2.17,-1.93,-2.21,-0.0316,-0.111,0.143,0.239,0.372,0.379,0.693,0.714,0.988,1.19,1.29,1.46,1.6,1.59,1.64,1.92,1.89,2.01,"RNA"
"CRABP1",-2.75,-2.67,-2.79,-0.0428,0.0233,0.0195,-1.45,-1.68,-2.02,-2.49,-2.8,-3.22,-2.9,-3.18,-3.58,-3.26,-3.24,-3.69,-3.26,-3.07,-3.31,"RNA"
"MCM7",2.38,2.39,2.37,-0.0359,0.0768,-0.0409,-0.469,-0.449,-0.478,-0.819,-0.945,-1.01,-1.31,-1.33,-1.34,-1.4,-1.42,-1.28,-1.68,-1.54,-1.6,"RNA"
"NTRK2",-3.04,-2.98,-3.04,-0.195,0.0178,0.177,1.43,1.73,2.04,1.92,2.16,2.26,2.28,2.41,2.52,2.51,2.6,2.76,2.61,2.64,2.72,"RNA"
"KIF17",1.62,1.58,1.58,-0.0737,0.00906,0.0647,0.33,0.265,0.208,0.806,0.823,0.88,1.91,1.6,1.52,1.87,1.93,1.66,2.19,2.17,2.24,"RNA"
"PREX1",-0.902,-0.789,-0.716,0.154,-0.242,0.0874,-0.958,-1.17,-1.21,-1.83,-2.16,-1.91,-2.27,-2.55,-2.34,-2.14,-2.38,-2.47,-2.12,-2.16,-1.82,"RNA"
"ZNF217",1.41,1.27,1.38,-0.0188,-0.131,0.15,-0.784,-0.801,-0.81,-1.33,-1.19,-1.2,-1.66,-1.67,-1.76,-1.77,-1.69,-1.79,-1.9,-1.83,-1.65,"RNA"
"HLA-B",0.0613,0.0607,-0.0353,-0.205,0.128,0.077,0.463,0.809,0.646,1.01,1.33,1.06,1.33,1.67,1.49,1.51,1.82,1.67,1.76,2,1.92,"RNA"
"TH",-0.425,-0.43,-0.409,-0.227,0.0321,0.195,0.598,0.787,0.872,1.47,1.9,2.12,3.34,3.35,3.63,2.86,3.28,2.8,3.61,3.63,3.46,"RNA"
"CDH3",3.54,3.39,3.47,-0.0625,0.0376,0.0249,0.522,0.623,0.676,0.971,0.954,1.01,1.15,1.25,1.32,1.35,1.55,1.6,1.58,1.84,1.76,"RNA"
"RGS10",-3.3,-3.35,-3.32,-0.0847,-0.0336,0.118,-0.815,-0.856,-0.74,-1.51,-1.49,-1.48,-1.73,-1.76,-1.71,-1.82,-1.58,-1.5,-1.72,-1.4,-1.3,"RNA"
"NES",-1.41,-1.43,-1.39,-0.0739,0.0828,-0.00885,-0.769,-0.492,-0.511,-1.12,-1.07,-0.966,-1.29,-1.25,-1.46,-1.48,-1.49,-1.61,-1.62,-1.59,-1.58,"RNA"
"RTL1",-0.0351,-0.0351,-0.0351,-0.00597,0.0131,-0.00716,0.0632,0.028,-0.014,0.195,0.26,0.333,2.28,1.83,2.54,1.61,1.74,1.54,2.12,2.13,2.3,"RNA"
"DMD",0.124,0.245,0.236,0.0453,-0.0831,0.0378,1.31,1.1,1.14,1.54,1.65,1.62,1.54,1.59,1.51,1.69,1.7,1.74,1.63,1.6,1.56,"RNA"
"PTPRE",-1.45,-1.24,-1.28,-0.198,0.192,0.00532,0.498,0.66,0.657,1.13,1.34,1.45,1.8,1.79,1.9,1.56,1.64,1.63,1.76,1.78,1.76,"RNA"
"GABRG2",-2.44,-2.53,-2.59,-0.194,0.0771,0.117,0.644,0.907,1.03,1.12,1.5,1.43,1.21,1.56,1.51,1.5,1.67,1.69,1.5,1.6,1.61,"RNA"
"PRDX1",0.174,0.15,0.176,-0.0415,0.0749,-0.0335,-0.932,-0.726,-0.762,-1.14,-0.961,-1.11,-1.28,-1.1,-1.21,-1.25,-1.16,-1.13,-1.22,-1.23,-1.28,"RNA"
"PFKP",0.395,0.41,0.409,-0.261,0.0856,0.175,0.0375,0.386,0.408,0.632,0.829,0.992,1.15,1.32,1.49,1.23,1.48,1.33,1.44,1.58,1.63,"RNA"
"FAAH",0.36,0.377,0.363,-0.11,-0.0159,0.126,1.09,1.17,1.11,1.55,1.45,1.45,1.72,1.66,1.59,1.7,1.74,1.76,1.77,1.68,1.73,"RNA"
"SYT2",-0.321,-0.539,-0.44,-0.1,0.142,-0.0418,0.308,0.359,0.434,0.87,0.954,1.07,1.08,1.15,1.17,1.12,1.28,1.35,1.23,1.37,1.45,"RNA"
"KIRREL1",-0.656,-0.716,-0.592,0.126,-0.057,-0.0692,0.219,0.102,0.0679,0.0789,-0.115,-0.067,-0.36,-0.524,-0.479,-0.492,-0.619,-0.705,-0.766,-0.889,-0.864,"RNA"
"APBA1",-4.12,-4.06,-4.09,-0.0412,0.0314,0.00983,0.531,0.644,0.596,0.88,0.814,0.851,0.986,0.947,0.961,1.08,1.12,1.08,1.15,1.12,1.21,"RNA"
"IL1RAP",-0.806,-0.874,-0.769,-0.0991,-0.00719,0.106,0.632,0.613,0.667,1.68,2.04,2.23,2.52,2.87,2.95,1.75,2.38,2.57,2.3,2.96,2.74,"RNA"
"ACTL6A",0.948,0.963,0.975,-0.00656,0.0249,-0.0183,-0.37,-0.354,-0.323,-0.666,-0.493,-0.633,-0.933,-0.878,-1,-1.31,-1.28,-1.45,-1.59,-1.54,-1.58,"RNA"
"LONRF2",-3.7,-3.71,-4.02,-0.0351,0.0572,-0.022,0.574,0.686,0.668,0.859,0.896,0.949,1.02,1.06,1.06,0.995,1.01,1.09,1.03,1.05,1.09,"RNA"
"RYR1",2.48,2.48,2.61,0.184,-0.229,0.0454,0.602,0.341,0.35,0.839,0.49,0.865,1.53,1.19,1.52,2.02,1.78,1.76,2.43,2.15,2.25,"RNA"
"LYNX1",-0.467,-0.329,-0.484,-0.143,0.0146,0.129,0.372,0.599,0.647,1.05,0.859,1,1.38,1.31,1.39,1.79,1.75,1.69,2.13,1.98,2.13,"RNA"
"CNTN2",-3.74,-3.58,-3.69,0.00125,-0.0937,0.0925,-1.23,-1.07,-1.05,-1.52,-1.71,-1.51,-1.49,-1.73,-1.64,-1.34,-1.59,-1.56,-1.36,-1.41,-1.31,"RNA"
"GRIK2",-3.3,-3.15,-3.35,0.0785,-0.142,0.0635,-0.556,-0.746,-0.533,-1.05,-1.15,-1.06,-1.5,-1.63,-1.38,-1.55,-1.72,-1.82,-1.83,-1.93,-1.77,"RNA"
"CHD7",0.00645,0.0545,0.0827,0.142,-0.15,0.00726,-0.346,-0.422,-0.532,-0.802,-0.841,-0.786,-0.878,-1.15,-1.14,-1.47,-1.37,-1.47,-1.52,-1.65,-1.47,"RNA"
"TNC",-1.84,-1.91,-1.84,0.0966,0.0304,-0.127,-2.31,-1.5,-1.95,-2.79,-2.85,-3.03,-2.8,-3.08,-3.29,-3.5,-3.36,-3.44,-3.29,-3,-3.23,"RNA"
"NTRK1",-4.59,-4.53,-4.55,-0.179,0.0201,0.159,-1.72,-1.19,-1.1,-2.05,-1.66,-1.6,-2.02,-1.54,-1.39,-1.65,-0.907,-0.905,-1.22,-0.626,-0.58,"RNA"
"SCN2A",-3.09,-3.2,-3.23,0.0456,-0.0249,-0.0207,1.04,0.987,1.15,1.3,1.41,1.33,1.3,1.4,1.31,1.24,1.25,1.35,1.16,1.16,1.16,"RNA"
"DACH1",-4.71,-4.74,-4.53,0.0259,0.0232,-0.0491,-0.375,-0.428,-0.273,-0.929,-0.997,-0.892,-1.44,-1.54,-1.43,-1.24,-1.42,-1.16,-1.58,-1.82,-1.55,"RNA"
"ABLIM2",-2.15,-2.01,-1.98,-0.0891,-0.103,0.192,0.343,0.366,0.327,0.513,0.638,0.714,1.17,1.11,1.15,1.33,1.44,1.28,1.68,1.64,1.7,"RNA"
"ECEL1",-3.3,-3.31,-3.39,-0.302,0.0947,0.207,0.525,0.929,0.968,1.14,1.25,1.37,1.47,1.62,1.72,1.33,1.68,1.52,1.64,1.8,1.85,"RNA"
"GALNT17",0.37,0.374,0.417,0.0964,0.0515,-0.148,0.989,1.02,0.863,1.44,1.37,1.23,1.62,1.58,1.54,1.6,1.71,1.53,1.72,1.78,1.67,"RNA"
"MAN2A1",0.622,0.513,0.594,-0.176,0.0445,0.131,-1.08,-0.842,-0.671,-1.26,-0.926,-0.726,-1.03,-0.863,-0.765,-2.01,-1.93,-2.07,-2.08,-2.07,-2.05,"RNA"
"FLRT3",-3.75,-3.94,-3.38,-0.336,0.108,0.228,-1.41,-0.882,-0.573,-2.07,-1.5,-1.5,-2.4,-2,-1.76,-2.26,-2,-1.6,-2.47,-2.18,-1.89,"RNA"
"ACSL6",-2.57,-2.26,-2.7,0.0207,-0.0647,0.044,0.623,0.444,0.433,0.783,0.727,0.683,0.989,0.897,0.928,1.1,1.07,1.16,1.24,1.24,1.22,"RNA"
"ANXA11",1.99,2.01,1.99,-0.0817,-0.0924,0.174,-0.325,-0.402,-0.176,0.0256,-0.098,0.238,0.613,0.643,0.929,1.06,1.4,1.33,1.74,2.14,2.28,"RNA"
"TGFBR1",-1.33,-1.43,-1.41,-0.0577,0.0377,0.0199,-0.452,-0.432,-0.311,-0.719,-0.68,-0.749,-1.03,-0.984,-1.07,-1.03,-1.08,-0.867,-1.25,-1.18,-1.18,"RNA"
"PRCP",0.801,0.77,0.782,-0.122,0.0474,0.0747,0.0741,0.192,0.345,0.367,0.623,0.557,0.621,0.879,0.829,0.857,1.05,1.06,0.983,1.13,1.17,"RNA"
"SYT17",-1.66,-1.36,-1.49,-0.182,0.0834,0.0988,0.301,0.492,0.464,0.804,0.935,0.946,1.15,1.22,1.16,0.946,1.1,1.09,0.992,1.13,1.1,"RNA"
"FLNC",-1.28,-1.3,-1.03,-0.0872,-0.0643,0.152,-2,-1.58,-1.82,-2.24,-2.52,-2.53,-2.23,-2.34,-2.11,-1.74,-1.7,-2.02,-1.04,-1.17,-1.17,"RNA"
"PTPN13",0.819,0.734,0.918,0.137,-0.197,0.0603,-0.62,-0.785,-0.658,-1.06,-1.01,-0.98,-1.25,-1.3,-1.39,-1.5,-1.5,-1.39,-1.75,-1.79,-1.61,"RNA"
"DPPA4",5.09,4.99,5.03,-0.0616,-0.174,0.236,-1.44,-1.32,-1.28,-1.57,-1.61,-1.59,-1.59,-1.58,-1.65,-1.63,-1.64,-1.68,-1.65,-1.68,-1.65,"RNA"
"NEFH",-1.03,-0.633,-1.17,-0.0766,0.0801,-0.00349,0.412,0.576,0.662,1.12,1.23,1.43,1.54,1.82,1.94,1.95,1.9,1.96,2.24,2.03,2.07,"RNA"
"IDH3A",0.168,-0.0828,-0.0175,-0.0464,0.0246,0.0218,0.202,0.266,0.373,0.595,0.64,0.587,0.904,0.976,1.15,0.921,1.1,1.16,1.22,1.36,1.32,"RNA"
"SLITRK3",-1.11,-1.07,-1.27,-0.339,0.0542,0.285,1.63,1.7,1.76,1.89,2.03,2.05,1.86,2.02,2.03,1.82,1.98,2.01,1.78,2,1.99,"RNA"
"CPS1",0.551,0.464,0.545,0.15,-0.107,-0.0428,-1.11,-1.16,-1.07,-1.91,-1.7,-1.44,-2.09,-1.92,-2.05,-2.1,-1.94,-2,-2.11,-2.26,-2.17,"RNA"
"CAST",0.215,0.177,0.213,-0.128,0.0442,0.084,0.057,0.138,0.251,0.395,0.731,0.697,0.897,1.08,1.12,0.653,0.896,0.98,0.933,1.08,1.11,"RNA"
"SORCS1",-1.39,-1.33,-1.32,-0.144,-0.0444,0.188,1.19,1.11,1.28,1.71,1.73,1.82,2.02,2.08,2.15,1.62,1.98,2.12,1.81,2.2,2.14,"RNA"
"HTRA1",2.59,2.5,2.55,-0.0301,0.0399,-0.00985,0.162,0.319,0.451,0.539,0.644,0.625,0.963,1.22,0.926,1.39,1.63,1.52,1.63,2.03,1.91,"RNA"
"KIAA1217",2.2,2.15,2.34,-0.0279,-0.212,0.24,0.171,-0.0272,0.0177,1,0.888,1.04,1.98,1.81,1.8,1.89,1.82,1.68,2.25,2.29,2.07,"RNA"
"CDH4",0.159,0.225,0.249,0.137,-0.0737,-0.0636,1.09,0.965,0.791,1.82,1.47,1.55,2.44,1.83,1.91,1.9,1.5,1.31,1.75,1.54,1.56,"RNA"
"ATP2B2",-2.04,-1.92,-1.93,0.127,-0.184,0.057,0.423,0.366,0.224,0.769,0.56,0.691,1.08,0.834,0.944,1.69,1.36,1.23,1.78,1.63,1.76,"RNA"
"BTBD17",-0.59,-0.486,-0.517,-0.146,0.0323,0.113,-1.75,-1.4,-1.39,-1.94,-2.34,-2.34,-2.68,-2.7,-2.97,-2.4,-2.25,-2.68,-2.51,-2.51,-2.73,"RNA"
"IL6ST",-2.53,-2.85,-2.61,-0.16,0.0702,0.0894,0.793,0.978,1.05,1.28,1.68,1.53,1.29,1.7,1.65,1.18,1.61,1.81,1.29,1.82,1.73,"RNA"
"CACNA1E",-2.71,-2.62,-2.66,0.0608,-0.0485,-0.0124,0.868,0.749,0.52,1.14,0.977,1.05,1.68,1.34,1.54,1.32,1.15,1.09,1.35,1.26,1.27,"RNA"
"SHFL",0.879,0.916,0.898,-0.0525,0.0149,0.0377,0.898,0.746,0.814,1.18,1.09,1.08,1.47,1.37,1.32,1.78,1.76,1.45,1.9,1.79,1.68,"RNA"
"DNMT3B",4.11,4.01,4.08,-0.00469,-0.0969,0.102,-0.384,-0.447,-0.453,-0.751,-0.813,-0.858,-1.14,-1.18,-1.29,-1.16,-1.26,-1.4,-1.31,-1.54,-1.54,"RNA"
"LPIN2",0.71,0.77,0.728,-0.00302,-0.0153,0.0183,0.338,0.246,0.281,0.542,0.632,0.535,0.897,1.07,1.02,0.905,1.09,1.07,1.14,1.31,1.3,"RNA"
"NPTX2",-0.404,-0.258,-0.402,-0.127,0.0118,0.116,0.359,0.388,0.392,1.19,1.29,1.43,1.7,1.9,1.93,0.921,1.46,1.22,1.22,1.79,1.62,"RNA"
"RFK",-1.34,-1.25,-1.33,-0.0628,0.033,0.0298,0.416,0.493,0.595,0.692,0.962,0.896,0.914,1.11,1.06,1.02,1.13,1.2,1.03,1.12,1.04,"RNA"
"FIGNL2",-2.11,-2.04,-2.02,-0.0499,0.0282,0.0218,-0.37,-0.279,-0.287,-0.49,-0.767,-0.577,-0.733,-0.879,-0.856,-1.21,-1.25,-1.31,-1.38,-1.48,-1.45,"RNA"
"NCAM2",-3.77,-3.85,-3.76,-0.0693,0.109,-0.0398,1,0.97,1.19,1.21,1.39,1.46,1.46,1.59,1.7,1.32,1.5,1.68,1.36,1.64,1.56,"RNA"
"FRAS1",0.917,0.859,0.932,-0.087,0.00194,0.085,-0.801,-0.606,-0.741,-1.32,-1.13,-0.912,-1.65,-1.63,-1.58,-1.76,-1.75,-1.42,-2.21,-1.87,-1.67,"RNA"
"SCD5",-3.32,-3.32,-3.18,0.177,-0.0387,-0.138,1.09,1.05,0.967,1.23,1.3,1.21,1.26,1.31,1.26,1.44,1.5,1.47,1.43,1.52,1.53,"RNA"
"B4GAT1",-1.11,-1.03,-1.15,-0.11,0.0785,0.031,0.269,0.492,0.526,0.648,0.704,0.709,0.744,0.894,0.952,0.922,1.08,0.999,1,1.13,1.07,"RNA"
"SFXN5",1.58,1.56,1.63,0.0138,-0.12,0.106,0.384,0.407,0.504,1.16,1.13,1.31,1.74,1.61,1.89,1.07,1.14,1.08,1.19,1.17,1.12,"RNA"
"TAGLN3",-5.38,-5.14,-5.11,-0.123,0.103,0.0201,-0.438,-0.257,-0.241,-0.496,-0.422,-0.492,-0.67,-0.609,-0.621,-1.08,-0.879,-0.998,-1.24,-1.19,-1.33,"RNA"
"FSTL1",1.27,1.23,1.26,-0.18,-0.000103,0.18,-1.55,-1.44,-1.43,-2.11,-1.92,-2.01,-2.27,-2.05,-2.32,-2.57,-2.02,-2.16,-2.57,-1.66,-1.8,"RNA"
"DYNLT3",-1.37,-1.28,-1.4,-0.105,0.0559,0.0489,0.133,0.32,0.404,0.413,0.735,0.712,0.705,0.982,0.994,0.691,0.913,0.988,0.814,1.07,1.06,"RNA"
"LSM11",-2.32,-2.31,-2.36,-0.113,0.0445,0.0682,0.33,0.457,0.518,0.463,0.669,0.614,0.639,0.754,0.791,0.766,0.912,1.03,0.845,1.02,1.09,"RNA"
"AKAP12",-0.354,-0.42,-0.365,-0.0905,0.112,-0.0214,-0.129,0.0136,0.0398,0.186,0.397,0.443,0.682,0.89,0.886,0.408,0.581,0.629,0.564,0.802,0.727,"RNA"
"EPDR1",0.86,1.09,0.926,-0.28,0.0139,0.266,-0.103,0.237,0.333,0.551,0.833,1.04,1.14,1.33,1.39,1.15,1.49,1.6,1.45,1.66,1.64,"RNA"
"CBX2",1.91,1.74,1.91,0.0378,-0.12,0.0825,-0.415,-0.617,-0.544,-0.618,-0.882,-0.849,-1.04,-1.28,-1.28,-1.16,-1.37,-1.51,-1.33,-1.44,-1.39,"RNA"
"SLC8A1",-2.15,-2.16,-2.26,0.0298,0.0259,-0.0557,0.579,0.579,0.57,0.675,0.768,0.688,0.724,0.736,0.746,0.943,0.957,1.04,0.971,0.998,0.965,"RNA"
"LIN28B",0.566,0.422,0.541,0.128,-0.226,0.0982,-0.46,-0.655,-0.518,-0.816,-0.735,-0.789,-0.972,-0.997,-1,-1.45,-1.32,-1.3,-1.65,-1.54,-1.6,"RNA"
"PPP2R2C",-2.52,-2.51,-2.46,-0.134,-0.0195,0.153,0.412,0.506,0.524,0.697,0.874,0.912,1.06,1.13,1.16,1.07,1.08,1.05,1.13,1.14,1.18,"RNA"
"ROBO2",-3.76,-3.74,-3.68,-0.0652,0.0106,0.0546,-0.151,-0.126,-0.0743,-0.412,-0.441,-0.402,-0.761,-0.797,-0.81,-0.666,-0.763,-0.77,-0.865,-0.907,-0.971,"RNA"
"LPCAT2",-0.0424,-0.141,-0.128,-0.0737,-0.015,0.0888,0.771,0.801,0.639,1.06,1.21,1.09,1.38,1.39,1.16,1.57,1.6,1.59,1.7,1.64,1.63,"RNA"
"AGO1",0.309,0.215,0.272,0.036,-0.0206,-0.0154,-0.456,-0.519,-0.498,-0.693,-0.937,-0.914,-0.958,-1.21,-1.17,-0.906,-1.31,-1.34,-1.1,-1.4,-1.4,"RNA"
"PTPN14",4.13,3.92,4.1,-0.0501,-0.0392,0.0893,-0.0603,-0.127,-0.0651,1.23,1.47,0.971,2.05,2.39,2.04,1.72,2.03,2.19,1.8,2.12,1.8,"RNA"
"SLC12A5",-2.04,-1.92,-2.1,-0.00243,-0.0378,0.0402,0.682,0.838,0.837,0.945,0.882,1.01,1.22,0.957,1.12,1.71,1.55,1.5,1.76,1.55,1.76,"RNA"
"MCAM",-1.2,-0.93,-1.33,-0.382,-0.0139,0.396,0.0655,0.554,1.01,0.993,1.41,1.74,1.71,2.12,2.23,1.91,2.36,2.33,2.32,2.62,2.66,"RNA"
"RAB27B",-2.78,-2.84,-2.8,-0.136,-0.0126,0.149,0.643,0.824,0.928,0.855,1.26,1.08,0.907,1.23,1.15,1.12,1.42,1.55,1.24,1.46,1.51,"RNA"
"TPD52L1",0.439,0.715,0.407,-0.197,-0.108,0.305,0.0799,0.419,0.502,0.666,1,1.2,1.51,1.82,2.09,1.38,1.73,1.76,1.68,2.05,2.08,"RNA"
"SLC9A7",-0.793,-0.786,-0.753,-0.0855,0.0432,0.0424,0.479,0.599,0.689,0.696,0.879,0.866,0.902,1,1,0.96,0.983,1.08,1.01,1.01,1.07,"RNA"
"ARHGEF2",-0.636,-0.777,-0.637,0.027,-0.0885,0.0615,-0.354,-0.328,-0.471,-0.635,-0.735,-0.821,-0.878,-0.975,-1.04,-0.945,-1.01,-1.2,-1.06,-1.2,-1.23,"RNA"
"PSMB8",2.05,2.04,1.95,-0.161,-0.0965,0.258,0.462,0.656,0.704,1.17,1.34,1.26,1.2,1.69,1.6,1.5,1.85,1.72,1.87,2.27,2.19,"RNA"
"SYNE2",0.81,0.715,0.668,0.0453,-0.0429,-0.00239,-0.19,-0.269,-0.383,-0.563,-0.617,-0.689,-0.786,-0.945,-1.12,-1.21,-1.26,-1.22,-1.44,-1.22,-1.38,"RNA"
"CAMK2B",-4.08,-3.95,-4.09,-0.0199,0.0503,-0.0305,0.422,0.517,0.422,0.678,0.572,0.703,0.93,0.838,0.933,0.954,0.987,0.918,1.06,1.09,1.17,"RNA"
"SYP",-3.46,-3.51,-3.48,-0.128,0.078,0.0498,0.0201,0.217,0.292,0.313,0.407,0.466,0.597,0.706,0.791,0.622,0.886,0.837,0.761,0.878,0.887,"RNA"
"KRT18",4.59,4.61,4.62,-0.334,-0.0386,0.373,0.198,0.772,0.858,1.12,1.63,1.82,1.84,2.19,2.24,2.02,2.31,2.54,2.34,2.57,2.53,"RNA"
"SNCB",-1.26,-1.24,-1.37,-0.116,-0.00237,0.118,0.232,0.424,0.408,0.642,0.549,0.689,1.15,1.02,1.14,1.35,1.47,1.16,1.55,1.64,1.61,"RNA"
"PRICKLE2",-1.51,-1.68,-1.27,0.068,-0.088,0.02,0.698,0.594,0.599,0.802,0.725,0.716,0.971,0.948,0.996,0.966,0.979,0.831,1.04,0.978,0.996,"RNA"
"SRPX",0.508,0.482,0.502,-0.0484,0.021,0.0275,0.406,0.429,0.472,1.08,1.28,1.5,1.76,1.92,1.92,0.914,1.42,1.51,1.36,1.73,1.65,"RNA"
"CLIP4",-2.49,-2.32,-2.6,-0.0378,0.0264,0.0114,0.61,0.625,0.701,0.862,1,1,1.04,1.03,1.07,1.01,1.03,1.07,0.998,1.11,1.06,"RNA"
"ADCY5",0.0662,0.0341,-0.000928,-0.0358,-0.0463,0.0821,0.674,0.672,0.671,1.01,0.941,0.955,1.28,1.12,1.16,1.42,1.38,1.16,1.46,1.33,1.34,"RNA"
"TSPAN6",1.28,1.3,1.27,-0.127,0.104,0.023,-0.391,-0.297,-0.314,-0.694,-0.496,-0.682,-1.1,-0.962,-1.14,-1.1,-1.07,-1.03,-1.36,-1.3,-1.28,"RNA"
"ERICH5",0.412,0.436,0.452,-0.0416,-0.0388,0.0804,0.538,0.58,0.44,0.851,1.21,1.06,1.4,1.6,1.38,1.57,1.7,1.63,1.64,1.69,1.78,"RNA"
"RAB3B",-0.933,-0.967,-0.934,-0.0973,0.0382,0.0591,0.303,0.402,0.542,0.711,0.771,0.948,1.03,1.13,1.26,0.994,1.12,1.33,1.06,1.16,1.2,"RNA"
"KBTBD11",-1.52,-1.35,-1.44,-0.127,0.0772,0.0494,0.15,0.244,0.266,0.439,0.504,0.577,0.684,0.752,0.79,0.614,0.761,0.77,0.719,0.829,0.91,"RNA"
"LMNB1",1.5,1.43,1.47,-0.000895,0.133,-0.132,-0.211,-0.303,-0.302,-0.392,-0.581,-0.607,-0.833,-0.917,-0.971,-1.1,-1.22,-1.05,-1.46,-1.44,-1.4,"RNA"
"MAP2K1",0.611,0.543,0.601,-0.0612,-0.00708,0.0683,0.127,0.281,0.357,0.444,0.538,0.624,0.842,0.927,1.06,0.704,0.917,0.821,0.917,1.04,1.01,"RNA"
"RAB11FIP5",0.178,0.187,0.155,0.141,-0.193,0.0516,0.555,0.397,0.389,0.931,0.698,0.818,1.29,1,1.17,1.28,1.09,1.08,1.49,1.29,1.43,"RNA"
"CENPF",3.76,3.63,3.65,0.0334,-0.371,0.337,-1.5,-1.39,-1.37,-1.76,-1.7,-1.65,-1.84,-1.77,-1.81,-1.79,-1.79,-1.83,-1.9,-1.89,-1.81,"RNA"
"CDH7",-2.52,-2.63,-2.43,0.123,-0.167,0.0439,1.55,1.3,1.51,2.01,2.11,1.89,2.02,2.07,1.79,1.81,1.93,1.97,1.77,1.87,1.68,"RNA"
"ATP1B1",-2.17,-2.2,-2.15,-0.0413,0.0747,-0.0334,0.0773,0.248,0.275,0.179,0.453,0.422,0.482,0.67,0.666,0.628,0.869,0.874,0.755,0.93,0.923,"RNA"
"NCAPG2",1.19,1.17,1.15,0.203,0.00186,-0.205,-0.431,-0.694,-0.716,-0.958,-1.18,-1.23,-1.37,-1.5,-1.57,-1.25,-1.34,-1.26,-1.32,-1.25,-1.22,"RNA"
"DKK3",-1.73,-1.88,-1.66,-0.21,0.0744,0.136,0.236,0.518,0.507,0.519,0.737,0.701,0.749,0.921,0.938,0.874,1.09,0.968,1.04,1.11,1.13,"RNA"
"SV2C",-3.77,-3.94,-3.84,-0.344,0.073,0.272,0.263,0.728,0.81,0.659,1.2,1.42,1.04,1.46,1.65,1.39,1.73,1.93,1.6,1.78,2.09,"RNA"
"RETREG1",-2.61,-2.67,-2.63,-0.222,0.0457,0.177,0.282,0.493,0.582,0.642,0.922,0.908,0.854,1.16,1.08,0.781,1.18,1.35,0.951,1.34,1.29,"RNA"
"MDK",-0.324,-0.266,-0.265,-0.0986,0.0209,0.0777,-0.913,-0.753,-0.888,-1.3,-1.41,-1.24,-1.27,-1.44,-1.28,-1.65,-1.27,-1.38,-1.64,-1.3,-1.25,"RNA"
"VCAN",1.03,0.844,0.936,0.204,0.0469,-0.251,0.439,0.362,-0.0238,-0.104,0.00788,-0.307,-0.541,-0.589,-0.841,-1.41,-1.43,-1.7,-2.28,-2.11,-2.48,"RNA"
"TLE1",-0.366,-0.385,-0.297,-0.0602,0.0128,0.0473,-0.426,-0.287,-0.374,-0.46,-0.565,-0.504,-0.677,-0.769,-0.758,-0.877,-0.85,-0.878,-1.06,-0.96,-0.975,"RNA"
"COL4A2",0.912,0.913,0.912,-0.0827,0.00953,0.0731,0.491,0.495,0.328,0.939,0.982,0.954,1.3,1.41,1.46,0.982,1.26,1.06,1.15,1.51,1.44,"RNA"
"SPATA20",0.404,0.466,0.375,-0.106,-0.0066,0.112,0.246,0.443,0.386,0.661,0.694,0.65,0.934,1.1,0.972,1.27,1.38,1.08,1.49,1.55,1.43,"RNA"
"ENDOD1",-3.12,-2.87,-3.1,-0.28,0.179,0.101,0.224,0.641,0.733,0.538,0.954,0.969,1.01,1.25,1.33,0.904,1.17,1.17,1.11,1.26,1.31,"RNA"
"RAB3C",-3.12,-2.92,-2.92,-0.0246,-0.00602,0.0306,0.324,0.394,0.372,0.559,0.823,0.746,0.702,0.95,0.861,0.819,1.05,1.15,0.925,1.17,1.11,"RNA"
"GALNT13",-1.35,-1.3,-1.34,0.0284,-0.00285,-0.0255,0.961,0.907,0.905,1.14,1.2,1.09,1.01,1.11,1.02,1,1.12,1.22,0.949,1.08,1.06,"RNA"
"PMEL",-1.02,-1.02,-1.02,0.0999,0.0396,-0.14,-0.879,-0.909,-1.11,-1.78,-1.76,-2.17,-2.45,-2.39,-2.9,-2.89,-2.75,-3.54,-3.01,-2.97,-3.56,"RNA"
"CLIC4",1.17,1.08,1.19,-0.0186,-0.00593,0.0245,-0.412,-0.348,-0.28,-0.732,-0.501,-0.587,-0.985,-0.874,-0.994,-0.95,-0.888,-0.761,-1.13,-0.983,-0.895,"RNA"
"ICAM5",-0.932,-0.635,-1.19,-0.0838,-0.0679,0.152,0.114,0.254,0.333,0.484,0.43,0.572,0.944,0.899,1.04,1.14,1.63,1.48,1.47,2.02,2.01,"RNA"
"SLC16A3",-0.452,0.0152,-0.614,-0.273,-0.148,0.42,-0.015,0.13,0.335,0.426,0.176,0.592,1.22,0.982,1.5,2.07,2.34,2.11,2.79,2.94,3.06,"RNA"
"MCL1",0.258,0.00159,0.246,-0.13,0.128,0.00165,-0.201,-0.153,-0.0804,-0.29,-0.23,-0.233,-0.49,-0.44,-0.474,-0.79,-0.798,-0.753,-0.996,-0.93,-0.92,"RNA"
"PPP2R1B",0.728,0.685,0.706,-0.2,0.0541,0.146,-0.653,-0.557,-0.416,-1.01,-0.884,-0.951,-1.17,-1.1,-1.07,-1.27,-1.21,-1.05,-1.24,-1.26,-1.07,"RNA"
"PITPNM3",-1.29,-0.923,-1.12,-0.124,-0.00483,0.129,0.108,0.128,0.294,0.626,0.541,0.664,1.13,0.958,1.07,1.4,1.3,1.14,1.52,1.42,1.48,"RNA"
"SLC1A6",-0.427,-0.494,-0.45,-0.105,0.00888,0.0964,0.314,0.496,0.544,0.662,0.693,0.788,0.834,0.848,0.899,0.962,1.09,1.01,1.1,1.09,1.22,"RNA"
"NENF",0.556,0.574,0.588,-0.118,0.04,0.0779,-0.117,0.301,0.143,0.392,0.573,0.504,0.77,0.992,0.918,0.844,1.29,1.05,1.11,1.39,1.32,"RNA"
"SIAE",-2.05,-1.86,-1.95,-0.148,0.0612,0.0863,-0.143,0.104,0.243,0.13,0.446,0.541,0.443,0.794,0.775,0.61,0.973,1.15,0.876,1.15,1.19,"RNA"
"CHRNA3",-3.56,-3.2,-3.5,0.0443,-0.0839,0.0396,-0.855,-1,-1.14,-1.21,-1.32,-1.38,-1.34,-1.59,-1.48,-1.17,-1.11,-1.16,-0.933,-0.914,-0.661,"RNA"
"RCOR2",-0.0329,-0.184,0.00595,-0.0396,-0.0219,0.0614,-0.183,-0.252,-0.27,-0.478,-0.674,-0.718,-0.876,-1.1,-1.17,-0.777,-0.945,-1.06,-0.961,-1.15,-1.12,"RNA"
"LRATD2",1.77,1.5,1.88,-0.0526,0.00477,0.0478,-0.18,-0.277,-0.237,-0.707,-0.757,-0.742,-1.12,-1.27,-1.38,-1.13,-1.22,-1.38,-1.02,-1.16,-1.12,"RNA"
"GAS2L3",-1.71,-1.98,-1.88,-0.12,-0.0991,0.22,-0.536,-0.634,-0.496,-0.979,-0.816,-0.841,-1.05,-0.981,-1.14,-1.53,-1.33,-1.49,-1.47,-1.51,-1.39,"RNA"
"PRUNE2",-0.138,-0.198,-0.154,-0.122,0.0495,0.0725,0.142,0.319,0.394,0.715,0.984,1.29,1.24,1.38,1.59,1.04,1.14,1.22,1.27,1.35,1.44,"RNA"
"CDKN2D",-3.52,-3.18,-3.64,-0.0877,0.0783,0.0094,0.213,0.421,0.509,0.579,0.647,0.727,0.736,0.919,0.829,0.731,0.947,0.897,0.841,1.02,0.964,"RNA"
"B2M",-0.0678,-0.0435,-0.118,-0.229,0.185,0.0441,0.484,0.845,0.673,0.874,1.41,1,1.05,1.63,1.43,1.27,1.63,1.71,1.51,2,1.84,"RNA"
"TMX1",0.88,0.691,0.864,-0.0484,0.0547,-0.00632,-0.51,-0.535,-0.417,-0.747,-0.677,-0.724,-0.924,-0.867,-0.838,-1.01,-0.907,-0.985,-1.11,-0.948,-1.15,"RNA"
"TNIK",0.425,0.392,0.376,0.0754,-0.0205,-0.0549,0.828,0.72,0.693,0.972,0.906,0.839,0.993,0.887,0.82,0.858,0.743,0.831,0.75,0.65,0.569,"RNA"
"ITGA6",3.06,3.03,3.07,-0.135,0.108,0.0269,0.103,-0.0491,-0.0835,0.719,1.13,1.37,1.69,2.13,2.32,1.26,1.83,1.93,1.62,2.2,2.21,"RNA"
"RCC2",2.49,2.44,2.43,0.01,-0.1,0.0901,-0.257,-0.261,-0.252,-0.428,-0.516,-0.554,-0.769,-0.822,-0.821,-0.872,-0.958,-1.08,-1.1,-1.21,-1.06,"RNA"
"HSPA4L",-1.61,-1.5,-1.68,-0.0199,-0.0583,0.0783,0.212,0.264,0.363,0.443,0.678,0.633,0.827,0.925,1.02,0.892,1.14,1.31,1.07,1.32,1.47,"RNA"
"SULT4A1",-2.7,-2.3,-2.7,-0.124,0.0701,0.0541,0.0789,0.251,0.356,0.281,0.427,0.507,0.439,0.645,0.725,0.52,0.792,0.782,0.662,0.898,0.939,"RNA"
"KDM5B",-0.18,-0.288,-0.208,0.0313,-0.011,-0.0203,-0.0909,-0.115,-0.123,-0.188,-0.205,-0.263,-0.433,-0.474,-0.505,-0.477,-0.534,-0.577,-0.707,-0.731,-0.71,"RNA"
"CTNNB1",0.33,0.311,0.32,-0.00734,-0.0103,0.0176,-0.283,-0.255,-0.178,-0.472,-0.377,-0.457,-0.654,-0.577,-0.653,-0.657,-0.618,-0.572,-0.823,-0.789,-0.768,"RNA"
"CAMK2D",-0.872,-0.767,-0.733,0.062,-0.00914,-0.0528,0.729,0.567,0.665,0.95,1.02,1.12,1.27,1.4,1.47,1.05,1.28,1.36,1.24,1.44,1.4,"RNA"
"SERPINE2",0.739,0.709,0.758,-0.00596,0.0405,-0.0346,0.66,0.663,0.648,0.974,1.04,1.03,1.24,1.21,1.26,0.753,0.86,1.01,0.678,0.869,0.847,"RNA"
"SPSB4",-1.15,-1.3,-1.21,-0.162,0.106,0.0557,-0.698,-0.419,-0.494,-0.984,-1.08,-1,-1.12,-1.21,-1.13,-1.25,-1.15,-1.3,-1.23,-1.12,-1.02,"RNA"
"NAP1L5",-3.05,-2.84,-3.08,-0.173,0.143,0.03,0.178,0.317,0.439,0.355,0.653,0.682,0.589,0.85,0.877,0.746,0.943,1.11,0.832,1.04,1.04,"RNA"
"GRM8",-2.32,-2.18,-2.26,-0.194,0.132,0.062,-0.322,-0.0105,-0.255,-0.723,-0.429,-0.533,-0.893,-0.794,-0.977,-1.05,-0.938,-0.994,-1.53,-1.4,-1.35,"RNA"
"KIF26B",-2.98,-2.84,-2.87,0.142,-0.074,-0.0683,1.12,0.962,0.893,1.22,0.906,1.05,1.41,1.03,1.1,1.36,0.996,0.988,1.23,0.918,1.08,"RNA"
"PDLIM1",2.9,2.74,2.95,0.0452,-0.064,0.0187,0.705,0.468,0.601,0.834,0.775,0.933,1.29,1.14,1.13,1.44,1.61,1.55,1.7,1.91,2.14,"RNA"
"CARMIL1",2.26,2.23,2.33,0.0318,-0.0229,-0.00891,0.285,0.0379,0.216,0.744,0.646,0.73,1.4,1.2,1.35,0.85,0.954,1.04,0.988,1.05,0.981,"RNA"
"SEPTIN11",-0.647,-0.723,-0.634,-0.0181,-0.00133,0.0194,-0.42,-0.338,-0.308,-0.591,-0.442,-0.453,-0.676,-0.599,-0.641,-0.747,-0.674,-0.631,-0.786,-0.76,-0.692,"RNA"
"ROR2",-1.52,-1.7,-1.47,-0.00426,-0.0277,0.0319,-1.28,-1.15,-1.23,-1.77,-1.91,-1.56,-1.78,-1.8,-1.51,-1.68,-1.59,-1.83,-1.64,-1.39,-1.33,"RNA"
"LUZP1",1.23,1.06,1.22,0.00345,-0.0396,0.0361,0.181,0.25,0.288,0.404,0.587,0.562,0.603,0.662,0.667,0.802,0.868,0.849,0.911,0.879,0.97,"RNA"
"SNX18",-0.785,-0.785,-0.846,-0.225,0.0953,0.13,-0.826,-0.604,-0.55,-1.03,-0.974,-1.03,-1.14,-1.13,-1.17,-1.19,-1.18,-1.07,-1.29,-1.19,-1.35,"RNA"
"CBX5",-0.318,-0.324,-0.355,-0.0581,0.0839,-0.0258,-0.242,-0.135,-0.128,-0.434,-0.359,-0.395,-0.621,-0.591,-0.659,-0.689,-0.732,-0.645,-0.851,-0.878,-0.851,"RNA"
"HABP4",-1.03,-1.03,-1.09,-0.109,0.121,-0.0125,0.0216,0.201,0.246,0.384,0.505,0.637,0.908,0.914,1.01,0.518,0.761,0.681,0.823,1.02,1.05,"RNA"
"WASF3",0.00128,0.00199,0.0909,0.0153,-0.0499,0.0346,0.321,0.335,0.373,0.411,0.417,0.532,0.713,0.617,0.755,0.907,0.856,0.814,1.02,0.954,0.988,"RNA"
"INPP4B",-2.91,-2.89,-2.87,0.0496,-0.00947,-0.0401,-0.231,-0.0454,-0.429,-0.99,-0.762,-0.947,-1.3,-1.28,-1.39,-1.43,-1.3,-1.39,-1.67,-1.51,-1.36,"RNA"
"SLC25A25",-0.706,-0.855,-0.638,-0.0685,0.00643,0.0621,0.366,0.348,0.412,0.71,0.718,0.702,0.86,0.977,0.998,0.607,0.825,0.778,0.691,0.885,0.871,"RNA"
"MB21D2",-1.28,-1.49,-1.26,-0.145,0.0485,0.0965,-0.633,-0.384,-0.253,-0.973,-0.714,-0.718,-1.1,-0.949,-0.906,-1.21,-0.987,-0.876,-1.32,-1.09,-0.818,"RNA"
"PTPRZ1",2.91,2.94,2.97,-0.0435,-0.108,0.152,-0.502,-0.34,-0.33,-0.949,-0.719,-0.619,-1.25,-1.24,-1.32,-1.36,-1.39,-1.48,-1.57,-1.74,-1.55,"RNA"
"ABLIM1",-0.764,-0.763,-0.733,0.0301,0.0416,-0.0718,0.762,0.853,0.758,0.993,1.12,1.07,0.975,1.14,1.1,0.826,0.972,1.07,0.745,0.906,0.924,"RNA"
"HSPB1",2.65,2.71,2.71,-0.0118,-0.177,0.189,0.0115,0.208,-0.0461,0.537,0.567,0.594,1.49,1.27,1.51,1.63,1.96,1.38,2.15,2.11,2.14,"RNA"
"TMEM65",-0.569,-0.612,-0.561,-0.0588,0.0391,0.0197,0.429,0.49,0.511,0.689,0.833,0.833,0.861,0.971,0.986,0.678,0.803,0.925,0.66,0.855,0.737,"RNA"
"CACNA2D2",-0.187,-0.129,-0.042,0.0751,-0.115,0.0398,0.573,0.456,0.41,0.828,0.495,0.737,1.01,0.739,0.94,1.4,1.16,1.17,1.41,1.34,1.5,"RNA"
"LY6H",-2.55,-2.61,-2.68,-0.0492,0.089,-0.0399,1.05,1.27,1.11,1.61,1.6,1.42,1.81,1.8,1.66,1.74,1.89,1.55,1.84,1.88,1.64,"RNA"
"CHEK1",2.31,2.23,2.3,0.111,0.00143,-0.112,-0.583,-0.74,-0.858,-1.03,-1.05,-1.19,-1.16,-1.17,-1.57,-1.46,-1.47,-1.57,-1.72,-1.66,-1.79,"RNA"
"MAPK9",-0.565,-0.688,-0.644,-0.0268,-0.0171,0.0439,0.266,0.335,0.416,0.422,0.599,0.577,0.546,0.711,0.738,0.743,0.791,0.883,0.852,0.892,0.934,"RNA"
"ARHGEF17",-0.443,-0.301,-0.271,-0.0494,-0.123,0.172,0.726,0.756,0.762,1.13,1.04,1.11,1.37,1.25,1.31,1.64,1.51,1.33,1.68,1.45,1.57,"RNA"
"CRABP2",-1.01,-1.15,-1.09,-0.0756,0.131,-0.0556,-0.831,-0.454,-0.528,-1.3,-0.963,-0.937,-1.19,-1.04,-0.977,-1.25,-0.886,-1.12,-1.18,-0.867,-1,"RNA"
"CDH2",-2.12,-2.11,-1.83,0.0198,0.0238,-0.0435,0.0158,-0.0303,-0.0249,-0.173,-0.151,-0.152,-0.292,-0.318,-0.307,-0.479,-0.519,-0.537,-0.658,-0.718,-0.662,"RNA"
"HNRNPH1",0.844,0.788,0.815,0.0323,0.0611,-0.0934,-0.00943,-0.104,-0.151,-0.202,-0.198,-0.266,-0.348,-0.433,-0.45,-0.59,-0.698,-0.65,-0.769,-0.832,-0.846,"RNA"
"TOP2A",4.18,4.01,4.08,-0.00123,-0.602,0.603,-1.68,-1.79,-1.69,-1.91,-1.85,-1.91,-2.04,-1.99,-1.99,-1.93,-2.03,-1.96,-2.04,-2.01,-2.03,"RNA"
"NTRK3",-1.83,-1.86,-1.89,0.198,-0.161,-0.0362,0.0856,-0.0876,0.103,0.584,0.495,0.564,0.855,0.818,0.769,0.972,0.993,1.12,1.09,1.11,1.11,"RNA"
"GAREM1",-0.298,-0.655,-0.362,-0.0227,0.096,-0.0733,0.789,0.603,0.517,1.32,1.24,1.14,1.33,1.45,1.35,1.39,1.57,1.61,1.37,1.63,1.49,"RNA"
"SPOCK1",-2.82,-2.86,-3,-0.0874,0.124,-0.0365,0.294,0.611,0.607,0.473,0.807,0.925,0.788,1,1.06,0.829,1.05,1.07,0.897,1.14,1.14,"RNA"
"CDK6",-0.52,-0.736,-0.547,0.0171,-0.0831,0.0659,-0.369,-0.18,-0.453,-0.599,-0.377,-0.585,-0.871,-0.733,-0.829,-1.23,-1.07,-1.07,-1.26,-1.22,-1.28,"RNA"
"CADM1",-3.22,-3.32,-3.25,-0.104,0.0022,0.102,-0.315,-0.284,-0.0808,-0.562,-0.437,-0.454,-0.731,-0.679,-0.597,-0.845,-0.812,-0.709,-1.02,-0.946,-0.879,"RNA"
"PAICS",2.35,2.3,2.35,-0.0248,-0.0101,0.0349,-0.685,-0.493,-0.628,-0.879,-0.635,-0.635,-0.734,-0.657,-0.67,-1.08,-0.923,-0.891,-1.17,-0.918,-0.973,"RNA"
"SERPINB1",-0.199,-0.213,-0.205,-0.321,0.0374,0.283,-0.185,0.269,0.413,0.419,0.889,1.15,0.938,1.37,1.56,0.814,1.32,1.5,0.991,1.68,1.49,"RNA"
"RBP4",-0.247,-0.201,-0.321,-0.1,-0.0532,0.154,0.283,0.502,0.382,0.867,0.941,0.852,1.53,1.38,1.33,1.42,1.47,1.36,1.59,1.62,1.55,"RNA"
"GSTM3",-2.19,-1.8,-2.04,-0.0223,0.0285,-0.00626,0.336,0.469,0.507,0.625,0.746,0.758,0.771,0.907,0.94,0.78,0.907,1.04,0.796,0.9,0.966,"RNA"
"SOX11",-2.04,-2.3,-2.06,-0.0597,0.0997,-0.0399,-0.0897,-0.129,-0.129,-0.235,-0.335,-0.288,-0.401,-0.477,-0.513,-0.666,-0.747,-0.745,-0.866,-0.845,-0.937,"RNA"
"PHYHIP",0.216,0.301,0.228,-0.217,0.0624,0.154,-0.508,-0.269,-0.449,-0.314,-0.133,-0.286,0.263,0.229,0.145,0.837,0.93,0.649,1.14,1.19,1.31,"RNA"
"CD55",0.152,-0.0833,0.0901,-0.14,0.0582,0.0819,-0.16,-0.0639,-0.0508,0.17,0.36,0.522,0.74,0.92,1.12,0.5,0.778,0.89,0.782,1.05,1.17,"RNA"
"IGSF1",1.08,1.02,1.07,-0.357,0.00786,0.349,-0.152,0.068,0.0261,0.256,0.528,0.628,0.861,1.21,1.13,1.24,1.4,1.29,1.54,1.6,1.54,"RNA"
"IGF2BP3",1.71,1.63,1.69,-0.0495,-0.0448,0.0943,-0.715,-0.607,-0.663,-1.01,-0.761,-0.879,-1.01,-0.869,-1.11,-1.17,-1.1,-1.23,-1.24,-1.09,-1.18,"RNA"
"SHC3",-3.05,-3.06,-2.99,-0.12,-0.00634,0.126,0.406,0.473,0.565,0.69,0.731,0.763,0.744,0.86,0.906,0.68,0.899,0.957,0.789,1.03,1.02,"RNA"
"ISLR2",-5.56,-5.39,-5.64,-0.197,0.125,0.0724,-0.356,-0.0172,-0.361,-0.594,-0.614,-0.537,-0.974,-0.989,-1.14,-1.3,-1.31,-1.57,-1.78,-1.6,-1.56,"RNA"
"HSPA12A",-3.93,-3.98,-3.84,0.0276,0.000789,-0.0284,0.534,0.577,0.619,0.692,0.785,0.79,0.689,0.801,0.755,0.854,0.826,0.911,0.855,0.806,0.835,"RNA"
"MYH14",2.78,2.8,2.85,0.0224,-0.0804,0.058,0.278,-0.109,-0.185,0.477,0.168,0.258,0.888,0.58,0.742,1.31,1.1,0.826,1.7,1.47,1.59,"RNA"
"LDB3",-2.83,-2.67,-2.71,-0.03,-0.185,0.215,-1.36,-1.2,-0.891,-1.83,-1.92,-1.72,-2,-2.16,-2.07,-1.28,-1.46,-1.37,-1.21,-1.37,-1.27,"RNA"
"SLC4A10",-2.47,-2.49,-2.39,-0.181,0.0871,0.0934,0.728,0.748,0.812,0.955,1.05,0.94,1.03,1.14,1.12,1.02,1.13,1.19,1.02,1.08,1.01,"RNA"
"CTBP2",0.208,0.151,0.253,-0.0452,0.00257,0.0426,-0.0781,-0.0334,-0.0158,-0.279,-0.218,-0.205,-0.377,-0.421,-0.414,-0.541,-0.534,-0.589,-0.707,-0.696,-0.692,"RNA"
"PDXK",0.0644,0.102,0.0389,-0.0327,-0.0123,0.0451,0.0881,0.259,0.232,0.338,0.361,0.424,0.614,0.606,0.681,0.643,0.758,0.611,0.849,0.85,0.913,"RNA"
"DGKI",-3.77,-3.66,-3.62,0.0102,-0.00493,-0.00524,-0.0118,-0.055,0.00758,0.0744,0.152,0.101,0.251,0.343,0.251,0.596,0.61,0.719,0.723,0.687,0.61,"RNA"
"JAKMIP1",-2.03,-1.82,-1.78,-0.0871,-0.00686,0.094,0.269,0.372,0.5,0.567,0.627,0.656,0.77,0.784,0.809,0.853,0.961,0.873,0.972,1,1.09,"RNA"
"MCM5",3.64,3.6,3.64,-0.0699,0.00427,0.0656,-0.605,-0.645,-0.694,-1.07,-1.16,-1.03,-1.52,-1.56,-1.34,-1.82,-1.65,-1.51,-2.05,-1.58,-1.62,"RNA"
"SINHCAF",1.54,1.41,1.57,-0.0722,-0.076,0.148,-0.607,-0.471,-0.44,-0.854,-0.601,-0.717,-1.05,-0.785,-0.881,-1.34,-0.906,-1.09,-1.25,-1.05,-1.02,"RNA"
"SNPH",-2.19,-2.45,-2.23,-0.0484,-0.0347,0.0831,0.228,0.293,0.307,0.486,0.432,0.53,0.773,0.703,0.739,0.708,0.798,0.681,0.855,0.837,0.9,"RNA"
"BCAT1",0.717,0.642,0.728,-0.056,-0.0122,0.0683,-0.717,-0.509,-0.427,-0.954,-0.625,-0.676,-0.886,-0.608,-0.639,-1.08,-0.825,-0.677,-1.05,-0.823,-0.821,"RNA"
"JAK1",-2.43,-2.46,-2.43,-0.0617,0.0845,-0.0227,0.637,0.697,0.682,0.914,1.06,0.938,0.873,1.12,1.01,0.885,1.1,1.25,0.898,1.13,1.07,"RNA"
"EBF1",-5.34,-5.38,-5.31,0.0735,0.0174,-0.0909,0.0446,-0.185,-0.221,-0.18,-0.354,-0.386,-0.373,-0.629,-0.617,-0.638,-0.775,-0.683,-0.813,-0.867,-0.858,"RNA"
"PREPL",-1.46,-1.55,-1.46,-0.0394,0.0164,0.023,0.264,0.379,0.479,0.436,0.712,0.653,0.535,0.78,0.772,0.719,0.907,1.06,0.757,1.02,1.05,"RNA"
"OGDHL",-0.112,0.0825,-0.203,-0.338,0.0335,0.305,0.213,0.448,0.379,0.562,0.762,0.786,1,1.07,1.02,1.34,1.48,1.27,1.61,1.63,1.65,"RNA"
"GPRASP1",-2.49,-2.44,-2.69,-0.0892,0.0768,0.0124,0.257,0.312,0.386,0.466,0.606,0.703,0.778,0.86,0.855,0.827,0.863,1.09,0.816,0.872,0.908,"RNA"
"IMPA2",2.55,2.53,2.54,-0.169,-0.0888,0.258,-1.22,-1.09,-1.08,-1.49,-1.28,-1.35,-1.37,-1.44,-1.35,-1.31,-1.36,-1.25,-1.23,-1.09,-0.984,"RNA"
"MAP7",3.39,3.3,3.43,0.178,-0.112,-0.0653,0.891,0.652,0.704,1.08,1.09,1.11,1.22,1.27,1.27,1.51,1.46,1.73,1.57,1.6,1.65,"RNA"
"GNG4",-1.49,-1.51,-1.51,-0.0738,0.0483,0.0255,0.00776,0.165,0.127,0.249,0.34,0.448,0.702,0.646,0.738,0.562,0.699,0.674,0.695,0.75,0.907,"RNA"
"KALRN",-3.86,-3.78,-3.89,0.0863,-0.0769,-0.00937,-0.0739,-0.196,-0.248,-0.178,-0.305,-0.258,-0.211,-0.392,-0.355,-0.465,-0.633,-0.6,-0.621,-0.761,-0.715,"RNA"
"RBFOX1",-3.48,-3.44,-3.57,0.0389,-0.0188,-0.0201,0.674,0.607,0.667,0.858,0.844,0.907,0.751,0.754,0.753,0.752,0.791,0.863,0.63,0.792,0.764,"RNA"
"HSPA12B",1.56,1.96,1.61,-0.148,0.0827,0.0651,-0.0138,0.253,0.109,0.704,0.602,0.837,0.882,1.42,1.37,0.895,1.68,1.73,1.42,2.25,2.04,"RNA"
"SNAP91",-4.62,-4.74,-4.77,0.0226,-0.0271,0.00443,0.302,0.268,0.227,0.418,0.448,0.445,0.59,0.561,0.602,0.661,0.626,0.599,0.7,0.686,0.773,"RNA"
"PVR",-0.249,-0.387,-0.283,0.017,-0.0281,0.0112,0.422,0.396,0.376,0.653,0.627,0.639,0.899,0.858,0.962,0.622,0.697,0.719,0.667,0.752,0.694,"RNA"
"PLCG1",0.167,0.0434,0.11,0.0746,-0.0336,-0.041,-0.0944,-0.312,-0.357,-0.245,-0.544,-0.546,-0.508,-0.753,-0.772,-0.494,-0.854,-0.928,-0.713,-0.964,-1.01,"RNA"
"PCDHAC2",-1.59,-1.73,-1.6,-0.104,0.0642,0.0398,0.16,0.309,0.392,0.377,0.549,0.645,0.539,0.695,0.728,0.589,0.757,0.826,0.603,0.728,0.785,"RNA"
"KLHL4",-0.0781,-0.161,-0.13,0.0401,-0.0685,0.0284,-1.07,-0.948,-0.912,-1.43,-1.03,-0.93,-1.4,-1.03,-1.09,-1.64,-1.18,-1.13,-1.63,-1.26,-1.27,"RNA"
"ANTXR2",-1.57,-1.45,-1.54,-0.0977,-0.14,0.237,-0.566,-0.483,-0.279,-0.911,-0.534,-0.379,-0.603,-0.499,-0.539,-1.55,-1.37,-1.47,-1.69,-1.58,-1.57,"RNA"
"ABRACL",0.619,0.6,0.63,-0.156,0.195,-0.0394,-0.525,-0.399,-0.368,-0.816,-0.524,-0.598,-0.986,-0.781,-0.885,-1.13,-1.05,-0.886,-1.42,-1.21,-1.42,"RNA"
"ALDH5A1",-1.19,-1.1,-1.27,-0.112,0.155,-0.0429,0.276,0.533,0.539,0.616,0.702,0.857,0.854,0.955,0.987,0.808,1.06,1.11,0.866,1.1,1.15,"RNA"
"SGSM1",-0.941,-0.914,-0.818,-0.0377,-0.179,0.217,0.767,0.659,0.693,1.04,0.884,0.946,1.45,1.19,1.22,1.57,1.48,1.27,1.71,1.53,1.63,"RNA"
"ROCK1",0.653,0.578,0.644,0.0679,-0.0109,-0.057,-0.207,-0.422,-0.377,-0.4,-0.475,-0.507,-0.564,-0.745,-0.759,-0.67,-0.882,-0.749,-0.867,-0.942,-0.933,"RNA"
"DIRAS1",-0.974,-0.931,-0.952,-0.0603,0.0288,0.0315,0.0854,0.158,0.174,0.288,0.301,0.303,0.609,0.601,0.603,0.612,0.787,0.537,0.846,0.916,0.894,"RNA"
"PAK3",-2.68,-2.81,-2.75,0.0145,-0.0319,0.0174,0.236,0.308,0.368,0.386,0.599,0.574,0.602,0.788,0.72,0.602,0.769,0.811,0.727,0.88,0.859,"RNA"
"CAMK1D",-1.42,-1.45,-1.34,-0.111,0.0967,0.0144,0.349,0.55,0.498,0.595,0.723,0.722,0.576,0.689,0.667,0.677,0.773,0.805,0.683,0.806,0.876,"RNA"
"FZD3",-1.01,-1.12,-1,0.0216,-0.0673,0.0456,-0.0683,-0.0953,-0.0118,-0.268,-0.177,-0.217,-0.482,-0.442,-0.492,-0.63,-0.549,-0.501,-0.756,-0.669,-0.7,"RNA"
"PSD3",-1.58,-1.66,-1.54,-0.124,0.0592,0.0651,-0.105,0.117,0.26,0.182,0.466,0.554,0.398,0.732,0.813,0.548,0.814,0.999,0.685,0.946,0.942,"RNA"
"ZNF521",-0.138,-0.0858,0.133,0.0987,-0.0854,-0.0133,-0.0914,-0.0762,-0.34,-0.665,-0.519,-0.794,-1.11,-1.11,-1.33,-1.01,-1.1,-1.4,-1.37,-1.52,-1.54,"RNA"
"GALNT9",-3.47,-3.42,-3.5,-0.187,-0.0161,0.203,0.173,0.353,0.423,0.477,0.545,0.72,0.88,0.928,1.13,0.744,1.03,0.896,1.01,1.17,1.27,"RNA"
"PAM",-0.849,-0.859,-0.722,-0.183,0.0505,0.133,-0.271,-0.0959,-0.02,-0.0342,0.307,0.317,0.527,0.672,0.762,0.191,0.45,0.412,0.392,0.557,0.58,"RNA"
"LAMB1",0.0726,0.188,0.174,0.0688,-0.0779,0.00912,-0.308,-0.528,-0.624,-0.441,-0.58,-0.562,-0.244,-0.468,-0.34,-0.926,-0.948,-1.12,-1,-0.986,-0.997,"RNA"
"HOMER3",-0.528,-0.397,-0.614,-0.0126,0.0383,-0.0257,-0.514,-0.477,-0.546,-0.701,-0.93,-0.905,-0.928,-0.942,-1.05,-1.13,-1.11,-1.39,-1.17,-1.18,-1.14,"RNA"
"GRIN1",-1.76,-1.72,-1.7,0.0976,-0.218,0.121,1.03,0.735,0.718,1.35,0.878,1.17,1.68,1.16,1.33,2.03,1.59,1.37,2.07,1.65,1.81,"RNA"
"TUBA4A",0.115,0.192,0.105,-0.223,0.144,0.0792,-0.335,-0.0301,0.0782,0.11,0.175,0.11,0.259,0.454,0.489,0.784,0.878,0.814,0.991,1.01,1.03,"RNA"
"MCM2",3.02,2.97,3,-0.158,0.0389,0.119,-0.596,-0.524,-0.528,-0.75,-0.894,-0.756,-1.16,-0.999,-0.927,-1.27,-1.1,-1.21,-1.34,-1.1,-1.11,"RNA"
"ATP9A",-3.05,-2.98,-3.03,-0.0734,0.0639,0.00948,0.278,0.407,0.429,0.507,0.558,0.621,0.659,0.688,0.732,0.599,0.675,0.7,0.664,0.678,0.718,"RNA"
"SLC1A5",2.66,2.57,2.69,-0.032,-0.0806,0.113,-1.62,-1.07,-1.53,-1.62,-1.4,-1.54,-1.47,-1.38,-1.52,-1.76,-1.59,-1.76,-1.58,-1.24,-1.27,"RNA"
"CNTNAP1",-1.55,-1.33,-1.58,0.186,-0.103,-0.083,0.631,0.533,0.452,0.917,0.704,0.839,1.1,0.945,1.07,1.01,0.937,0.837,1.09,1.08,1.22,"RNA"
"FAM83G",3.19,3.09,3.32,-0.266,-0.0531,0.319,0.163,0.309,0.0993,0.561,0.784,0.905,1.86,1.58,1.76,1.46,1.5,1.46,1.88,1.88,2,"RNA"
"MDGA1",-5.38,-5.4,-5.29,0.0886,-0.116,0.027,-0.14,-0.426,-0.573,-0.458,-0.929,-0.89,-0.646,-1.24,-1.24,-0.819,-1.18,-1.36,-0.967,-1.36,-1.22,"RNA"
"PLIN3",2.11,2.13,2.11,0.0229,-0.135,0.113,0.116,0.173,0.162,0.392,0.609,0.842,1.17,1.38,1.51,0.77,1.07,0.951,1.1,1.41,1.31,"RNA"
"HSD17B12",0.518,0.442,0.471,-0.0775,0.0788,-0.0013,0.0187,0.000379,0.0486,0.0719,0.236,0.207,0.389,0.432,0.449,0.491,0.558,0.619,0.685,0.678,0.756,"RNA"
"GOT1",0.0831,0.042,0.0213,-0.104,0.108,-0.00418,0.182,0.355,0.416,0.459,0.656,0.672,0.63,0.91,0.814,0.786,0.933,0.881,0.919,0.985,0.892,"RNA"
"MAN1C1",-0.0378,0.0232,0.0696,0.0827,-0.157,0.0742,0.527,0.558,0.455,1.23,1.22,1.38,1.55,1.59,1.77,1.14,1.57,1.58,1.44,1.91,1.88,"RNA"
"NR3C1",2.07,1.65,1.87,0.0131,0.0292,-0.0424,1.46,1.23,1.02,1.84,1.96,1.62,2.01,2.14,1.9,1.65,1.95,1.68,1.84,1.8,1.88,"RNA"
"FHOD3",-1.07,-1.01,-0.969,-0.0536,0.0408,0.0128,0.118,0.208,0.24,0.305,0.359,0.405,0.527,0.592,0.621,0.534,0.578,0.627,0.577,0.637,0.632,"RNA"
"ITPR2",2.02,1.98,1.92,-0.0185,-0.0879,0.106,-0.916,-0.819,-0.736,-1.35,-1.15,-1.31,-1.38,-1.37,-1.45,-1.39,-1.62,-1.69,-1.46,-1.66,-1.74,"RNA"
"PLCB3",3.23,3.21,3.24,0.132,-0.115,-0.0166,-0.736,-0.869,-0.906,-0.958,-0.947,-0.891,-0.646,-0.689,-0.666,-0.19,-0.306,-0.373,0.118,0.132,0.11,"RNA"
"SLC25A4",-0.81,-0.885,-0.824,-0.108,0.047,0.0605,0.131,0.32,0.355,0.341,0.505,0.533,0.47,0.643,0.721,0.487,0.716,0.661,0.604,0.764,0.725,"RNA"
"MDH1",0.4,0.33,0.418,-0.0999,0.0446,0.0553,-0.0085,0.2,0.278,0.202,0.478,0.413,0.363,0.624,0.607,0.45,0.672,0.727,0.602,0.754,0.758,"RNA"
"TEX2",-0.668,-0.83,-0.704,0.0337,-0.0385,0.00478,0.271,0.329,0.401,0.392,0.526,0.543,0.528,0.594,0.616,0.696,0.757,0.73,0.817,0.824,0.854,"RNA"
"ADH5",0.461,0.413,0.445,-0.074,0.0291,0.0449,-0.327,-0.187,-0.141,-0.46,-0.228,-0.294,-0.57,-0.371,-0.448,-0.74,-0.589,-0.654,-0.833,-0.714,-0.809,"RNA"
"KIAA0513",-2.78,-2.78,-2.75,-0.075,0.03,0.045,0.131,0.231,0.298,0.422,0.421,0.414,0.653,0.639,0.69,0.698,0.697,0.608,0.756,0.791,0.804,"RNA"
"PHGDH",1.95,1.87,1.99,-0.022,-0.0721,0.0941,-0.67,-0.643,-0.806,-0.961,-1.04,-1.15,-1.22,-1.25,-1.45,-1.24,-1.19,-1.54,-1.27,-1.18,-1.1,"RNA"
"ADAM23",0.257,0.3,0.302,0.0702,-0.00791,-0.0623,0.363,0.274,0.318,0.506,0.515,0.65,0.764,0.695,0.749,0.851,0.807,0.881,0.879,0.898,0.971,"RNA"
"PRMT8",-3.25,-3.12,-3.32,-0.117,0.112,0.00411,-0.482,-0.242,-0.359,-0.763,-0.779,-0.919,-1.3,-1.16,-1.29,-0.876,-0.839,-0.856,-0.91,-0.982,-1.04,"RNA"
"SLC17A8",-1.82,-1.9,-1.85,-0.171,0.0345,0.136,1.07,1.5,1.69,1.31,1.84,1.88,1.01,1.61,1.31,1.1,1.49,1.58,0.759,0.933,0.881,"RNA"
"SYNM",-0.964,-0.97,-0.996,0.068,0.0582,-0.126,0.29,0.354,0.207,0.516,0.432,0.492,0.534,0.569,0.514,1.06,0.897,0.962,1.04,1,0.939,"RNA"
"FAM3C",-0.478,-0.528,-0.486,0.0262,0.0421,-0.0684,0.643,0.509,0.534,0.729,0.75,0.82,0.893,0.864,0.874,0.929,0.913,0.96,0.864,0.963,0.779,"RNA"
"PRKACB",-0.944,-0.945,-0.786,-0.0135,0.0257,-0.0122,0.815,0.965,1.15,0.99,1.35,1.42,0.997,1.24,1.24,0.82,0.963,1.16,0.603,0.769,0.782,"RNA"
"GFOD1",-0.581,-1.03,-0.724,-0.0382,-0.0171,0.0553,0.331,0.436,0.489,0.575,0.64,0.647,0.741,0.711,0.762,0.816,0.818,0.827,0.938,0.834,0.98,"RNA"
"DYNC1I1",-3.84,-3.98,-3.77,-0.108,0.041,0.0674,-0.0434,0.167,0.292,0.26,0.451,0.484,0.447,0.653,0.632,0.631,0.762,0.755,0.729,0.776,0.827,"RNA"
"YWHAH",-0.292,-0.333,-0.29,-0.0963,0.107,-0.011,0.122,0.274,0.299,0.324,0.497,0.48,0.54,0.646,0.699,0.563,0.678,0.689,0.649,0.713,0.707,"RNA"
"SLC22A23",0.371,0.474,0.563,-0.0133,-0.0326,0.046,0.473,0.616,0.421,0.753,0.747,0.857,1.16,0.983,1.02,1.14,1.04,0.912,1.21,1.06,1.11,"RNA"
"TBC1D9",-3.34,-3.27,-3.22,-0.00623,0.115,-0.108,0.332,0.416,0.399,0.466,0.585,0.57,0.589,0.741,0.65,0.753,0.853,0.861,0.81,0.918,0.898,"RNA"
"LGI1",-3.9,-3.86,-3.45,-0.193,0.000913,0.192,-0.751,-0.676,-0.433,-1.16,-0.883,-0.89,-1.29,-1.07,-1.2,-0.913,-0.799,-0.714,-0.997,-0.875,-0.86,"RNA"
"PTBP1",2.65,2.6,2.67,0.0942,-0.00183,-0.0924,-0.183,-0.37,-0.459,-0.324,-0.644,-0.666,-0.58,-0.797,-0.808,-0.716,-0.945,-0.934,-0.815,-1.04,-1.21,"RNA"
"PELI2",-1.76,-1.97,-1.75,-0.00787,0.082,-0.0741,0.0352,0.0727,0.0891,0.0553,0.0983,-0.0147,-0.152,-0.2,-0.302,-0.498,-0.574,-0.515,-0.782,-0.701,-0.808,"RNA"
"INPP5A",-0.186,-0.223,-0.136,-0.12,0.129,-0.00919,-0.116,0.0773,-0.0611,0.125,0.274,0.237,0.515,0.685,0.695,0.402,0.573,0.48,0.581,0.746,0.722,"RNA"
"ATP1A1",1.12,1.07,1.15,-0.054,-0.0214,0.0754,0.33,0.406,0.303,0.402,0.509,0.582,0.572,0.585,0.628,0.727,0.819,0.742,0.687,0.837,0.783,"RNA"
"KCNA6",-2.05,-2.05,-1.99,-0.0362,-0.0718,0.108,0.362,0.502,0.397,0.611,0.7,0.774,0.902,0.92,0.943,0.75,0.858,0.737,0.74,0.86,0.851,"RNA"
"NYAP2",-2.07,-2.07,-2.07,-0.211,-0.0355,0.246,0.854,1.23,1.28,1.31,1.42,1.49,1.49,1.52,1.56,1.63,1.57,1.66,1.58,1.59,1.69,"RNA"
"SPTB",-2.78,-2.85,-2.8,-0.246,0.00025,0.246,-0.0456,0.203,0.226,0.356,0.343,0.441,0.671,0.646,0.697,0.975,0.994,0.995,1.14,1.18,1.33,"RNA"
"FBXO2",0.561,0.519,0.481,-0.164,-0.025,0.189,-0.0528,0.0949,0.0757,0.151,0.225,0.0534,0.439,0.493,0.339,0.893,1,0.826,1.2,1.18,1.09,"RNA"
"CDK2",2.07,2.05,2.08,0.127,-0.322,0.195,-0.653,-0.783,-0.894,-1.16,-1.1,-1.06,-1.28,-1.27,-1.26,-1.48,-1.44,-1.46,-1.5,-1.41,-1.53,"RNA"
"VGF",-3.74,-3.91,-3.56,-0.0282,0.037,-0.00884,0.68,0.612,0.446,1.36,1.07,1.44,2.16,1.69,2.03,1.16,1.35,0.973,1.4,1.56,1.62,"RNA"
"CLU",1.17,1.11,1.28,-0.28,0.0249,0.255,-0.592,-0.0204,0.121,0.118,0.714,1.05,0.9,1.36,1.49,0.659,1.17,0.923,1.1,1.45,1.44,"RNA"
"GDE1",-0.0317,-0.041,-0.0531,-0.101,0.0848,0.0165,0.291,0.418,0.527,0.597,0.709,0.679,0.679,0.863,0.866,0.535,0.71,0.792,0.582,0.755,0.699,"RNA"
"VWA5A",-1.29,-1.31,-1.26,-0.0497,0.00148,0.0482,0.193,0.358,0.444,0.474,0.683,0.748,0.677,0.912,0.928,0.447,0.721,0.764,0.504,0.811,0.826,"RNA"
"PITPNM1",-0.299,-0.375,-0.272,-0.0307,-0.0587,0.0894,0.3,0.349,0.278,0.61,0.529,0.537,1.01,0.877,0.974,1.11,1.05,0.764,1.21,1.03,1.07,"RNA"
"TMOD1",-3.16,-3.1,-3.19,-0.0702,0.0233,0.0469,0.378,0.65,0.677,0.593,0.989,1.08,0.786,1.19,1.17,0.857,1.07,1.04,0.819,1.08,0.997,"RNA"
"CHL1",-4.12,-3.99,-4.1,-0.297,-0.0536,0.35,-0.126,0.261,0.46,0.425,0.973,1.02,0.736,1.2,1.13,0.999,1.3,1.42,1.12,1.37,1.36,"RNA"
"CNOT6",-0.234,-0.373,-0.234,0.0772,-0.0371,-0.0401,-0.0654,-0.104,-0.121,-0.295,-0.255,-0.248,-0.402,-0.448,-0.484,-0.628,-0.629,-0.601,-0.781,-0.769,-0.73,"RNA"
"MMP14",2.57,2.55,2.5,-0.124,0.0879,0.0365,-1.11,-1.18,-1.35,-1.47,-1.41,-1.46,-1.53,-1.53,-1.61,-1.41,-1.57,-1.64,-1.57,-1.58,-1.61,"RNA"
"TCF12",0.135,0.00643,0.248,0.0701,-0.166,0.0959,-0.426,-0.578,-0.448,-0.597,-0.543,-0.592,-0.654,-0.706,-0.567,-1,-0.952,-1,-1.03,-1.08,-0.998,"RNA"
"CBFB",-1.06,-1.05,-0.993,0.0185,-0.0911,0.0726,-0.0775,-0.15,-0.0696,-0.405,-0.464,-0.357,-0.49,-0.754,-0.673,-0.698,-0.872,-0.862,-0.834,-0.988,-0.872,"RNA"
"SLC9A6",-1.26,-1.53,-1.38,-0.0766,0.0632,0.0134,0.224,0.357,0.498,0.406,0.568,0.57,0.505,0.673,0.671,0.695,0.779,0.863,0.757,0.799,0.85,"RNA"
"CSDC2",-2.76,-2.65,-2.6,-0.0173,0.00383,0.0135,0.148,0.298,0.198,0.385,0.295,0.374,0.844,0.607,0.829,0.855,0.962,0.706,1.14,1.11,1.14,"RNA"
"SPOCK2",-5.25,-5,-5.25,-0.171,0.0477,0.124,-0.107,0.118,0.209,0.179,0.239,0.314,0.45,0.529,0.591,0.569,0.749,0.658,0.714,0.778,0.855,"RNA"
"PTPRK",1.12,1.08,1.17,-0.00793,-0.0627,0.0706,0.296,0.128,0.0741,-0.224,-0.254,-0.401,-0.612,-0.634,-1.06,-0.979,-1.05,-1.39,-1.36,-1.34,-1.49,"RNA"
"SPARC",0.838,0.768,0.908,0.0204,-0.0975,0.0771,-1.44,-1.64,-1.73,-0.666,-0.63,-1.11,0.0383,0.456,0.00819,0.408,0.864,0.597,0.823,1.14,0.769,"RNA"
"SRXN1",0.738,0.742,0.755,-0.0694,-0.0218,0.0913,0.16,0.358,0.355,0.431,0.579,0.539,0.694,0.796,0.735,0.788,0.886,0.872,0.949,0.882,0.907,"RNA"
"FAM114A1",0.355,0.312,0.458,-0.245,-0.197,0.442,-0.352,-0.118,0.0794,0.0306,0.39,0.761,0.845,1.32,1.58,1.03,1.48,1.62,1.57,1.91,1.97,"RNA"
"TENM1",-3.01,-3.01,-2.97,-0.335,-0.0017,0.337,0.104,0.244,0.437,0.539,0.645,0.759,0.959,1.06,1.13,1.04,1.24,1.39,1.14,1.42,1.32,"RNA"
"MKI67",3.51,3.34,3.4,-0.062,-0.202,0.264,-0.981,-0.908,-0.885,-1.22,-1.05,-1.16,-1.24,-1.16,-1.21,-1.24,-1.19,-1.1,-1.28,-1.26,-1.21,"RNA"
"TLN2",-0.614,-0.567,-0.492,0.0668,-0.0731,0.00623,0.249,0.305,0.223,0.527,0.664,0.86,0.968,1.06,1.18,0.688,0.821,0.805,0.761,0.938,0.998,"RNA"
"AMPH",-1.3,-1.34,-1.31,-0.004,0.00548,-0.00148,0.102,0.262,0.231,0.251,0.474,0.467,0.478,0.545,0.604,0.636,0.762,0.841,0.675,0.767,0.871,"RNA"
"TIA1",-0.624,-0.768,-0.664,0.0254,-0.0889,0.0635,-0.0306,-0.127,-0.104,-0.302,-0.127,-0.209,-0.459,-0.392,-0.477,-0.658,-0.592,-0.679,-0.795,-0.803,-0.795,"RNA"
"CRTAC1",-2.68,-2.69,-2.63,-0.265,0.123,0.142,0.882,1.23,1.21,1,1.31,1.23,0.84,1.04,1.04,0.989,1.16,1.01,0.974,1.05,1.17,"RNA"
"NRAS",-0.00813,-0.0206,-0.0036,-0.0617,0.0761,-0.0144,-0.372,-0.303,-0.254,-0.503,-0.367,-0.45,-0.581,-0.473,-0.469,-0.806,-0.722,-0.624,-0.825,-0.65,-0.767,"RNA"
"REEP5",-1.15,-1.2,-1.19,-0.0602,0.0978,-0.0377,0.0346,0.181,0.261,0.309,0.498,0.498,0.47,0.671,0.719,0.601,0.727,0.863,0.674,0.775,0.773,"RNA"
"P3H4",1.65,1.62,1.6,-0.0569,0.00679,0.0501,0.468,0.466,0.393,0.623,0.605,0.539,0.838,0.798,0.787,1.03,1.08,0.907,1.08,1.19,1.02,"RNA"
"PCDHA12",-1.72,-1.83,-1.7,-0.0976,0.0654,0.0322,0.122,0.272,0.341,0.309,0.493,0.561,0.44,0.622,0.619,0.484,0.667,0.701,0.482,0.631,0.659,"RNA"
"NRP1",-3.99,-4.26,-3.98,-0.024,0.0024,0.0216,0.41,0.352,0.466,0.541,0.514,0.595,0.317,0.373,0.403,-0.134,-0.0932,0.0581,-0.316,-0.203,-0.118,"RNA"
"DDHD1",-0.337,-0.446,-0.426,0.0123,-0.0242,0.0119,0.311,0.282,0.444,0.506,0.532,0.6,0.716,0.672,0.776,0.715,0.733,0.799,0.814,0.793,0.849,"RNA"
"ITPKA",-0.592,-0.467,-0.522,-0.366,0.21,0.155,-0.216,0.378,0.265,0.582,0.963,1.26,1.63,1.73,1.96,0.42,1.04,1.06,0.909,1.76,1.66,"RNA"
"SMOC2",-0.83,-1.1,-0.813,-0.252,-0.0327,0.285,1.3,1.53,1.69,1.7,1.89,2.12,1.57,1.75,1.89,1.2,1.68,1.93,1.24,1.88,1.99,"RNA"
"PRKCB",-1.41,-1.41,-1.42,0.158,0.0826,-0.24,0.788,0.705,0.603,0.865,0.819,0.708,0.958,0.865,0.877,1.17,1.06,1.06,1.14,1.06,1.07,"RNA"
"CIT",1.28,1.19,1.17,0.0563,-0.0848,0.0284,0.521,0.544,0.656,0.741,0.699,0.748,1.16,0.864,0.934,1.12,0.997,0.951,1.18,1.05,1.14,"RNA"
"ADAM12",-3.95,-3.88,-3.85,0.0119,-0.138,0.126,-0.165,-0.382,-0.265,-0.222,-0.595,-0.407,-0.779,-1.05,-1.09,-0.986,-1.11,-1.1,-1.31,-1.2,-1.15,"RNA"
"LIMCH1",-2.15,-2.38,-1.91,-0.0418,0.0146,0.0273,0.527,0.487,0.582,0.633,0.722,0.767,0.753,0.78,0.829,0.806,0.815,0.948,0.863,0.772,0.932,"RNA"
"SH3BGRL",-1.71,-1.73,-1.72,-0.323,0.153,0.171,-0.758,-0.304,-0.243,-0.968,-0.499,-0.636,-1.21,-0.867,-0.967,-1.05,-0.891,-0.751,-1.2,-1.1,-1.11,"RNA"
"TLE5",-0.447,-0.476,-0.471,-0.103,0.0743,0.029,0.101,0.285,0.214,0.344,0.379,0.425,0.533,0.558,0.619,0.539,0.751,0.609,0.658,0.761,0.731,"RNA"
"CTSB",-2.27,-2.22,-2.28,-0.158,0.0509,0.107,-0.132,0.153,0.209,0.104,0.375,0.487,0.506,0.674,0.833,0.343,0.585,0.535,0.543,0.743,0.773,"RNA"
"PRNP",-1.72,-1.72,-1.65,-0.161,0.121,0.0408,0.364,0.553,0.651,0.56,0.806,0.8,0.484,0.751,0.758,0.542,0.714,0.8,0.406,0.685,0.647,"RNA"
"MAP4K4",-0.667,-0.7,-0.678,0.0182,0.0542,-0.0724,-0.152,-0.173,-0.219,-0.263,-0.307,-0.299,-0.316,-0.399,-0.479,-0.493,-0.626,-0.613,-0.676,-0.806,-0.78,"RNA"
"GLDC",0.976,0.906,0.937,-0.136,-0.00408,0.14,-0.867,-0.604,-0.778,-1.24,-0.899,-0.857,-1.26,-1.01,-0.825,-1.46,-1.03,-1.08,-1.54,-0.954,-0.888,"RNA"
"DDX39B",0.969,0.951,0.985,0.0288,-0.0203,-0.00842,-0.0573,-0.112,-0.149,-0.122,-0.141,-0.182,-0.243,-0.276,-0.362,-0.483,-0.458,-0.504,-0.654,-0.63,-0.687,"RNA"
"KCTD10",-0.906,-0.905,-0.825,-0.0359,0.0486,-0.0127,-0.0995,0.00251,0.0703,-0.109,-0.0595,-0.0111,-0.312,-0.213,-0.281,-0.463,-0.461,-0.426,-0.704,-0.603,-0.64,"RNA"
"PRTFDC1",-0.814,-0.799,-0.836,-0.153,0.0737,0.0791,-0.766,-0.655,-0.652,-0.804,-0.708,-0.838,-1.14,-1.01,-1.11,-0.828,-0.783,-0.584,-0.943,-0.759,-0.824,"RNA"
"NAPG",-0.876,-1.07,-0.915,-0.0774,0.0738,0.00362,-0.0624,0.0141,0.0932,0.0845,0.32,0.261,0.39,0.504,0.561,0.386,0.49,0.546,0.493,0.65,0.638,"RNA"
"TAC1",-3.8,-3.85,-3.87,-0.0885,0.278,-0.189,1.2,1.08,1.17,1.84,2.01,1.93,2.24,2.39,2.42,1.49,2.06,2.01,1.47,2.17,1.72,"RNA"
"CDH13",-2.75,-2.73,-2.96,-0.0972,-0.00117,0.0983,0.612,0.771,0.851,0.844,1.05,0.98,1.13,1.11,1.1,1.06,1.01,0.933,0.996,1,0.923,"RNA"
"ARHGAP8",2.67,2.72,2.73,-0.0763,0.117,-0.0411,0.541,0.435,0.894,0.965,0.672,0.778,0.904,0.912,1.09,1.75,1.53,1.43,2.04,1.89,1.97,"RNA"
"RPSA",1.28,1.23,1.32,-0.0789,0.0626,0.0163,-0.237,-0.097,-0.118,-0.302,-0.224,-0.272,-0.433,-0.388,-0.373,-0.582,-0.509,-0.452,-0.71,-0.582,-0.606,"RNA"
"SPR",0.904,0.902,0.99,-0.0901,-0.00694,0.097,-0.0297,0.116,0.0947,0.431,0.667,0.58,0.854,0.959,1.05,0.79,1,0.692,1.08,1.21,1.3,"RNA"
"EZR",2.63,2.48,2.63,0.0779,-0.222,0.144,-0.634,-0.902,-0.802,-0.678,-0.56,-0.544,0.231,0.137,0.267,0.205,0.164,0.0656,0.551,0.5,0.495,"RNA"
"NSF",-1.49,-1.6,-1.52,-0.0808,0.0804,0.000332,-0.00773,0.137,0.228,0.108,0.437,0.398,0.36,0.577,0.621,0.481,0.694,0.841,0.599,0.778,0.83,"RNA"
"MEX3A",-0.686,-0.773,-0.699,-0.0769,0.0933,-0.0164,-0.159,-0.201,-0.15,-0.218,-0.333,-0.359,-0.49,-0.619,-0.613,-0.66,-0.842,-0.989,-0.922,-1.17,-1.12,"RNA"
"SLC22A17",-1.32,-1.24,-1.29,-0.11,0.0459,0.064,0.0126,0.367,0.262,0.301,0.36,0.399,0.684,0.721,0.788,0.807,0.957,0.686,0.988,1.01,1.01,"RNA"
"EHD3",-0.353,-0.264,-0.221,-0.0518,-0.091,0.143,0.0853,0.201,0.219,0.222,0.404,0.449,0.44,0.566,0.631,0.551,0.736,0.684,0.721,0.905,0.908,"RNA"
"LRRN1",0.5,0.234,0.51,0.0734,0.027,-0.1,-0.226,-0.302,-0.38,-0.333,-0.393,-0.422,-0.407,-0.492,-0.571,-0.58,-0.651,-0.71,-0.682,-0.771,-0.838,"RNA"
"CDK1",3.66,3.33,3.48,-0.0579,-0.365,0.423,-1.12,-1.14,-1.05,-1.21,-1.18,-1.19,-1.16,-1.13,-1.08,-1.21,-1.17,-1.21,-1.17,-1.19,-1.18,"RNA"
"GRIA4",-2.2,-2.12,-2.27,0.0485,0.0338,-0.0823,0.83,0.733,0.786,0.993,1.02,0.967,0.945,1.01,0.958,0.778,0.912,1.03,0.71,0.927,0.841,"RNA"
"LGALS1",0.492,0.578,0.583,-0.24,-0.0251,0.265,-0.442,7.67e-05,-0.0205,-0.0822,0.115,0.176,0.461,0.717,0.816,0.978,1.27,0.804,1.77,1.68,1.72,"RNA"
"SYNE1",-3.59,-3.55,-3.49,0.0756,-0.0432,-0.0324,0.713,0.597,0.557,0.772,0.778,0.746,0.868,0.682,0.623,0.635,0.471,0.523,0.581,0.376,0.372,"RNA"
"LGALS3BP",-0.875,-0.817,-0.77,-0.0702,-0.0182,0.0884,0.108,0.179,0.193,0.323,0.275,0.344,0.416,0.469,0.518,0.531,0.708,0.556,0.662,0.879,0.913,"RNA"
"FNBP1L",-0.836,-0.997,-0.866,-0.00142,0.00996,-0.00854,-0.0833,-0.0818,-0.108,-0.289,-0.136,-0.242,-0.495,-0.392,-0.536,-0.51,-0.548,-0.504,-0.725,-0.796,-0.844,"RNA"
"USP32",-0.111,-0.197,-0.0646,-0.0127,0.0308,-0.0181,0.202,0.275,0.335,0.421,0.45,0.498,0.576,0.642,0.706,0.508,0.585,0.637,0.544,0.643,0.681,"RNA"
"CASP3",-0.349,-0.466,-0.355,-0.064,0.162,-0.0982,-0.678,-0.521,-0.5,-0.77,-0.409,-0.433,-0.749,-0.36,-0.433,-1.2,-0.96,-0.883,-1.23,-0.865,-1.02,"RNA"
"NPTN",-0.297,-0.306,-0.284,-0.0328,0.0142,0.0186,0.21,0.233,0.391,0.331,0.483,0.529,0.423,0.585,0.655,0.575,0.729,0.762,0.667,0.783,0.83,"RNA"
"CAMK2A",-2.79,-2.65,-2.67,-0.21,0.0415,0.169,0.179,0.303,0.36,0.448,0.429,0.369,0.58,0.474,0.454,0.963,1.03,0.942,1.06,1.2,1.13,"RNA"
"JPH3",-1.16,-1.24,-1.09,-0.0493,-0.0358,0.085,0.419,0.453,0.422,0.634,0.489,0.602,0.754,0.665,0.797,0.785,0.835,0.69,0.909,0.939,1.05,"RNA"
"PPP1R14C",-4.06,-3.85,-4,0.0385,0.0541,-0.0925,0.68,0.77,0.811,0.917,1.09,1.05,0.904,1.08,1.06,0.779,0.943,1.13,0.79,0.966,1.06,"RNA"
"MALT1",-0.294,-0.593,-0.247,0.109,0.0282,-0.137,-0.297,-0.502,-0.432,-0.412,-0.62,-0.722,-0.604,-0.771,-0.731,-0.666,-0.846,-0.824,-0.759,-0.903,-0.867,"RNA"
"PTEN",-0.64,-0.882,-0.768,-0.0827,0.0274,0.0553,0.246,0.331,0.438,0.502,0.74,0.617,0.776,1.03,0.893,0.609,1.01,1.06,0.719,1.11,0.955,"RNA"
"GFRA1",-4.93,-5.03,-4.82,0.0241,-0.0219,-0.00214,-0.592,-0.559,-0.697,-0.758,-0.79,-0.867,-0.928,-0.791,-0.829,-0.848,-0.646,-0.657,-0.654,-0.462,-0.514,"RNA"
"SGPL1",-0.138,-0.234,-0.146,0.00412,-0.0272,0.0231,-0.187,-0.234,-0.278,-0.413,-0.451,-0.477,-0.51,-0.598,-0.68,-0.543,-0.636,-0.704,-0.588,-0.68,-0.669,"RNA"
"PCBP4",-3.5,-3.37,-3.66,-0.0282,-0.00138,0.0296,-0.317,-0.267,-0.348,-0.441,-0.599,-0.582,-0.62,-0.7,-0.661,-0.765,-0.7,-0.978,-0.799,-0.902,-0.911,"RNA"
"NKIRAS1",-1,-1.03,-1.14,-0.0414,-0.0541,0.0955,0.234,0.299,0.513,0.406,0.743,0.682,0.637,0.906,0.847,0.805,0.988,1.14,0.86,1.13,1.08,"RNA"
"CREG1",0.586,0.594,0.568,-0.0618,0.103,-0.041,0.189,0.392,0.28,0.388,0.629,0.584,0.528,0.699,0.606,0.689,0.855,0.875,0.767,0.959,0.931,"RNA"
"JPT2",1.31,1.29,1.31,0.033,-0.00929,-0.0237,-0.0815,-0.0792,-0.157,-0.24,-0.134,-0.172,-0.273,-0.292,-0.34,-0.515,-0.519,-0.505,-0.686,-0.743,-0.715,"RNA"
"PTPRJ",0.322,0.308,0.472,0.0369,0.0181,-0.0551,0.537,0.552,0.597,0.699,0.82,0.836,0.933,0.865,0.886,0.784,0.818,0.746,0.78,0.703,0.833,"RNA"
"MPPED2",-1,-1.16,-1.12,0.0206,-0.0278,0.00725,0.728,0.829,0.854,0.828,0.902,0.936,0.763,0.825,0.814,0.789,0.721,0.809,0.73,0.698,0.73,"RNA"
"MYT1",-4.75,-4.57,-4.54,-0.0284,-0.0111,0.0394,-0.162,-0.117,-0.195,-0.265,-0.335,-0.292,-0.382,-0.42,-0.457,-0.567,-0.545,-0.642,-0.682,-0.658,-0.607,"RNA"
"STMN1",-1.83,-1.8,-1.82,-0.0617,0.0815,-0.0198,-0.239,-0.131,-0.125,-0.338,-0.189,-0.27,-0.543,-0.397,-0.483,-0.586,-0.528,-0.407,-0.781,-0.668,-0.742,"RNA"
"NUP93",0.808,0.779,0.838,0.0423,0.0372,-0.0794,0.639,0.642,0.724,0.842,0.95,0.841,0.91,0.952,0.803,1,0.939,0.927,1.01,0.818,0.827,"RNA"
"GRIA2",-4.53,-4.52,-4.51,-0.0151,-0.0613,0.0763,0.644,0.59,0.726,0.696,0.728,0.65,0.758,0.683,0.727,0.883,0.814,0.826,0.889,0.824,0.747,"RNA"
"SMARCAD1",-0.347,-0.434,-0.372,-0.0419,0.073,-0.0311,-0.156,-0.135,-0.0569,-0.301,-0.117,-0.258,-0.493,-0.38,-0.413,-0.615,-0.621,-0.464,-0.827,-0.784,-0.827,"RNA"
"MAGEE1",-1.27,-1.35,-1.25,0.0449,-0.035,-0.00988,0.61,0.659,0.524,0.843,0.669,0.836,1.01,0.811,0.916,1.04,0.864,0.958,0.898,0.916,1.04,"RNA"
"IQGAP2",3.54,3.54,3.55,-0.0513,-0.0483,0.0996,-0.408,-0.184,-0.171,-0.27,0.109,0.176,0.0927,0.496,0.512,0.497,0.791,0.915,0.631,0.993,0.963,"RNA"
"ACSS2",0.16,-0.0659,-0.0193,0.029,-0.0415,0.0125,0.203,0.195,0.175,0.338,0.42,0.445,0.662,0.726,0.604,0.587,0.702,0.619,0.706,0.764,0.812,"RNA"
"TMTC4",-1.67,-1.6,-1.52,-0.068,0.0486,0.0194,-0.378,-0.279,-0.256,-0.511,-0.337,-0.316,-0.53,-0.37,-0.325,-0.713,-0.528,-0.505,-0.709,-0.584,-0.542,"RNA"
"DLGAP5",4.2,4.05,4.13,-0.0604,-0.294,0.355,-0.872,-0.807,-0.795,-0.918,-0.881,-0.918,-0.932,-0.943,-0.943,-0.929,-0.943,-0.943,-0.943,-0.943,-0.912,"RNA"
"CELF2",-0.179,-0.235,-0.14,0.12,-0.0284,-0.0915,0.958,0.696,0.489,1.13,0.855,0.756,1.08,0.929,0.844,1.27,1.14,1,1.14,1.11,0.895,"RNA"
"HNRNPF",1.53,1.49,1.57,-0.0554,0.0405,0.0149,-0.267,-0.189,-0.168,-0.353,-0.221,-0.229,-0.416,-0.263,-0.286,-0.671,-0.47,-0.547,-0.721,-0.571,-0.603,"RNA"
"CNR1",-5.81,-5.61,-5.64,-0.0304,-0.0873,0.118,-0.171,-0.0884,-0.0362,-0.443,-0.299,-0.296,-0.571,-0.496,-0.518,-0.632,-0.668,-0.647,-0.731,-0.794,-0.705,"RNA"
"S100A13",-0.143,-0.154,-0.217,-0.0122,0.0474,-0.0351,-0.688,-0.709,-0.739,-1.11,-0.996,-0.969,-0.989,-1.06,-1.19,-0.973,-0.84,-0.854,-0.938,-0.697,-0.958,"RNA"
"ANKRD13A",-1.65,-1.64,-1.71,-0.0465,0.0847,-0.0382,-0.389,-0.295,-0.228,-0.469,-0.445,-0.494,-0.654,-0.601,-0.577,-0.688,-0.726,-0.613,-0.759,-0.735,-0.784,"RNA"
"SCN7A",-3.8,-3.75,-3.79,-0.0826,-0.157,0.24,0.831,0.932,1.18,1.15,1.43,1.35,1.11,1.4,1.34,1.1,1.23,1.41,1.11,1.28,1.38,"RNA"
"CAMK2G",-0.495,-0.524,-0.481,-0.119,0.0176,0.101,0.191,0.362,0.461,0.431,0.525,0.57,0.495,0.636,0.628,0.861,0.846,0.862,0.912,0.824,0.917,"RNA"
"CEMIP2",0.268,-0.0964,0.157,-0.104,-0.0496,0.154,-0.307,-0.221,-0.0468,-0.381,-0.154,0.0241,-0.345,-0.22,-0.144,-0.854,-0.732,-0.624,-1.07,-0.953,-0.86,"RNA"
"STX2",-1.22,-1.31,-1.21,-0.0113,-0.0207,0.0319,-0.317,-0.28,-0.246,-0.345,-0.411,-0.4,-0.562,-0.634,-0.726,-0.678,-0.859,-0.68,-0.826,-1.01,-0.914,"RNA"
"AMER2",-3.83,-3.37,-3.73,-0.126,0.0397,0.0868,0.494,0.538,0.682,0.679,0.749,0.843,0.874,0.895,1.02,0.588,0.657,0.841,0.665,0.838,0.837,"RNA"
"TMEM131L",0.218,0.0541,0.227,-0.0362,0.048,-0.0118,-0.0888,-0.116,-0.144,-0.201,-0.259,-0.213,-0.426,-0.492,-0.448,-0.61,-0.655,-0.664,-0.771,-0.859,-0.689,"RNA"
"NEFM",-4.91,-4.92,-4.84,0.0406,0.101,-0.142,-0.483,-0.263,-0.346,-0.766,-0.788,-0.687,-0.89,-1,-1.07,-0.78,-0.985,-1.08,-0.955,-1.18,-1.14,"RNA"
"PDE7A",0.467,0.274,0.418,0.0613,-0.0849,0.0237,-0.0645,-0.212,-0.201,-0.197,-0.293,-0.28,-0.333,-0.475,-0.443,-0.561,-0.657,-0.559,-0.641,-0.778,-0.845,"RNA"
"DNAJC6",-3.96,-4.14,-3.84,-0.0984,0.00123,0.0972,0.261,0.408,0.475,0.451,0.613,0.651,0.632,0.7,0.76,0.636,0.676,0.675,0.613,0.668,0.711,"RNA"
"SEMA3C",-6.08,-6.34,-6.46,-0.199,0.053,0.146,-0.508,-0.0862,0.0722,-0.967,-0.522,-0.521,-1.51,-1.09,-1.19,-1.05,-1.07,-0.955,-1.32,-1.53,-1.3,"RNA"
"GABARAPL1",-1.78,-1.73,-1.8,-0.111,0.13,-0.0188,-0.0447,0.174,0.207,0.108,0.284,0.278,0.223,0.449,0.424,0.35,0.62,0.687,0.501,0.748,0.698,"RNA"
"ZNF618",-0.68,-0.705,-0.652,0.159,-0.0604,-0.0983,0.146,-0.0046,-0.212,0.0291,-0.375,-0.294,-0.255,-0.653,-0.665,-0.345,-0.773,-0.874,-0.671,-0.962,-0.991,"RNA"
"UBE2C",3.84,3.6,3.73,-0.0339,-0.283,0.317,-0.846,-0.877,-0.831,-0.932,-0.869,-0.895,-0.947,-0.971,-0.957,-0.956,-0.959,-0.971,-0.971,-0.914,-0.955,"RNA"
"CPNE5",-0.524,-0.183,-0.553,0.0955,-0.186,0.0906,-0.0278,-0.116,-0.126,0.252,-0.00999,0.0783,0.732,0.455,0.46,0.971,0.855,0.732,1.1,1.19,1.3,"RNA"
"PTPRO",-3.6,-3.69,-3.59,-0.136,0.0242,0.111,0.224,0.349,0.444,0.506,0.759,0.65,0.601,0.875,0.738,0.551,0.788,0.743,0.58,0.736,0.662,"RNA"
"CHD4",-0.495,-0.561,-0.548,-0.0185,0.0351,-0.0166,-0.254,-0.184,-0.217,-0.368,-0.395,-0.337,-0.49,-0.484,-0.476,-0.483,-0.525,-0.517,-0.585,-0.593,-0.537,"RNA"
"CACNA2D3",-0.522,-0.419,-0.627,0.354,-0.11,-0.244,2,1.95,1.7,2.43,2.72,2.48,2.53,2.83,2.72,2.29,2.66,2.82,2.3,2.66,2.72,"RNA"
"ATP6AP2",-0.68,-0.708,-0.706,-0.0796,0.0684,0.0112,0.0799,0.221,0.325,0.223,0.509,0.473,0.378,0.61,0.557,0.471,0.672,0.783,0.546,0.776,0.734,"RNA"
"C2CD2",0.672,0.745,0.79,-0.199,-0.00497,0.204,0.402,0.546,0.496,0.586,0.827,0.886,1,0.995,0.925,1.08,1.13,1.14,1.2,1.19,1.18,"RNA"
"IGF2BP1",1.78,1.74,1.82,0.171,-0.214,0.0426,-0.292,-0.456,-0.489,-0.464,-0.641,-0.558,-0.388,-0.73,-0.65,-0.806,-0.945,-0.876,-0.949,-1.02,-0.976,"RNA"
"SEPTIN2",0.927,0.899,0.957,0.019,-0.073,0.054,-0.236,-0.334,-0.238,-0.392,-0.328,-0.408,-0.512,-0.512,-0.566,-0.575,-0.628,-0.684,-0.675,-0.722,-0.7,"RNA"
"DDX5",-0.416,-0.486,-0.443,-0.0278,0.139,-0.111,-0.153,-0.0879,-0.185,-0.305,-0.253,-0.325,-0.635,-0.487,-0.589,-0.673,-0.668,-0.571,-0.893,-0.769,-0.879,"RNA"
"RNF213",2.38,2.35,2.31,0.0944,-0.254,0.16,-0.052,-0.241,-0.344,0.152,0.115,0.265,0.594,0.551,0.526,0.711,0.708,0.633,1.03,1.09,1.2,"RNA"
"RBMX",0.896,0.727,0.921,-0.0577,0.0597,-0.00197,-0.116,-0.0814,-0.0481,-0.153,-0.0361,-0.124,-0.243,-0.161,-0.112,-0.489,-0.518,-0.409,-0.675,-0.641,-0.679,"RNA"
"ARRB1",-2.55,-2.42,-2.62,-0.0353,0.0503,-0.015,0.296,0.358,0.414,0.489,0.553,0.555,0.647,0.656,0.658,0.623,0.631,0.597,0.651,0.603,0.65,"RNA"
"NASP",1.87,1.83,1.88,0.0482,0.0509,-0.0991,0.184,-0.0312,-0.0745,-0.119,-0.301,-0.277,-0.451,-0.596,-0.692,-0.34,-0.608,-0.543,-0.632,-0.739,-0.866,"RNA"
"PRPS2",2.69,2.69,2.76,-0.0389,-0.0281,0.067,-0.106,0.0521,0.043,0.104,0.543,0.513,0.595,1.04,1.33,0.602,1.21,1.51,1.08,1.8,1.8,"RNA"
"PRKG1",-1.26,-1.28,-1.3,-0.0284,-0.0905,0.119,-0.243,-0.515,-0.255,-0.537,-0.8,-0.661,-0.761,-1.14,-1.02,-0.931,-1.29,-1.08,-0.989,-1.26,-1.29,"RNA"
"COL18A1",3.09,3.13,3.14,-0.0569,-0.194,0.25,0.65,0.582,0.752,1.09,0.976,1.14,1.66,1.23,1.48,1.77,1.57,1.42,1.76,1.57,1.54,"RNA"
"CKMT1A",-0.101,0.0219,-0.133,0.0175,-0.0282,0.0107,0.244,0.194,0.247,0.365,0.5,0.511,0.572,0.776,0.746,0.765,0.831,0.893,0.914,0.85,0.945,"RNA"
"SLC25A24",-0.448,-0.466,-0.434,-0.0693,0.0291,0.0402,-0.427,-0.393,-0.307,-0.561,-0.364,-0.405,-0.546,-0.443,-0.535,-0.715,-0.627,-0.61,-0.802,-0.754,-0.724,"RNA"
"SH3KBP1",-1.5,-1.49,-1.41,-0.268,0.134,0.134,-0.114,0.198,0.255,-0.00303,0.312,0.352,0.278,0.54,0.561,0.434,0.681,0.736,0.603,0.726,0.781,"RNA"
"CD9",3.65,3.62,3.58,-0.229,-0.104,0.334,-0.622,-0.488,-0.466,-0.56,-0.465,-0.536,-0.259,-0.231,-0.255,0.0849,0.36,0.176,0.701,0.871,1.04,"RNA"
"MID1",1.3,1.28,1.44,0.0166,-0.0595,0.0429,-0.853,-0.799,-0.832,-1.07,-0.825,-0.739,-1.07,-0.858,-0.835,-1.03,-0.911,-1.02,-1.06,-0.816,-0.926,"RNA"
"TRIM67",-2.74,-2.81,-2.87,0.015,-0.0828,0.0678,0.532,0.658,0.535,0.818,0.703,0.84,1.17,0.926,1.01,1.05,1.02,0.886,1.14,1,1.22,"RNA"
"DLG1",0.779,0.798,0.888,0.0371,-0.0772,0.0401,0.0309,-0.0812,0.0373,0.342,0.42,0.283,0.629,0.751,0.505,0.701,0.843,0.876,0.78,0.825,0.717,"RNA"
"DGKA",0.0734,0.0962,0.117,0.073,-0.115,0.042,0.47,0.426,0.258,0.68,0.591,0.619,0.908,0.845,0.881,0.925,0.886,0.734,1.03,0.898,0.942,"RNA"
"MAPK8",-2.14,-2.22,-2.2,-0.0954,0.0823,0.0131,-0.259,-0.204,-0.142,-0.467,-0.29,-0.394,-0.644,-0.498,-0.515,-0.619,-0.51,-0.413,-0.685,-0.559,-0.543,"RNA"
"PLCL1",-5.1,-5.13,-5.09,0.0237,-0.0527,0.0289,-0.278,-0.172,-0.125,-0.58,-0.391,-0.429,-0.747,-0.625,-0.717,-0.656,-0.523,-0.45,-0.671,-0.619,-0.55,"RNA"
"PCDHA6",-1.6,-1.75,-1.58,-0.0933,0.0548,0.0384,0.157,0.29,0.409,0.354,0.512,0.623,0.487,0.627,0.687,0.54,0.683,0.753,0.526,0.643,0.72,"RNA"
"ELAVL4",-5.45,-5.49,-5.35,-0.03,0.0742,-0.0442,-0.19,-0.1,-0.0969,-0.407,-0.225,-0.405,-0.631,-0.552,-0.637,-0.577,-0.631,-0.581,-0.69,-0.726,-0.726,"RNA"
"STAT5A",-0.398,-0.284,-0.407,-0.235,0.184,0.051,0.293,0.253,0.472,0.684,0.523,0.634,0.831,0.798,1,1.07,1.07,1.16,1.19,1.43,1.41,"RNA"
"NPR2",-1.52,-1.55,-1.48,0.146,-0.115,-0.0303,-0.324,-0.505,-0.69,-0.585,-0.825,-0.848,-0.751,-0.974,-1.17,-0.74,-0.92,-1.09,-0.938,-1.02,-0.913,"RNA"
"HNRNPAB",1.38,1.36,1.36,-0.0954,0.161,-0.0657,-0.138,0.00718,-0.0761,-0.241,-0.239,-0.252,-0.462,-0.346,-0.417,-0.67,-0.598,-0.571,-0.831,-0.792,-0.876,"RNA"
"GLO1",1.18,1.19,1.16,-0.0877,0.114,-0.0258,-0.0787,0.158,0.186,0.22,0.544,0.466,0.381,0.72,0.609,0.406,0.666,0.729,0.546,0.778,0.749,"RNA"
"PAK2",-0.756,-0.95,-0.797,0.0636,0.0174,-0.081,-0.138,-0.139,-0.168,-0.257,-0.294,-0.283,-0.34,-0.347,-0.382,-0.501,-0.533,-0.532,-0.574,-0.625,-0.633,"RNA"
"VAMP1",-1.03,-0.822,-0.881,-0.093,0.0513,0.0417,0.0364,0.28,0.337,0.356,0.438,0.579,0.58,0.623,0.727,0.658,0.852,0.801,0.854,0.813,0.941,"RNA"
"ASF1A",-0.242,-0.467,-0.307,-0.186,0.0559,0.13,-0.336,-0.153,0.00918,-0.373,-0.126,-0.215,-0.58,-0.487,-0.455,-0.854,-0.685,-0.568,-0.91,-0.796,-0.764,"RNA"
"CYTH2",-0.342,-0.514,-0.339,0.0483,0.0475,-0.0959,0.0713,-0.109,-0.163,-0.0342,-0.259,-0.226,-0.196,-0.378,-0.407,-0.376,-0.55,-0.621,-0.606,-0.773,-0.895,"RNA"
"HNRNPK",0.564,0.532,0.573,-0.0744,0.0976,-0.0232,-0.169,-0.0515,-0.00423,-0.207,-0.0811,-0.127,-0.295,-0.207,-0.224,-0.539,-0.43,-0.39,-0.682,-0.532,-0.596,"RNA"
"HPCAL1",-1.6,-1.58,-1.58,-0.262,0.0392,0.223,0.434,0.782,0.804,0.922,1.01,1.18,1.38,1.3,1.51,1.28,1.39,1.06,1.42,1.49,1.57,"RNA"
"LRRTM1",-2.17,-1.75,-2.27,-0.273,0.155,0.119,0.569,0.731,0.751,0.957,1.05,1.12,1.21,1.11,1.22,0.689,0.892,0.836,0.739,0.965,0.908,"RNA"
"ARID3B",0.197,0.0354,0.203,0.0508,-0.0742,0.0234,-0.141,-0.0896,-0.291,-0.327,-0.613,-0.509,-0.349,-0.746,-0.65,-0.68,-1.02,-1.17,-0.949,-1.21,-1.13,"RNA"
"PRDM14",1.69,1.35,1.62,-0.236,0.0519,0.184,-1.21,-0.856,-0.673,-1.41,-1.3,-1.02,-1.54,-1.57,-1.17,-1.47,-1.34,-1.07,-1.52,-1.54,-1.29,"RNA"
"ABLIM3",-2.98,-2.93,-3.05,-0.0335,-0.079,0.112,0.536,0.708,0.625,0.869,0.784,0.996,1.08,0.907,1.04,1.17,1.04,1.01,1.18,1.01,1.15,"RNA"
"MCRIP2",1.12,1.04,1.01,-0.0101,-0.0762,0.0863,0.371,0.478,0.42,0.67,0.605,0.495,0.888,0.769,0.79,0.918,1.04,0.89,1.12,1.06,0.95,"RNA"
"VPS13D",-0.0355,-0.179,-0.152,0.0937,-0.0684,-0.0254,0.256,0.214,0.181,0.358,0.312,0.279,0.452,0.375,0.381,0.539,0.482,0.486,0.692,0.544,0.594,"RNA"
"MYO10",2.34,2.17,2.34,0.0949,-0.0582,-0.0367,-0.43,-0.676,-0.788,-0.653,-0.938,-1.16,-0.751,-1.09,-1.31,-1.19,-1.33,-1.52,-1.54,-1.36,-1.6,"RNA"
"BDH1",0.633,0.684,0.718,-0.0256,0.0282,-0.00264,0.307,0.235,0.108,0.611,0.523,0.522,0.863,0.702,0.85,0.787,0.773,0.83,0.9,0.79,0.765,"RNA"
"IGSF8",0.781,0.646,0.687,-0.061,-0.0358,0.0969,0.00362,0.0828,0.129,0.25,0.21,0.233,0.498,0.492,0.477,0.695,0.819,0.507,0.882,0.917,0.84,"RNA"
"PAK5",-2.82,-2.79,-2.66,0.0557,-0.0542,-0.00147,0.582,0.539,0.505,0.755,0.726,0.716,0.69,0.745,0.78,0.623,0.71,0.768,0.538,0.627,0.664,"RNA"
"RRM2",4.26,4.08,4.17,-0.0574,-0.368,0.426,-1.16,-1.01,-0.948,-1.16,-1.18,-1.17,-1.23,-1.16,-1.13,-1.21,-1.2,-1.16,-1.19,-1.23,-1.2,"RNA"
"DOCK7",-1.2,-1.29,-1.27,0.00927,0.0421,-0.0514,-0.123,-0.101,-0.115,-0.231,-0.165,-0.212,-0.323,-0.354,-0.378,-0.454,-0.512,-0.48,-0.618,-0.631,-0.568,"RNA"
"BUB1",4.42,4.31,4.41,-0.127,-0.0966,0.224,-0.805,-0.666,-0.701,-0.919,-0.878,-0.831,-0.89,-0.904,-0.748,-0.954,-0.958,-0.866,-0.972,-0.94,-0.959,"RNA"
"AK4",2.4,2.4,2.32,-0.256,0.0465,0.21,0.508,0.802,0.839,0.777,1.01,0.953,0.67,0.989,1.02,0.633,0.863,0.999,0.729,0.934,1,"RNA"
"FHL2",2.75,2.76,2.81,0.0904,-0.133,0.0421,0.165,0.373,0.0818,0.66,0.858,0.926,1.27,1.42,1.41,0.857,0.924,0.822,0.804,1.08,1.14,"RNA"
"SEMA3E",-3.17,-3.26,-3.35,0.0399,-0.016,-0.024,-0.0581,-0.00159,0.0173,0.106,0.443,0.398,0.77,1.06,1.08,0.708,1.32,1.52,0.937,1.62,1.44,"RNA"
"SSBP3",-0.405,-0.457,-0.363,-0.0109,0.0107,0.000172,-0.15,-0.124,-0.271,-0.361,-0.484,-0.453,-0.604,-0.802,-0.876,-0.534,-0.78,-0.928,-0.79,-0.959,-0.862,"RNA"
"KNTC1",1.71,1.67,1.71,-0.00721,-0.0287,0.0359,-0.382,-0.457,-0.306,-0.577,-0.489,-0.556,-0.614,-0.602,-0.616,-0.828,-0.851,-0.725,-0.854,-0.825,-0.747,"RNA"
"VAT1L",-0.939,-0.912,-0.859,-0.229,0.0931,0.135,-0.374,0.085,0.0969,-0.047,0.327,0.391,0.524,0.731,0.759,0.145,0.512,0.391,0.321,0.539,0.562,"RNA"
"ITSN2",0.0846,-0.0911,0.0185,-0.0513,0.0216,0.0297,0.502,0.375,0.359,0.639,0.669,0.608,0.799,0.803,0.795,0.773,0.776,0.963,0.826,0.864,0.876,"RNA"
"ACSL3",0.199,0.222,0.206,-0.0649,-0.0153,0.0802,0.166,0.272,0.386,0.32,0.644,0.638,0.604,0.737,0.767,0.532,0.763,0.924,0.633,0.872,0.991,"RNA"
"HDAC2",-0.067,-0.0983,-0.0517,-0.0512,0.00494,0.0462,-0.187,-0.114,-0.0503,-0.358,-0.0705,-0.11,-0.441,-0.299,-0.352,-0.602,-0.469,-0.416,-0.724,-0.609,-0.579,"RNA"
"DTL",3.65,3.53,3.63,-0.0861,-0.151,0.237,-0.872,-0.879,-0.752,-0.844,-0.864,-0.873,-0.931,-0.837,-0.897,-0.974,-0.969,-0.959,-1.03,-0.974,-0.91,"RNA"
"CSDE1",-0.188,-0.241,-0.195,-0.0685,0.123,-0.0546,-0.18,-0.0706,-0.0537,-0.321,-0.119,-0.224,-0.466,-0.338,-0.368,-0.637,-0.551,-0.412,-0.8,-0.668,-0.644,"RNA"
"GOLM1",-0.204,-0.197,-0.217,-0.131,0.0528,0.078,-0.03,0.167,0.189,0.208,0.535,0.578,0.391,0.764,0.666,0.29,0.573,0.675,0.328,0.695,0.649,"RNA"
"NAPB",-2.86,-3.02,-3.08,-0.0587,0.063,-0.00431,0.0536,0.131,0.19,0.15,0.319,0.31,0.214,0.39,0.38,0.372,0.529,0.6,0.479,0.619,0.592,"RNA"
"HNRNPA1",1.21,1.14,1.18,-0.0169,0.0859,-0.069,-0.206,-0.121,-0.145,-0.24,-0.15,-0.119,-0.331,-0.268,-0.227,-0.702,-0.511,-0.549,-0.844,-0.562,-0.65,"RNA"
"CYP4X1",-1.39,-1.3,-1.49,-0.0577,0.0185,0.0391,0.206,0.288,0.296,0.321,0.496,0.454,0.528,0.626,0.587,0.614,0.707,0.688,0.673,0.783,0.755,"RNA"
"KIRREL2",-2.5,-2.35,-2.47,0.0759,-0.21,0.134,-0.617,-0.833,-0.806,-1.08,-1.17,-1.13,-1.19,-1.21,-1.24,-1.02,-0.826,-1.09,-0.847,-0.623,-0.602,"RNA"
"PYGM",0.285,0.314,0.398,-0.0371,-0.0214,0.0585,-0.893,-0.874,-0.843,-1.26,-1.13,-1.01,-1.26,-1.16,-1.3,-0.572,-0.638,-0.865,-0.316,-0.375,-0.466,"RNA"
"SENP1",0.164,0.0693,0.137,-0.0171,0.0257,-0.00869,-0.123,-0.111,-0.0659,-0.272,-0.193,-0.254,-0.459,-0.501,-0.456,-0.559,-0.552,-0.485,-0.733,-0.686,-0.647,"RNA"
"GALE",-0.7,-0.655,-0.754,-0.0873,0.00135,0.0859,0.109,0.208,0.215,0.276,0.304,0.377,0.533,0.584,0.69,0.502,0.617,0.564,0.726,0.77,0.721,"RNA"
"TP53BP2",0.595,0.302,0.571,0.0216,0.00115,-0.0228,-0.269,-0.235,-0.208,-0.322,-0.239,-0.298,-0.399,-0.368,-0.308,-0.726,-0.636,-0.598,-0.887,-0.827,-0.69,"RNA"
"GRM2",-2.34,-2.32,-2.36,0.0669,-0.00675,-0.0602,-0.708,-0.785,-0.949,-0.788,-1.16,-1.3,-0.653,-1.04,-0.87,-0.97,-0.962,-1.14,-0.995,-0.992,-1.18,"RNA"
"ACAA2",1.55,1.54,1.55,-0.0734,-0.102,0.176,-0.754,-0.678,-0.689,-0.937,-0.718,-0.768,-0.919,-0.691,-0.703,-1.01,-0.808,-0.972,-0.928,-0.719,-0.722,"RNA"
"ODC1",-0.136,0.111,-0.111,-0.115,0.127,-0.0116,-0.358,-0.166,-0.213,-0.513,-0.388,-0.383,-0.562,-0.498,-0.45,-0.926,-0.594,-0.512,-0.983,-0.7,-0.675,"RNA"
"GPC2",-3.02,-3,-3.02,-0.116,0.0694,0.0468,-0.205,-0.0291,-0.0554,-0.247,-0.315,-0.262,-0.398,-0.453,-0.555,-0.655,-0.554,-0.735,-0.875,-0.808,-0.939,"RNA"
"OPTN",-2.94,-2.9,-2.87,-0.0922,0.0642,0.028,-0.0597,0.0684,0.0405,0.00231,0.224,0.2,0.2,0.355,0.34,0.256,0.427,0.476,0.397,0.532,0.568,"RNA"
"TMEM176B",-2.99,-3.06,-3.12,-0.335,-0.00685,0.342,-0.0565,0.255,0.437,0.238,0.444,0.574,0.528,0.687,0.917,0.676,1.03,1.05,0.904,1.22,1.25,"RNA"
"CNN3",0.412,0.367,0.463,-0.0427,0.00797,0.0347,-0.247,-0.187,-0.0859,-0.355,-0.141,-0.175,-0.504,-0.361,-0.459,-0.593,-0.439,-0.429,-0.759,-0.596,-0.562,"RNA"
"STXBP5",-1.43,-1.57,-1.41,-0.0516,0.00608,0.0455,0.483,0.424,0.671,0.727,0.64,0.612,0.81,0.8,0.842,1.03,0.869,0.911,0.981,1.04,0.864,"RNA"
"MSI2",-0.0549,0.0144,-0.0118,0.0587,0.0528,-0.111,-0.248,-0.289,-0.491,-0.425,-0.468,-0.63,-0.641,-0.787,-0.903,-0.7,-0.839,-0.813,-0.701,-0.979,-0.972,"RNA"
"DCK",-0.236,-0.343,-0.291,-0.0566,0.0352,0.0214,0.251,0.346,0.402,0.314,0.555,0.539,0.492,0.633,0.673,0.506,0.683,0.793,0.555,0.798,0.772,"RNA"
"PTPRG",-0.527,-0.543,-0.49,0.0853,0.00376,-0.089,0.0544,0.0365,-0.0967,-0.171,-0.225,-0.24,-0.436,-0.458,-0.5,-0.319,-0.499,-0.394,-0.57,-0.594,-0.586,"RNA"
"FAM8A1",-1.4,-1.43,-1.42,-0.0651,0.0233,0.0418,0.178,0.212,0.277,0.272,0.398,0.454,0.412,0.535,0.546,0.441,0.574,0.645,0.512,0.599,0.604,"RNA"
"CLDN6",2.98,2.87,2.95,-0.142,-0.0374,0.179,0.378,0.563,0.552,0.511,0.633,0.705,0.967,1.01,1.06,1.03,1.07,0.953,1.16,0.982,1.02,"RNA"
"GPM6B",-0.807,-0.875,-0.815,-0.0559,0.0525,0.00343,-0.453,-0.415,-0.297,-0.599,-0.471,-0.566,-0.66,-0.556,-0.541,-0.643,-0.531,-0.447,-0.66,-0.531,-0.487,"RNA"
"ABCB1",-0.642,-0.835,-0.817,-0.441,0.0848,0.356,-0.565,-0.131,-0.0805,-0.142,0.693,0.853,0.74,1.25,1.36,0.273,0.689,0.917,0.576,1.02,1.13,"RNA"
"LRP1B",-3.96,-4.09,-3.98,-0.245,0.0518,0.193,0.668,0.884,1.1,0.922,1.16,1.31,0.779,1.1,1.21,0.733,1.01,1.33,0.621,0.927,0.987,"RNA"
"TMEM169",-3.8,-3.55,-3.49,-0.116,0.0901,0.0263,-0.382,-0.231,-0.175,-0.432,-0.27,-0.332,-0.571,-0.391,-0.474,-0.616,-0.514,-0.44,-0.721,-0.663,-0.637,"RNA"
"KDM1A",0.0707,0.0356,0.0661,-0.0344,0.0352,-0.000811,-0.22,-0.159,-0.122,-0.32,-0.24,-0.282,-0.414,-0.36,-0.376,-0.52,-0.424,-0.407,-0.61,-0.498,-0.477,"RNA"
"ADPRHL1",-2.08,-2.06,-2.1,0.0472,-0.0845,0.0373,-0.573,-0.888,-0.788,-0.751,-1.19,-0.924,-0.849,-1.08,-0.972,-0.683,-0.956,-0.861,-0.734,-0.904,-0.887,"RNA"
"GJA1",6.1,5.88,6.1,-0.0383,-0.153,0.191,-0.631,-0.605,-0.571,-0.669,-0.663,-0.692,-0.687,-0.704,-0.756,-0.756,-0.734,-0.756,-0.756,-0.727,-0.756,"RNA"
"RANGAP1",0.7,0.55,0.661,-0.0674,-0.00622,0.0736,-0.0333,0.105,0.0836,0.126,0.162,0.241,0.449,0.483,0.615,0.374,0.533,0.377,0.523,0.596,0.639,"RNA"
"SLC25A12",-0.904,-0.957,-0.856,0.0403,-0.136,0.0961,0.328,0.348,0.36,0.457,0.657,0.621,0.591,0.707,0.671,0.689,0.801,0.799,0.729,0.811,0.806,"RNA"
"NONO",0.634,0.6,0.649,-0.036,0.0176,0.0183,-0.194,-0.106,-0.151,-0.271,-0.227,-0.235,-0.37,-0.3,-0.294,-0.504,-0.365,-0.457,-0.601,-0.496,-0.522,"RNA"
"SHPRH",0.241,0.0426,0.174,0.0723,-0.0433,-0.029,-0.0881,-0.232,-0.166,-0.223,-0.313,-0.373,-0.423,-0.505,-0.519,-0.471,-0.547,-0.503,-0.512,-0.686,-0.622,"RNA"
"SEMA4F",-1.94,-1.96,-2.08,-0.0642,0.0194,0.0448,0.248,0.411,0.423,0.535,0.596,0.708,0.706,0.745,0.71,0.627,0.651,0.64,0.64,0.578,0.66,"RNA"
"TUB",-0.182,-0.16,-0.109,-0.0802,-0.0184,0.0985,0.423,0.391,0.374,0.513,0.365,0.385,0.56,0.457,0.472,0.759,0.746,0.62,0.809,0.839,0.795,"RNA"
"HOOK1",1.04,0.921,0.943,-0.141,0.0412,0.0998,0.725,0.501,0.707,0.922,1,0.943,0.788,0.92,0.904,0.815,0.96,0.924,0.816,0.986,0.965,"RNA"
"ZNF93",1.06,0.843,1.12,-0.00841,-0.0119,0.0203,-0.236,-0.166,-0.166,-0.455,-0.131,-0.296,-0.596,-0.472,-0.548,-0.845,-0.822,-1.09,-1.07,-0.992,-0.943,"RNA"
"ATP13A2",-0.59,-0.679,-0.59,-0.0165,-0.0333,0.0498,0.144,0.288,0.181,0.473,0.368,0.497,0.777,0.614,0.742,0.75,0.731,0.538,0.859,0.79,0.951,"RNA"
"EIF4EBP1",1.19,1.11,1.27,-0.127,0.0684,0.0586,-0.676,-0.521,-0.576,-0.767,-0.885,-0.839,-0.951,-0.899,-0.729,-1.23,-1.05,-1.48,-1.2,-1.1,-1.03,"RNA"
"SERPINB3",0.0528,0.111,0.134,0,0,0,0.0147,0,0.0106,0.338,0.212,0.573,0.725,1.27,1.49,0.0566,0.0541,0.167,0.0917,0.257,0.0909,"RNA"
"DGLUCY",-0.399,-0.421,-0.356,-0.0548,0.0148,0.0399,0.0704,0.194,0.142,0.175,0.316,0.395,0.296,0.535,0.65,0.366,0.681,0.686,0.568,0.883,0.849,"RNA"
"FAM234B",-0.914,-1,-0.925,-0.0564,0.0676,-0.0111,0.155,0.264,0.289,0.294,0.444,0.442,0.326,0.477,0.475,0.392,0.57,0.549,0.484,0.602,0.629,"RNA"
"AIF1L",3.58,3.55,3.65,-0.183,-0.156,0.339,-1.28,-1.09,-0.757,-1.5,-1.53,-1.34,-1.54,-1.63,-1.53,-1.58,-1.56,-1.79,-1.6,-1.42,-1.31,"RNA"
"DNASE2",2.43,2.39,2.46,-0.0325,-0.00241,0.0349,0.00335,-0.0047,-0.136,-0.0225,-0.12,-0.00999,0.123,0.302,0.148,0.652,0.633,0.492,1,0.992,0.806,"RNA"
"PIP4P2",-1.35,-1.44,-1.31,-0.0821,0.0472,0.0349,-0.213,-0.144,-0.038,-0.387,-0.27,-0.272,-0.558,-0.435,-0.45,-0.623,-0.554,-0.359,-0.745,-0.637,-0.625,"RNA"
"RALGAPA1",-0.858,-0.987,-0.982,-0.0316,0.0181,0.0135,0.192,0.207,0.21,0.292,0.441,0.382,0.491,0.55,0.567,0.415,0.523,0.577,0.514,0.557,0.645,"RNA"
"KCTD16",-4.86,-4.94,-4.89,0.109,-0.0232,-0.0853,0.295,0.206,0.118,0.0589,0.151,-0.0832,-0.434,-0.375,-0.595,-0.631,-0.5,-0.426,-0.74,-0.673,-0.685,"RNA"
"HSDL2",0.932,0.855,0.915,0.102,-0.156,0.054,0.174,0.15,0.183,0.346,0.571,0.583,0.637,0.752,0.798,0.757,0.892,1.04,0.896,1.11,1.13,"RNA"
"XRN2",0.62,0.58,0.634,-0.00259,-0.025,0.0276,-0.135,-0.12,-0.0782,-0.276,-0.0802,-0.133,-0.367,-0.23,-0.308,-0.554,-0.445,-0.41,-0.689,-0.605,-0.574,"RNA"
"CCDC88C",0.0646,0.0195,0.14,0.0373,-0.056,0.0187,-0.0637,-0.144,-0.368,-0.291,-0.508,-0.55,-0.49,-0.751,-0.811,-0.534,-0.788,-0.954,-0.759,-1.02,-0.903,"RNA"
"LAMA1",1.61,1.57,1.57,-0.0807,-0.0776,0.158,-0.199,-0.245,-0.284,-0.451,-0.521,-0.513,-0.628,-0.894,-0.796,-0.804,-0.933,-0.899,-1.01,-1.02,-0.851,"RNA"
"MSI1",-0.151,-0.0181,-0.0215,0.15,-0.111,-0.0397,-0.217,-0.279,-0.522,-0.392,-1.05,-0.788,-0.691,-1.22,-1.11,-0.789,-1.15,-1.36,-1.06,-1.31,-1.21,"RNA"
"FRRS1L",-3.06,-2.99,-2.98,-0.104,-0.0631,0.167,0.445,0.466,0.574,0.504,0.643,0.665,0.538,0.645,0.612,0.745,0.776,0.905,0.765,0.8,0.815,"RNA"
"ANXA5",1.37,1.29,1.4,-0.152,-0.0906,0.243,-0.538,-0.454,-0.334,-0.768,-0.535,-0.559,-1.01,-0.757,-0.873,-0.97,-0.833,-0.672,-1.06,-0.9,-0.997,"RNA"
"VIM",0.806,0.848,1.15,0.0929,-0.0559,-0.037,-0.108,-0.171,-0.45,-0.236,-0.287,-0.38,-0.212,-0.511,-0.666,-0.719,-0.949,-1.2,-0.902,-1.26,-1.15,"RNA"
"ASS1",0.904,0.833,1.22,-0.169,0.0215,0.148,-1.25,-0.886,-1.07,-0.554,-0.332,-0.713,0.448,0.346,-0.0577,0.633,0.748,0.272,0.969,1.01,0.823,"RNA"
"SCP2",-0.109,-0.113,-0.0973,-0.0978,0.0642,0.0336,0.097,0.184,0.224,0.258,0.472,0.418,0.369,0.605,0.669,0.428,0.65,0.636,0.593,0.734,0.654,"RNA"
"EBF3",-5.89,-5.8,-5.89,-0.0593,0.0786,-0.0192,-0.238,-0.348,-0.366,-0.501,-0.706,-0.719,-0.763,-0.988,-1.04,-0.495,-0.833,-0.963,-0.694,-0.915,-0.986,"RNA"
"NBEA",-1.4,-1.38,-1.33,0.0526,0.0339,-0.0864,0.152,0.123,0.0837,0.189,0.249,0.212,0.454,0.503,0.555,0.554,0.715,0.937,0.698,0.956,0.923,"RNA"
"PRPH",-6.09,-6.09,-6.19,-0.112,0.0794,0.033,0.0326,0.201,0.164,0.401,0.392,0.531,0.462,0.64,0.683,0.413,0.761,0.713,0.463,0.872,0.811,"RNA"
"PRKAR1A",-1.01,-1.1,-1.03,-0.118,0.107,0.0104,-0.117,0.0152,0.0551,0.0371,0.289,0.228,0.291,0.46,0.446,0.266,0.46,0.455,0.357,0.51,0.473,"RNA"
"SPIRE1",-1,-1.07,-0.845,-0.0718,0.0342,0.0376,0.102,0.191,0.24,0.251,0.356,0.318,0.295,0.438,0.501,0.413,0.546,0.557,0.526,0.591,0.614,"RNA"
"SUSD2",-1.7,-1.64,-1.76,-0.0119,-0.248,0.26,-1.1,-1.37,-1.32,-1.37,-1.69,-1.74,-1.41,-1.85,-2.05,-1.18,-1.66,-2.05,-1.14,-1.89,-1.88,"RNA"
"BCAM",1.66,1.69,1.74,-0.076,-0.16,0.236,0.375,0.416,0.463,0.873,0.477,0.87,1.32,0.845,1.34,1.57,1.45,1.37,1.68,1.71,1.92,"RNA"
"TEAD4",3.13,3.12,3.23,-0.0349,-0.0972,0.132,-0.21,0.0981,0.0835,0.552,0.748,0.963,1.37,1.36,1.83,-0.0629,0.278,0.522,0.0577,0.656,0.672,"RNA"
"GID8",0.32,0.275,0.282,-0.0378,0.0613,-0.0234,-0.181,-0.071,-0.079,-0.252,-0.208,-0.24,-0.414,-0.328,-0.38,-0.508,-0.469,-0.541,-0.611,-0.599,-0.58,"RNA"
"CELSR3",-0.938,-1,-1.04,0.135,-0.0929,-0.0419,0.0161,-0.133,-0.327,-0.111,-0.524,-0.456,-0.268,-0.664,-0.671,-0.42,-0.776,-0.937,-0.625,-0.864,-0.844,"RNA"
"AFAP1",-2.48,-2.65,-2.47,0.14,-0.0522,-0.0881,-0.0994,-0.153,-0.312,-0.253,-0.404,-0.434,-0.373,-0.662,-0.69,-0.39,-0.674,-0.8,-0.617,-0.869,-0.751,"RNA"
"SYAP1",-0.0299,-0.0102,-0.0288,-0.0522,0.0626,-0.0104,0.0636,0.128,0.236,0.196,0.408,0.362,0.393,0.568,0.61,0.441,0.547,0.589,0.519,0.658,0.622,"RNA"
"DNPEP",1.48,1.5,1.47,0.0242,-0.0106,-0.0136,0.0965,0.181,0.0775,0.258,0.293,0.33,0.488,0.529,0.497,0.606,0.578,0.519,0.737,0.765,0.732,"RNA"
"CBLB",-1.19,-1.4,-1.11,0.0124,-0.0258,0.0134,-0.284,-0.417,-0.321,-0.296,-0.364,-0.192,-0.21,-0.324,-0.0143,-0.781,-0.916,-1.03,-0.878,-0.991,-0.941,"RNA"
"PSME1",0.635,0.614,0.586,-0.0795,0.0664,0.0131,-0.227,-0.0581,-0.0931,-0.051,0.0466,0.0225,0.0377,0.218,0.105,0.25,0.433,0.48,0.459,0.587,0.674,"RNA"
"PAG1",-3.25,-3.55,-3.37,-0.109,-0.0215,0.131,0.503,0.47,0.499,0.556,0.562,0.477,0.557,0.597,0.553,0.748,0.777,0.753,0.893,0.859,0.759,"RNA"
"SEC61A2",-0.702,-0.623,-0.692,-0.0058,-0.00524,0.011,0.253,0.294,0.295,0.374,0.48,0.379,0.676,0.649,0.663,0.564,0.589,0.583,0.682,0.604,0.606,"RNA"
"CA14",3.05,2.98,3.08,0.0377,-0.0842,0.0465,-0.391,-0.433,-0.499,-0.641,-0.687,-0.808,-0.739,-0.795,-0.781,-0.765,-0.786,-0.808,-0.808,-0.779,-0.808,"RNA"
"SULF2",-2.32,-2.41,-2.3,-0.0314,0.0272,0.00419,-0.329,-0.322,-0.423,-0.511,-0.618,-0.609,-0.592,-0.736,-0.659,-0.601,-0.665,-0.885,-0.63,-0.691,-0.643,"RNA"
"IVNS1ABP",0.551,0.437,0.525,-0.0398,0.137,-0.0971,-0.00185,0.00646,-0.00233,-0.214,-0.0867,-0.276,-0.451,-0.289,-0.334,-0.639,-0.637,-0.618,-0.763,-0.836,-0.948,"RNA"
"TGIF1",3.88,3.35,3.87,0.0134,-0.0296,0.0163,-0.917,-0.909,-0.88,-1.04,-1.02,-0.919,-0.846,-0.629,-0.341,-1.08,-1.07,-1.05,-1.02,-0.918,-0.967,"RNA"
"NCBP3",-0.183,-0.309,-0.237,0.0544,0.0387,-0.0931,0.0256,-0.0811,-0.121,-0.0865,-0.221,-0.248,-0.253,-0.383,-0.445,-0.336,-0.538,-0.475,-0.512,-0.649,-0.66,"RNA"
"PHC2",-2.1,-2,-2.12,0.059,0.0336,-0.0926,-0.00646,-0.0555,-0.241,-0.114,-0.454,-0.332,-0.352,-0.68,-0.599,-0.497,-0.746,-0.883,-0.74,-0.823,-0.902,"RNA"
"TMX4",-2.19,-2.11,-2.23,-0.101,0.185,-0.0843,0.532,0.758,0.7,0.785,1.04,0.832,0.706,1.13,0.877,0.881,1.19,1.28,0.93,1.31,1.14,"RNA"
"MADD",-1.11,-1.27,-1.14,0.0413,0.00279,-0.0441,0.249,0.272,0.198,0.309,0.228,0.325,0.423,0.363,0.46,0.543,0.559,0.522,0.586,0.6,0.692,"RNA"
"DCLK2",-3.96,-3.8,-3.99,0.0717,-0.0102,-0.0615,0.458,0.367,0.201,0.636,0.534,0.599,0.826,0.671,0.671,0.586,0.616,0.571,0.627,0.664,0.651,"RNA"
"ARSF",-2.47,-2.49,-2.49,-0.465,0.102,0.362,-1.28,-0.624,-0.629,-1.5,-1.3,-1.36,-1.87,-1.63,-1.81,-1.38,-1.33,-1.62,-1.54,-1.48,-1.65,"RNA"
"QPRT",0.485,0.378,0.448,-0.146,0.0838,0.0627,-0.796,-0.442,-0.446,-1.01,-0.842,-0.787,-1.08,-0.852,-0.945,-0.744,-0.598,-0.826,-0.692,-0.662,-0.726,"RNA"
"GSN",0.296,0.452,0.346,-0.252,0.0296,0.223,-0.285,0.0943,0.0072,0.11,0.263,0.395,0.376,0.507,0.556,0.429,0.749,0.578,0.606,0.878,0.942,"RNA"
"CAMKK2",-1.04,-1.08,-1.09,-0.0498,0.0262,0.0236,-0.163,0.0184,-0.0519,-0.297,-0.197,-0.212,-0.392,-0.359,-0.369,-0.472,-0.506,-0.556,-0.649,-0.752,-0.657,"RNA"
"PTPRN2",-2.6,-2.61,-2.51,0.0239,-0.0312,0.00731,0.214,0.31,0.232,0.363,0.292,0.395,0.618,0.479,0.532,0.792,0.653,0.512,0.798,0.715,0.776,"RNA"
"TJP1",0.956,0.84,0.941,-0.113,0.0599,0.0533,-0.407,-0.314,-0.375,-0.513,-0.412,-0.367,-0.491,-0.558,-0.483,-0.678,-0.738,-0.676,-0.792,-0.772,-0.664,"RNA"
"APBB1",-2.3,-2.26,-2.23,-0.0915,0.0681,0.0234,0.0586,0.203,0.211,0.277,0.33,0.323,0.466,0.51,0.554,0.363,0.543,0.423,0.458,0.554,0.568,"RNA"
"ARID3A",-0.552,-0.479,-0.51,0.0108,-0.144,0.133,-0.34,-0.373,-0.326,-0.467,-0.648,-0.552,-0.564,-0.77,-0.716,-0.821,-0.924,-1.26,-0.982,-1.1,-1.02,"RNA"
"NDC80",3.23,2.93,3.08,-0.0249,-0.0745,0.0994,-0.741,-0.735,-0.641,-0.632,-0.613,-0.699,-0.635,-0.604,-0.599,-0.728,-0.703,-0.728,-0.694,-0.701,-0.707,"RNA"
"CDC42BPA",0.309,0.197,0.339,0.0381,-0.0368,-0.00135,0.194,0.169,0.151,0.308,0.352,0.389,0.538,0.484,0.55,0.517,0.435,0.485,0.605,0.513,0.549,"RNA"
"VMP1",0.0145,0.251,0.103,-0.0856,0.0615,0.0241,-0.025,0.125,0.256,0.322,0.622,0.608,0.913,0.89,0.906,-0.00763,0.351,0.38,0.0229,0.458,0.399,"RNA"
"C2CD5",-0.666,-0.747,-0.698,0.0497,-0.0347,-0.015,-0.116,-0.207,-0.223,-0.349,-0.347,-0.303,-0.488,-0.532,-0.51,-0.439,-0.478,-0.423,-0.501,-0.502,-0.486,"RNA"
"VPS45",-1.08,-1.11,-1.01,-0.0742,0.0375,0.0367,-0.207,-0.105,-0.0858,-0.346,-0.169,-0.224,-0.518,-0.361,-0.371,-0.511,-0.387,-0.336,-0.65,-0.479,-0.533,"RNA"
"VRK2",1.38,1.33,1.41,-0.237,-0.0943,0.331,-0.784,-0.651,-0.692,-0.999,-1.04,-0.987,-1.11,-1.2,-1.17,-1.32,-1.19,-1.04,-1.34,-1.12,-1.13,"RNA"
"CNTFR",-4.12,-4.04,-4.01,0.0455,-0.101,0.0559,-0.28,-0.179,-0.32,-0.542,-0.797,-0.594,-0.657,-1,-0.987,-0.735,-0.971,-1.14,-0.894,-1.12,-0.899,"RNA"
"SRBD1",-0.149,-0.195,-0.189,0.00627,-0.00485,-0.00142,-0.265,0.0584,-0.0665,-0.701,-0.344,-0.444,-0.841,-0.742,-0.789,-0.993,-0.921,-0.587,-1.1,-0.829,-0.785,"RNA"
"FAM110B",-1.67,-1.84,-1.57,-0.034,-0.0395,0.0735,0.455,0.503,0.534,0.707,0.633,0.716,0.606,0.631,0.591,0.642,0.611,0.681,0.503,0.567,0.596,"RNA"
"APLP2",-0.0227,-0.0602,-0.0112,-0.135,0.0684,0.0671,-0.063,0.129,0.187,0.0498,0.226,0.312,0.194,0.349,0.446,0.275,0.501,0.53,0.389,0.557,0.656,"RNA"
"AMN1",-1.93,-1.9,-1.85,-0.0724,0.0322,0.0403,0.267,0.303,0.373,0.339,0.58,0.52,0.398,0.555,0.594,0.486,0.664,0.729,0.564,0.74,0.728,"RNA"
"MICAL1",-0.9,-0.894,-0.805,0.113,-0.117,0.00392,-0.126,-0.351,-0.484,-0.301,-0.531,-0.531,-0.342,-0.687,-0.647,-0.445,-0.68,-0.844,-0.518,-0.873,-0.921,"RNA"
"GMIP",-1.14,-1.06,-1.07,0.157,-0.0945,-0.0627,0.0954,-0.156,-0.351,-0.0573,-0.527,-0.442,-0.378,-0.708,-0.777,-0.263,-0.653,-0.649,-0.536,-0.87,-0.908,"RNA"
"LIMK2",-0.307,-0.365,-0.311,-0.0443,0.0253,0.0191,-0.038,0.0759,0.104,0.000669,-0.11,-0.0539,-0.3,-0.304,-0.262,-0.363,-0.503,-0.476,-0.632,-0.724,-0.851,"RNA"
"IQSEC3",-1.74,-1.61,-1.72,0.212,-0.158,-0.054,0.67,0.383,0.161,0.831,0.252,0.472,1.34,0.596,0.935,1.33,0.869,0.75,1.4,1.09,1.2,"RNA"
"SCML2",0.516,0.439,0.532,0.00648,-0.0314,0.0249,-0.128,-0.102,-0.05,-0.39,-0.144,-0.233,-0.624,-0.545,-0.491,-0.719,-0.586,-0.588,-0.791,-0.783,-0.616,"RNA"
"STON2",-0.556,-0.523,-0.471,-0.146,0.0231,0.123,-0.705,-0.501,-0.364,-0.665,-0.461,-0.378,-0.621,-0.486,-0.539,-0.922,-0.64,-0.621,-0.828,-0.773,-0.679,"RNA"
"ATP6V1B2",-0.833,-1.05,-0.895,-0.0621,0.0669,-0.00487,0.107,0.175,0.287,0.222,0.372,0.368,0.357,0.514,0.561,0.407,0.517,0.523,0.485,0.593,0.582,"RNA"
"SMARCD1",0.525,0.458,0.529,-0.0179,0.0655,-0.0475,-0.111,-0.108,-0.161,-0.191,-0.302,-0.256,-0.35,-0.474,-0.427,-0.449,-0.557,-0.456,-0.609,-0.739,-0.675,"RNA"
"SMARCE1",-0.434,-0.464,-0.429,-0.0678,0.117,-0.049,-0.231,-0.169,-0.154,-0.382,-0.253,-0.323,-0.553,-0.416,-0.425,-0.582,-0.531,-0.406,-0.743,-0.577,-0.626,"RNA"
"EML1",-0.583,-0.635,-0.493,-0.0527,0.0576,-0.00496,0.452,0.471,0.401,0.709,0.824,0.715,0.545,0.701,0.581,0.428,0.61,0.619,0.356,0.457,0.5,"RNA"
"KDM3B",0.34,0.288,0.328,-0.00234,0.0377,-0.0354,-0.163,-0.187,-0.195,-0.269,-0.354,-0.379,-0.421,-0.463,-0.516,-0.447,-0.49,-0.521,-0.582,-0.592,-0.51,"RNA"
"PAPSS1",-1.02,-1.03,-0.95,0.0354,-0.0258,-0.00963,0.171,0.225,0.0964,-0.0929,0.0649,-0.0586,-0.298,-0.184,-0.263,-0.437,-0.315,-0.301,-0.585,-0.451,-0.454,"RNA"
"CDKN1B",-1,-1.53,-1.24,-0.0993,0.0559,0.0434,-0.25,-0.181,-0.163,-0.413,-0.294,-0.404,-0.588,-0.543,-0.645,-0.596,-0.482,-0.496,-0.7,-0.5,-0.589,"RNA"
"COQ8A",0.984,0.907,0.932,0.0112,-0.0404,0.0293,-0.263,-0.412,-0.432,-0.481,-0.692,-0.693,-0.744,-0.917,-1,-0.447,-0.735,-0.723,-0.649,-0.682,-0.775,"RNA"
"NOVA1",-3.05,-3.39,-3.14,-0.149,0.0208,0.129,-0.288,-0.269,-0.0782,-0.538,-0.558,-0.498,-0.745,-0.81,-0.753,-0.533,-0.69,-0.678,-0.821,-0.923,-0.931,"RNA"
"PLCXD3",-4.77,-4.72,-4.73,-0.0865,0.0391,0.0474,-0.179,0.164,0.159,-0.504,-0.183,-0.231,-0.75,-0.5,-0.657,-0.586,-0.4,-0.398,-0.636,-0.675,-0.58,"RNA"
"IL17RD",-0.101,0.136,0.161,-0.0228,0.00469,0.0181,-0.319,-0.237,-0.166,-0.325,-0.263,-0.28,-0.386,-0.386,-0.448,-0.499,-0.626,-0.567,-0.662,-0.74,-0.738,"RNA"
"ENO1",1.79,1.73,1.81,-0.0854,0.075,0.0103,-0.192,-0.0168,0.0635,0.105,0.27,0.338,0.506,0.594,0.775,0.0433,0.298,0.165,0.179,0.345,0.3,"RNA"
"PIP4K2A",-0.128,-0.248,-0.118,-0.139,0.00835,0.13,-0.0232,0.115,0.178,0.106,0.395,0.379,0.428,0.581,0.634,0.175,0.458,0.444,0.338,0.648,0.643,"RNA"
"CADM4",-1.74,-1.75,-1.54,-0.0874,0.119,-0.0317,0.312,0.536,0.575,0.593,0.611,0.698,0.7,0.816,0.875,0.544,0.727,0.587,0.564,0.688,0.622,"RNA"
"ZNF483",1.62,1.59,1.59,-0.0648,0.00308,0.0617,0.224,0.27,0.435,0.453,0.562,0.585,0.577,0.704,0.717,0.531,0.718,0.924,0.725,0.977,1.07,"RNA"
"GM2A",0.71,0.727,0.654,-0.0181,-0.0188,0.0369,-0.155,-0.0787,-0.0395,-0.0042,0.0723,0.109,0.179,0.309,0.335,0.327,0.445,0.474,0.447,0.523,0.652,"RNA"
"RAB12",0.157,0.224,0.115,-0.136,0.138,-0.00134,0.231,0.308,0.393,0.45,0.566,0.53,0.53,0.712,0.779,0.613,0.696,0.799,0.649,0.77,0.684,"RNA"
"CD99L2",-2.17,-2.15,-2.24,-0.112,0.0734,0.0387,-0.109,0.0505,0.126,0.0322,0.15,0.178,0.127,0.274,0.294,0.275,0.416,0.425,0.408,0.495,0.544,"RNA"
"CHPF",0.332,0.223,0.305,-0.0767,-0.0165,0.0933,-0.00977,0.24,0.218,0.356,0.328,0.379,0.586,0.564,0.635,0.6,0.852,0.488,0.839,0.969,1.03,"RNA"
"IQSEC2",1.36,1.43,1.39,0.108,-0.0805,-0.0279,0.565,0.631,0.472,0.828,0.726,0.836,1.05,0.904,1,1.03,0.935,0.726,1.07,0.893,1.01,"RNA"
"ZNF195",0.332,0.102,0.32,-0.0222,0.0455,-0.0232,-0.13,-0.179,-0.132,-0.258,-0.168,-0.213,-0.467,-0.409,-0.498,-0.456,-0.531,-0.413,-0.669,-0.616,-0.651,"RNA"
"MVP",-2.9,-2.77,-2.74,-0.126,0.0353,0.0907,-0.511,-0.381,-0.298,-0.206,-0.0754,0.0293,0.0428,0.33,0.386,-0.0365,0.377,0.35,0.1,0.561,0.561,"RNA"
"SEMA6D",-3.32,-3.65,-3.28,-0.0595,0.129,-0.0699,-0.123,-0.144,-0.174,-0.354,-0.351,-0.406,-0.484,-0.525,-0.625,-0.461,-0.601,-0.625,-0.657,-0.77,-0.785,"RNA"
"EGLN1",-1.04,-1.15,-1.02,-0.131,0.101,0.0304,0.187,0.272,0.403,0.43,0.475,0.526,0.475,0.613,0.642,0.54,0.666,0.756,0.57,0.692,0.638,"RNA"
"SMAD4",0.319,0.17,0.317,0.0142,-0.0242,0.01,-0.15,-0.146,-0.105,-0.271,-0.239,-0.255,-0.374,-0.367,-0.434,-0.464,-0.472,-0.417,-0.541,-0.508,-0.497,"RNA"
"NKAIN3",-2.69,-2.57,-2.68,0.141,-0.0311,-0.11,0.612,0.439,0.466,0.889,0.689,0.709,0.988,0.817,0.805,0.648,0.712,0.678,0.637,0.724,0.62,"RNA"
"RAB13",2.41,2.26,2.39,-0.00222,0.0138,-0.0116,-0.67,-0.713,-0.796,-1.01,-0.971,-0.931,-0.947,-0.979,-1.05,-1.07,-1.11,-1.34,-1.15,-1.16,-1.2,"RNA"
"FKBP1A",-0.275,-0.294,-0.25,-0.0254,0.0198,0.00554,-0.321,-0.115,-0.138,-0.362,-0.247,-0.247,-0.439,-0.301,-0.288,-0.65,-0.408,-0.498,-0.69,-0.509,-0.589,"RNA"
"ENPP4",-1.69,-1.41,-1.64,0.0017,-0.0192,0.0175,0.435,0.371,0.482,0.647,0.851,0.627,0.693,0.821,0.71,0.694,0.848,0.767,0.664,0.806,0.771,"RNA"
"EEF1A2",-2.88,-2.88,-2.86,-0.109,0.00943,0.0999,0.269,0.41,0.403,0.542,0.463,0.568,0.789,0.646,0.769,0.821,0.836,0.623,0.831,0.875,0.958,"RNA"
"MICAL3",-0.0708,-0.236,-0.133,0.242,-0.141,-0.101,0.64,0.442,0.337,0.731,0.516,0.464,0.843,0.544,0.511,0.929,0.598,0.467,0.884,0.567,0.662,"RNA"
"STX1A",-2.32,-2.59,-2.48,0.0549,-0.131,0.0764,0.309,0.282,0.277,0.531,0.433,0.53,0.87,0.755,0.88,0.666,0.732,0.449,0.81,0.776,0.726,"RNA"
"UNC5D",1.47,1.42,1.5,-0.0335,0.056,-0.0225,0.834,0.857,0.919,1.02,1.07,0.984,1.04,1.02,0.86,1.05,0.868,0.75,0.947,0.791,0.677,"RNA"
"R3HDM2",-0.749,-0.691,-0.752,0.117,-0.0858,-0.031,0.205,0.0306,-0.0393,0.264,0.0986,0.23,0.801,0.469,0.675,0.722,0.577,0.55,0.875,0.752,1.08,"RNA"
"PRKCA",0.948,1.03,1.01,0.0735,0.00311,-0.0766,1.32,0.937,0.689,1.44,1.22,1.02,1.36,1.07,0.851,1.53,1.29,1.05,1.42,1.23,1.06,"RNA"
"ZNF462",0.564,0.375,0.511,0.0897,-0.0642,-0.0254,0.0823,-0.0604,-0.129,-0.000444,-0.204,-0.163,-0.166,-0.43,-0.356,-0.288,-0.486,-0.429,-0.422,-0.635,-0.533,"RNA"
"MCMBP",0.832,0.65,0.823,-0.0919,0.0711,0.0208,-0.188,-0.218,-0.133,-0.265,-0.139,-0.21,-0.327,-0.254,-0.337,-0.663,-0.516,-0.685,-0.712,-0.676,-0.685,"RNA"
"RPS6KA3",-0.593,-0.843,-0.574,-0.0222,0.0226,-0.000404,0.345,0.259,0.289,0.541,0.548,0.475,0.71,0.607,0.64,0.725,0.544,0.569,0.64,0.573,0.564,"RNA"
"KCND3",-3.12,-3.27,-3.2,-0.16,0.134,0.0262,-0.474,-0.23,-0.3,-0.202,-0.0758,-0.174,0.294,0.244,0.287,0.55,0.538,0.353,0.772,0.61,0.595,"RNA"
"PHACTR1",-1.51,-1.53,-1.48,-0.0136,0.0349,-0.0212,0.305,0.374,0.275,0.462,0.323,0.444,0.473,0.354,0.351,0.711,0.616,0.573,0.735,0.748,0.775,"RNA"
"PFKFB2",0.571,0.575,0.392,-0.0174,0.0454,-0.0279,0.05,0.013,0.0501,0.173,0.313,0.228,0.471,0.56,0.606,0.362,0.498,0.572,0.55,0.721,0.653,"RNA"
"PHOX2B",-4.86,-4.86,-4.86,-0.00138,0.0275,-0.0261,-0.247,0.033,-0.264,-0.354,-0.209,-0.457,-0.673,-0.571,-0.866,-0.809,-0.762,-0.885,-0.967,-1.14,-1.14,"RNA"
"SF3B1",-0.0232,-0.024,-0.000202,-0.0499,0.131,-0.0811,-0.215,-0.179,-0.115,-0.343,-0.22,-0.335,-0.555,-0.413,-0.459,-0.588,-0.522,-0.43,-0.734,-0.642,-0.684,"RNA"
"SLC38A2",0.574,0.254,0.657,-0.0747,0.0698,0.00488,-0.14,-0.103,-0.00104,-0.174,-0.0695,-0.182,-0.376,-0.25,-0.284,-0.457,-0.544,-0.402,-0.678,-0.664,-0.68,"RNA"
"FAM117B",-0.164,-0.347,-0.165,-0.00563,0.0834,-0.0778,-0.028,0.000644,-0.121,-0.12,-0.194,-0.183,-0.471,-0.47,-0.55,-0.426,-0.547,-0.43,-0.746,-0.678,-0.661,"RNA"
"NT5C2",-1.36,-1.45,-1.32,-0.0455,0.0769,-0.0314,-0.0683,-0.0614,-0.0613,-0.183,-0.0835,-0.138,-0.306,-0.26,-0.274,-0.389,-0.455,-0.364,-0.592,-0.595,-0.565,"RNA"
"IFI16",-4.01,-3.66,-3.84,-0.144,0.0901,0.0541,0.00982,0.34,0.207,0.0525,0.43,0.443,-0.185,0.205,0.127,-0.502,-0.315,-0.0216,-0.799,-0.383,-0.523,"RNA"
"MROH1",-0.34,-0.361,-0.369,0.132,-0.0812,-0.0507,0.383,0.138,0.0303,0.585,0.214,0.243,0.8,0.397,0.47,0.874,0.596,0.377,0.963,0.685,0.769,"RNA"
"HARS2",-0.391,-0.438,-0.462,-0.00105,0.0309,-0.0298,-0.0928,-0.1,-0.0484,-0.198,-0.211,-0.324,-0.417,-0.385,-0.437,-0.487,-0.571,-0.487,-0.622,-0.624,-0.726,"RNA"
"GABRA3",-1.15,-1.2,-1.17,-0.0318,0.0289,0.00286,0.454,0.746,0.792,0.625,0.793,0.911,0.753,0.852,0.91,0.971,0.997,0.898,0.982,0.871,1.01,"RNA"
"PNISR",0.201,0.0541,0.129,0.0764,-0.0424,-0.034,0.178,-0.033,-0.125,-0.019,-0.0186,-0.101,-0.288,-0.346,-0.431,-0.275,-0.446,-0.369,-0.523,-0.611,-0.738,"RNA"
"TMOD2",-4.34,-4.45,-4.36,-0.0405,0.0364,0.0041,0.17,0.279,0.342,0.343,0.537,0.465,0.361,0.549,0.489,0.497,0.578,0.666,0.529,0.552,0.592,"RNA"
"SLITRK1",-3.23,-3.29,-3.34,-0.0363,-0.0699,0.106,0.707,0.777,0.968,0.677,0.735,0.843,0.339,0.49,0.495,0.524,0.63,0.682,0.419,0.425,0.569,"RNA"
"BLM",2.87,2.8,2.88,-0.0742,-0.0935,0.168,-0.577,-0.791,-0.505,-0.838,-0.718,-0.644,-0.921,-0.824,-0.856,-0.946,-1.09,-1.1,-1.34,-1.28,-1.14,"RNA"
"ALDOA",1.31,1.24,1.31,-0.0665,0.0637,0.00272,-0.164,0.098,0.062,0.211,0.215,0.27,0.536,0.465,0.615,0.441,0.565,0.391,0.57,0.632,0.692,"RNA"
"ARHGAP44",-0.372,-0.551,-0.402,-0.0153,-0.000563,0.0159,0.302,0.336,0.279,0.456,0.381,0.511,0.655,0.524,0.647,0.747,0.638,0.543,0.759,0.715,0.715,"RNA"
"EIF4G3",-0.175,-0.179,-0.126,0.0799,-0.0463,-0.0336,0.245,0.2,0.22,0.314,0.365,0.362,0.436,0.468,0.467,0.535,0.518,0.602,0.552,0.487,0.544,"RNA"
"SIRT1",1.11,0.432,0.842,-0.0898,0.152,-0.0623,-0.217,-0.194,-0.157,-0.403,-0.361,-0.445,-0.552,-0.553,-0.525,-0.675,-0.753,-0.662,-0.804,-0.81,-0.918,"RNA"
"TAX1BP3",0.557,0.507,0.534,-0.0775,0.0776,-9.04e-05,-0.274,-0.192,-0.121,-0.365,-0.395,-0.502,-0.584,-0.617,-0.904,-0.819,-0.899,-1.15,-1.04,-1.12,-1.28,"RNA"
"UPP1",-0.856,-0.589,-0.857,-0.126,0.0824,0.0434,-0.379,-0.305,-0.353,-0.177,-0.153,-0.0168,0.36,0.436,0.762,-0.352,-0.235,-0.33,-0.147,0.0173,-0.0297,"RNA"
"DNAJB5",-1.58,-1.7,-1.55,-0.202,0.113,0.0897,-0.374,-0.124,-0.153,-0.492,-0.334,-0.277,-0.459,-0.364,-0.345,-0.698,-0.446,-0.583,-0.704,-0.54,-0.541,"RNA"
"RAP1GAP",-0.857,-0.768,-0.904,-0.201,-0.0815,0.282,0.62,0.616,0.687,1.06,0.865,0.955,1.08,0.974,0.984,1.32,1.23,1.08,1.36,1.31,1.3,"RNA"
"SVIP",-2.04,-1.91,-2.14,-0.0865,-0.0118,0.0983,-0.419,-0.38,-0.204,-0.473,-0.332,-0.32,-0.566,-0.381,-0.4,-0.773,-0.676,-0.483,-0.86,-0.664,-0.655,"RNA"
"HNRNPA3",0.248,0.261,0.289,0.0736,0.0207,-0.0943,0.0742,-0.0694,-0.064,-0.0163,-0.0683,-0.0443,-0.112,-0.197,-0.234,-0.304,-0.481,-0.397,-0.5,-0.546,-0.59,"RNA"
"SDHA",0.158,-0.0109,0.0496,-0.0368,0.0682,-0.0314,-0.00794,0.105,0.135,0.171,0.227,0.244,0.318,0.414,0.574,0.373,0.55,0.455,0.506,0.624,0.672,"RNA"
"ME1",-0.415,-0.506,-0.422,-0.117,0.0327,0.0843,0.193,0.317,0.451,0.517,0.659,0.79,0.821,0.903,0.874,0.668,0.683,0.924,0.669,0.708,0.852,"RNA"
"NDRG3",-1.06,-1.08,-1.02,0.014,0.0234,-0.0374,0.0263,0.187,0.202,0.145,0.31,0.286,0.25,0.405,0.412,0.369,0.565,0.503,0.504,0.635,0.621,"RNA"
"SLC4A8",-2.52,-2.57,-2.48,-0.046,0.0447,0.00125,-0.131,-0.0527,-0.0606,-0.222,-0.133,-0.193,-0.414,-0.297,-0.427,-0.427,-0.336,-0.324,-0.542,-0.49,-0.51,"RNA"
"RBM39",0.132,0.117,0.174,-0.027,0.0497,-0.0228,-0.117,-0.147,-0.14,-0.221,-0.133,-0.225,-0.322,-0.291,-0.333,-0.505,-0.485,-0.363,-0.585,-0.613,-0.58,"RNA"
"SOX3",1.95,1.81,1.89,-0.0734,-0.237,0.31,-0.776,-0.668,-0.765,-0.772,-0.745,-0.771,-0.789,-0.77,-0.755,-0.818,-0.814,-0.788,-0.78,-0.71,-0.756,"RNA"
"ABCB6",0.5,0.488,0.472,0.0125,-0.0402,0.0277,0.166,0.102,0.00346,0.34,0.205,0.181,0.533,0.51,0.514,0.599,0.518,0.395,0.689,0.598,0.681,"RNA"
"PLXNA2",-4.03,-4.1,-3.93,-0.13,0.0248,0.105,-0.561,-0.345,-0.454,-0.732,-0.928,-0.762,-0.775,-1.15,-1.12,-0.901,-1.31,-1.31,-1.09,-1.41,-1.2,"RNA"
"ZWINT",3.17,3.16,3.12,-0.025,-0.0457,0.0707,-0.64,-0.583,-0.585,-0.736,-0.806,-0.615,-0.96,-0.691,-0.82,-0.965,-0.88,-0.882,-1,-0.816,-0.914,"RNA"
"RPL10",0.801,0.768,0.795,-0.0722,0.0556,0.0166,-0.372,-0.181,-0.206,-0.343,-0.215,-0.278,-0.429,-0.28,-0.284,-0.674,-0.383,-0.471,-0.744,-0.478,-0.522,"RNA"
"CNTN1",-3.77,-3.86,-3.79,-0.0989,0.0514,0.0474,-0.0618,0.0368,0.213,0.149,0.465,0.45,0.243,0.589,0.557,0.361,0.612,0.774,0.455,0.692,0.684,"RNA"
"SARAF",-1.62,-1.66,-1.62,-0.129,0.0924,0.037,-0.0615,0.146,0.232,0.0997,0.321,0.321,0.222,0.442,0.443,0.271,0.507,0.526,0.327,0.533,0.5,"RNA"
"GCN1",1.16,1.08,1.13,0.0273,-0.0452,0.0179,-0.212,-0.176,-0.279,-0.281,-0.395,-0.392,-0.33,-0.426,-0.418,-0.441,-0.55,-0.604,-0.499,-0.606,-0.596,"RNA"
"NUDT5",0.666,0.672,0.71,0.0471,-0.0458,-0.0013,-0.301,-0.383,-0.353,-0.592,-0.433,-0.514,-0.619,-0.598,-0.699,-0.711,-0.617,-0.693,-0.753,-0.68,-0.6,"RNA"
"ITGB1",-0.338,-0.406,-0.308,-0.0927,0.0165,0.0762,-0.34,-0.209,-0.122,-0.481,-0.147,-0.165,-0.452,-0.204,-0.237,-0.708,-0.517,-0.391,-0.752,-0.591,-0.563,"RNA"
"EPC1",-0.669,-0.689,-0.58,-0.042,0.108,-0.0661,-0.0944,-0.000762,-0.0602,-0.237,-0.165,-0.149,-0.37,-0.412,-0.462,-0.583,-0.641,-0.339,-0.861,-0.8,-0.875,"RNA"
"FAM169A",0.163,0.0748,0.133,-0.0946,0.0735,0.0212,0.15,0.204,0.307,0.298,0.498,0.46,0.484,0.578,0.643,0.409,0.599,0.773,0.479,0.641,0.677,"RNA"
"STAT6",1,1.14,1.01,-0.0557,-0.14,0.196,-0.0719,-0.0227,-0.0992,-0.171,-0.0146,0.0208,0.0797,0.227,0.126,0.533,0.674,0.469,0.812,0.792,0.773,"RNA"
"CTSC",4.12,4.05,4.15,-0.113,-0.11,0.223,-0.746,-0.706,-0.625,-0.907,-0.719,-0.722,-1.01,-0.859,-0.953,-1.25,-0.989,-1.19,-1.33,-1.25,-0.932,"RNA"
"CLIC1",0.239,0.185,0.254,-0.101,0.0135,0.0874,-0.708,-0.39,-0.305,-0.378,-0.129,0.0123,0.239,0.336,0.372,-0.623,-0.289,-0.543,-0.341,-0.149,-0.209,"RNA"
"KIF5A",-2.8,-2.91,-2.89,-0.0164,-0.0142,0.0306,0.187,0.324,0.276,0.35,0.45,0.47,0.406,0.509,0.462,0.43,0.489,0.501,0.395,0.439,0.472,"RNA"
"RAE1",-0.0891,-0.141,-0.0645,-0.0773,0.135,-0.0573,-0.11,0.0668,0.0742,-0.112,-0.0525,-0.0539,-0.481,-0.331,-0.326,-0.494,-0.499,-0.352,-0.778,-0.551,-0.643,"RNA"
"ATP2B3",-2.83,-2.7,-3.01,0.23,-0.177,-0.053,0.077,-0.102,-0.31,0.18,-0.018,0.0188,0.338,0.103,0.0784,0.628,0.446,0.375,0.686,0.528,0.59,"RNA"
"MTSS2",-0.138,-0.144,-0.0581,0.172,-0.131,-0.0404,0.57,0.46,0.328,0.696,0.284,0.445,0.926,0.508,0.705,1.07,0.72,0.549,1.11,0.861,0.994,"RNA"
"TCF3",1.87,1.79,1.88,0.0797,-0.091,0.0113,-0.174,-0.286,-0.351,-0.167,-0.554,-0.536,-0.332,-0.72,-0.726,-0.543,-0.797,-1.02,-0.719,-0.976,-0.98,"RNA"
"SIK3",0.0962,-0.0382,0.195,0.0787,-0.0682,-0.0105,0.353,0.321,0.195,0.448,0.321,0.465,0.773,0.548,0.657,0.778,0.624,0.568,0.729,0.581,0.717,"RNA"
"SPECC1L",-0.557,-0.775,-0.598,-0.0081,0.0029,0.0052,-0.144,-0.147,-0.133,-0.283,-0.206,-0.26,-0.392,-0.331,-0.384,-0.424,-0.426,-0.334,-0.533,-0.55,-0.494,"RNA"
"RPL18A",0.934,0.876,0.964,-0.124,0.091,0.0328,-0.537,-0.249,-0.336,-0.497,-0.476,-0.508,-0.649,-0.56,-0.478,-0.96,-0.638,-0.968,-0.957,-0.679,-0.79,"RNA"
"STAM2",-1.12,-1.44,-1.33,-0.00853,-0.0158,0.0243,0.179,0.0753,0.131,0.213,0.339,0.282,0.389,0.442,0.448,0.349,0.515,0.494,0.522,0.662,0.622,"RNA"
"DERA",-0.0748,0.0819,-0.0159,-0.000487,0.015,-0.0145,-0.833,-0.7,-0.771,-0.846,-0.728,-0.732,-0.883,-0.57,-0.665,-1.26,-0.852,-0.83,-1.18,-0.779,-0.999,"RNA"
"CNTNAP4",-3.53,-3.48,-3.54,0.276,0.0291,-0.305,1.54,1.18,1.14,1.41,1.11,0.933,1.1,0.806,0.511,1.27,0.763,0.517,0.928,0.364,0.208,"RNA"
"KDM3A",-0.623,-0.488,-0.655,0.101,0.0387,-0.14,-0.209,-0.212,-0.219,-0.48,-0.394,-0.402,-0.616,-0.602,-0.664,-0.585,-0.659,-0.52,-0.685,-0.739,-0.695,"RNA"
"CRTAP",1.44,1.41,1.49,-0.0143,0.0607,-0.0464,-0.206,-0.0545,-0.0594,0.154,0.141,0.155,0.256,0.444,0.435,0.354,0.508,0.611,0.458,0.672,0.651,"RNA"
"TCEA3",-0.312,-0.283,-0.293,-0.0968,0.0737,0.023,0.11,0.147,0.0186,0.335,0.469,0.626,0.442,0.729,0.657,0.595,0.826,0.689,0.908,0.902,1.05,"RNA"
"LPP",1.43,1.34,1.31,0.127,-0.0377,-0.0894,0.165,-0.0501,-0.194,0.429,0.18,0.163,0.726,0.436,0.381,0.628,0.392,0.345,0.696,0.6,0.461,"RNA"
"BRI3BP",0.673,0.482,0.565,0.0352,-0.096,0.0608,0.262,0.168,0.271,0.425,0.443,0.51,0.647,0.598,0.609,0.552,0.586,0.577,0.684,0.635,0.668,"RNA"
"PCK2",1.74,1.71,1.83,-0.114,-0.0598,0.174,-0.846,-0.63,-0.718,-0.947,-0.876,-0.926,-0.963,-0.83,-1.05,-0.776,-0.54,-0.624,-0.65,-0.416,-0.345,"RNA"
"NTM",-0.0628,-0.00118,-0.0355,-0.0496,0.186,-0.136,0.918,1.2,1.12,1.02,1.23,1.05,1.11,1.12,0.94,1.29,1.23,1.09,1.09,1.08,1.02,"RNA"
"STIM1",-0.703,-0.645,-0.634,0.14,-0.0747,-0.0656,0.45,0.416,0.289,0.566,0.491,0.56,0.726,0.585,0.616,0.741,0.72,0.57,0.775,0.787,0.887,"RNA"
"ABHD17C",0.264,0.286,0.323,0.0558,0.0238,-0.0796,0.344,0.335,0.418,0.5,0.529,0.638,0.69,0.748,0.891,0.645,0.666,0.676,0.666,0.77,0.775,"RNA"
"NRXN2",-2.67,-2.68,-2.81,-0.061,-0.0163,0.0773,0.264,0.38,0.333,0.477,0.377,0.446,0.648,0.477,0.553,0.792,0.83,0.552,0.867,0.801,0.921,"RNA"
"RNF2",-0.285,-0.463,-0.3,-0.0714,0.0725,-0.00117,-0.135,-0.0332,0.0503,-0.204,0.00424,-0.0529,-0.307,-0.176,-0.228,-0.537,-0.4,-0.33,-0.638,-0.492,-0.442,"RNA"
"TMEM200A",-1.12,-1.29,-1.13,-0.0343,0.01,0.0243,-0.398,-0.338,-0.468,-0.582,-0.313,-0.445,-0.367,-0.415,-0.415,-0.87,-0.648,-0.77,-0.885,-0.742,-0.696,"RNA"
"PTGS1",-1.25,-1.3,-1.36,-0.328,0.0654,0.263,-0.24,0.47,0.667,0.275,0.911,1.24,0.402,1.12,1.15,0.645,1.1,1.19,0.845,1.31,1.53,"RNA"
"STS",-2.13,-2.18,-2.05,-0.131,0.047,0.0839,-0.853,-0.674,-0.575,-0.667,-0.608,-0.541,-0.68,-0.463,-0.414,-0.532,-0.422,-0.335,-0.523,-0.387,-0.292,"RNA"
"KHDRBS1",0.219,0.205,0.217,0.0493,0.00563,-0.0549,-0.142,-0.0657,-0.0971,-0.248,-0.224,-0.174,-0.335,-0.374,-0.392,-0.531,-0.47,-0.4,-0.634,-0.526,-0.5,"RNA"
"PSRC1",1.41,1.25,1.37,-0.231,0.0491,0.182,-0.0839,-0.212,-0.149,-0.187,-0.445,-0.491,-0.718,-0.77,-0.676,-0.968,-0.965,-1.25,-1.17,-1.14,-1.36,"RNA"
"UNC13B",-0.659,-0.697,-0.634,-0.0366,0.0483,-0.0117,-0.2,-0.104,-0.147,-0.213,-0.0929,-0.0525,-0.287,-0.16,-0.197,-0.44,-0.321,-0.286,-0.582,-0.5,-0.474,"RNA"
"PEA15",-0.0282,-0.132,-0.0424,-0.195,0.086,0.109,-0.192,0.136,0.165,-0.0749,0.152,0.343,0.369,0.53,0.749,0.226,0.543,0.466,0.471,0.649,0.693,"RNA"
"PATZ1",0.372,0.293,0.382,-0.0893,0.0819,0.0074,-0.17,-0.103,-0.17,-0.207,-0.34,-0.326,-0.386,-0.4,-0.429,-0.574,-0.515,-0.604,-0.649,-0.592,-0.635,"RNA"
"CTPS2",0.161,0.188,0.21,-0.0459,0.0389,0.00698,-0.201,-0.0696,-0.0929,-0.306,-0.14,-0.172,-0.346,-0.26,-0.282,-0.515,-0.415,-0.415,-0.598,-0.543,-0.512,"RNA"
"CASP6",1.32,1.41,1.31,-0.0468,-0.0976,0.144,-0.285,-0.334,-0.438,-0.501,-0.485,-0.514,-0.64,-0.685,-0.8,-0.899,-0.844,-0.693,-1.03,-1.14,-1.08,"RNA"
"MPC1",-0.415,-0.519,-0.524,-0.055,0.0234,0.0316,0.154,0.202,0.285,0.274,0.408,0.386,0.463,0.652,0.688,0.487,0.705,0.527,0.649,0.784,0.687,"RNA"
"DPP10",-0.369,-0.37,-0.384,-0.13,-0.0637,0.193,0.257,0.197,0.409,0.55,0.645,0.731,0.646,0.856,0.892,0.755,0.81,1.01,0.769,0.971,0.867,"RNA"
"NCEH1",-0.0258,-0.215,-0.252,0.0134,-0.141,0.128,0.101,0.0387,0.354,0.425,0.607,0.605,0.638,0.764,0.867,0.772,0.926,0.821,0.897,0.992,1.05,"RNA"
"CABLES2",-0.852,-0.819,-0.749,0.0297,-0.0634,0.0337,0.208,0.222,0.22,0.271,0.0854,0.257,0.304,0.25,0.465,0.713,0.634,0.636,0.694,0.795,0.861,"RNA"
"NVL",0.237,0.174,0.21,-0.0646,0.0506,0.0139,-0.108,-0.0727,-0.0492,-0.23,-0.0929,-0.241,-0.352,-0.342,-0.339,-0.513,-0.51,-0.409,-0.655,-0.628,-0.674,"RNA"
"RAB6B",-3.98,-4.05,-3.93,-0.0664,0.0262,0.0402,0.0603,0.237,0.239,0.17,0.254,0.335,0.305,0.355,0.391,0.388,0.468,0.502,0.43,0.499,0.584,"RNA"
"VASH1",-2.97,-2.88,-2.9,-0.0503,0.00843,0.0418,-0.428,-0.386,-0.441,-0.423,-0.532,-0.479,-0.466,-0.578,-0.589,-0.526,-0.56,-0.67,-0.502,-0.678,-0.617,"RNA"
"CHGA",-2.33,-2.04,-2.2,-0.155,0.119,0.0368,-0.68,-0.395,-0.535,-0.669,-0.639,-0.686,-0.641,-0.59,-0.609,-0.649,-0.552,-0.67,-0.635,-0.605,-0.664,"RNA"
"TRIM72",0.228,0.284,0.236,-0.207,-0.048,0.255,-0.55,-0.641,-0.61,-0.528,-0.635,-0.723,-0.39,-0.306,-0.298,0.00535,0.136,0.139,0.297,0.685,0.75,"RNA"
"FTL",0.34,0.249,0.371,-0.106,0.0961,0.0102,-0.324,-0.0782,-0.108,-0.351,-0.293,-0.296,-0.603,-0.474,-0.516,-0.647,-0.421,-0.517,-0.689,-0.372,-0.429,"RNA"
"EIF2AK3",-0.588,-1.05,-0.734,-0.0881,0.0855,0.0026,-0.359,-0.198,-0.217,-0.518,-0.328,-0.41,-0.532,-0.44,-0.567,-0.646,-0.641,-0.531,-0.674,-0.668,-0.646,"RNA"
"SYT13",-2.67,-2.59,-2.64,-0.135,0.0563,0.0792,-0.0484,0.0907,0.14,0.0509,0.149,0.146,0.227,0.332,0.302,0.345,0.478,0.411,0.36,0.456,0.481,"RNA"
"CLVS2",-3.2,-3,-3.07,-0.0498,0.105,-0.0555,0.171,0.229,0.208,0.583,0.711,0.666,0.675,0.999,1,0.438,0.696,0.814,0.477,0.864,0.602,"RNA"
"UBE2L6",-1.2,-1.18,-1.19,-0.0443,0.069,-0.0248,-0.351,-0.199,-0.237,-0.387,-0.317,-0.323,-0.446,-0.358,-0.395,-0.585,-0.474,-0.612,-0.574,-0.523,-0.508,"RNA"
"SMAP2",-2.35,-2.51,-2.28,-0.0605,0.0175,0.043,0.0357,0.235,0.273,0.242,0.302,0.367,0.376,0.406,0.507,0.387,0.525,0.519,0.503,0.558,0.646,"RNA"
"THOC5",-0.272,-0.294,-0.262,-0.0339,0.0753,-0.0414,-0.294,-0.211,-0.217,-0.378,-0.383,-0.396,-0.5,-0.435,-0.434,-0.483,-0.442,-0.518,-0.525,-0.536,-0.538,"RNA"
"DOCK1",2.2,2.24,2.23,-0.134,0.00328,0.131,-0.404,-0.207,-0.168,-0.599,-0.399,-0.563,-0.998,-0.84,-0.911,-1.09,-0.754,-0.613,-1.05,-0.613,-0.64,"RNA"
"NID1",2.19,2.14,2.17,-0.0298,-0.127,0.157,-0.273,-0.321,-0.321,-0.0841,-0.235,-0.0339,0.177,0.133,0.123,0.639,0.492,0.392,0.74,0.797,0.654,"RNA"
"ARHGEF9",-0.685,-0.786,-0.791,0.0279,-0.0444,0.0165,0.253,0.272,0.256,0.293,0.436,0.439,0.378,0.441,0.411,0.431,0.574,0.61,0.504,0.561,0.625,"RNA"
"LARP6",-1.07,-1.18,-0.969,-0.237,0.0671,0.169,0.174,0.42,0.442,0.391,0.585,0.498,0.533,0.69,0.706,0.619,0.783,0.701,0.709,0.796,0.75,"RNA"
"DCP1A",-0.733,-1.11,-0.783,-0.0479,0.101,-0.0534,-0.243,-0.164,-0.187,-0.347,-0.243,-0.277,-0.428,-0.448,-0.449,-0.526,-0.55,-0.612,-0.688,-0.612,-0.623,"RNA"
"SNCA",-2.42,-2.31,-2.42,-0.0312,0.00909,0.0221,0.139,0.317,0.352,0.208,0.519,0.579,0.397,0.634,0.55,0.514,0.697,0.665,0.577,0.656,0.682,"RNA"
"GEN1",0.292,0.0967,0.146,-0.0163,0.0491,-0.0328,-0.437,-0.472,-0.345,-0.478,-0.486,-0.459,-0.742,-0.597,-0.744,-0.836,-0.818,-0.552,-0.998,-0.909,-0.775,"RNA"
"ADAM10",0.297,0.206,0.284,0.0378,-0.00305,-0.0348,-0.0754,-0.064,-0.038,-0.244,-0.136,-0.126,-0.351,-0.235,-0.199,-0.531,-0.497,-0.375,-0.661,-0.511,-0.559,"RNA"
"DOC2B",-3.89,-3.6,-3.6,-0.0486,-0.0591,0.108,0.583,0.615,0.52,0.855,0.609,0.683,0.873,0.674,0.686,0.799,0.684,0.604,0.803,0.721,0.769,"RNA"
"PLCB1",-2.85,-2.81,-2.73,-0.141,0.0941,0.0472,0.0622,0.25,0.245,0.246,0.516,0.415,0.122,0.449,0.296,0.423,0.634,0.777,0.401,0.63,0.58,"RNA"
"HK1",-0.615,-0.613,-0.545,-0.0784,0.041,0.0373,-0.0444,0.0579,0.0765,0.0911,0.162,0.247,0.209,0.31,0.349,0.284,0.381,0.367,0.316,0.441,0.48,"RNA"
"RFTN1",0.275,0.248,0.284,0.0643,-0.136,0.0712,-0.275,-0.303,-0.357,-0.146,0.202,0.271,0.807,0.909,0.54,0.567,1.07,0.606,1.28,1.48,1.1,"RNA"
"DDX6",-0.211,-0.342,-0.272,0.0405,0.0219,-0.0624,-0.0769,-0.0282,-0.0691,-0.292,-0.0905,-0.183,-0.387,-0.335,-0.396,-0.479,-0.479,-0.361,-0.612,-0.561,-0.537,"RNA"
"ST7",-2.19,-2.21,-2.16,0.0542,-0.00812,-0.046,-0.203,-0.196,-0.158,-0.345,-0.256,-0.323,-0.503,-0.395,-0.507,-0.572,-0.494,-0.468,-0.684,-0.525,-0.537,"RNA"
"CDK5RAP3",-0.146,-0.0184,-0.125,0.114,-0.0534,-0.0604,0.106,-0.127,-0.322,-0.126,-0.361,-0.392,-0.394,-0.54,-0.564,-0.401,-0.558,-0.635,-0.529,-0.648,-0.654,"RNA"
"PTMA",0.761,0.717,0.711,-0.133,0.0909,0.0421,-0.184,0.0472,0.0274,-0.242,-0.000452,-0.0494,-0.373,-0.193,-0.172,-0.44,-0.228,-0.207,-0.559,-0.375,-0.4,"RNA"
"GRID1",-3.04,-3.04,-2.98,-0.0242,0.0572,-0.033,0.286,0.424,0.314,0.574,0.487,0.561,0.689,0.598,0.579,0.666,0.643,0.558,0.654,0.72,0.719,"RNA"
"MANBA",0.86,0.756,0.815,0.0682,-0.0745,0.00624,0.442,0.361,0.416,0.559,0.613,0.61,0.7,0.734,0.675,0.583,0.807,0.847,0.725,0.942,0.991,"RNA"
"PDE2A",-2.32,-2.23,-2.43,0.0369,-0.0759,0.039,0.000817,-0.111,-0.141,-0.305,-0.385,-0.382,-0.485,-0.579,-0.513,-0.0371,-0.11,-0.205,0.056,-0.0184,0.114,"RNA"
"UTRN",-0.442,-0.641,-0.611,-0.133,-0.00181,0.134,0.556,0.681,0.655,0.676,0.82,0.731,0.544,0.685,0.499,0.531,0.56,0.684,0.383,0.429,0.394,"RNA"
"SH3BP4",0.29,0.111,0.399,-0.0742,-0.029,0.103,-0.771,-0.582,-0.646,-1.04,-0.801,-0.912,-0.82,-0.81,-0.931,-1.1,-0.904,-1.38,-0.886,-0.974,-0.836,"RNA"
"PRKCI",-0.277,-0.284,-0.256,-0.0247,-0.0952,0.12,-0.593,-0.542,-0.505,-0.712,-0.47,-0.501,-0.468,-0.385,-0.305,-0.711,-0.552,-0.512,-0.65,-0.476,-0.458,"RNA"
"PCLO",-2.11,-1.85,-2.2,0.105,-0.089,-0.0164,0.266,0.16,0.201,0.359,0.186,0.397,0.551,0.414,0.502,0.663,0.613,0.758,0.675,0.775,0.898,"RNA"
"SECISBP2",0.279,0.326,0.26,0.000802,0.0298,-0.0306,-0.12,-0.19,-0.14,-0.227,-0.273,-0.321,-0.32,-0.435,-0.387,-0.445,-0.604,-0.649,-0.531,-0.628,-0.546,"RNA"
"CNTNAP5",-3.91,-3.88,-4.03,0.103,0.0266,-0.13,0.957,0.74,0.684,0.938,0.707,0.716,0.682,0.517,0.391,0.597,0.563,0.541,0.401,0.524,0.377,"RNA"
"MAOB",0.267,0.29,0.312,-0.0647,-0.00708,0.0717,0.139,0.283,0.477,0.325,0.496,0.864,0.646,0.903,1.05,0.646,0.986,1.28,0.968,1.14,1.44,"RNA"
"BLMH",-0.212,-0.223,-0.205,-0.0343,0.0408,-0.00647,-0.229,-0.171,-0.108,-0.279,-0.201,-0.186,-0.382,-0.284,-0.31,-0.515,-0.457,-0.328,-0.656,-0.552,-0.552,"RNA"
"MPC2",-0.733,-0.8,-0.724,-0.128,0.0616,0.0662,-0.0605,0.172,0.267,0.0703,0.298,0.343,0.202,0.424,0.468,0.305,0.514,0.562,0.402,0.594,0.567,"RNA"
"ACTA2",0.562,0.503,0.599,0.0216,-0.303,0.282,-0.68,-0.67,-0.691,-0.754,-0.76,-0.692,-0.768,-0.753,-0.778,-0.763,-0.738,-0.792,-0.765,-0.721,-0.73,"RNA"
"CELF1",0.267,0.175,0.241,0.0608,-0.093,0.0322,0.0168,-0.135,-0.119,-0.0759,-0.226,-0.226,-0.132,-0.361,-0.344,-0.309,-0.453,-0.53,-0.385,-0.591,-0.554,"RNA"
"OXCT1",-0.477,-0.479,-0.511,-0.0531,0.0567,-0.00354,0.0892,0.22,0.261,0.202,0.51,0.462,0.423,0.65,0.616,0.329,0.627,0.752,0.426,0.7,0.642,"RNA"
"UBE2G1",0.0567,-0.0579,0.0399,-0.0695,0.0915,-0.022,-0.205,-0.0682,-0.0393,-0.269,-0.22,-0.269,-0.481,-0.402,-0.357,-0.49,-0.458,-0.396,-0.593,-0.489,-0.584,"RNA"
"NUMA1",0.189,0.105,0.134,0.0825,-0.0611,-0.0214,0.0213,-0.134,-0.209,-0.117,-0.39,-0.331,-0.245,-0.492,-0.437,-0.229,-0.49,-0.589,-0.401,-0.613,-0.627,"RNA"
"PRRC1",0.198,-0.0605,0.153,-0.0748,0.105,-0.0306,-0.236,-0.278,-0.192,-0.257,-0.263,-0.388,-0.464,-0.466,-0.529,-0.612,-0.715,-0.646,-0.686,-0.644,-0.739,"RNA"
"EEF1A1",0.745,0.687,0.715,-0.0559,0.0517,0.00418,-0.313,-0.19,-0.175,-0.351,-0.22,-0.271,-0.508,-0.356,-0.395,-0.593,-0.357,-0.376,-0.697,-0.431,-0.423,"RNA"
"TOM1L1",1.82,1.83,1.9,0.13,-0.16,0.0297,0.67,0.567,0.481,1.07,1.25,1.15,1.11,1.35,1.13,0.942,1.38,1.44,1.03,1.38,1.28,"RNA"
"CDC20",4.41,4.27,4.37,-0.00114,-0.216,0.218,-0.728,-0.584,-0.681,-0.767,-0.735,-0.743,-0.764,-0.852,-0.799,-0.795,-0.833,-0.866,-0.812,-0.781,-0.85,"RNA"
"RP2",-0.288,-0.425,-0.436,-0.102,0.0426,0.0589,-0.487,-0.462,-0.206,-0.498,-0.281,-0.475,-0.565,-0.586,-0.674,-0.82,-0.863,-0.978,-1.1,-1.01,-0.985,"RNA"
"PHF6",0.163,0.137,0.148,0.0527,-0.0765,0.0238,-0.053,-0.078,0.00332,-0.217,-0.0163,-0.108,-0.402,-0.333,-0.354,-0.55,-0.418,-0.348,-0.675,-0.591,-0.556,"RNA"
"GCAT",1.09,1.14,1.02,0.00202,-0.0329,0.0309,0.0764,0.117,0.171,0.546,0.498,0.617,0.794,0.774,0.829,0.393,0.758,0.593,0.526,0.702,0.644,"RNA"
"ORC6",2.19,1.78,2.04,0.0665,-0.0306,-0.0359,-0.286,-0.401,-0.324,-0.544,-0.544,-0.574,-0.57,-0.677,-0.616,-0.761,-0.712,-0.65,-0.76,-0.737,-0.769,"RNA"
"RPS19",1.09,1.06,1.07,-0.0619,0.0742,-0.0123,-0.336,-0.143,-0.168,-0.361,-0.266,-0.271,-0.478,-0.311,-0.289,-0.659,-0.408,-0.585,-0.764,-0.468,-0.55,"RNA"
"ASPM",4.03,3.75,3.94,-0.0575,-0.271,0.329,-0.855,-0.701,-0.977,-1.02,-0.961,-0.935,-0.995,-1.08,-1.06,-0.95,-0.985,-1.1,-1.16,-1.1,-1.14,"RNA"
"STAG1",0.185,0.151,0.168,-0.0348,0.0718,-0.037,0.0357,0.0661,0.142,-0.0195,0.0251,-0.0426,-0.206,-0.101,-0.185,-0.392,-0.437,-0.248,-0.573,-0.593,-0.596,"RNA"
"CIAO2A",0.775,0.745,0.776,-0.115,0.0668,0.0481,-0.201,-0.181,-0.0802,-0.42,-0.247,-0.317,-0.592,-0.452,-0.535,-0.661,-0.454,-0.465,-0.704,-0.58,-0.58,"RNA"
"DIP2C",-1.25,-1.42,-1.27,0.0642,-0.0046,-0.0596,0.402,0.323,0.245,0.59,0.406,0.491,0.598,0.425,0.499,0.625,0.475,0.483,0.539,0.528,0.582,"RNA"
"TMEM35A",-3.13,-3.24,-3.22,-0.0725,0.0821,-0.00958,0.187,0.359,0.428,0.322,0.549,0.53,0.31,0.529,0.443,0.476,0.619,0.654,0.435,0.518,0.54,"RNA"
"SON",0.0981,-0.0339,0.0813,0.18,-0.0268,-0.154,-0.0985,-0.0405,-0.273,-0.241,-0.315,-0.366,-0.47,-0.507,-0.523,-0.496,-0.607,-0.561,-0.693,-0.679,-0.686,"RNA"
"PHF24",-2.13,-2.04,-2.1,-0.41,0.073,0.337,0.0827,0.658,0.86,0.564,0.609,0.996,1.11,1.06,1.24,1.68,1.58,1.63,1.98,1.73,1.94,"RNA"
"KDR",4.24,3.74,4.15,0.0617,-0.247,0.185,-0.665,-0.61,-0.658,-0.693,-0.694,-0.614,-0.758,-0.726,-0.736,-0.772,-0.761,-0.815,-0.802,-0.704,-0.739,"RNA"
"UGCG",-0.601,-0.789,-0.617,-0.0531,-0.00261,0.0557,0.159,0.246,0.364,0.274,0.606,0.737,0.574,0.947,1.03,0.332,0.633,0.724,0.418,0.835,0.842,"RNA"
"PDE4D",-3.07,-2.81,-2.89,0.0543,-0.0401,-0.0142,0.499,0.422,0.475,0.515,0.627,0.467,0.492,0.525,0.453,0.611,0.584,0.662,0.605,0.564,0.509,"RNA"
"APOH",-0.00898,-0.00898,-0.00898,0.00568,0.0033,-0.00898,0.455,0.309,0.158,0.929,0.593,0.413,0.999,0.775,0.523,1.08,1.02,0.758,1.15,1.25,0.7,"RNA"
"EIF4G2",-0.452,-0.524,-0.448,-0.0444,0.0763,-0.0319,-0.171,-0.0866,-0.0369,-0.191,-0.0466,-0.13,-0.264,-0.16,-0.177,-0.439,-0.361,-0.303,-0.546,-0.554,-0.554,"RNA"
"USP35",-1.47,-1.57,-1.43,-0.0101,-0.149,0.159,0.278,0.288,0.374,0.532,0.446,0.538,0.675,0.61,0.652,0.684,0.735,0.62,0.784,0.756,0.762,"RNA"
"FBXL2",-2.98,-2.93,-2.96,0.0656,-0.137,0.0714,0.298,0.356,0.347,0.408,0.696,0.662,0.74,0.775,0.677,0.618,0.809,0.74,0.716,0.752,0.778,"RNA"
"ATP6V0D1",-0.835,-0.853,-0.831,-0.0555,0.0653,-0.00984,0.0159,0.153,0.163,0.24,0.326,0.284,0.423,0.472,0.442,0.408,0.568,0.364,0.496,0.591,0.572,"RNA"
"CEP41",-1.43,-1.34,-1.39,0.000518,-0.0148,0.0143,-0.166,-0.101,-0.164,-0.372,-0.186,-0.238,-0.464,-0.452,-0.499,-0.532,-0.499,-0.524,-0.628,-0.534,-0.467,"RNA"
"AGMAT",2.66,2.69,2.59,-0.0726,-0.0193,0.0919,0.219,0.283,0.284,0.26,0.306,0.385,0.365,0.386,0.489,0.478,0.675,0.854,0.779,0.894,0.858,"RNA"
"LRP12",-1.62,-1.84,-1.75,-0.12,0.148,-0.0282,-0.256,-0.183,-0.125,-0.362,-0.246,-0.248,-0.539,-0.44,-0.466,-0.668,-0.592,-0.367,-0.81,-0.603,-0.681,"RNA"
"MYCBP",1.47,1.49,1.57,-0.181,0.0102,0.171,-0.571,-0.348,-0.38,-0.744,-0.606,-0.45,-0.941,-0.793,-0.895,-1.01,-1.03,-0.7,-1.12,-1.19,-0.976,"RNA"
"KIF11",3.67,3.49,3.6,0.0188,-0.195,0.176,-0.729,-0.869,-0.759,-0.847,-0.776,-0.756,-0.79,-0.787,-0.943,-0.916,-0.871,-1.05,-0.993,-0.944,-0.987,"RNA"
"LSM14A",0.767,0.73,0.774,-0.0447,0.0544,-0.00975,-0.161,-0.095,-0.0725,-0.259,-0.198,-0.161,-0.337,-0.313,-0.342,-0.462,-0.362,-0.367,-0.568,-0.467,-0.464,"RNA"
"NAA20",0.0802,0.0565,0.0264,-0.0825,0.0866,-0.00414,0.0332,0.211,0.302,0.266,0.495,0.497,0.39,0.666,0.713,0.367,0.603,0.658,0.496,0.685,0.626,"RNA"
"FGD4",-0.691,-1.14,-0.87,-0.0549,0.0914,-0.0365,-0.159,-0.28,-0.124,-0.228,-0.182,-0.312,-0.406,-0.416,-0.432,-0.521,-0.537,-0.516,-0.627,-0.632,-0.567,"RNA"
"GDNF",-1.44,-1.14,-1.38,0.235,0.0945,-0.33,0.805,0.767,0.339,0.541,0.272,-0.0212,-0.123,-0.226,-0.552,-0.277,-0.481,-0.651,-0.672,-0.872,-0.972,"RNA"
"NKRF",0.0942,-0.0409,0.143,0.046,0.0529,-0.0989,0.397,0.415,0.449,0.511,0.726,0.602,0.561,0.71,0.666,0.643,0.736,0.812,0.64,0.723,0.763,"RNA"
"RAB4A",-0.737,-0.806,-0.788,-0.106,0.0769,0.0291,0.0331,0.201,0.271,0.236,0.421,0.379,0.379,0.651,0.601,0.357,0.569,0.5,0.456,0.713,0.517,"RNA"
"CRYL1",-1.29,-1.17,-1.34,-0.0516,-0.029,0.0807,0.263,0.706,0.628,0.604,0.71,0.788,0.769,1.01,0.925,0.744,1.07,0.802,0.854,1.12,0.975,"RNA"
"ABAT",-0.865,-0.824,-0.863,-0.285,0.103,0.182,-0.284,-0.177,-0.168,-0.0213,0.097,0.0337,0.199,0.374,0.245,0.589,0.601,0.505,0.692,0.674,0.585,"RNA"
"ZFYVE9",-0.187,-0.233,-0.166,-0.0469,0.0484,-0.00148,0.185,0.286,0.35,0.353,0.441,0.451,0.446,0.485,0.571,0.382,0.47,0.516,0.406,0.457,0.511,"RNA"
"GLRX",-2.12,-2.15,-2.05,-0.145,0.0612,0.0841,-0.403,-0.246,-0.166,-0.477,-0.243,-0.177,-0.57,-0.29,-0.355,-0.678,-0.488,-0.411,-0.714,-0.484,-0.581,"RNA"
"RALB",-0.973,-0.902,-0.781,-0.134,0.0868,0.0473,-0.0532,0.218,0.179,0.146,0.414,0.455,0.379,0.586,0.615,0.246,0.542,0.695,0.294,0.671,0.633,"RNA"
"ITGA3",-0.779,-0.721,-0.758,-0.114,-0.0849,0.199,0.176,0.177,0.22,0.669,0.603,0.777,1.14,0.91,1.05,0.541,0.513,0.224,0.696,0.628,0.688,"RNA"
"PLXNB1",0.667,0.615,0.652,0.117,-0.063,-0.0536,0.572,0.308,0.127,0.564,0.165,0.158,0.306,-0.041,-0.0821,0.11,-0.209,-0.399,-0.109,-0.42,-0.45,"RNA"
"PCBP3",-1.04,-0.953,-0.958,0.278,-0.201,-0.0772,0.339,0.129,-0.0334,0.359,-0.0169,0.076,0.609,0.2,0.262,0.81,0.539,0.351,0.893,0.662,0.746,"RNA"
"ILF2",0.784,0.75,0.78,-0.0907,0.0682,0.0226,-0.215,-0.0676,-0.00455,-0.239,-0.0732,-0.138,-0.327,-0.137,-0.167,-0.509,-0.354,-0.316,-0.551,-0.457,-0.509,"RNA"
"LYPLA1",0.325,0.3,0.324,-0.0672,0.0213,0.0458,-0.329,-0.244,-0.176,-0.455,-0.211,-0.193,-0.387,-0.253,-0.222,-0.634,-0.412,-0.411,-0.638,-0.453,-0.478,"RNA"
"TMEM9",-0.377,-0.315,-0.364,-0.0562,-0.00576,0.062,-0.0481,0.126,0.156,0.0755,0.125,0.188,0.198,0.287,0.294,0.237,0.485,0.413,0.399,0.539,0.525,"RNA"
"PCNA",2.39,2.37,2.39,-0.0883,0.0217,0.0666,-0.4,-0.357,-0.279,-0.512,-0.366,-0.43,-0.689,-0.545,-0.639,-0.765,-0.672,-0.517,-0.801,-0.594,-0.801,"RNA"
"EPHA5",-3.87,-3.99,-3.94,-0.0613,-0.126,0.187,0.711,0.677,0.928,0.718,0.86,1.07,0.794,0.828,0.969,0.862,1.02,1.23,0.902,1.03,1.08,"RNA"
"RAF1",0.122,-0.000601,0.0971,-0.0155,0.0272,-0.0117,-0.00989,-0.0234,0.015,-0.0525,-0.0915,-0.11,-0.19,-0.233,-0.262,-0.266,-0.332,-0.38,-0.425,-0.488,-0.456,"RNA"
"PCSK1",-4.35,-4.27,-4.39,-0.0792,0.253,-0.174,-0.83,-0.614,-0.971,-0.717,-0.223,-0.567,0.559,0.545,0.633,-0.0209,0.25,-0.187,0.52,0.551,0.411,"RNA"
"NUP62",1.02,0.917,1.06,-0.0157,0.0212,-0.00543,-0.166,-0.0126,-0.13,-0.25,-0.245,-0.257,-0.307,-0.378,-0.367,-0.511,-0.507,-0.545,-0.634,-0.53,-0.561,"RNA"
"SGIP1",-4.12,-4.05,-4.09,0.0799,-0.0357,-0.0442,0.233,0.103,0.218,0.331,0.275,0.3,0.428,0.428,0.435,0.493,0.56,0.61,0.496,0.677,0.579,"RNA"
"ETFDH",0.148,0.11,0.201,-0.0147,-0.0176,0.0323,0.273,0.201,0.233,0.349,0.474,0.426,0.471,0.524,0.641,0.616,0.64,0.646,0.641,0.675,0.605,"RNA"
"CEND1",-2.27,-2.1,-2.13,-0.151,-0.0194,0.17,-0.222,0.089,-0.0274,0.0116,-0.00793,0.194,0.325,0.337,0.444,0.481,0.667,0.367,0.667,0.794,0.789,"RNA"
"AURKB",3.98,3.78,3.94,-0.102,-0.114,0.215,-0.602,-0.539,-0.511,-0.577,-0.55,-0.576,-0.591,-0.576,-0.602,-0.56,-0.591,-0.602,-0.575,-0.602,-0.571,"RNA"
"BTBD8",-3.28,-3.22,-3.21,-0.0783,0.0141,0.0642,0.109,0.142,0.248,0.196,0.51,0.399,0.355,0.545,0.54,0.36,0.555,0.662,0.46,0.584,0.654,"RNA"
"RBM20",-3.74,-3.64,-3.68,-0.272,0.0283,0.244,-0.922,-0.577,-0.365,-1.17,-1.07,-0.8,-1.08,-1.3,-0.987,-1.23,-1.32,-1.21,-1.27,-1.4,-1.1,"RNA"
"DNAJC5",-0.878,-0.867,-0.91,-0.104,0.0831,0.0213,0.046,0.224,0.268,0.262,0.312,0.321,0.357,0.439,0.476,0.383,0.511,0.42,0.45,0.532,0.575,"RNA"
"PLCG2",1.67,1.72,1.55,-0.0734,-0.0107,0.0842,-0.0821,0.0695,0.0451,-0.176,-0.0818,-0.00899,0.0654,0.0864,-0.195,0.46,0.537,0.565,0.7,0.753,0.821,"RNA"
"ADAP1",-2.95,-2.82,-2.65,-0.145,0.0729,0.072,0.00729,0.263,0.276,0.32,0.379,0.355,0.541,0.605,0.61,0.463,0.712,0.44,0.646,0.751,0.695,"RNA"
"FMNL2",-0.622,-0.609,-0.496,0.124,-0.167,0.0424,0.103,-0.00455,-0.108,-0.19,-0.125,-0.14,-0.293,-0.412,-0.416,-0.479,-0.564,-0.438,-0.546,-0.724,-0.607,"RNA"
"CHODL",-3.71,-3.6,-3.57,-0.354,0.202,0.152,-0.945,-0.242,0.156,-1.16,-0.582,-0.404,-1.42,-0.944,-0.834,-1.2,-0.637,-0.595,-1.28,-1.03,-0.894,"RNA"
"VDAC1",0.0733,0.0908,0.0483,-0.0687,0.0829,-0.0142,-0.0704,0.073,0.167,0.106,0.316,0.297,0.264,0.428,0.419,0.219,0.419,0.452,0.325,0.52,0.499,"RNA"
"NBAS",-0.718,-0.744,-0.682,-0.0365,-0.0154,0.0519,-0.00525,0.136,0.2,0.137,0.418,0.445,0.365,0.615,0.64,0.283,0.625,0.756,0.425,0.673,0.788,"RNA"
"GNG7",-0.519,-0.537,-0.547,-0.0146,0.0153,-0.000699,0.148,0.285,0.164,0.369,0.308,0.293,0.534,0.419,0.379,0.685,0.717,0.522,0.77,0.708,0.687,"RNA"
"ALDH16A1",1.2,1.18,1.17,-0.0976,0.0222,0.0754,-0.481,-0.244,-0.386,-0.566,-0.578,-0.515,-0.594,-0.614,-0.583,-0.693,-0.561,-0.738,-0.865,-0.847,-0.717,"RNA"
"NANS",0.448,0.409,0.413,-0.141,0.104,0.0368,-0.0229,0.0757,0.168,0.216,0.339,0.303,0.444,0.522,0.623,0.286,0.499,0.422,0.438,0.57,0.639,"RNA"
"SELENOM",-1,-0.86,-0.94,-0.194,-0.0109,0.205,-0.282,0.0285,0.134,-0.0938,0.0248,-0.00183,0.00826,0.287,0.278,0.392,0.714,0.415,0.653,0.815,0.785,"RNA"
"MYO6",-1.03,-1.02,-1.09,0.174,-0.072,-0.102,0.0304,-0.412,-0.325,-0.181,-0.59,-0.55,-0.288,-0.67,-0.666,-0.239,-0.764,-0.73,-0.367,-0.642,-0.76,"RNA"
"TRIM32",-0.337,-0.598,-0.411,-0.0497,0.0548,-0.00504,0.255,0.424,0.458,0.416,0.556,0.608,0.428,0.586,0.557,0.45,0.574,0.588,0.454,0.517,0.544,"RNA"
"ACTN2",0.104,0.558,0.293,-0.00921,0.0409,-0.0317,0.0704,-0.0447,0.00619,0.15,0.122,0.257,0.675,0.358,0.441,0.829,0.581,0.803,1,0.82,0.691,"RNA"
"ACHE",-3.7,-3.76,-3.82,-0.00667,-0.0757,0.0824,0.098,0.199,0.167,0.341,0.298,0.425,0.748,0.579,0.659,0.615,0.698,0.364,0.744,0.752,0.85,"RNA"
"RALY",-0.226,-0.231,-0.233,-0.0654,0.0783,-0.0129,-0.311,-0.2,-0.213,-0.373,-0.382,-0.381,-0.388,-0.4,-0.413,-0.569,-0.42,-0.575,-0.592,-0.501,-0.586,"RNA"
"LRCH2",-1.61,-1.82,-1.61,0.0754,-0.111,0.0358,0.0949,-0.0105,0.0241,-0.176,-0.0438,-0.0859,-0.284,-0.24,-0.284,-0.443,-0.379,-0.413,-0.523,-0.635,-0.628,"RNA"
"MTMR12",0.613,0.413,0.613,-0.0262,0.0517,-0.0256,-0.241,-0.243,-0.269,-0.311,-0.354,-0.373,-0.432,-0.506,-0.565,-0.527,-0.574,-0.476,-0.629,-0.621,-0.574,"RNA"
"MARCKSL1",-0.32,-0.339,-0.323,-0.0742,0.0553,0.019,-0.0443,0.101,-0.00652,-0.0518,-0.187,-0.0728,-0.153,-0.294,-0.214,-0.377,-0.395,-0.543,-0.58,-0.64,-0.611,"RNA"
"SYK",-3.04,-3.07,-3.1,-0.28,0.0818,0.198,-0.249,0.014,0.123,-0.235,-0.0463,-0.0263,-0.351,-0.226,-0.24,-0.55,-0.376,-0.359,-0.78,-0.604,-0.664,"RNA"
"RPS13",0.78,0.768,0.791,-0.0678,0.0866,-0.0189,-0.324,-0.12,-0.147,-0.333,-0.141,-0.231,-0.418,-0.236,-0.269,-0.55,-0.36,-0.387,-0.645,-0.435,-0.478,"RNA"
"RASSF5",-2.26,-1.93,-2.12,-0.0448,-0.0114,0.0562,0.223,0.179,0.0706,0.368,0.212,0.417,0.64,0.55,0.714,0.444,0.465,0.518,0.658,0.732,0.656,"RNA"
"CCNT2",-0.216,-0.384,-0.369,-0.0486,0.0622,-0.0135,-0.137,-0.221,-0.123,-0.24,-0.171,-0.274,-0.428,-0.436,-0.456,-0.409,-0.518,-0.415,-0.57,-0.557,-0.656,"RNA"
"EVI5L",-1.47,-1.4,-1.36,-0.0869,-0.00451,0.0914,0.131,0.246,0.283,0.301,0.241,0.285,0.398,0.354,0.428,0.518,0.621,0.429,0.647,0.654,0.7,"RNA"
"EIF4A1",1.07,0.99,1.07,-0.085,0.0999,-0.0149,-0.26,-0.111,-0.0727,-0.231,-0.12,-0.172,-0.25,-0.151,-0.115,-0.483,-0.366,-0.442,-0.568,-0.532,-0.606,"RNA"
"HEXB",1.09,0.989,1.08,-0.112,-0.0893,0.201,-0.019,0.155,0.242,0.244,0.605,0.651,0.689,0.801,0.853,0.265,0.653,0.604,0.554,0.759,0.749,"RNA"
"CCNL2",-0.214,-0.381,-0.276,0.0389,0.0205,-0.0595,0.121,-0.0113,-0.1,0.00198,-0.121,-0.183,-0.175,-0.264,-0.333,-0.23,-0.381,-0.436,-0.423,-0.552,-0.711,"RNA"
"MEX3C",0.199,-0.317,0.115,-0.113,0.106,0.00657,-0.188,-0.111,-0.0864,-0.206,-0.169,-0.153,-0.302,-0.277,-0.307,-0.476,-0.47,-0.593,-0.588,-0.555,-0.549,"RNA"
"LRCH3",-0.344,-0.451,-0.262,0.0256,0.0436,-0.0692,-0.0736,-0.197,-0.147,-0.15,-0.263,-0.27,-0.277,-0.395,-0.358,-0.331,-0.502,-0.466,-0.509,-0.618,-0.645,"RNA"
"PTDSS1",0.223,0.152,0.252,-0.0728,0.0166,0.0561,0.0222,0.16,0.257,0.175,0.398,0.366,0.423,0.493,0.576,0.288,0.451,0.539,0.328,0.48,0.492,"RNA"
"UBE2I",0.385,0.388,0.428,-0.0782,0.0635,0.0148,-0.147,-0.0272,-0.0971,-0.181,-0.243,-0.24,-0.341,-0.346,-0.313,-0.449,-0.403,-0.445,-0.524,-0.48,-0.499,"RNA"
"ZIC5",4.24,4.2,4.14,0.0996,0.00037,-0.0999,-0.525,-0.503,-0.564,-0.545,-0.575,-0.596,-0.584,-0.596,-0.596,-0.526,-0.585,-0.596,-0.596,-0.581,-0.52,"RNA"
"GAB1",0.044,-0.111,0.0806,0.0803,-0.199,0.119,-0.21,-0.377,-0.325,-0.508,-0.482,-0.505,-0.65,-0.694,-0.721,-0.65,-0.752,-0.848,-0.666,-0.796,-0.724,"RNA"
"NELL1",-4.91,-4.92,-4.82,-0.362,0.164,0.198,0.377,0.732,0.834,0.192,0.551,0.599,-0.0293,0.3,0.391,0.0194,0.4,0.491,-0.0286,0.282,0.439,"RNA"
"BZW2",-0.985,-0.965,-0.92,-0.114,0.0489,0.0647,-0.286,-0.157,-0.023,-0.361,-0.198,-0.183,-0.466,-0.301,-0.233,-0.659,-0.466,-0.291,-0.728,-0.484,-0.518,"RNA"
"RAC3",0.572,0.512,0.559,-0.196,0.0338,0.162,0.247,0.476,0.475,0.571,0.628,0.677,0.82,0.813,0.844,0.677,0.892,0.643,0.735,0.813,0.685,"RNA"
"OBSL1",0.468,0.492,0.52,0.0765,-0.0814,0.0049,0.4,0.343,0.208,0.597,0.366,0.394,0.702,0.53,0.516,0.77,0.741,0.488,0.677,0.634,0.549,"RNA"
"MARK1",-1.01,-1.2,-0.999,0.0704,-0.0906,0.0202,0.296,0.219,0.252,0.424,0.389,0.462,0.491,0.526,0.556,0.419,0.522,0.566,0.495,0.588,0.562,"RNA"
"EPHA4",-1.05,-1.51,-1.01,-0.128,0.151,-0.0232,0.692,0.889,1.26,0.745,1.01,1.19,-0.0458,0.526,0.546,0.422,0.546,0.769,-0.0593,0.015,0.309,"RNA"
"TYMS",2.48,2.43,2.47,0.112,-0.178,0.0657,-0.895,-0.678,-0.981,-0.899,-0.946,-0.997,-0.996,-0.972,-0.923,-1.06,-0.955,-1.08,-1.01,-0.908,-0.809,"RNA"
"CADM2",-1.66,-1.74,-1.67,0.194,-0.125,-0.0687,0.518,0.0802,0.381,0.704,0.384,0.611,0.824,0.542,0.651,0.937,0.675,0.757,0.882,0.756,0.618,"RNA"
"APPL2",0.0575,0.0839,0.0665,0.102,-0.00165,-0.1,0.077,-0.182,-0.134,-0.119,-0.276,-0.33,-0.401,-0.556,-0.672,-0.336,-0.699,-0.866,-0.526,-0.819,-0.843,"RNA"
"GLUL",0.61,0.419,0.618,-0.108,0.21,-0.102,-0.263,-0.227,-0.262,-0.278,-0.315,-0.424,-0.468,-0.373,-0.478,-0.651,-0.675,-0.724,-0.811,-0.787,-0.924,"RNA"
"CD2AP",1.4,1.26,1.41,0.166,-0.0151,-0.151,-0.184,-0.596,-0.537,-0.54,-0.561,-0.667,-0.546,-0.728,-0.778,-0.637,-0.787,-1,-0.65,-0.787,-0.723,"RNA"
"F2R",-1.13,-1.12,-1.08,-0.0803,-0.0496,0.13,-0.345,-0.22,-0.132,-0.463,-0.234,-0.253,-0.472,-0.412,-0.553,-0.62,-0.505,-0.605,-0.743,-0.632,-0.648,"RNA"
"CPD",0.247,0.162,0.213,-0.0226,0.00287,0.0197,0.148,0.197,0.314,0.246,0.389,0.367,0.285,0.43,0.456,0.351,0.492,0.583,0.419,0.6,0.649,"RNA"
"LRIG1",2.43,2.18,2.4,-0.0045,-0.139,0.143,-0.254,-0.188,-0.143,-0.49,-0.554,-0.495,-0.738,-0.961,-0.863,-0.67,-0.696,-0.611,-0.692,-0.779,-0.578,"RNA"
"ECM1",-1.18,-1.24,-1.36,-0.00537,-0.026,0.0314,0.345,0.656,0.572,1.13,1.28,1.62,1.54,1.83,1.58,0.603,1.12,0.384,0.657,1.27,1.2,"RNA"
"STAMBPL1",-0.836,-0.836,-0.718,-0.0846,0.0059,0.0787,0.392,0.467,0.522,0.661,0.827,0.908,0.685,0.947,1.05,0.29,0.697,0.838,0.321,0.679,0.736,"RNA"
"PPIC",0.849,0.909,0.808,-0.266,-0.00671,0.273,-0.314,-0.117,0.0358,-0.185,0.068,0.189,0.153,0.361,0.367,0.371,0.793,0.829,0.697,0.834,0.952,"RNA"
"UQCRQ",0.183,0.237,0.208,-0.124,0.108,0.0163,-0.0349,0.241,0.264,0.246,0.426,0.393,0.356,0.572,0.543,0.387,0.64,0.738,0.441,0.717,0.51,"RNA"
"VANGL2",-0.433,-0.487,-0.422,0.0377,-0.00926,-0.0284,0.119,0.171,0.0323,0.0137,-0.175,-0.075,-0.217,-0.36,-0.36,-0.26,-0.413,-0.544,-0.519,-0.579,-0.472,"RNA"
"TTC38",1.9,1.85,1.91,-0.0176,0.0106,0.007,0.21,0.276,0.122,0.544,0.53,0.428,0.409,0.604,0.389,0.77,0.834,0.684,0.829,0.845,0.764,"RNA"
"PLS3",3.25,3.23,3.09,-0.136,-0.0193,0.155,-0.992,-0.626,-0.679,-0.98,-0.772,-0.763,-0.974,-0.782,-1.03,-0.887,-0.612,-0.468,-0.605,-0.487,-0.419,"RNA"
"MAD2L1",2.82,2.77,2.79,-0.0716,-0.051,0.123,-0.78,-0.684,-0.614,-0.904,-0.83,-0.846,-0.939,-0.728,-0.796,-0.956,-0.908,-0.68,-0.935,-0.584,-0.835,"RNA"
"LDHA",0.658,0.627,0.715,-0.0946,0.066,0.0286,-0.0433,0.181,0.265,0.176,0.447,0.558,0.449,0.638,0.847,0.211,0.49,0.599,0.297,0.576,0.634,"RNA"
"ARL1",0.434,0.403,0.462,-0.104,0.0654,0.0389,-0.0195,0.0586,0.134,0.0673,0.328,0.25,0.27,0.46,0.446,0.259,0.456,0.551,0.411,0.562,0.551,"RNA"
"MPDU1",0.676,0.613,0.654,-0.0897,0.124,-0.0345,-0.174,-0.0263,-0.0419,-0.111,-0.157,-0.0975,-0.169,-0.107,-0.0852,-0.55,-0.391,-0.451,-0.633,-0.612,-0.594,"RNA"
"SPC24",3.28,3.33,3.28,-0.0373,-0.137,0.174,-0.462,-0.515,-0.475,-0.509,-0.455,-0.483,-0.547,-0.547,-0.533,-0.533,-0.482,-0.547,-0.547,-0.547,-0.531,"RNA"
"JARID2",1.16,1.16,1.21,-0.0437,-0.0169,0.0606,-0.0986,-0.00778,0.0552,-0.249,-0.187,-0.216,-0.41,-0.37,-0.361,-0.397,-0.377,-0.476,-0.464,-0.566,-0.465,"RNA"
"UNC13A",0.0449,0.0181,0.0863,0.106,-0.0862,-0.0198,0.0784,0.0541,-0.0611,0.272,0.151,0.358,0.608,0.461,0.516,0.453,0.383,0.288,0.516,0.409,0.438,"RNA"
"CNN2",1.41,1.42,1.48,-0.0122,0.00875,0.00345,-0.354,-0.19,-0.398,-0.302,-0.41,-0.328,-0.572,-0.531,-0.61,-0.649,-0.641,-0.926,-0.906,-0.694,-0.837,"RNA"
"FOXO1",4.18,3.7,3.99,-0.0115,0.0234,-0.0119,0.0512,0.0667,-0.00675,0.306,0.276,0.349,0.504,0.579,0.687,0.425,0.656,0.685,0.556,0.785,0.878,"RNA"
"ATR",0.351,0.339,0.331,-0.00306,-0.00215,0.00521,0.0898,0.104,0.209,0.248,0.475,0.48,0.456,0.69,0.765,0.319,0.533,0.665,0.422,0.665,0.693,"RNA"
"KCTD15",0.382,0.407,0.363,-0.0706,-0.0212,0.0918,-0.0963,-0.0623,-0.213,-0.304,-0.309,-0.324,-0.388,-0.44,-0.429,-0.59,-0.5,-0.646,-0.652,-0.562,-0.595,"RNA"
"HMOX2",-0.555,-0.543,-0.527,-0.144,0.0395,0.104,-0.0112,0.137,0.255,0.226,0.312,0.377,0.396,0.5,0.621,0.364,0.575,0.467,0.484,0.577,0.553,"RNA"
"SFRP2",4.59,4.67,4.68,-0.192,-0.143,0.335,-0.611,-0.138,0.0855,-0.764,-0.721,-0.641,-1.05,-0.935,-0.953,-0.943,-1.01,-1.12,-1.06,-0.967,-0.982,"RNA"
"NUP160",1.3,1.19,1.28,-0.0877,0.143,-0.0552,-0.0675,-0.179,-0.0329,-0.09,-0.0757,-0.16,-0.274,-0.263,-0.36,-0.429,-0.657,-0.675,-0.728,-0.812,-0.862,"RNA"
"OSTF1",0.0644,-0.0253,-0.0275,0.0596,-0.111,0.0511,-0.0974,-0.0688,-0.0292,0.112,0.241,0.381,0.528,0.701,0.722,0.322,0.577,0.702,0.566,0.669,0.7,"RNA"
"PEG10",-1.42,-1.45,-1.33,0.18,-0.00671,-0.173,-0.167,-0.232,-0.389,-0.284,-0.431,-0.392,-0.288,-0.462,-0.487,-0.38,-0.608,-0.59,-0.434,-0.71,-0.64,"RNA"
"TMA7",0.186,0.212,0.192,-0.17,0.13,0.0394,-0.0669,0.149,0.217,-0.121,0.101,0.0903,-0.274,-0.0841,-0.145,-0.418,-0.23,-0.297,-0.626,-0.387,-0.586,"RNA"
"ARID2",0.319,-0.0298,0.219,-0.0651,0.0209,0.0442,0.0632,0.00316,0.0804,-0.0508,-0.0137,-0.0601,-0.255,-0.22,-0.164,-0.332,-0.34,-0.262,-0.473,-0.414,-0.41,"RNA"
"SUCLG2",2.72,2.73,2.74,-0.152,0.062,0.0898,-0.514,-0.367,-0.41,-0.649,-0.541,-0.487,-0.614,-0.676,-0.689,-0.789,-0.695,-0.61,-0.743,-0.656,-0.73,"RNA"
"NTMT1",0.24,0.263,0.265,-0.0526,0.0625,-0.0099,0.344,0.386,0.388,0.717,0.79,0.804,0.875,1.18,1.26,0.313,0.786,0.781,0.405,1.04,0.808,"RNA"
"STK26",3.47,3.48,3.52,-0.155,-0.0831,0.238,-0.574,-0.349,-0.359,-0.915,-0.649,-0.72,-0.868,-0.683,-0.754,-0.981,-0.755,-1.04,-0.975,-0.773,-0.863,"RNA"
"FABP3",0.208,0.286,0.295,-0.167,0.178,-0.011,-0.288,-0.169,-0.203,-0.034,0.0824,-0.141,0.828,0.723,0.261,1.1,1.18,0.583,1.51,1.12,1.11,"RNA"
"FLNA",2.49,2.47,2.54,0.225,-0.21,-0.0152,-0.0478,-0.315,-0.461,-0.18,-0.509,-0.504,-0.281,-0.684,-0.763,-0.524,-0.826,-1.34,-0.679,-1.16,-1.15,"RNA"
"TIMP2",-1.71,-1.75,-1.66,0.022,-0.0591,0.0371,-0.21,-0.0831,-0.0606,-0.0828,-0.141,0.169,0.242,0.161,0.27,0.333,0.313,0.344,0.503,0.631,0.794,"RNA"
"SLC29A1",1.78,1.75,1.79,-0.106,-0.0367,0.143,-0.515,-0.274,-0.317,-0.553,-0.542,-0.491,-0.502,-0.446,-0.428,-0.144,-0.0342,-0.135,-0.0581,0.163,0.218,"RNA"
"PCYOX1L",-0.849,-0.576,-0.81,-0.0342,-0.0424,0.0766,-0.0732,0.00631,-0.105,-0.0135,0.00491,0.0364,0.141,0.151,0.192,0.236,0.346,0.371,0.358,0.543,0.593,"RNA"
"ADGRL1",0.481,0.373,0.472,0.186,-0.154,-0.0322,0.513,0.295,0.207,0.695,0.166,0.371,0.945,0.382,0.587,0.979,0.581,0.464,0.989,0.679,0.811,"RNA"
"MAP4K5",-0.901,-0.977,-0.973,-0.0278,0.0217,0.00609,-0.016,-0.0253,0.00614,-0.146,-0.12,-0.154,-0.259,-0.252,-0.309,-0.294,-0.411,-0.296,-0.466,-0.494,-0.588,"RNA"
"STOM",1.34,1.25,1.44,-0.0956,-0.0434,0.139,0.131,0.236,0.36,0.276,0.473,0.629,0.648,0.955,1.23,0.376,0.625,0.707,0.51,0.892,0.941,"RNA"
"PTTG1",3,2.94,2.99,-0.0981,-0.121,0.219,-0.814,-0.638,-0.732,-0.815,-0.77,-0.774,-0.911,-0.855,-0.812,-0.943,-0.993,-1.22,-0.954,-0.922,-1.02,"RNA"
"PDCD4",-0.664,-0.601,-0.654,0.0224,0.115,-0.137,-0.267,-0.424,-0.416,-0.703,-0.698,-0.656,-1.16,-0.941,-1.19,-0.838,-0.839,-0.568,-0.954,-0.644,-0.651,"RNA"
"RBM8A",-0.0675,-0.0842,-0.112,-0.105,0.111,-0.006,-0.284,-0.121,-0.0933,-0.363,-0.27,-0.273,-0.495,-0.328,-0.327,-0.549,-0.427,-0.323,-0.577,-0.513,-0.511,"RNA"
"RILPL1",-0.911,-0.664,-0.825,-0.0614,0.0114,0.05,0.343,0.365,0.258,0.295,0.409,0.447,0.723,0.653,0.681,0.576,0.712,0.483,0.729,0.746,0.781,"RNA"
"FBXO41",-1.19,-1.13,-1.24,-0.0359,-0.025,0.061,0.287,0.458,0.28,0.587,0.417,0.529,0.807,0.612,0.715,0.884,0.746,0.551,0.887,0.75,0.803,"RNA"
"IDI1",0.355,0.0184,0.175,-0.128,0.111,0.0171,0.181,0.142,0.357,0.428,0.593,0.568,0.582,0.633,0.538,0.433,0.588,0.687,0.598,0.655,0.822,"RNA"
"PFAS",1.75,1.7,1.76,-0.0621,0.0149,0.0472,-0.212,-0.102,-0.199,-0.276,-0.275,-0.262,-0.312,-0.411,-0.396,-0.608,-0.522,-0.698,-0.672,-0.529,-0.56,"RNA"
"PAK4",1.01,0.928,1.08,0.0609,-0.105,0.0439,-0.287,-0.304,-0.497,-0.443,-0.802,-0.727,-0.575,-0.936,-0.966,-0.807,-0.947,-1.24,-0.929,-1.04,-0.841,"RNA"
"DPP6",-2.54,-2.61,-2.53,0.0756,0.0295,-0.105,0.0469,0.0312,-0.0874,0.181,0.104,0.00689,0.327,0.256,0.228,0.438,0.42,0.293,0.513,0.569,0.491,"RNA"
"ACSL1",-1.26,-1.36,-1.31,-0.0469,0.163,-0.116,0.076,0.142,0.115,0.379,0.499,0.486,0.62,0.704,0.639,0.436,0.469,0.584,0.406,0.516,0.493,"RNA"
"HNRNPL",1.14,1.12,1.15,-0.0619,0.0711,-0.00923,-0.0884,-0.0368,-0.0817,-0.111,-0.0648,-0.045,-0.0331,-0.102,-0.0867,-0.387,-0.31,-0.41,-0.507,-0.463,-0.408,"RNA"
"NCOA5",0.191,0.0897,0.164,-0.0397,-0.00427,0.044,-0.0844,0.0117,-0.0756,-0.164,-0.126,-0.0507,-0.227,-0.247,-0.323,-0.416,-0.392,-0.284,-0.613,-0.559,-0.591,"RNA"
"XPO5",0.844,0.757,0.784,-0.0155,-0.0225,0.038,-0.168,-0.128,-0.0611,-0.223,-0.114,-0.192,-0.327,-0.207,-0.264,-0.453,-0.434,-0.495,-0.51,-0.476,-0.493,"RNA"
"SERPINB6",0.563,0.647,0.706,-0.163,-0.0519,0.215,0.113,0.143,-0.0014,0.501,0.488,0.513,0.775,0.782,0.752,0.732,0.713,0.573,0.806,0.818,0.83,"RNA"
"CREB1",-0.177,-0.551,-0.309,-0.0274,0.0326,-0.0052,-0.118,-0.179,-0.0871,-0.212,-0.067,-0.195,-0.296,-0.294,-0.308,-0.416,-0.426,-0.354,-0.527,-0.551,-0.582,"RNA"
"SHTN1",-1.83,-1.87,-1.73,0.00337,0.0338,-0.0372,0.275,0.28,0.324,0.377,0.548,0.633,0.499,0.62,0.61,0.461,0.549,0.727,0.433,0.583,0.582,"RNA"
"EXOSC10",0.428,0.31,0.412,0.0211,0.000854,-0.022,-0.0113,-0.0433,-0.035,-0.0814,-0.0523,-0.0848,-0.185,-0.168,-0.125,-0.378,-0.333,-0.43,-0.419,-0.45,-0.441,"RNA"
"NPTX1",-0.0318,-0.888,-0.874,-0.117,-0.16,0.277,0.498,0.606,0.495,0.94,0.955,0.812,1.9,1.3,1.37,1.38,1.16,0.901,1.55,1.27,1.49,"RNA"
"TTL",-0.814,-0.82,-0.756,-0.113,0.0558,0.0574,-0.102,0.111,0.125,0.144,0.362,0.411,0.337,0.547,0.554,0.31,0.408,0.454,0.41,0.407,0.444,"RNA"
"EEF2K",0.454,0.306,0.369,0.129,-0.105,-0.0236,0.281,0.127,0.171,0.529,0.238,0.267,0.567,0.43,0.398,0.711,0.43,0.41,0.693,0.486,0.589,"RNA"
"CTSL",0.0183,0.124,-0.0777,-0.111,0.044,0.0668,-0.16,0.0251,-0.0156,-0.0176,0.154,0.236,0.186,0.434,0.526,0.175,0.41,0.555,0.351,0.557,0.564,"RNA"
"PALM3",0.915,1.03,0.989,0.0069,-0.0891,0.0822,0.0741,0.33,0.25,0.482,0.411,0.696,0.849,0.666,0.755,1.18,1.02,0.829,1.28,0.954,1.12,"RNA"
"SRSF10",0.817,0.823,0.839,0.0656,-0.0568,-0.00884,-0.0043,-0.142,-0.113,-0.197,-0.0533,-0.177,-0.355,-0.315,-0.413,-0.472,-0.478,-0.342,-0.564,-0.605,-0.629,"RNA"
"ASTN2",-1.76,-1.71,-1.64,-0.134,0.0495,0.085,-0.344,-0.139,-0.314,-0.547,-0.591,-0.697,-0.692,-0.756,-0.967,-0.603,-0.758,-0.873,-0.71,-0.894,-0.954,"RNA"
"LDB1",-0.553,-0.647,-0.588,-0.0482,0.0349,0.0133,-0.258,-0.138,-0.111,-0.292,-0.37,-0.355,-0.482,-0.482,-0.427,-0.466,-0.41,-0.577,-0.539,-0.515,-0.491,"RNA"
"SYT6",0.372,0.222,0.371,-0.159,0.204,-0.0449,-0.204,-0.029,-0.122,-0.565,-0.419,-0.619,-0.748,-0.824,-0.866,-0.584,-0.691,-0.777,-0.759,-0.746,-0.819,"RNA"
"UBE2R2",-0.466,-0.549,-0.47,-0.0262,0.0795,-0.0533,-0.106,-0.0173,-0.0465,-0.191,-0.216,-0.205,-0.321,-0.311,-0.281,-0.391,-0.403,-0.383,-0.521,-0.448,-0.43,"RNA"
"SERPINH1",3.56,3.53,3.59,-0.0705,-0.0327,0.103,-0.722,-0.5,-0.662,-0.81,-0.731,-0.595,-0.619,-0.55,-0.53,-0.957,-0.668,-0.876,-0.722,-0.521,-0.504,"RNA"
"ARHGEF16",2.15,2.01,2.1,-0.174,-0.0937,0.268,-0.446,-0.497,-0.229,-0.097,-0.107,0.094,0.33,0.354,0.445,0.745,0.738,0.406,0.836,0.961,0.857,"RNA"
"STAT3",-0.65,-0.568,-0.575,-0.0082,0.0409,-0.0327,0.185,0.217,0.2,0.282,0.282,0.368,0.374,0.386,0.393,0.376,0.414,0.411,0.369,0.418,0.452,"RNA"
"UGDH",1.19,1.16,1.2,-0.0805,0.106,-0.0253,-0.0805,-0.0572,-0.0653,-0.154,-0.0521,-0.132,-0.315,-0.31,-0.317,-0.456,-0.511,-0.35,-0.657,-0.576,-0.62,"RNA"
"EHMT1",0.722,0.657,0.773,0.0939,-0.103,0.00933,0.0612,0.0669,-0.0652,-0.00397,-0.218,-0.0965,-0.108,-0.338,-0.315,-0.28,-0.447,-0.541,-0.441,-0.599,-0.537,"RNA"
"KIF2C",3.62,3.5,3.47,-0.0467,-0.309,0.355,-0.82,-0.833,-0.755,-0.85,-0.843,-0.804,-0.85,-0.858,-0.807,-0.774,-0.898,-0.924,-0.843,-0.886,-0.85,"RNA"
"MAGI3",-1.17,-1.28,-1.12,0.0835,-0.154,0.0704,0.296,0.253,0.272,0.378,0.495,0.473,0.503,0.573,0.533,0.53,0.663,0.697,0.621,0.667,0.801,"RNA"
"PMM1",-1.13,-1.07,-1.15,-0.0412,0.0063,0.0349,0.127,0.383,0.29,0.354,0.503,0.514,0.577,0.691,0.702,0.606,0.752,0.537,0.671,0.728,0.614,"RNA"
"ZC3H7A",-0.41,-0.691,-0.429,0.0634,0.0125,-0.0758,-0.0332,-0.119,-0.109,-0.0601,-0.105,-0.135,-0.304,-0.27,-0.4,-0.295,-0.494,-0.33,-0.559,-0.595,-0.675,"RNA"
"PHLDA1",2.12,1.63,2.1,0.142,-0.15,0.00851,0.149,-0.0024,0.0422,0.502,0.778,0.626,0.953,0.869,0.818,0.454,0.477,0.357,0.445,0.515,0.412,"RNA"
"SCN3B",-4.1,-4.09,-4.17,0.0155,-0.0221,0.0066,0.266,0.333,0.357,0.373,0.416,0.456,0.505,0.468,0.457,0.472,0.448,0.438,0.401,0.362,0.418,"RNA"
"TMEM145",-1.62,-1.46,-1.65,0.26,-0.196,-0.0638,0.502,0.336,0.348,0.701,0.411,0.672,0.824,0.473,0.569,0.968,0.714,0.665,0.941,0.813,0.905,"RNA"
"CD63",-0.0259,-0.0107,-0.0157,-0.163,0.0647,0.0981,-0.302,-0.0478,0.0484,-0.0554,0.158,0.301,0.367,0.475,0.631,-0.0438,0.245,0.168,0.0944,0.288,0.303,"RNA"
"SMC3",0.282,0.214,0.312,-0.0419,0.094,-0.0521,-0.167,-0.171,0.0202,-0.276,-0.152,-0.241,-0.479,-0.362,-0.39,-0.525,-0.549,-0.331,-0.707,-0.634,-0.642,"RNA"
"USP24",0.213,0.0776,0.181,0.012,-0.0314,0.0194,0.309,0.35,0.423,0.432,0.526,0.478,0.538,0.586,0.61,0.392,0.38,0.456,0.366,0.285,0.246,"RNA"
"PBRM1",-0.572,-0.709,-0.651,-0.0167,0.0732,-0.0564,-0.135,-0.106,-0.0708,-0.194,-0.0976,-0.134,-0.289,-0.247,-0.241,-0.396,-0.415,-0.294,-0.539,-0.48,-0.464,"RNA"
"IPO8",0.419,0.35,0.4,0.0579,-0.0902,0.0324,-0.228,-0.238,-0.172,-0.34,-0.248,-0.3,-0.441,-0.374,-0.352,-0.753,-0.56,-0.789,-0.75,-0.578,-0.56,"RNA"
"LUC7L",0.0273,-0.181,-0.00622,0.101,-0.092,-0.00949,0.16,-0.106,-0.135,-0.0332,-0.101,-0.164,-0.068,-0.22,-0.318,-0.296,-0.381,-0.459,-0.371,-0.598,-0.647,"RNA"
"RAP1GAP2",-0.0436,-0.127,0.0867,-0.108,-0.0463,0.154,0.452,0.435,0.485,0.756,0.654,0.647,0.81,0.75,0.709,0.682,0.762,0.48,0.788,0.792,0.818,"RNA"
"SLC16A1",3.16,3.08,3.14,-0.0304,-0.00133,0.0317,-0.508,-0.406,-0.305,-0.444,-0.397,-0.331,-0.456,-0.311,-0.303,-0.612,-0.516,-0.516,-0.661,-0.497,-0.567,"RNA"
"BDH2",1.11,1.02,1.09,0.0272,-0.0691,0.0419,-0.147,-0.126,-0.103,-0.467,-0.183,-0.377,-0.77,-0.528,-0.919,-0.663,-0.719,-0.747,-0.904,-0.914,-1.03,"RNA"
"CAP2",-1.8,-1.78,-1.68,-0.0449,-0.0349,0.0797,-0.236,-0.14,-0.245,-0.547,-0.24,-0.279,-0.493,-0.495,-0.507,-0.774,-0.519,-0.528,-0.715,-0.767,-0.69,"RNA"
"PARD6G",-0.243,-0.228,-0.176,0.0533,-0.104,0.0505,0.0869,0.182,0.149,0.106,0.0553,0.0558,-0.0954,-0.236,-0.258,-0.406,-0.33,-0.521,-0.574,-0.474,-0.471,"RNA"
"SDSL",-1.62,-1.11,-1.68,-0.121,-0.0622,0.183,-0.25,0.0214,0.0529,0.0042,0.222,0.521,0.521,0.641,0.837,0.304,0.787,0.546,0.536,0.954,0.965,"RNA"
"ANKHD1",0.319,0.275,0.345,0.0158,-0.0185,0.00269,-0.0824,-0.112,-0.091,-0.174,-0.197,-0.168,-0.24,-0.287,-0.363,-0.285,-0.428,-0.367,-0.486,-0.556,-0.53,"RNA"
"RHOC",-0.735,-0.629,-0.69,-0.133,0.000104,0.133,-0.359,0.0738,0.0968,-0.0148,0.256,0.417,0.411,0.647,0.671,0.214,0.569,0.365,0.384,0.581,0.539,"RNA"
"KIF20A",3.93,3.68,3.83,-0.00648,-0.293,0.3,-0.765,-0.782,-0.679,-0.839,-0.827,-0.826,-0.843,-0.812,-0.798,-0.793,-0.857,-0.89,-0.798,-0.89,-0.874,"RNA"
"SRSF7",1.02,0.972,0.961,-0.0915,0.146,-0.0545,-0.134,-0.069,-0.0971,-0.257,-0.0305,-0.169,-0.351,-0.203,-0.244,-0.545,-0.436,-0.306,-0.68,-0.63,-0.621,"RNA"
"TPX2",3.38,3.24,3.35,0.0205,-0.171,0.151,-0.413,-0.608,-0.432,-0.748,-0.66,-0.659,-0.765,-0.749,-0.747,-0.896,-0.763,-0.923,-1.06,-0.967,-0.827,"RNA"
"COPS7A",0.412,0.407,0.426,-0.109,-0.00895,0.118,-0.233,-0.0119,-0.0881,0.0436,0.163,0.335,0.244,0.404,0.498,0.252,0.55,0.352,0.507,0.617,0.594,"RNA"
"NIPBL",0.057,-0.0805,0.0628,0.121,-0.0936,-0.027,0.0171,-0.142,-0.0381,-0.149,-0.131,-0.167,-0.265,-0.332,-0.344,-0.329,-0.432,-0.395,-0.484,-0.519,-0.475,"RNA"
"PPP3R1",-0.312,-0.405,-0.305,0.0695,-0.0292,-0.0403,0.3,0.264,0.351,0.44,0.541,0.603,0.566,0.577,0.587,0.559,0.522,0.73,0.506,0.553,0.623,"RNA"
"CC2D1A",0.149,0.14,0.257,0.161,-0.202,0.0412,0.576,0.231,0.204,0.781,0.383,0.47,0.918,0.529,0.682,1,0.708,0.442,0.987,0.704,0.714,"RNA"
"SLC25A46",-1.17,-1.24,-1.25,-0.103,0.0905,0.013,0.0488,0.101,0.217,0.193,0.4,0.385,0.256,0.511,0.489,0.308,0.48,0.607,0.31,0.534,0.521,"RNA"
"SRSF1",1.36,1.29,1.37,-0.0639,0.0576,0.0063,-0.207,-0.192,-0.108,-0.202,-0.0819,-0.16,-0.318,-0.215,-0.279,-0.4,-0.334,-0.351,-0.51,-0.528,-0.561,"RNA"
"GGT5",-1.08,-1.08,-1.11,0.0968,-0.206,0.109,-0.822,-0.92,-0.967,-0.874,-0.958,-1.06,-0.778,-0.867,-1.03,-0.676,-0.829,-1,-0.696,-0.963,-0.924,"RNA"
"KIF14",3.32,3.08,3.25,0.0541,-0.134,0.0795,-0.764,-0.804,-0.682,-0.676,-0.704,-0.729,-0.603,-0.552,-0.737,-0.825,-0.778,-0.627,-0.813,-0.848,-0.822,"RNA"
"LHFPL6",-2.69,-2.88,-2.68,0.02,0.0453,-0.0653,0.423,0.297,0.212,0.395,0.269,0.0952,0.218,0.0346,-0.198,-0.193,-0.356,-0.595,-0.469,-0.533,-0.883,"RNA"
"PCDH10",-2.33,-2.32,-2.46,-0.116,-0.154,0.27,0.795,0.999,1.39,1.02,1.18,1.41,0.956,1.12,1.33,1.08,1.31,1.21,1.02,1.11,1.24,"RNA"
"LPCAT1",0.631,0.619,0.665,-0.0893,-0.0558,0.145,-0.259,-0.301,-0.3,-0.572,-0.555,-0.513,-0.517,-0.712,-0.746,-0.509,-0.583,-0.627,-0.594,-0.612,-0.504,"RNA"
"PITPNA",-0.54,-0.524,-0.453,-0.043,0.0498,-0.00675,0.0549,0.216,0.145,0.233,0.295,0.343,0.398,0.423,0.485,0.433,0.402,0.515,0.42,0.413,0.487,"RNA"
"PPP1R14B",0.721,0.69,0.733,-0.186,0.144,0.0421,-0.382,-0.116,-0.215,-0.485,-0.379,-0.48,-0.539,-0.53,-0.708,-0.821,-0.713,-0.976,-0.916,-1.1,-1.22,"RNA"
"RRN3",-0.181,-0.476,-0.286,-0.122,0.171,-0.0485,-0.178,-0.0214,0.0493,-0.199,-0.0423,-0.102,-0.397,-0.207,-0.293,-0.521,-0.479,-0.348,-0.694,-0.548,-0.685,"RNA"
"GARNL3",-0.692,-0.519,-0.546,0.165,-0.0687,-0.0967,0.601,0.522,0.39,0.714,0.747,0.598,0.676,0.662,0.54,0.768,0.628,0.647,0.746,0.526,0.585,"RNA"
"COL4A1",2.99,2.99,3,0.0588,-0.211,0.152,0.487,0.296,0.103,0.884,0.77,0.628,1.14,1.04,0.898,0.834,0.852,0.589,0.913,0.833,0.692,"RNA"
"TAGLN2",-1.68,-1.65,-1.66,-0.333,0.0294,0.304,-1.31,-0.68,-0.544,-1.1,-0.673,-0.397,-0.62,-0.192,-0.0448,-0.656,-0.174,-0.265,-0.361,0.00569,-0.00331,"RNA"
"SMPD3",-3.93,-3.72,-3.89,0.117,-0.129,0.012,0.283,0.277,0.185,0.419,0.139,0.243,0.71,0.295,0.523,0.71,0.624,0.483,0.768,0.66,0.785,"RNA"
"QKI",1.11,1.07,1.12,0.0084,0.021,-0.0294,0.185,0.205,0.227,0.241,0.414,0.391,0.232,0.338,0.348,-0.0635,0.0417,-0.015,-0.161,-0.283,-0.153,"RNA"
"TENM4",-1.43,-1.4,-1.4,0.191,-0.0591,-0.132,0.737,0.71,0.581,0.728,0.522,0.712,0.728,0.465,0.573,0.816,0.551,0.562,0.709,0.577,0.716,"RNA"
"PEX5L",-3.29,-3.38,-3.3,0.0643,-0.155,0.091,0.197,-0.0917,-0.105,0.354,0.22,0.135,0.493,0.371,0.214,0.666,0.642,0.554,0.743,0.744,0.467,"RNA"
"GNAI2",0.511,0.501,0.57,-0.011,-0.102,0.113,-0.412,-0.398,-0.333,-0.482,-0.651,-0.54,-0.578,-0.759,-0.6,-0.598,-0.658,-0.892,-0.616,-0.702,-0.726,"RNA"
"CXADR",-0.554,-0.673,-0.585,-0.0809,0.0906,-0.00964,-0.0488,-0.0764,0.0255,-0.184,-0.00264,-0.0984,-0.236,-0.136,-0.181,-0.378,-0.346,-0.294,-0.548,-0.434,-0.51,"RNA"
"PLCD1",-0.879,-0.597,-0.833,-0.00349,0.00324,0.000246,-0.239,-0.243,-0.441,-0.458,-0.738,-0.74,-0.675,-0.772,-0.836,-0.567,-0.59,-0.838,-0.554,-0.528,-0.603,"RNA"
"PDZD7",-2.84,-2.64,-2.76,-0.132,-0.147,0.279,0.605,0.586,0.702,0.867,0.709,0.837,1.13,1.02,1.13,1.22,1.14,0.828,1.33,1.18,1.11,"RNA"
"KIF26A",0.192,0.162,0.269,-0.00409,-0.089,0.0931,-0.521,-0.466,-0.541,-0.718,-0.962,-0.985,-0.756,-1.22,-1.2,-0.928,-0.971,-1.61,-0.844,-1.21,-1.1,"RNA"
"SQSTM1",0.359,0.318,0.328,-0.111,0.0723,0.0385,-0.125,0.0131,0.00972,0.0459,0.0612,0.044,0.218,0.227,0.24,0.222,0.353,0.29,0.413,0.407,0.477,"RNA"
"ATP12A",0.454,0.625,0.269,-0.108,0.027,0.0808,0.0922,0.269,0.319,0.227,0.327,0.411,0.351,0.213,0.307,0.498,0.693,0.691,0.637,0.883,1.01,"RNA"
"GFRA2",-2.94,-2.77,-2.95,-0.0306,-0.0386,0.0691,0.15,0.201,0.242,0.327,0.325,0.463,0.549,0.57,0.716,0.212,0.35,0.312,0.268,0.466,0.519,"RNA"
"RBM7",0.214,-0.0987,0.119,-0.102,0.149,-0.0471,-0.113,-0.00688,0.0662,-0.261,-0.0583,-0.127,-0.446,-0.302,-0.336,-0.564,-0.497,-0.279,-0.726,-0.567,-0.605,"RNA"
"LIN28A1",0.684322926240565,0.767759601821279,0.715535860218115,-0.0593506687698628,-0.0985863498138464,0.157937018583713,-0.358259080007475,-0.370076074941355,-0.341385063602015,-1.24579550817662,-1.08494921190134,-1.56642380531258,-2.08676932940236,-2.1748017751453,-2.22536920386781,-2.98008808213401,-3.22225103485153,-3.40996035600285,-3.93972149827643,-3.9463639992346,-3.75544389518136,"Protein"
"HPCAL41",-0.377763914517541,-0.26186042090802,0.689575536563316,0.18297459668732,-0.0956718208131377,-0.087302775874182,1.28799682564143,0.861598903250535,1.02836335500249,2.41231321949739,2.05865548902808,2.47606529568074,3.13030543220524,2.39486879336288,3.00066173216834,3.3511112920229,3.37390876315323,3.35404523501274,2.60911842620058,3.60411476270838,3.64707620007458,"Protein"
"PLPPR41",0.596917151910292,-0.381055380842366,0.0129187174740082,1.80285721124485,-0.499352538457417,-1.30350467278743,0.720924058308457,0.709939363036055,0.921086181902988,1.46104822474394,1.87589512116788,2.04578252356783,2.54875693972939,2.63971172278675,2.76246029855926,3.06061489748595,3.12282901764896,3.32076788250252,3.7755498947319,3.70422942976915,3.65024615280899,"Protein"
"CXCR41",-0.312817102511627,-1.00539384403226,-0.530816298855974,-0.248220798141816,0.164929500360909,0.0832912977809066,-0.112599596828776,-0.390982743452525,-0.315385625092723,-0.925839299985505,-0.857870782375485,-0.788423388973715,-2.38473990609498,-1.80985051932741,-0.822617065905373,-2.28842102470253,-1.33425079810229,-0.826381213955369,-0.480339746389593,-1.05716076489665,-1.26324992882563,"Protein"
"THSD7B1",-4.81853865124768,-4.08283399979113,-3.05928012451988,0.0291482891202488,0.00144189194236866,-0.0305901810626157,-0.119361826740752,-0.146693164727496,-0.250408480824545,-0.92158963371554,-0.580555796089007,-0.787362499561143,-1.6225140843898,-1.63880375379308,-1.7846747356186,-2.15487269956163,-2.60558856390609,-2.12940272662542,-2.65748021328758,-2.76473216660417,-2.60080228845046,"Protein"
"TRIM711",0.430315826146991,0.66681087773949,0.496972968582174,0.128452346110929,-0.037749902188569,-0.0907024439223569,-0.273192961724146,-0.36815646941427,-0.441015403881481,-1.03747324945033,-0.965364889708839,-1.11553762649276,-1.59406916043882,-1.63358885041775,-1.78853187651831,-2.10255281772418,-1.9189580364206,-2.38563648161636,-2.13050759262551,-2.6726106886174,-2.56990612295183,"Protein"
"PROM11",-0.368651594766035,-0.377287197115624,-0.512623147139468,-0.568581079252255,0.256266420213269,0.312314659038986,-0.750042307543993,0.0115679924786996,0.146122807798676,-0.879372420345629,-0.536677499010228,-0.287698483242178,-1.87912076305638,-1.20986942141485,-0.87031276259718,-1.81434515383555,-1.53950009720876,-0.870978416541451,-0.792505536809232,-1.4261861659813,-1.25367258018409,"Protein"
"RAI141",-1.66123194646898,-1.76526602370989,-1.73082938990489,-0.0666122441263362,-0.0335934979500472,0.100205742076387,-0.352139303754374,-0.183524088849207,-0.3161331350525,-1.02787762351531,-0.875531367870988,-0.71670804912581,-1.41038462040632,-1.22582942904931,-1.2870098479239,-1.60597046812921,-1.59990724914086,-1.57169417735648,-1.96596924327293,-2.22999590757354,-1.72746684298681,"Protein"
"LIFR1",-1.07605542004904,-0.85344387026265,-0.475906498970371,0.0861169026127122,0.189118004202282,-0.275234906814994,0.453388030133681,0.259929661588824,0.896295572405979,2.06160908111867,2.05927690554536,2.08921908071276,2.46531325137751,2.45871697249784,2.28044252977369,2.41158279002196,2.31628911787278,2.1641084096926,2.43091334972576,2.10288699438335,2.1984748912143,"Protein"
"GRIA11",0.37312069007929,0.277495771739426,0.406152411635903,0.665424083132582,-0.231201813659711,-0.434222269472871,0.671157505245695,-0.0277253306888543,0.816566571583095,2.7865907357762,2.40309466955659,2.53636215729918,3.13388352386385,3.35715655984713,3.01235651708349,3.53871275130682,3.8277115850089,3.39392493911094,3.83848600963028,3.46505870652061,3.42079808327682,"Protein"
"RCAN21",-0.391210150675672,-0.212779502063242,-0.332877533252459,-0.267356297336173,0.233417016562157,0.0339392807740175,3.20861039415586,-0.404265197431586,-0.841992264851537,2.55364531240024,2.57211053233905,2.60362338913599,3.12255171829859,3.15944281366045,3.25852847866597,3.20264702081306,3.37272890293334,3.07187301552537,3.19558847987006,3.48622881834767,3.43120328322377,"Protein"
"PPP1R171",-3.11960714909481,-3.05325875590213,-2.56413538560851,-0.239640651342549,-0.043114794759747,0.282755446102295,-3.31151223420814,-2.45707079322217,-2.51997030818283,-2.92392936354345,-3.52303425895657,-3.10962539359049,-3.90107226578805,-4.51908362980282,-2.88805569396458,-3.69296264875216,-3.28536395609958,-3.268565138357,-3.38131170819537,-3.36939126294867,-3.07093585885856,"Protein"
"CD361",-0.108249040561621,-0.868190861779132,3.18592755770488,-0.6241607689833,0.313200026736482,0.31096074224682,3.40562615921039,2.51984138017855,2.32440992225232,3.52818427698021,3.71740834557991,3.78593150292047,4.06949500239349,4.16537054349435,4.20319621317925,4.21019447177938,4.41091568695469,4.12803141969041,4.41933616411601,4.37599714468535,4.13807962873088,"Protein"
"FGF131",-1.1590654762165,-0.219277732813737,0.880751201316457,-0.133371507050754,0.472613308953019,-0.339241801902265,-0.415168855661609,0.0247231986631533,-0.111010659139943,0.424175889195592,0.211434378745583,0.117962369180258,0.578864660058965,0.679618994785066,0.72799718649074,0.485424109674582,1.01175815585953,0.3472132944189,0.702616183548756,1.0326467549323,0.809230118376824,"Protein"
"ADCY81",-0.0151670429196678,1.60235259585153,-0.252745033257167,0.844800484245971,0.379292882662462,-1.22409336690843,1.94943866035989,2.14629255744605,2.26344986456315,3.13101193417373,3.5215156832233,3.59743207966912,3.99268675326537,4.06374677697131,4.38257491256678,4.16041093229013,4.46319480195395,4.54669648257045,4.43265231448414,4.51209742905676,4.67994212582595,"Protein"
"CPT1A1",0.0117134300720423,-0.514893416919724,-0.90739228903932,-0.456257256170538,0.527839969672222,-0.0715827135016855,-1.08958092356673,-0.716579300135717,-1.00855694514,0.398317548687748,0.0422885595200331,0.306775719538605,0.406959707936251,0.763451067365152,0.814217282860861,1.39204938145147,1.55195172688287,1.62524282030687,2.01346244847948,2.01354285186474,2.14344609954928,"Protein"
"GABRA51",-0.66307873363114,-1.3099050261005,-1.36696698944411,0.150368786657284,0.210897075364274,-0.361265862021556,1.77400449481735,2.04714199833722,1.2351653571176,2.27142609649055,2.44823759834996,2.5326754468825,2.52368873923709,2.67506504264104,2.75418963338542,2.60807539567435,2.90612189772815,2.92175419486926,3.00839242277631,3.00296615126438,3.06897721460921,"Protein"
"TYRO31",2.84640547129011,2.78091244709776,2.80398915143727,-0.289523557244566,0.913279416479996,-0.623755859235432,0.25696029130645,0.639150020780896,0.461181670727257,-0.304586177010274,1.08723406319657,-0.104046912874878,0.905454875724224,-0.138137012104959,-0.322649707777309,0.665856137400928,-0.463983049407437,2.42912210160921,3.28665823644148,0.271647114477913,2.91050679957429,"Protein"
"IGDCC31",-1.84904657992709,-2.13054854881623,-2.36226163808176,0.0371217062185618,0.00314847308794874,-0.0402701793065123,-0.664855367917484,-0.987354742250689,-0.984478684049639,-0.915383765689656,-1.31200105839456,-1.34736874589897,-1.75736678741374,-1.85460258956582,-1.76902698173595,-1.963662269993,-2.2357010028176,-1.94528213521991,-2.47187561338514,-2.48876953951803,-2.60286589783148,"Protein"
"ALDOC1",1.11209357277136,1.12770740392327,1.05321358210119,-0.00383171152497219,-0.139135514487981,0.142967226012951,-0.0919461006502491,-0.0839898834982247,-0.067206963209701,0.526148739684677,0.572626637217217,0.440088759720565,1.34270554060394,1.29265904551974,1.26120960029527,1.87759934417079,1.94478089348578,2.10022237880309,2.60645461070364,2.36041770988291,2.52793397659882,"Protein"
"PITPNC11",-0.684366971589279,-0.542797812429539,-0.643766555573011,0.0539861795820276,-0.080063773075663,0.0260775934936337,0.961885531946812,0.457346431995115,0.757862409469439,1.41588233455428,1.49808313849314,1.24715661252664,2.16928367177333,1.98685555509995,1.97235911444711,2.39757142699403,2.37720135082475,2.29688947967895,2.71906493231466,2.71362525378056,2.57767310113604,"Protein"
"GREB1L1",-2.80547427637436,-2.43623460377471,-2.68912824742913,0.0162362573446817,-0.32732677211458,0.3110905147699,-0.788568872287536,-0.970359399593237,-1.08080460051725,-1.21704212187082,-1.65399732882322,-2.04204092715735,-1.48499452411743,-3.40694883367976,-1.29388261832725,-1.70303281720205,-3.0995671837853,-2.18137342570233,-2.42228439989172,-2.01578732784022,-2.39110545054971,"Protein"
"SNAP251",-4.59896347712986,-4.14000965430801,-4.46369113013022,0.104294647429207,-0.155586547295471,0.0512918998662641,0.613376643059553,0.341992720694009,0.840633583569371,1.3209106982977,1.37517066608466,1.61010256157306,2.06740731553207,1.81389581333595,2.10815648089751,2.41746905183923,2.24838057049462,2.61885909530353,2.7219334745422,2.56653176733745,2.09766059218904,"Protein"
"DLL31",-3.55950813654776,-3.38140900985857,-2.02386622402528,-0.18219526726204,0.184751605752419,-0.00255633849037729,-0.680273018948105,-0.763001573647839,-0.661220219182676,-0.800230743709692,-1.2056759623889,-1.10944222219345,-1.70069021730931,-1.40719433879659,-1.8318870511887,-1.56937658971238,-1.86362429026418,-1.18295414461743,-1.48576511920873,-2.22479921492725,-2.2495215286904,"Protein"
"APOL21",1.6728822740137,1.58071902578387,1.72028428340589,-0.269102854273681,0.377841875028345,-0.108739020754665,-0.25303766373249,-0.129204662378747,0.313899959234417,1.44628660007379,0.99462950401308,-0.127209936040567,1.18953629754241,1.2565178455519,1.12718336180429,2.0846901837527,2.19279761663547,2.38176379155652,2.82748832232765,3.03593225902785,2.94721384238854,"Protein"
"SLC6A171",0.119430058145305,-0.323124038910061,0.294814446022368,-0.457435380655909,1.17792610046796,-0.720490719812055,-0.643587770166059,-0.311137403173413,-0.348691410551339,-0.0903792361014002,-1.48101445530682,0.342371938351992,1.48064716504464,1.3197075864552,1.51120328583884,1.89303133953016,-0.0189524368172194,1.86529665663085,2.71031436305366,1.80513965728114,2.02802681240359,"Protein"
"NGEF1",-0.813870429968109,0.0338535760498679,-0.241667763259848,0.166679155571204,0.559300521857514,-0.725979677428718,-0.634851970596788,-0.168060085968117,-0.930453624254506,0.405192541516241,0.479837103425021,0.485162318646351,0.798623332541965,0.971817701162653,1.13626010381146,0.92099742999271,0.786047100335427,1.2301270416581,1.71048773398852,1.79016484496147,1.45075275857885,"Protein"
"ENO31",-2.84402382381398,0.0629029223077389,-1.75539403523995,0.182326463150236,-0.217142244368592,0.0348157812183594,-0.0653787628659295,-0.457442872640522,-0.230463400618863,-0.84256027592181,-1.240802908888,-1.11602649830027,-1.43255031891484,-1.8329492242594,-1.5372906885375,-1.74839244036636,-2.09671995839198,-2.02810822396277,-2.07554315317289,-1.69593708569723,-2.33896984765332,"Protein"
"CALB11",-0.326395076931949,-0.732607802412518,-0.695734641556657,0.126815716741209,-0.0902351419114602,-0.0365805748297454,0.51004295609437,0.573725895042745,0.667319781894474,0.312031242868617,-0.191387478410011,0.142038172541891,-0.376644308656491,-0.893659270469831,-0.896383952868346,-0.657547397185505,-0.917236935752582,-0.902169381042041,-0.89861346659041,-1.05242440981839,-1.4704473334891,"Protein"
"SLC7A141",0.504965726414564,-0.29477967392384,0.818789146374883,-0.716450837804768,0.266365255291923,0.450085582512845,1.28582210475233,1.36679551840671,1.90836393890543,1.95402353762585,2.07029520993062,1.7816300742608,2.29858258158521,2.56378344042087,2.53180274375591,2.48954434980706,2.8769410658166,2.71875518181157,2.82594131205665,2.957331820985,3.05194821299649,"Protein"
"TRIM251",2.5897803823575,2.65243587845045,2.64436772684985,-0.592951301294864,0.912285311092031,-0.319334009797165,0.53083695387488,-0.107450320466807,-0.0903608216404006,1.23705273372766,0.892467691479228,1.38861366980442,0.982650324223618,1.35725738797923,0.917607450287305,1.59819629478849,2.0179892087374,1.80436190265467,1.91616110301156,1.98163824293087,1.69185593813523,"Protein"
"PCDH71",-0.932164898297598,-0.0707540631677208,-0.526114365451859,-0.0121453606173549,-0.059638712704265,0.0717840733216217,0.963608404136748,1.13443094648559,1.47764915635146,1.59772435976076,1.97886932435317,2.16794340181016,1.82585177959513,2.20785521828642,2.12343089894239,1.88075859880888,2.06080052948939,2.42900647712106,2.10503857066177,1.91692621876653,2.10244163376868,"Protein"
"IGFBPL11",-5.19783208972431,-5.22164563460796,-5.3195333852143,-0.185399424886889,0.128510597590477,0.0568888272964116,-0.962488570771391,-0.833192921264605,-0.847558756983837,-2.34905752266376,-2.05485122099828,-2.22213803658228,-3.80012972808539,-3.01736246439821,-3.37518645727228,-3.68656950433766,-3.93903465843452,-3.81632912962901,-4.43414138607462,-4.20968034938176,-4.6331219773719,"Protein"
"ATP2B41",-0.234561903142614,-0.366838316259495,-0.401964040488041,-0.287704604217327,0.316031662879245,-0.0283270586619171,1.60472591731425,1.56018206785826,1.57904404882557,2.40314236325529,2.68730805403079,2.50413014442734,2.98100250167274,3.31823165586613,3.14555248275764,3.42354887198774,3.73184569504816,3.8682982659421,3.92445095742754,4.10120793804609,4.0230105938216,"Protein"
"THY11",0.132875237879258,0.155311306391322,0.576953553904989,0.0378581623810312,-0.245530969818194,0.207672807437159,0.444908007983027,0.215859426560304,0.377570955168888,0.722726215918268,0.812878589211518,0.7844811189909,1.57811358392997,1.44144346957786,1.88446618558868,2.09219083289078,2.48228924739781,1.7719660909881,2.28143881525573,2.56641489242332,2.73425514227014,"Protein"
"PTPRT1",-1.31484559899159,-0.731428484027971,3.24065490941439,0.424252341824841,0.174855762766565,-0.599108104591407,1.34989446715955,1.27688645074866,1.41919971289804,2.52190019180055,2.40036505392335,2.25016372424708,2.9096344541276,2.7735280110211,2.4298821258228,2.94880762948859,2.76022864104642,2.78134006383164,3.17095640706824,2.59113791058057,2.52544065790454,"Protein"
"CDH81",0.349334918129413,3.28547174816242,0.70537063198149,-0.308667734072165,0.514819247788139,-0.206151513715975,2.7674801677455,1.30881312752736,2.04989260695741,2.34352904873598,3.11769610906216,2.60402550581094,3.12535136714982,3.19872511748052,3.18862784211152,2.1934553089741,3.05681561228401,3.13687788116325,2.78089526873523,3.13757670422642,3.00785137003701,"Protein"
"ENTPD31",-0.00835127080068254,-0.626927788267141,-0.235785523790296,-0.598010107460148,0.370604527502177,0.227405579957972,1.04603240594508,-1.33210914727396,0.030610693254447,-0.24448785837583,0.0256904154215434,0.381355432798831,1.51663205397888,2.02740803002856,2.23734107820884,3.34330028365231,3.31179211252925,3.16131338258846,3.95429908250643,4.39864961038941,4.07178167778592,"Protein"
"MAP7D21",0.126593144311197,0.0814399455133774,-0.132465121781433,0.468915294289115,-1.34140295270445,0.872487658415338,1.40088411720748,1.37181826570772,1.76574244956423,1.54698923536845,1.71069705720585,1.98120734506684,1.78948450090588,2.07487479392341,1.87005452725307,1.93562488486077,1.90361124161439,2.17441330178342,2.36465890325282,2.03746583863283,1.93918936996595,"Protein"
"SYN21",-0.824291190792215,-0.380210355305424,-1.5391993314924,-0.252012518241157,-0.0628306326938404,0.314843150934996,1.3791149656009,1.35290224393009,1.77757862657817,2.42128499280214,2.68950304477962,2.83512951140219,3.45594286114009,3.47375531675927,3.51219160742633,3.81749157149095,4.03605662940011,3.76610615114959,4.01283698047163,4.15852734327191,4.0604387607895,"Protein"
"PLCL21",-2.73797150149637,-2.49628273106351,-2.78190497148672,0.165107222000987,-0.145656972485735,-0.0194502495152484,-0.0203847745281784,-0.298740824528334,-0.339514717943022,-0.80446837122385,-0.873875792258611,-0.834972290343606,-1.0597543195034,-1.24505342323666,-1.42416820103898,-1.16624719423056,-1.30121836505153,-1.23655682745729,-1.14808901544086,-1.33358216182237,-1.43152162544978,"Protein"
"AK51",-1.64590501937729,-2.48550160235589,-1.70965979366999,0.268300811157243,0.0327410951391833,-0.301041906296422,0.655943689704966,0.27883662485613,0.886515018812371,0.717591758672082,0.773944905182685,0.773560204740608,1.41900268607051,1.25874485713842,0.986890145063459,1.44224256823246,1.25691764332455,1.34478221693967,1.59110850711455,1.42636766453673,1.44086919842534,"Protein"
"BRINP11",0.813703069204443,0.0663906146748499,0.14509477386539,-0.598787642651462,0.39286752126498,0.20592012138648,-0.459781505631895,0.457496800624069,-0.441096554233244,0.0744260490738284,-0.0261129366392598,0.837975506297552,2.02913805365508,1.27165679689424,1.5182133607276,2.53704098605177,2.33512496493281,2.1539453188997,3.08878639766194,2.22304428308729,2.58582551977279,"Protein"
"FGF121",-1.58482882492536,-6.04326925764637,-7.00960038943802,-0.23106784728024,0.223263348079048,0.00780449920119608,0.853537742228074,-0.295868462195397,0.577960846596287,1.4185869394952,1.1589635244325,1.4911194920329,1.70057184286,1.93154863140893,1.8271004980329,2.04066444450236,2.27371599680998,1.68561363307535,2.14484258254013,2.33163794074356,2.36236728251334,"Protein"
"BRINP31",-0.281237793693998,-1.2530571985524,-0.0587107518620584,-0.644719752747601,0.619664986128225,0.0250547666193768,0.694288583236709,0.239782142706172,0.768007216673432,1.45488409683144,1.20203117505769,1.58205095477297,1.70842851547241,1.61193499399798,1.69676753515989,1.7845710740029,1.87998171639537,1.78843406452154,2.28529499970902,1.77854220266791,1.9334576988516,"Protein"
"GBP21",0.453217409098684,0.485472312125792,1.34201647347948,-0.42541995810558,0.274421606035988,0.150998352069594,-0.00379499672038186,-0.276289246822708,-0.110831875692682,0.629763185865011,-0.136775383957341,1.21059511372362,-0.134095313931526,0.872376097222466,0.697582972410162,1.23482931743096,1.74886134555819,1.81776887882411,2.25630507282163,2.59232228065203,2.17396331904194,"Protein"
"DNER1",-1.193801507899,-1.37973148865567,-1.35769797291719,-0.983744872413853,0.762980915705198,0.220763956708653,1.18890013121473,1.13901554575436,1.08813942346175,1.54164597168777,2.16886927432971,1.48735620998241,1.90660256303866,2.10524569772837,1.6871128699364,1.94712180237454,1.53087116357092,2.12991981589331,2.36867184726659,1.71206109058188,2.09681117916984,"Protein"
"EZH21",0.430473482573207,0.687786028827434,0.407512262047968,0.164760478612655,0.379202864083425,-0.543963342696079,-0.171290976952589,0.0115460159011658,-0.164942806799276,0.673461333541464,-1.58646633260732,-0.57718105365166,-0.372813247184997,-0.61357522094707,-0.886162369172849,-0.101441857308085,-0.346569650036301,0.498226588788679,-0.919166874986411,-1.09817321359122,-0.394660694846225,"Protein"
"DCC1",-1.54931005769026,-0.798805100923271,-2.12526707418695,0.137505483264405,-0.119892351055096,-0.0176131322093092,-0.384727459099377,-0.518481078074316,-0.533771310036659,-0.719922064782967,-0.735699975530924,-0.735175284322725,-1.473121207588,-1.13780103996099,-1.17029345805337,-1.29695913989798,-1.48383379447523,-1.12027342723405,-1.13983207442403,-1.60695473003793,-1.57187211631981,"Protein"
"ZIC21",0.464080312816071,0.682023388007783,0.624681343662671,0.0232087095214446,-0.0300490584104338,0.00684034888898921,0.42826596109821,0.471159097004742,0.345089889093449,0.338649677472686,0.16766325020056,0.379788680982925,0.201269432621556,0.331180736507532,0.232262184463115,0.164036998765345,0.103139081002885,0.0556801192407672,0.194305310543596,-0.115450502103638,0.211448468686234,"Protein"
"SMARCC11",0.225358542184043,0.360679374148535,0.230377768545846,-0.0349290024495055,0.132593911649291,-0.0976649091997892,-0.122582784963182,-0.0635211681069769,-0.24596214716421,-0.555602840672494,-0.324080933921305,-0.486760822151377,-0.798555642249672,-0.499315638052733,-0.780184993720317,-1.09056428366915,-1.00934709401293,-0.994954074180216,-1.40967665441501,-1.22716253995098,-1.33800025444934,"Protein"
"AHNAK21",-1.64332864224403,0.658811280331719,0.59836966683482,0.230331780725923,-0.636131049182138,0.405799268456214,0.739627449850698,0.238918245064728,1.10838634780015,1.37498719118024,1.2547066266202,1.57575177197034,2.18711190385371,2.22150588074069,2.16948728209062,2.58760997860016,2.80066534140994,3.04812489828224,3.43582360572406,3.27861249264539,3.44419500697222,"Protein"
"CRABP11",-4.54219245364659,-4.54720440634074,-4.51644928770017,-0.0563196915899447,-0.102605426805884,0.158925118395825,-0.355710994711576,-0.712294488352693,-0.733499090673337,-1.61442436670501,-1.89813096100866,-2.09325642112674,-2.4709799968598,-3.21493584604108,-3.33744205810108,-3.35151077697519,-4.20569392136697,-4.31242652365104,-3.71643891620822,-4.29423222627765,-4.64094865410325,"Protein"
"MCM71",2.23774277010005,2.42329427761183,2.4978179723977,0.0987970634723734,0.18341124494602,-0.282208308418392,-0.851756969194907,0.98300487194116,-1.05820990603739,-0.15582053033531,-0.964906282087965,-1.60123873149117,0.0401355298096835,-1.09484477723578,-0.968475251206522,-1.42690140251798,-1.07301416173492,-0.591871625609672,0.445133011485927,-3.00745597278124,-0.409674968962603,"Protein"
"NTRK21",-2.73301604841106,-1.58847732480504,-2.45795779550084,-0.493949511938894,0.0402372732598444,0.453712238679049,-0.200947994976268,-0.243396157185984,0.473354675994859,-0.42231749626135,-0.521253646560407,0.046899092166413,-0.362453398496967,-0.325206197514721,0.315529304820704,1.01356828819208,0.724310090643737,1.27014232852678,1.39326394681989,0.935046565268106,1.29684537281907,"Protein"
"KIF171",-1.74684515761076,-1.66566042981109,-0.846720809062999,-0.0862349622979703,-0.0400494884430902,0.126284450741062,-0.0605727074350515,-0.849535875679949,-0.190766761233453,0.235397872287663,0.281914851089098,-0.022509790189984,0.259903217654283,-0.0686001228938675,-0.133557743788183,0.0935819532361304,-0.208009271547281,0.147749413769191,-0.169916215681065,-0.288824999474356,-0.134281461689119,"Protein"
"PREX11",-2.65225250434128,-0.40570883398347,-0.923732162265425,0.0221668014401235,-0.0602250859352633,0.038058284495138,-0.0832745111021662,-0.167876169930421,-0.272419521502774,-0.511838051842117,-0.352657473985483,-0.490363060641235,-2.09644255844629,-1.46456803616931,-0.523289986077744,-0.932273542161793,-0.383389505824733,-2.62566859280228,-0.505894946121513,-2.50701560438909,-0.582415845093211,"Protein"
"ZNF2171",2.14814323032462,2.30943660638086,2.1614103975464,-0.415996712131522,0.305486086794632,0.110510625336888,-0.11119398362143,0.109791426366613,0.444558846795935,0.272197404142435,0.578529545017457,0.0210242313902143,-0.117473323364063,-0.0569221815125225,-0.223916401008907,-0.361587252288396,-0.568453118941758,1.06703268711724,0.815043878966975,-0.521771623590473,-0.204245937208796,"Protein"
"HLA-B1",0.388067007988077,0.746982088772981,-0.12988844087781,0.384561177812207,0.599650837367468,-0.984212015179676,0.0996807746104285,-0.459823260828456,-0.0110566377616461,0.665184635151071,0.441210719338898,0.852615249838241,0.269313444892322,0.513489807692434,0.79913205406115,0.796746396413401,0.824471852055858,1.63543020192591,1.30340247546819,1.48798418268026,1.51286866854323,"Protein"
"TH1",1.47824462262835,0.278028209044368,1.04917984036116,-0.447358756317366,0.622640201530128,-0.175281445212764,0.754646296529513,2.17576542481123,1.96715559961411,1.1862270667026,1.06273157094308,1.6400835227291,3.40226963628176,2.96120949968531,2.87378808562302,3.85431468058787,3.83960893407355,3.49735473278629,4.51744165155196,4.19692821622252,3.79106219635852,"Protein"
"CDH31",0.320819058472047,0.80685288998448,0.741070814821082,-0.996131216258105,0.763709724613719,0.232421491644384,-0.239746290728709,-1.67199874261206,-0.82552900609644,0.649199975361746,0.0240471927601966,-0.174309503757833,0.084428886169917,0.0895454335601968,-0.0806056369656112,-0.0990982844689547,1.51642754954479,-0.986274116053043,-0.0487997118157537,-1.53732248393915,-0.736328881911929,"Protein"
"RGS101",-4.10694062576049,-4.17048795422414,-4.28182943588075,0.263321289784983,-0.347123232613264,0.0838019428282806,-0.815095420477313,-1.12298975367528,-1.27585290804626,-1.45937916653926,-1.67097191052649,-1.7638969260666,-1.89741552439125,-2.25918331631367,-2.38667943199438,-2.13343097033377,-2.37979483538339,-2.20967277876534,-2.71152603667253,-2.2582356389856,-2.24290970248373,"Protein"
"NES1",-1.92985120121722,-1.8887138800314,-1.61363632679139,-0.153981101535216,-0.0527590257268429,0.206740127262059,-0.251483637744201,-0.0642324342750555,0.127324629253714,-0.64927425889087,-0.297737220804272,-0.230461629169184,-0.830457079096526,-0.677914226888817,-0.833484152096553,-1.10497986254301,-1.26914817216207,-1.07112292619087,-1.32162920417541,-1.44409088002622,-1.53533073059928,"Protein"
"RTL11",0.251471588065378,-0.0632787954300937,0.10001090215578,0.0385630737749771,-0.12934189545887,0.090778821683891,0.54803900723936,0.326183440951336,0.634720796189722,0.733023347098019,-1.24347690592764,0.367577928980033,0.243606595134576,0.637649412645622,0.182080412322616,0.876261669815747,0.95863102751569,0.880665616933303,0.952357198083561,1.04989032750099,1.01777198054255,"Protein"
"DMD1",2.01742408563335,2.20342348385516,2.16198838201901,-0.671539394818577,0.260991847715289,0.41054754710329,1.32249887227996,1.88465579477119,1.62638305219755,0.873019416945544,2.23016644581129,1.82262848952138,1.90559843293808,2.1589799566419,2.15930684598068,2.3267144560499,2.04285141400185,2.55650057244168,2.18563217539319,2.41457997338255,2.71412250693275,"Protein"
"PTPRE1",-2.03135679327251,-0.0829851821848955,-2.25960376792816,0.00939095861057027,-0.0429583698120979,0.0335674112015276,0.280376595063121,0.264195189354364,0.249984444523765,0.527190906896625,0.921078515983446,0.6864275383194,1.37446746926999,1.43677123142058,1.34841034440784,1.50030899440777,1.78872401965989,1.41053988766868,1.80011261294903,1.79488494506667,2.12369010482526,"Protein"
"GABRG21",0.83009914238237,-0.681925410601449,-0.0902754358790556,0.296099507174041,0.245764867768381,-0.541864374942421,2.47478020045562,2.7638120412164,2.89704065905759,3.0202272860775,3.43339665083757,3.44664997977332,3.47325669951419,3.77806267187523,3.79429102548673,3.41444835706768,3.76196944179866,3.83677153662247,3.77746770369115,3.89530599352619,3.90700267848795,"Protein"
"PRDX11",-1.29472240744612,-1.21919856557845,-1.27903527379325,0.0927166703077518,-0.0149071436264947,-0.0778095266812571,-0.359643322875264,-0.372686228481832,-0.510658515520866,-1.08352741210417,-0.873174466573261,-1.15221821514016,-1.48966689818099,-1.43077732679271,-1.59261977531314,-1.90718178460841,-1.8330831069085,-2.0830034049323,-2.02979328765895,-2.03500748441024,-2.33572386610052,"Protein"
"PFKP1",0.376676075649545,0.398936229841897,0.367125624984649,-0.191394851870728,-0.00523333750566657,0.196628189376394,-0.141463217160085,0.219285400137355,0.391718095671852,0.535476426642159,0.973627499203698,0.937466852018954,1.4553045632118,1.72598983323835,1.80110223751182,1.89353080693332,2.21027796866612,2.20713678571869,2.3050882697667,2.42400517137193,2.52710468917872,"Protein"
"FAAH1",1.03003521723041,1.18353918454609,0.877991214068187,-0.394010065222357,0.538419026984986,-0.144408961762631,2.61427448524265,2.5124582828821,2.7755522390663,3.18175326758299,3.42153520914325,3.1078547353471,3.69906906892578,3.63781574306781,3.48990467744395,3.7774990377175,3.80157020649176,3.88862577724857,4.05084060786956,3.78392550910052,3.8750033020703,"Protein"
"SYT21",-0.286197995381777,-0.464027918802181,-0.688081898025434,0.296889593831317,-0.0854424708897028,-0.211447122941614,1.201279377594,0.973427523349713,1.2702222985553,1.83261411258792,1.97852912415471,2.36650801561852,2.30029979355463,2.6887605976955,2.58608414587613,2.71281106297078,2.86571047904349,3.20589585350864,3.39175078335388,2.94913404116947,3.04932306157371,"Protein"
"KIRREL11",-0.633105756404541,-0.49409224738041,-0.574521099573078,0.164628040181332,-0.0308428049400167,-0.133785235241314,0.801145375710243,0.585565062127687,0.710707936578226,0.753797721660215,0.997509196908302,0.792164702309856,0.585551301251106,0.636440476506072,0.510272084223951,0.430342821387173,0.41894686677877,0.477291635272826,0.447033815669533,0.263828583059686,0.317855241786239,"Protein"
"APBA11",-2.50240687269311,-3.83150890878029,-3.50093084400441,0.112216936553157,-0.22536148755081,0.113144550997653,1.32879793058784,1.15174466496814,1.20064198999065,1.70242920707306,1.72625645996713,1.6831538064858,2.06711019102983,1.78612765819837,1.8368009456673,2.11751492253372,2.07334601011948,2.15499436860918,2.37688949514034,2.12991642364513,2.12993008533058,"Protein"
"IL1RAP1",1.38000699852117,0.931295619235529,0.781815364075253,-0.873371681245363,1.14491870262026,-0.271547021374895,1.62271788632565,0.671490473324704,1.53007226200562,2.06943701195965,2.41138566305173,2.99343492045052,2.68407371832077,3.48419314260019,3.09733735700143,3.28791839999601,3.48992624483956,3.68099300245624,3.77278627169493,3.50818870293579,4.00793675205608,"Protein"
"ACTL6A1",0.462699967618462,0.263129264592344,0.42106528234369,-0.0309495962683073,0.0631713967221188,-0.0322218004538115,-0.488250232153732,-0.562549535393741,-0.497470781653284,-1.07617715791661,-0.918683662174077,-0.87033930457506,-1.3872865616171,-1.53864263633261,-1.49244398917911,-2.07603845942528,-1.89093832329577,-2.17228953626448,-2.12158954082875,-1.92944414622411,-2.12976522093145,"Protein"
"LONRF21",-1.82369284913065,-2.06893513363075,-1.88548526465102,-0.00747478331248885,-0.034028172542488,0.0415029558549769,0.912140943494087,0.869469670821363,0.93900244777198,1.22166903513429,1.29805448298937,1.39446680707482,1.4574007943298,1.2472426283511,1.24878263484463,1.17891338286272,0.839504710559623,1.44676104553521,1.11035869003317,1.21607236225778,1.28822848362492,"Protein"
"RYR11",-0.548271912840942,-0.4503591505513,-0.729444900256368,0.00080739141877828,0.193868501058841,-0.194675892477619,0.468919620553379,0.614433928385544,0.183891230529891,0.806278934784917,0.726571470271985,0.90011086351225,0.320884145924804,1.17029628158274,0.272852743839685,0.615948945571997,0.951817387535485,0.754461053347939,0.955161897626198,0.854780233639705,0.801499845425575,"Protein"
"LYNX11",1.45307340540371,0.606337972842883,0.546626913666445,0.582838141310953,-0.225842928005404,-0.356995213305549,0.290294306657314,0.586780270155886,2.52806658097455,0.953071860184794,3.34425140432134,0.967116083350058,3.75986463495867,4.04010563503692,3.83851962974655,4.4190753038046,4.61384619608578,4.46058024258834,4.94105718719883,4.91356339856234,4.81831809094269,"Protein"
"CNTN21",-6.69076121582285,-5.83596261012318,-7.1292895313206,-0.0301769004699644,-0.125389944546821,0.155566845016789,-1.09653328845115,-1.28743868324579,-1.00121361596214,-1.97790976960338,-1.74387330038417,-1.60206731479292,-2.1900055478975,-2.14723826459937,-2.09002966728937,-2.26484305993818,-2.2025451343158,-1.89398054092326,-1.94631528740013,-2.01505080317054,-1.90224194275448,"Protein"
"GRIK21",-3.18661718048572,-3.00934152357429,-3.76572381358448,-0.290175617221768,0.172827464344019,0.117348152877748,-0.730117157323454,-0.217266275664249,-0.259474448168421,-1.08526396753632,-1.39968672467235,-0.87749635584712,-2.26326454657218,-1.71201600429434,-1.6594752037392,-2.04587720669239,-1.92125799031398,-1.66239652045887,-2.2600237739828,-2.98172935322935,-1.82617117879816,"Protein"
"CHD71",0.181886051751551,0.593363621924194,0.314136794910979,0.0478311226663628,0.0367310109846386,-0.0845621336510014,-0.456944972162933,-0.497367332261447,-0.316462530473771,-1.06165793063766,-0.705550986812799,-0.395351707674831,-3.68991768639835,-1.6264608403653,-2.24538612409751,-3.610986524753,-3.05149584277105,-0.279221504035124,-1.52905626733938,0.882731672633735,1.02919629428228,"Protein"
"TNC1",-0.22803447507934,-1.62383966453838,-1.44039046706824,-0.160778878258871,0.235242021144032,-0.0744631428851612,-0.271580291076404,-0.0648086145775117,-0.548508992756535,-0.456695533548569,-0.259083886696402,-1.1420606656384,-0.907285874522131,-1.27197318062905,-1.55039021533684,-2.23569038059417,-1.11015955720897,-1.37968073145061,-3.58320826499536,-0.758601304702069,-3.65207043886575,"Protein"
"NTRK11",-1.03877528301261,-0.965113151169531,-1.14442450293105,-0.120085438726568,0.058107570390229,0.0619778683363403,-0.888226595182553,-0.744447526687969,-0.637587678415349,-1.02957904801623,-1.27783919808724,-1.21410703634456,-1.4581514734932,-2.04010373548543,-1.21045577127725,-1.14342357944522,-1.6796198895375,-0.83600843879662,-1.27905689227613,-1.09916403506341,-0.852144479100881,"Protein"
"SCN2A1",-1.3040364599517,-0.827809019734079,-1.82101226247383,-0.451032495515561,0.124231122519104,0.326801372996458,1.19783698890468,1.18203746367702,1.18522152115773,1.67563268762795,1.21488156380177,1.70387095430642,1.77107610312549,1.74544109789729,1.82134222281869,1.96388712430956,1.93668673937397,1.93378579344147,2.30244526907368,1.84485238841916,1.98015403143824,"Protein"
"DACH11",-1.72394233515407,-1.87051977570339,-2.00278818517597,-0.288871826108933,0.119110788228662,0.169761037880269,-0.475067964362379,-0.424162850995208,-0.412967732330534,-0.828016135568889,-1.0856145644884,-0.85719805262787,-1.37717676525255,-1.25900559268071,-3.18254055811048,-3.31106447351655,-1.8243487995041,-1.52612289601915,-2.5224584205963,-3.49420509155497,-3.70296712771236,"Protein"
"ABLIM21",-1.43780053478413,-0.230715870909791,-1.39200567681184,-0.139548181345969,0.165651209178499,-0.02610302783253,1.22381042466013,1.19261721507722,1.47916516086594,1.50079867966958,1.68724434511501,1.74386928716934,2.04033417332451,2.19924472702432,2.10732086876047,2.40136359885714,2.49066642937163,2.546329102307,2.70239965253762,2.86260753892942,2.83574551767957,"Protein"
"ECEL11",1.20836511762984,0.321321142621832,0.0857063328489449,-0.23691299779602,0.202629118886263,0.0342838789097595,0.576993268122949,0.81368354775802,0.928495749676953,1.02594871750455,1.35583691427566,1.59102986906118,1.88528931164384,1.79288089394483,1.99938004988111,1.81139907831463,2.32875519022054,2.31266134269178,2.58406490768599,2.65253350483719,2.72916840579453,"Protein"
"GALNT171",0.344675311010858,0.410496494185297,0.213997362624175,-0.00538979783697435,0.226607156453591,-0.221217358616618,1.18278943189686,0.852308246892823,0.861132379685111,1.69612233820474,1.77540001473245,1.4616301174976,1.85299749784994,1.85888960258699,1.67875932474329,1.94240932030829,1.86806181564707,1.95099068689653,2.04817834796047,1.8720746432027,1.83586602924042,"Protein"
"MAN2A11",0.82707372976804,0.913445971793747,0.981975782400346,-0.155365643359149,0.176134562075154,-0.0207689187160067,-0.430287650958176,-0.626721600297353,-0.184522896247698,-0.726482800243053,-0.869893957170794,-0.596062793866698,-1.98619258790789,-0.857300956248571,-1.07072508260745,-1.32382262883792,-3.36944970047723,-1.51429950579052,-1.81261283451407,0.952669544380777,-3.61699791468986,"Protein"
"FLRT31",-1.67466945494027,-1.75492448291481,-1.06427528819067,-0.205806625125659,0.197134919059694,0.00867170606596623,-1.21836814926755,-1.08754271967879,-0.759356320132012,-2.17545851985036,-1.96726631761353,-1.55258918974782,-1.59622584700379,-1.82011994102331,-1.73645339638999,-1.83225220623223,-2.00452464388761,-1.80804891086803,-2.56124314249798,-2.70638131733386,-2.75139773729962,"Protein"
"ACSL61",-3.42889961188473,0.973777012427231,-4.46704294962749,0.0405532069731613,0.113130774573381,-0.153683981546546,1.25673630862729,1.42262554663725,1.37324157213346,1.73436389181341,1.84912706146762,1.83669415986822,2.03948265911961,2.22029989911765,2.20531954316917,2.42861502779754,2.55136207877497,2.52034502467358,2.90741548156829,2.80309848262057,2.87475957106789,"Protein"
"ANXA111",0.414727229005742,0.0887115309900963,0.340677414671241,0.15757379556775,-0.0540642267872826,-0.103509568780467,-0.36567180277369,-0.416922373743859,-0.320435213917769,-0.16834423986581,-0.317798553651386,-0.6241974617003,-0.353313615752676,-0.712231421158547,-0.523120397368265,-0.0504604852506603,-0.139810260751993,-0.316444277847353,0.0824727907280334,0.191539776970082,0.342745968710652,"Protein"
"TGFBR11",-1.12986144851257,-1.22600792163245,-0.992815331658818,-0.129672476421554,0.089715210718456,0.039957265703098,-0.405668560373719,-0.564002405514934,-0.317226946694902,-1.22688364034594,-1.69442543795172,-0.254041408007062,-1.62537238506397,-2.06569591637051,-1.63504841822541,-1.23194860239627,-2.04553208528545,-1.50987167569194,-1.04397106993938,-2.01595733847455,-1.96012203645433,"Protein"
"PRCP1",-0.0218961948080043,0.0872558430574522,-0.155920639331338,-0.0936314600909505,0.186683055850363,-0.093051595759416,0.0178939087890164,0.24576642187532,0.10690534437985,0.330441138994022,0.711658456945042,0.438875223958593,0.722418402673771,0.847725329694082,0.544185737481069,0.860193609584524,1.0125132513921,0.641354826709861,0.871068517143964,0.839249830436085,0.547160568569904,"Protein"
"SYT171",-3.58182066145143,-3.89411881682026,-3.78955252058241,0.330822476331695,-0.36637330593172,0.0355508296000266,0.317826579297245,0.525266447001881,0.50127600345604,0.987991111058987,1.36953611849089,1.34881520607735,1.82963373878078,1.92825092041923,1.98223262853909,2.05860448551774,2.29602511652922,2.0742957190852,2.24897823714772,2.39602250325608,2.37379248541914,"Protein"
"FLNC1",-4.06868126930608,-4.37715166763673,-3.58349810715057,-0.0507558275041013,0.0675332522759469,-0.0167774247718491,-1.04312838905058,-0.959717839457593,-0.967598256678517,-2.426861503694,-2.22539435829687,-2.37657766909943,-3.60837905246487,-3.3002537863423,-3.61583455912614,-3.85143782075813,-3.9792978644515,-3.94084601288013,-3.99897308021148,-3.92530727853183,-4.03580895448922,"Protein"
"PTPN131",0.649116769806007,0.728319742081361,0.746394535036185,1.46294081496711,-1.37970396970128,-0.0832368452658265,-1.2898201308884,2.26588303717775,-0.797797855543012,0.197428080724013,-1.86414788434622,-1.20033127608734,-0.861059531808303,0.0768484655663997,-1.65164646717683,-0.479857134951729,-1.20736809515808,-0.531033533280173,-0.270618548194413,0.615536332658714,-1.21408609790508,"Protein"
"DPPA41",4.39622027966734,4.47821866264436,4.38209121798823,-1.0563507964013,0.350481938911653,0.705868857489644,1.5908157828993,-0.614763132218444,-0.603653828774092,1.39768733127894,1.67146732555884,-0.401819297795745,1.13083886972067,-0.950670823911606,-0.44406762821483,1.85853034917974,1.14441590907397,1.61516822316582,-0.241260652954525,-1.02911132559617,1.37611888608704,"Protein"
"NEFH1",-4.82625657536691,-0.055142185089931,0.501803316213174,0.0424859451163151,-0.140146669385292,0.0976607242689731,0.958102327427742,0.808101681889557,0.878918329071073,1.38118998980238,1.84452713715899,1.88475365718504,2.2836459573012,2.67223704539002,2.46361124261508,2.67930169936138,3.01028932572409,3.26662947134416,3.47857408371219,3.36473985444327,3.35184062225958,"Protein"
"IDH3A1",-0.532615501643074,-0.525083986807841,-0.632406272658864,0.0981754149863185,-0.171516277323544,0.073340862337222,0.500224768174466,0.435141501073186,0.425604219254264,0.849427006568323,0.995798114257024,0.88867829627873,1.53858893867113,1.43095165892359,1.56102825957479,1.87680244532161,1.95474802585423,2.00923441379743,2.35861367898888,2.45360864399558,2.54760828065389,"Protein"
"SLITRK31",-0.500917974219,-0.205321406389043,-0.838863270432466,0.201788731082384,-0.035216349254199,-0.166572381828185,0.258598638532906,0.176951023858564,0.151127362459864,0.451421600142048,0.292870503644991,0.289233916170442,0.258605939698516,0.363301743729313,0.317273017431244,0.209622041497067,0.395004172229495,0.376169767205919,0.579448312948553,0.444211427318411,0.364504108662814,"Protein"
"CPS11",-0.650093210480579,-0.928975933198325,-1.67712399778221,0.115486983395508,0.0901570401070071,-0.205644023502513,-0.0828611420183005,-0.176087824160087,-0.382455482483698,-0.261766197215232,-0.566683500451068,-0.592526610586022,-0.721702296324414,-1.00099554339275,-0.898425998279722,-0.789541209082445,-0.957199650200371,-1.02439120344472,-0.972255255628523,-0.987926612347943,-1.11624744284072,"Protein"
"CAST1",0.711737490726177,0.729274752960803,0.709764424699197,-0.35580605066488,0.283248400251063,0.0725576504138186,0.192490635254815,0.363433439409983,0.451266530819764,0.463997139074918,0.533608158751568,0.83727064645314,0.532916417221573,1.15220110647883,0.960717401735723,1.30996914645422,1.37747916459753,1.60134487168933,1.8514840950501,1.71072355361169,1.88923554578924,"Protein"
"SORCS11",-0.270143916035677,-1.10246404059314,-0.726879167451644,1.4662493316603,-0.563200893780142,-0.903048437880155,1.34725724750567,1.30498506957571,1.30356890715423,1.97065477211985,2.08751943005922,1.93662038882311,2.23035653701782,2.26883240343062,2.24976094894746,2.24110688137705,2.4004512470879,2.3480883709436,2.27148618429022,2.47459704525841,2.490082057526,"Protein"
"HTRA11",2.61927506351996,2.69392822236539,2.77990872613748,-0.850375303855406,0.132918965239419,0.717456338615989,-1.27111001915669,-1.61318023382782,-0.0142140612324493,-0.715079097454726,-1.18573526451862,1.8104141753967,0.881559138371252,1.21481320660466,2.21442527699024,1.52919510230193,-0.554258080695369,1.59227775589069,1.72908353982367,1.5773805320054,1.59999756866823,"Protein"
"KIAA12171",0.266473477578561,0.402851479499919,0.202317193033348,-0.205109171250957,0.200352759501701,0.00475641174925912,-0.28142603885129,0.250320903393241,0.0567830068102175,0.274702657909106,-0.55406584638062,0.238415960373583,0.694829717239632,0.48825645802474,0.188649354129492,0.756318841004504,1.03575629547457,0.679496117447858,0.828992911662663,1.22244166742249,0.999505553527133,"Protein"
"CDH41",-2.37559993136142,0.709990084540179,-2.25729868556878,-0.062805245220817,0.412677392909261,-0.349872147688446,0.758455706674125,0.529076137720105,0.456632400123114,1.70363094957956,1.89545204638318,1.68774458283628,2.58207700787407,2.39060216839069,2.24483351981993,2.58871075843916,2.36605164381188,2.33473945012964,2.93119282060198,2.5766375039547,2.45816221860117,"Protein"
"ATP2B21",-3.33477159040071,-4.57864992895266,-3.94962559937244,-0.0616408590205051,0.432339449924584,-0.370698590904079,0.5127531773417,0.425325358865358,0.776986134152807,0.804733856390307,1.00773578901579,0.737053423120862,1.48316466758658,1.24405777618181,1.08629122139698,1.61029649173835,1.62866384966588,1.78889517534327,2.30609079189184,1.83504636647913,1.86071875259383,"Protein"
"BTBD171",-4.19379982159199,-4.17593490249941,-3.97005363750304,-0.256578269259794,0.0454901682186097,0.211088101041188,-1.42115433658273,-1.38638457200345,-1.26431470818913,-1.88590739491496,-1.95767073559754,-2.17645231952777,-2.9320462235661,-2.85118632203963,-2.35338559629985,-2.93035284824217,-3.45188115243667,-3.23848335009295,-4.01106871547023,-3.3184006388097,-3.54861502257098,"Protein"
"IL6ST1",-0.0161083261236339,-0.762471341496408,-0.310378497319292,-0.351007996777094,0.333036494547004,0.0179715022300915,0.831152409944378,0.851010518011377,0.754166548575848,1.37642375108129,1.74814536938638,1.5520137902659,1.28214742152291,1.76836649386719,1.51093358723852,1.33020529047,1.51337272940638,1.57192140862588,1.54099343438814,1.65695711162175,1.54406713929679,"Protein"
"CACNA1E1",-2.87329098430008,2.93575864661102,0.612116285086378,-0.131083968400128,0.13738875088311,-0.00630478248298338,0.79853031641886,0.914937062418035,0.826963019338207,0.918091278811408,0.895508820113998,1.30911195691454,1.44155597965164,1.39503760640926,1.26768541040738,1.40610082291903,1.40877218396651,1.40154149177964,1.66750119164514,1.34154664534107,1.30468647635716,"Protein"
"SHFL1",1.60515404206964,1.31773607305029,1.30065528783825,-0.483892037016799,0.297292335595307,0.186599701421494,0.933848689942405,-0.819567034043473,1.0996971096421,1.13894059990935,-0.233167430101988,1.76924319421444,2.7580613103525,-1.29523403971853,1.21654360718246,1.45512949927245,1.26363184610328,4.55468062333561,3.39766316942471,2.1311598197318,1.38367152036621,"Protein"
"DNMT3B1",2.20871461481943,2.2254727102114,2.41168451775126,2.25839232744229,-0.714699338251135,-1.54369298919115,-0.505568151529017,-1.50703815420385,-0.139764615318528,0.240230480475594,0.382509025765147,1.11091953163021,-0.772437213700595,1.38213483677567,0.635423554436253,-0.444149230134858,-0.00211385866955638,-1.15762634544261,1.35559911579044,0.933560084000172,-0.315011914998431,"Protein"
"LPIN21",-1.61743034828811,-1.79324197253146,-0.550268804960469,0.713609572670173,-0.744836849571703,0.0312272769015323,0.11876060980628,-1.63888211913702,-0.979160839236052,0.322419992727342,0.705373635054848,0.374185681327351,0.663328048418723,0.884796970504759,0.973884158087479,0.743643260972746,0.810258434987883,-0.873114720232778,0.835999536101998,0.366993136540042,1.03874238317145,"Protein"
"NPTX21",-2.73574211742254,-4.06099323994994,-3.92655882450256,-0.275515899758906,0.104790093081645,0.170725806677263,-1.02956983834795,-0.961087673396142,-1.14606870448246,-0.580277908476999,-0.762957957267249,-0.833820586649205,-0.526117676145658,-0.573768319561891,-0.449142022923402,-0.508204251095043,-0.41095348807824,-0.711312620240969,-0.485614741057185,-0.446751577677011,-0.403195231453227,"Protein"
"RFK1",-0.23837565630067,-1.35508170414351,1.53644943605673,0.885109229354391,1.13534122610447,-2.02045045545886,1.20618811577134,-1.62721477823263,0.967520953880868,1.57106544382668,1.5850330858682,1.87812785890557,2.33476305543158,2.10317669100939,2.76754350597628,2.42591493328863,2.68710984301457,2.28783566575095,2.65909484828022,2.73687612228615,2.78602085659499,"Protein"
"FIGNL21",-2.84581124720274,-3.08738734463398,-1.18718991434654,0.0164808249727262,0.0460183430976588,-0.0624991680703832,-0.500490599226582,-0.453830381126197,-0.422397742036592,-0.248986968902424,-0.372823430013389,-1.18406413235017,-2.05457519559874,-0.837603182719667,-0.870367962082609,-2.53599271562525,-3.15067409188572,-3.27080717653061,-2.37381633309765,-4.17416094403485,-3.04433031260822,"Protein"
"NCAM21",-0.0673831581438975,-2.74308318483219,-0.271114858251938,0.155484396395547,-0.0763874107779543,-0.0790969856175927,2.20617700910466,2.22438950761111,2.32265490483416,2.77630956153708,3.00938536355333,3.19828852337793,3.24269557227533,3.31703314164577,3.38109751215456,3.57843313609351,3.54869236657272,3.84891772099189,3.95789193723856,3.77947486636606,3.9499881864608,"Protein"
"FRAS11",-0.190568939870927,-1.03975590443099,-0.189415309497393,-0.286214306651194,0.429022966163332,-0.14280865951214,-0.244181490739161,0.262495130083972,0.320406649024273,-0.378003609967946,-0.319534654813998,-0.460634310514498,-0.907476284471164,-0.090537036737695,-0.50996609929337,-0.707708804136958,-0.517373280346286,-0.414622875942291,-0.880210025105614,-0.674948795621463,-1.03647123827723,"Protein"
"SCD51",-1.69366266540113,-0.973987549643057,-1.13653859956197,0.47137089222598,-0.167132787390845,-0.304238104835136,1.72112131011743,0.958932264844812,0.937576388774847,2.0467951510048,1.94941653465057,1.80263128850984,2.13558943506962,1.82853108363349,2.20071329274197,2.4640942062511,2.24801634274858,2.21730726381002,2.18691505469562,2.33161427585948,2.24783177230396,"Protein"
"B4GAT11",-0.291559544798082,-2.05158083327891,-0.205829966910587,-0.319016082766135,0.272691645265025,0.0463244375011111,0.308614402083746,0.581906375877496,0.771698677004109,0.717075306018051,0.426772580072262,0.77626519010027,0.596200720057867,0.443010540114544,0.432433864666292,0.822016134899892,0.383169988842541,0.740518403072643,0.940296581768573,0.727645942529248,1.00416686245816,"Protein"
"SFXN51",2.16665431979826,1.66840738273608,1.70977258133207,-0.118396580925522,0.825262784711068,-0.706866203785545,0.807901846419288,-0.344091266436738,1.17939017459407,0.145565714935676,2.36180573002657,2.21009326566036,1.8528362230422,2.37794168075017,1.57306347934614,2.4976790090698,2.4448109633503,2.87804139249851,2.30065778290657,3.02190392321123,2.7345234126155,"Protein"
"TAGLN31",-3.82396562190233,-3.00511346464941,-4.44292222270485,0.137387366113654,-0.0730243532327641,-0.064363012880893,-0.162058758207944,-0.152244356146188,-0.305082131260182,-0.354635681736486,-0.274587880832332,-0.451910255027567,-0.66287427363002,-0.839288194248926,-0.785343799094331,-1.04835095952022,-1.10960458884501,-1.21896697420123,-1.50786256135572,-1.37671975735675,-1.49548568685325,"Protein"
"FSTL11",2.06159471591692,2.13241348327987,1.77080839147873,0.0349443444261492,1.22577061389702,-1.26071495832317,1.27638285943423,2.20705135990942,1.25241298480906,0.482237665179055,-0.288463348849147,0.00947229974784847,-0.271819229421345,1.00288571792106,-0.870166062535223,-0.380084528709784,0.394814924091369,-0.0612007549453644,0.308343717820861,-0.98152436461924,-1.04148686011612,"Protein"
"DYNLT31",-0.845482864699454,0.012552604789601,-0.811316409801028,0.0353140615461349,0.160332188304725,-0.19564624985086,1.12511301360373,0.633420287656968,0.908912158692292,1.61836814872444,1.76175268438748,1.39311323518814,2.21904140705722,2.26900529460178,2.24843215654476,2.52976362493732,2.64372250199371,2.44554124791548,2.678170139515,2.92796174062888,2.90609872800884,"Protein"
"LSM111",-1.42738904720156,-1.0578725606392,-0.536880570974589,0.379882012891096,-0.495753897686873,0.115871884795778,1.09209956013261,0.986865547619507,0.747001642435153,0.932341275821608,1.02002030402873,1.28707171044887,1.03228905425076,1.30645892156552,1.25545446385442,1.39072067043086,1.18065992224317,1.66622715560994,1.584491798078,1.33849394468046,1.62095920532053,"Protein"
"AKAP121",-0.246270925751709,-0.199062812280935,-0.0396884519429719,-0.141597925174331,-0.143627894646876,0.285225819821207,0.0514045632717171,0.0767546866038202,0.176168882724951,0.318410710442201,0.587181024626815,0.554767853048318,0.953091140502352,0.815185082595889,0.647255777830217,0.877147891824329,0.753689148833871,1.02273738596824,1.2901642088326,1.00023901392468,1.02882410161016,"Protein"
"EPDR11",-1.7280140852282,-1.74207335512257,-1.41177553143196,0.0365584348217265,-0.202562984862519,0.166004550040791,-0.419295478258691,-0.320577261162603,-0.361029538118276,-0.244059477396233,-0.172465550425125,-0.558296323595746,-0.0760241654977332,0.109425814772317,0.0370285468807428,0.380117384944556,0.679367980774154,0.203806836802686,0.717174590109696,0.47587963359946,1.08958435825545,"Protein"
"CBX21",3.3094266241572,3.58354025599375,3.17173864677647,0.0772971362329109,0.224439258094797,-0.301736394327708,-0.525059643809058,-0.415973736042924,-0.899072391630856,0.00724112127540444,-0.926977328042364,-0.651331724217904,-1.26422842888965,-0.547719420761329,-0.927554276285962,-1.59394523791903,-0.685239603584824,-0.990493114349952,-0.656300512176159,-1.67519661420372,-0.227272070193896,"Protein"
"SLC8A11",1.1594272826294,0.191028730196704,-2.87894821908658,0.109065575155755,0.290833191882998,-0.399898767038755,1.32433819773102,1.323181082741,1.36953493273093,1.75275547792849,1.86037858659,1.80786007770926,2.14978897955454,2.06731886644179,2.01286238025749,2.37271901312329,2.11514378908898,2.44825742373598,2.82002862865446,2.43077401884268,2.56233698305169,"Protein"
"LIN28B1",-0.909188576059657,-0.737401467213347,-1.1571906500294,-0.0640581011103549,0.00792250400170502,0.0561355971086499,0.202450252626399,0.315174251489417,0.225724521286111,-0.177601920895723,-0.00729548943919411,-0.097622956047795,-0.454894650464448,-0.44920693113013,-0.556568013344227,-0.607231635088096,-0.851883362430394,-0.866127906213192,-1.15409351994523,-1.24161000173664,-1.07746755320356,"Protein"
"PPP2R2C1",-2.76551667574089,-1.28187743122804,-0.504811966498968,-0.282779644485641,0.0540427666479193,0.228736877837724,0.298211223183541,0.5573600736841,0.262813785929433,0.496514355813895,0.361554192212017,0.362006555438475,0.646243974845925,0.711433197362124,0.550114531750266,0.858165313272425,0.414096730032119,1.04817517241993,1.07427198227264,0.683363410439396,0.775989738641295,"Protein"
"ROBO21",-2.99601479731471,-0.928383041667363,-4.03559762508787,0.0173536632320754,-0.100847234198074,0.0834935709660023,0.311382858271099,0.228358273424416,0.198332749993664,-0.014455276204945,-0.0532884795103179,-0.0148197168147455,-0.11205827682382,-0.367571142853375,-0.566602483994881,-0.487788074994707,-0.636021077560461,-0.584576366557751,-0.503170588854726,-0.93114941945554,-0.767753740501679,"Protein"
"LPCAT21",0.348132253534702,-0.434020979761867,0.938075912557501,-0.269347574231933,0.344171265117296,-0.0748236908853634,1.43772857680186,3.17612767524498,0.48331586686681,2.20129893549261,1.90514042949528,1.62923697257482,2.48535708590169,2.48373847897658,2.48322890016414,2.99123712135434,2.56445521889374,2.94195701382444,3.0271713839443,2.41277436769753,2.53160129724538,"Protein"
"AGO11",-0.0748979876169908,0.0501610268974186,-0.0445071956420069,0.101203949084558,-0.120063140290734,0.0188591912061771,0.163300618966767,0.0752193613890153,0.105192396578092,-0.205558564645719,-0.0846979833662242,-0.0364170070868202,-0.369011570150862,-0.261298604565555,-0.253360086253204,-0.537930761616158,-0.58782816290188,-0.490762165422458,-0.517397629161421,-0.648237057372944,-0.642426112015174,"Protein"
"PTPN141",1.26972511178781,1.18700049090778,1.14804030947054,-0.740202301735442,0.788447573492487,-0.0482452717570467,-0.500356433367534,-0.797684013833109,0.161968611925387,-0.551652354601632,0.008750571641162,0.0845015087073335,-0.696885331976864,-0.694240758415365,-0.3879406403027,-0.703868642696097,0.0173125243298173,0.436575958071197,3.81353266011875,-0.361365086663431,-0.211267362132102,"Protein"
"SLC12A51",-0.851435412962438,-0.511504256446717,-1.27141145745171,-0.0468095780272684,0.235262030449572,-0.188452452422304,-0.248590295266958,0.172901872913066,0.22787833591666,-0.0219015546662966,0.163972854639788,0.0708695460670015,0.086495909982002,0.468235675971965,0.368610490484262,0.511940948835878,0.693237317225645,0.757641300962966,0.961412889630999,0.859950954450312,0.987087898952424,"Protein"
"MCAM1",-0.889128246255302,-0.796923935112259,-0.997501187080809,-0.489072636510704,-0.0401957607589889,0.529268397269691,0.402646629459861,0.987835718172201,1.6010210572734,1.56323805870319,2.23329835003217,2.58386932537825,2.61127935666645,3.12172646512534,3.29196313753732,3.55819076631126,3.79985597622877,4.19216551674663,4.23032238507413,4.23144529175753,4.49366163203102,"Protein"
"RAB27B1",1.33481419093513,1.61049730196964,1.39471048734137,-0.416846782913211,0.360183971938463,0.0566628109747462,2.18090857216604,2.45351232609654,2.63237953185407,2.07375233500053,1.94469640774561,1.99952963457498,2.05480335924891,2.22795321168671,2.49538518965148,2.49122640307008,2.50712449228676,2.23580645874347,2.47307892148013,2.50292707888931,2.54749865343208,"Protein"
"TPD52L11",0.468392849241091,0.708177808107907,1.23611005914831,-0.587775242112805,-0.0123497214861228,0.60012496359893,1.40062321468406,0.393400680840587,0.995938324324513,1.37996417539328,0.892327134037156,1.07527037091046,-0.0932312920118719,2.10213207981106,2.60292291203537,2.88889112346146,3.40026114670873,3.58041069492675,3.79736897925858,3.77139615474863,4.02805999793368,"Protein"
"SLC9A71",-1.42919427149104,-1.83560602942461,-1.5499223050459,0.0427626118448803,0.209067760828026,-0.251830372672904,0.547862166288917,0.578094533666549,0.78120813105796,1.11339286605068,1.10306774235924,1.27988176845485,1.29139752994168,1.63290179177269,1.3275750638003,1.43323425225221,1.58892850871023,1.77393035525924,1.81164793010889,1.65240560585433,1.678777740849,"Protein"
"ARHGEF21",0.510800001460014,0.620967918387228,0.699187379756262,-0.0955266770701879,-0.0236925281862828,0.119219205256469,-0.0719972524308883,-0.192114803120164,-0.283096761620628,-0.431919021602512,-0.375388979269717,-0.213105145406923,-0.480869073405556,-0.475000313971131,-0.638538147802587,-0.733467677862153,-0.678202532995654,-0.605731451780953,-0.560749957474657,-0.776146581308177,-0.991239363871633,"Protein"
"PSMB81",1.62628236005277,-0.166053633877381,0.991902327678202,0.307070229269065,-0.0115849495238223,-0.295485279745243,-0.224931010457498,0.0348615224839435,-0.191860789628038,0.571263917130212,-1.51827347419435,-0.576994414959911,-0.521668336662092,-0.440247652218023,-0.0862584128467017,0.841196333524595,-0.276073530028468,0.951419469806867,0.892037723197179,0.964982378658634,1.0632761019942,"Protein"
"SYNE21",-1.27662355817841,-0.939316708275737,-0.964885960770165,0.0241355899516513,0.0683868177628106,-0.0925224077144584,-0.148132469480867,0.13353618906859,0.0305524829634471,-0.31107682196593,-0.525102412842127,0.0531711277283371,-0.0353863107595593,0.126275400206179,-0.354841664203885,0.373141611310491,0.565352734704089,0.242958068349882,0.386391715789063,-0.513587530883203,0.126605262896515,"Protein"
"CAMK2B1",-1.48510586547546,-1.5098911370689,-1.44040713837721,-0.0773923576087352,-0.0986150843320512,0.176007441940788,1.14173368376419,1.23669647939052,1.48149000548252,1.60231758613748,1.87689243374245,1.99728508769869,2.06051759280508,2.1034332917224,2.1311856628476,2.05610938640683,2.25186394697509,2.23139258990267,2.44896926845406,2.33554102978231,2.36314456435433,"Protein"
"SYP1",-5.68560214082087,-5.48129705928376,-6.54370311186503,0.000698874270657512,0.0196146059529205,-0.0203134802235816,0.474836786747272,0.42539092807738,0.417518264268647,0.747210157367736,0.979626809546549,0.735813023185425,1.23699497952567,1.30111789302719,1.18169437929501,1.60693378757923,1.64297782588888,1.44135284052453,1.88602831460375,1.92570772872531,1.81736586597916,"Protein"
"KRT181",3.08547769745323,3.40848810812684,3.04484424095678,-0.0635061789482165,-0.070780995569514,0.134287174517731,-0.450820183107972,-0.250848538640799,-0.222197442060367,-0.638077270740126,0.0404904139126288,0.349832357671477,-0.145362297702778,0.626464890340682,0.707754208009206,0.379531315839021,0.946718527079751,1.15348559978425,0.819592601476138,0.893467449808062,1.01345633055136,"Protein"
"SNCB1",-2.31590102703804,-2.68430726176903,-3.92328073048137,-0.161680165012267,-0.276249918067752,0.437930083080019,0.386004499866409,0.418614908348559,0.269238546711438,1.01931197288429,0.941390964070081,1.10724005200994,1.89341227260787,1.48953098691693,1.79190396618677,2.23729531970234,2.25314875750548,2.08303412839008,2.27003540904388,2.57886569639655,2.88834481607861,"Protein"
"PRICKLE21",0.474736091474213,-0.139491712323537,-0.298251792508594,-0.608937925198569,0.085313392327155,0.523624532871413,1.70807889724596,1.47079289841756,1.3840420049336,1.77867829382773,1.63296243342701,1.83815786830326,1.99840641598303,2.01058631711094,2.02971258997918,2.19217087043205,1.93483842719874,2.24703903581953,2.36480126462023,2.03114656248226,1.96791745730333,"Protein"
"SRPX1",0.476989021546373,-1.03066844582812,0.243430646829976,-0.369357773869883,0.13807670574459,0.231281068125293,-0.0347035042804578,-1.6058593307057,0.387979204104765,0.708368065829204,0.723346842251589,0.872452130954406,1.00861178977996,1.08446007081096,1.25568122298758,1.18089801356729,1.27074245608458,1.10968610698679,1.79685269865536,1.40416124975432,1.73649556484708,"Protein"
"CLIP41",-0.314100798526441,-0.744959353640665,0.0260143197091942,-0.815586818974914,-0.105273033449444,0.920859852424357,0.599960858108568,0.556884325818627,0.856637119477208,1.34630678703108,0.532970317140718,1.35385906274347,0.514575743856676,1.288869047244,1.53971807806466,1.07937672950031,0.660771817522152,1.61151571652577,1.46803078160176,0.844230442328493,1.46518635363939,"Protein"
"ADCY51",-0.929054135488476,-1.2463726557972,-0.296028682388762,0.225316402965037,0.0741370740564644,-0.299453477021501,0.131094859498306,-0.24378109149839,0.249362499738806,1.11669463474689,0.799764259810674,0.244246150926111,1.1747048330062,1.00832169823933,1.21151889922487,1.56501402019449,1.38453920925481,1.66914625003755,2.05545270380784,1.74500301939532,1.52815009928584,"Protein"
"TSPAN61",0.101855536999816,-0.0971525616265208,0.383526075908252,0.0499816607629402,-0.0529436608606257,0.00296200009768377,0.0251954602292539,-0.575162060136014,-0.255418143326457,-0.110854928075495,-0.578809508481443,-0.557921267541806,-0.682821394279307,-1.29890462618879,-1.14985145985453,-0.551578332939146,-1.62330662003677,-1.66571452843898,-1.36616536708556,-1.8059901044144,-2.02977142664506,"Protein"
"ERICH51",-0.366560986768686,0.598614055146466,0.333142633940351,1.03948442352464,-0.900865900376788,-0.138618523147858,0.481095637991238,0.1490972860352,0.359900911250577,0.731072254441873,1.04640155795796,1.24114937481299,1.57830226988697,1.16489845033387,1.28558891053967,1.73305606679399,1.64822549050911,1.87408161018051,1.63553240617405,1.89153767160438,0.701824655410576,"Protein"
"RAB3B1",-1.12577290450248,-1.06541841774474,-1.15030164699188,-0.0817874625071866,0.0739772043080507,0.00781025819913594,0.676344580945297,0.813158267052771,0.706591554083474,1.04030423489824,1.24002866595016,1.27190916299447,1.52449275583628,1.54456295693279,1.61034767381878,1.72465971830251,1.66434626242896,1.87130292840933,1.82171032662373,1.87815529283453,1.85099873895068,"Protein"
"KBTBD111",-2.23619972427424,-1.79433197469468,-2.33208190338513,-0.0425047033576966,-0.0524542774141601,0.0949589807718603,0.699007986965992,0.621661903724426,0.617523566894679,0.832788782892269,1.00014400111485,0.949529348726248,1.22123919238794,1.1627928671312,1.38853850870619,1.36870212199633,1.3936706661422,1.39796641284034,1.62799980189842,1.48606515747624,1.54715865120943,"Protein"
"LMNB11",0.766399758632641,0.794895936424826,0.7807771566528,-0.251934155174677,0.198676331499687,0.0532578236749863,-0.499613492949347,-0.30200626900729,-0.362768049495269,-0.884331264187868,-0.508918858623684,-0.97325620552299,-1.25386987333004,-1.0273227306208,-1.54456516543062,-1.40289688463079,-1.68695020717964,-1.7204109113315,-1.92624816312815,-1.84524765682588,-1.73244687715315,"Protein"
"MAP2K11",0.06423907561798,0.178196688151754,0.12308379796244,-0.03023839578373,-0.104336267812005,0.134574663595739,0.261031994798312,0.148479676528847,0.283383154601548,0.39700305562295,0.513216095691906,0.517267893818772,0.850548005184496,0.743897140730891,0.845836849070881,0.925723782294522,0.990709237228675,0.892185074570175,1.25806589005311,1.23378855169117,1.11681084162586,"Protein"
"RAB11FIP51",0.386199635559375,0.0531956591048193,0.0624979949073499,-0.642091731986898,0.852362526523695,-0.210270794536797,0.148343443526326,-0.197526895512603,0.163829717750001,0.898906438962467,0.698897028256852,0.8478852345999,0.898339614310935,1.30651132034761,1.3031449174182,1.2700652606879,1.48258949854559,1.54039887596224,1.53164115580209,1.56330145275975,1.71905269779085,"Protein"
"CENPF1",2.21939332664076,2.37433429586652,2.27104027998982,-0.559652842945489,-0.275321486114676,0.834974329060165,0.0292065390561635,-0.48100474495928,-0.559090285923284,0.207616533650437,-0.463845374470784,0.702205478709875,2.25243028824992,0.330647521069537,-0.191924760043143,-0.337923135159102,-0.717545195901703,-0.595869605681404,-0.328788055308818,-0.319317989876442,-0.61324567240546,"Protein"
"CDH71",-0.301441084050527,0.515136453605445,0.335440759841232,-0.00398138089851408,0.290993811914545,-0.287012431016029,1.81744673319924,1.76741129558913,1.58725371218759,2.66343478195579,2.60741984067778,2.25032232394039,2.5787982091474,2.65831245647821,2.26164363876266,2.88983551991876,2.70591245508512,2.78985185096973,2.88810531743947,2.65883802539721,2.50542065947791,"Protein"
"ATP1B11",-3.2951014922903,-3.35028665722709,-3.34547003483076,0.071790204698484,-0.039276678366523,-0.0325135263319574,0.923563591417899,0.842703096328986,0.998049106378499,1.08266847678029,1.25547087848807,1.31449235859246,1.5808965458556,1.57245158652439,1.41135902294146,1.78477313663297,1.65683245260888,1.88450926275577,2.26878927659947,1.91636584255413,2.03733751863191,"Protein"
"NCAPG21",1.66272142096542,1.7878450981055,1.8823052860841,-0.300126631765382,-0.322291611475142,0.622418243240526,-1.21277891768547,1.22406255978255,-0.468861444936406,-0.593139571429345,-1.28957780035415,0.121140319706173,-1.26386940920977,0.0820362843036744,-0.407914505134777,-0.515705972114725,-1.64703733728891,-0.209113205992514,-0.572994911666592,-0.554587982310448,-0.606046969712331,"Protein"
"DKK31",-1.71476492194967,-1.80078074092324,-1.55565294612627,0.76484982644722,-1.40811074363975,0.643260917192526,-1.5686687975033,1.66412758103367,1.38236698689713,0.972486677875077,1.94656300210321,1.49400538352674,-2.12283598848778,1.38595570631148,1.6018524351063,1.55758477434969,1.80038826154798,1.01663554653746,1.53039415630647,1.86686118756263,1.38389307151252,"Protein"
"SV2C1",0.121076861785737,-2.32283713609007,-2.84558023200495,-0.313612346019797,0.0760830749154895,0.237529271104309,0.0729791607530341,0.59943971620371,0.939550771693641,0.651946652387855,1.44188443910755,1.51128340180149,1.26288853932443,1.82922688339415,1.8407513900939,1.63439225634245,2.15120716522788,2.31173624819229,2.22558886527085,2.35618368252267,2.67433437266494,"Protein"
"RETREG11",-0.752015617202797,-1.97081586016661,1.00528161961531,-0.290787936900923,0.271160331218844,0.0196276056820786,0.694705400228937,0.856351217133451,1.00702104679637,1.48209678775453,1.38787193056314,1.57060365258908,1.70771104136284,1.91081133833241,1.66909192010434,1.58189087390449,1.76769131677592,1.66712149780162,1.88877180427668,1.70766817536515,1.66887944030142,"Protein"
"MDK1",-4.02755643784927,-3.51042905143198,-4.00040375506755,0.111238235833849,0.0829588765555194,-0.194197112389372,-1.23257154268279,-0.917359010757455,-0.985789315296007,-2.25528539937184,-1.63392787050006,-1.97338201090819,-3.70430383445156,-2.51285214474066,-3.72799829586741,-2.49805518330315,-3.26118974070451,-3.29413083814377,-2.90850001041139,-4.02388896090446,-3.10432701265034,"Protein"
"VCAN1",-0.232150778277857,-0.123639037152985,-0.297788426075799,-0.0269132556581848,0.445710619919977,-0.418797364261794,0.236899295844117,0.73317867020717,0.0173649929882078,-0.0565285165062992,0.23103124822576,-0.447225290434657,-0.706450626505825,-0.382731669202927,-1.09403309452563,-0.948320997262966,-0.921098337670967,-1.73467184786322,-1.19683636417392,-1.40158755746134,-1.98703225334014,"Protein"
"TLE11",-0.565038932202327,-0.17742922199534,-0.324932099445,-0.0130925706377383,0.0135786861989686,-0.000486115561230349,-0.346435653343214,-0.250264653421155,-0.346358477701941,-0.723856628838561,-0.628080490144839,-0.60622215224361,-1.03606102383455,-1.02611385806907,-1.14165271642498,-1.13133908912878,-1.50210425699324,-1.1017166238699,-1.66288488420012,-1.5735762157838,-1.02054088872848,"Protein"
"COL4A21",1.63251350738338,2.57032140617818,1.6892581946619,-0.262127768436605,0.875707201768739,-0.613579433332132,-0.461163342420702,0.654335561440243,0.303819692609961,0.0554693609113226,0.653275188523468,0.0828557199733861,-1.98392367666865,-0.0530993982926606,0.111558965128259,0.121557032873634,0.635446237704466,0.167239095744526,0.245091572771178,0.54696889061425,0.156936313616134,"Protein"
"SPATA201",-0.0169800821701092,0.0576319266949721,0.103479088290927,0.436814911886534,-0.352195100025707,-0.0846198118608275,0.772619482968656,1.13754356049543,-1.15331417237448,1.2286779003485,0.905806294403897,1.27445643562126,1.57081018326446,1.81424293189622,1.99177936946301,2.10352585377159,2.45994738686502,2.28786244463775,2.58169553524132,2.81871006260802,2.77320425298252,"Protein"
"ENDOD11",-1.70095173859334,-3.06194306942768,-3.17601889753917,-0.317383272883282,0.245423691776077,0.0719595811072065,0.829919045780491,1.26604278720949,1.42285801969656,1.32110380609619,1.97246983655778,1.9698235441282,2.01354443944873,2.21354419337764,2.19772272656174,2.22769629361883,2.37807568056026,2.25805697251519,2.44320731422494,2.43918772453072,2.50535859703066,"Protein"
"RAB3C1",-3.23437647782112,-3.33650608692334,-3.08516956326802,0.140315291163247,-0.111579203375065,-0.0287360877881824,0.881677186443277,0.988955626438333,0.91062570104274,1.39537545091088,1.56907858717912,1.34738925305589,1.95349894603312,1.77853260936294,1.73606109811083,2.15199784865661,1.91661784977157,2.18149919515871,2.29838560072738,2.34863014378006,2.4067263878782,"Protein"
"GALNT131",0.278362351976982,-0.17213588402867,-0.699471118557277,0.0444027148867683,0.0505465380389225,-0.0949492529256908,1.24348395371599,1.09250499964422,1.39669127738755,1.50050150983219,1.59332428635016,1.52477129436304,1.61940243298369,1.48285386781548,1.91856546010746,1.61765730554635,1.45869659315776,1.17515257103634,1.46807227130414,1.64725101324873,1.61689554254596,"Protein"
"PMEL1",-1.44174295759076,-1.13355960522181,-1.5277810827457,0.0645028747766005,0.228362423205111,-0.292865297981713,-1.10708359663715,-0.989034273048937,-1.74060518286994,-1.94788700751472,-1.56986355245666,-2.18796564905376,-2.42536799247547,-1.87148431569484,-3.25942953002649,-2.17769916249619,-2.65806950949741,-2.8056745740451,-2.91659188219786,-2.8408644801332,-3.06115354101265,"Protein"
"CLIC41",1.33554992189489,1.00910664152823,1.37405369213288,0.0550724672117529,-0.0467828134602986,-0.00828965375145252,-0.618670290015414,-0.598666854906233,-0.66440970456876,-0.699865001799642,-1.22478329293462,-0.968657487865608,-1.09710856810424,-1.37861578008558,-1.39416097457522,-1.41462742629144,-1.36588808977194,-1.49621110648234,-1.56507120058955,-1.6656964095968,-1.57236764894138,"Protein"
"ICAM51",4.92717548389571,4.96598985909152,4.41521488420006,0.172793740314193,0.156045132194748,-0.328838872508941,0.122054780023765,0.41645853056716,0.788966495547063,0.530591266513861,0.151154595802717,0.340684311382825,0.230084316243206,0.972664262920249,0.952802993549549,0.865051792822305,0.866412266414249,1.43755670371548,1.62814610563971,1.66388435246169,1.76723411720315,"Protein"
"SLC16A31",0.713269474015917,1.3474091858077,1.10171638783254,-0.53056721137022,-0.0431309200026746,0.573698131372895,0.304136918255258,-0.0499328213980821,0.461031907256315,0.780715327066881,0.552973672757652,1.53161109097018,1.27904474941183,1.65479295268196,1.94722399755038,2.52703446632545,2.55341588419053,3.1598921976511,3.77873365445248,3.62010167318694,3.90688918031318,"Protein"
"MCL11",2.86777005110892,2.54948215729941,2.92710418699295,0.344140374381505,-0.315187610113687,-0.0289527642678191,-0.0250734168317717,0.192028988554313,0.484869341689999,0.518959297447601,-0.772871107040253,-0.206000108313756,0.366349556912308,-1.09893481762344,-0.374541769631326,0.116060910900099,0.284218175321026,-0.0620306265847557,-1.29290555588089,-0.095281359902657,-0.224891303176445,"Protein"
"PPP2R1B1",0.394876896309023,0.1634284953545,0.305798814646073,-0.0675636436810887,0.0312501492890274,0.0363134943920596,-0.490502677770683,-0.273453397558525,-0.323152607081992,-0.00157967951100879,-0.763836544032747,-0.624688315397348,-0.801252794775705,-0.492694198342276,-0.748639903014146,0.253636230519708,-0.187752060202589,-0.207909639224988,0.178892129919513,-0.383637897693509,-0.00916665873917388,"Protein"
"PITPNM31",0.04100964748325,1.38280423644899,-0.0622315178658805,0.59363457223718,-0.202231479136852,-0.391403093100326,0.761509190841277,0.418877402368105,1.39430957037638,3.1612782687875,2.95737047404716,2.60842576826543,2.89726336865714,3.03038351630412,2.90223224992354,3.46929029251714,3.50361119287978,3.51113009231761,3.8583430561216,3.79580349102962,3.58787053252553,"Protein"
"SLC1A61",-1.54869669587853,-0.3887669997556,-1.07761734568739,0.249359852976575,-1.01419826244801,0.76483840947143,1.09529002601982,1.27903090569755,0.929524407699219,1.24971044124932,0.651871932082972,1.71413971182439,1.66342969908571,1.65044725714461,1.62979160548725,1.58890145556316,1.5275345712586,1.88193384908093,2.16506363364418,2.02541366828944,1.9066645654712,"Protein"
"NENF1",0.00878712560377082,-0.42149149211426,-0.058815625419566,0.0657846689898669,0.0257563190401697,-0.0915409880300366,-0.557066648183021,-1.40074263148891,-1.28938589915799,-0.117810052624147,-0.717066028987475,-0.207433566580942,0.540385127747257,0.335178210414842,0.424130079816564,0.915630396977825,1.21789822485792,0.869364731802818,0.881149684199087,1.38954519229146,1.06525965348244,"Protein"
"SIAE1",-2.76435526885599,-2.65045205815517,-3.02435019561746,-0.162654944610772,-0.0777444375485388,0.24039938215931,0.382111526328476,0.457568436065543,0.472439551661282,0.719789307594954,0.867278656405809,0.762459632538956,1.25212044181467,1.15848600048754,1.53723482548465,1.54927238472731,1.80092335664485,1.45508022098583,1.82341416696911,1.97388621494562,2.25552766693282,"Protein"
"CHRNA31",-3.52482751939164,-3.10202780413076,-3.28802852137047,-0.0702313881344061,0.123360241766797,-0.0531288536323906,-0.122018922643178,-0.295009009088666,-0.228121268988836,-0.579741551461382,-1.13873475497169,-3.89395798047404,-1.25300327405461,-1.01417928184392,-3.70484510063246,-0.699348780738624,-0.683545659263682,-3.22425495863709,-0.740910847850611,-1.04268823015691,-1.11974301693067,"Protein"
"RCOR21",0.477611252233176,0.430992089211975,0.525817735521029,-0.154258808314347,0.11694722694592,0.0373115813684297,-0.379752275829704,-0.418007829849467,-0.418972878685059,-0.942457909911001,-1.17882674986343,-1.03030285460497,-1.5372060106626,-1.50630247033615,-1.46119997450612,-1.13174958091252,-1.77259966726323,-1.76341474751105,-3.39086407992774,-2.41361343736892,-1.94693949369282,"Protein"
"LRATD21",1.31923956326352,1.0648167101626,1.34889258775403,-0.565249420423411,1.1371452708241,-0.571895850400692,0.161767310112108,0.0590780695507629,0.644625088389075,-0.555592276140841,-0.107213262215124,0.21065624770733,-0.737724274646142,1.07827203829198,0.345148826694619,-0.827382581119421,-0.558871770107245,-0.22875136064035,-0.713139085045942,-0.250820604199669,-0.38660548262863,"Protein"
"GAS2L31",-1.48100852259951,-1.06799155672063,-1.90417430240187,-0.0298200464572549,-0.0585111600818937,0.0883312065391504,-0.490743317523291,-0.91617918719747,-0.969276415197383,-1.27766093299939,-1.43303580025974,-1.45885866230639,-1.47577707426215,-1.27313538464539,-2.0155986332271,-2.433106006479,-2.00743224634963,-1.84219011169647,-1.59307191589716,-1.46516135534181,-0.631537823022079,"Protein"
"PRUNE21",0.228949281490781,-0.720359115157651,0.960901131769011,-1.2572361748725,0.281314193756103,0.975921981116395,-0.480613210769436,0.315735890587721,1.00632341425628,1.5945948944679,1.40713597538167,2.11525231812024,2.1367256740131,1.96402324696888,2.29080631704639,2.30288115958676,2.19883721858504,2.00266120499155,2.24933931635054,2.49076952441918,2.57134694799014,"Protein"
"CDKN2D1",-2.92055702005375,-1.81013795272469,-1.85962894410118,0.335681157692717,-0.617163855747696,0.281482698054981,0.49175898169228,0.673505518974254,0.38411982260889,1.29882862410686,1.16310928695329,1.12723158596061,1.30148099051827,1.02421428182256,1.46129387477739,1.66253648379667,1.66513540035039,1.56643330215723,1.25508830619706,1.58196798632232,1.63440060906622,"Protein"
"B2M1",0.903964313548871,0.761222548434139,0.722575727297889,0.0232862067454587,0.0184621691939757,-0.0417483759394361,0.305887982605091,0.167477306543367,-0.113620951903821,0.840304572807307,0.842329264348811,0.663349058337507,1.08400568530283,1.43147773035957,1.19284335371418,1.7802712552501,1.98793199918992,1.59352902621043,1.71465357240653,2.28149785347143,2.21296085919234,"Protein"
"TMX11",0.500166309726417,0.324507677302989,0.364076881542204,0.0623604068950812,-0.0199735893943966,-0.0423868175006845,-0.653643385993576,-0.816309028383785,-0.765727654997441,-1.21393217661054,-1.33262477722654,-1.36104354897519,-1.59455940732758,-1.7293782140618,-1.83559540292715,-1.63874319451547,-1.90658854536807,-1.84240016564055,-1.81168258259726,-1.93645886347428,-2.02125920848383,"Protein"
"TNIK1",0.888877291443734,1.02553868532401,0.832713338793155,-0.0172098247626202,0.206925401333862,-0.189715576571242,1.41700372430406,1.0509570589559,0.994802682130469,1.74833323054235,1.49160294794153,1.63540859879837,1.85686013448617,1.82623771562381,1.59655434679666,1.83946071395777,1.57009008169603,1.6840578968846,1.85135720563519,1.43829581932239,1.59038224235977,"Protein"
"ITGA61",1.74144463804439,2.03698550713559,1.79088655167774,0.0610528823594727,0.00549650892284959,-0.0665493912823223,0.128877834536606,-0.0639174397610454,-0.0333310115276788,-0.0139015510727809,0.112595272987161,0.038146057785724,0.0557599621579357,0.421856432870886,0.415470306230304,0.417190185161228,0.690499084539573,0.627691807713608,0.589453898437005,0.687873896348782,0.684016108210981,"Protein"
"RCC21",3.27033731471182,3.43552083691663,3.40603427338328,-0.0116382137172302,-0.198921401667249,0.210559615384479,-0.653451664594435,-0.871855654023562,-0.65343279975195,-1.19281695909102,-1.28524249359035,-1.21269308490598,-1.77128853429155,-1.40930540643141,-1.85372412515952,-1.98693319833187,-1.80329636680253,-2.150225478898,-1.53704155396182,-2.01040676447921,-2.06736327833432,"Protein"
"HSPA4L1",-1.23894404962498,-0.429039994439446,-1.08346538527606,0.0611975881499411,-0.0736981941495678,0.0125006059996231,0.299773016576037,0.283516758274434,0.450113073173167,0.452132292692998,0.737494303478915,0.673535455966995,0.981253873313893,1.09706714769164,1.22717583924547,1.24867830910749,1.31933865415835,1.54414701779294,1.7818421324445,1.73652539604631,1.95570221851571,"Protein"
"SULT4A11",-1.20943012751554,-4.26109084566694,-1.53840912957864,-0.0198532336791342,-0.158981714981012,0.178834948660144,0.299518623342829,-0.0383881868542364,0.423215733958765,0.717629582712085,0.681411419532658,0.624078063332627,1.18738324942715,0.978870134855185,1.31328258807309,1.38234714783598,1.46083041760724,1.15538339484015,1.30667629545151,1.60851184298601,1.69292560060713,"Protein"
"KDM5B1",-0.853480848201853,-0.296345149892991,0.12405189029667,-0.226702537769802,0.0436637249776908,0.183038812792105,0.375020413687679,-0.00668587163487899,0.387904929376091,0.236733046009441,0.630466507882083,0.57459920734329,0.825597800966676,0.745082499059215,0.957538782988792,0.934183957731285,1.27454163700997,-4.41218290029197,0.7916779104361,1.19722944014624,1.41076856978255,"Protein"
"CTNNB11",-0.540863363843528,-0.533672690073232,-0.600873949984411,0.127902930288862,-0.110446864948877,-0.0174560653399851,0.468743125006092,0.388954629946298,0.42141492278202,0.533288037409079,0.692816243704613,0.55335987166638,0.757878381010912,0.571097086765555,0.739768156151989,0.675624319888151,0.761990598388067,0.774747734513483,0.742146531519673,0.796306974859093,0.676802125157309,"Protein"
"CAMK2D1",-1.15600872858867,-0.703674575106962,-0.941540391453103,0.074281904708279,0.154005475836041,-0.22828738054432,1.02509936068767,0.875751029028972,0.877185914422775,1.59843777751874,1.69189816560715,1.64974217245108,2.08932273140542,2.04027457077021,2.08322357584607,2.2206352629197,2.36680561840239,2.31841034854618,2.5035043730192,2.46215308672296,2.44768548179748,"Protein"
"SERPINE21",1.33132356168885,1.37588870724178,1.89923120847651,-0.158099567977555,0.538879733618192,-0.380780165640637,1.43163757067875,-0.214558948901495,1.07340707450812,1.77376755272145,1.26367882974155,1.67221440999098,1.56780286638164,1.58065785244973,1.47194285029876,2.28090597364506,1.23497482827138,1.85589911201517,2.35793351219055,1.670758437957,1.96486762614099,"Protein"
"SPSB41",-0.390222976268491,0.080196190510696,-0.175806889412277,-0.0256719461595036,0.274317020183682,-0.248645074024177,-0.320020318890355,-0.189173389896718,0.272418777036927,0.166567956953381,-0.546900392934502,-0.210665797802124,-0.132259692315211,-0.800248401339983,-0.112890893878829,-0.949187928197775,-0.977574868758371,0.247420028071781,0.24171904732526,0.240986293766957,-0.0300433791540744,"Protein"
"NAP1L51",-3.7117126596906,-4.14145956433371,-3.09317281126728,0.0693916350191692,-0.0403102307347005,-0.0290814042844687,0.501682220922552,0.659974870216059,0.49800740166644,0.996399863981607,1.14709059812315,1.13615100871629,1.00880632076414,1.59887392512549,1.08376842206044,1.6712175104887,1.66138573981912,1.5294843831746,1.58603945259251,1.4005377514147,1.78998708739857,"Protein"
"GRM81",-1.24996912179226,-1.05044982732749,-0.42108624757183,-0.468835425339375,0.509961888342506,-0.0411264630031312,0.285310275132456,0.718368585075854,0.647506312352796,0.38467568660057,0.251743214378607,0.373176884756852,-0.418081884981387,0.0630000010892076,-0.239919677438753,-0.781907808192553,-0.457308123107424,0.0986234465843623,-0.403599712842077,-0.316851112639622,-0.443953489596691,"Protein"
"KIF26B1",-0.484015247973392,-0.442741110729083,0.605904304251846,-0.0453431089838716,0.189858299816382,-0.144515190832509,0.546745889478727,0.139430899344829,-0.0359503516469086,0.778990708008026,0.553507017464691,0.38145939264888,0.0504950316298274,0.646167359995333,0.386726252518683,0.528872041292848,0.299581746188109,0.745870675966225,0.551700840386436,0.462201640026249,0.505079962528482,"Protein"
"PDLIM11",4.09255163277986,4.02882198789801,4.23327557757479,-0.1460882218548,0.168774882970567,-0.0226866611157668,0.674709888203928,-0.168939988966461,0.728557210198506,1.33604336663894,0.788206480772278,1.19288905856634,1.808980483051,1.27561667446059,1.60259334470506,2.00072719192928,1.88722120770734,1.93758142254113,2.8503232497776,2.26790205868547,2.09460239601159,"Protein"
"CARMIL11",0.429482395980145,0.372604581477972,0.300132997280414,0.217080987944755,0.146199549857137,-0.363280537801892,1.00994901155431,0.432297032132681,0.713110937192013,0.321657856875291,0.694611469632576,1.07677911607098,0.368801402107017,0.587053187271927,0.171419789799486,0.316788147613657,0.801158027512116,-0.297557903701289,0.793251569401185,0.6876455535728,0.219216323345684,"Protein"
"SEPTIN111",-1.24892607656682,-1.26954156619205,-1.10505555733877,0.126417029702097,-0.142573086358226,0.0161560566561292,0.23138606712736,0.202625798794621,0.201676738888843,0.0538298442561356,0.178200846129066,0.138670799052804,0.141905580569606,0.0825303624782947,0.140350882953548,-0.164590731720942,0.0490079520180231,0.0206888504342473,0.0606674468679813,-0.0362001719787841,0.0911923400056835,"Protein"
"ROR21",-5.94043908466793,-5.95657013103376,-4.91681970366006,-0.0498203188205331,-0.169821485846679,0.219641804667216,-0.524084698325833,-0.496548584619216,-0.428457658716621,-0.558695733348078,-0.758816272862656,-0.448217935317988,-0.863144055970427,-0.6937834316474,-0.357460595299859,-0.703089465762158,-0.651191662218505,-0.906577547233834,-0.595403997023222,-0.727264201919841,-0.675092501550726,"Protein"
"LUZP11",1.03076400731334,1.3772812895776,1.16925344648229,0.160593693015787,-0.186147274226524,0.0255535812107333,0.0977425925626711,0.458831945975621,0.0966838027566048,-0.0369009346651374,-0.00465519558467165,0.0779336601518104,0.0404450288735809,0.29808494202047,-0.0959486685869884,0.238688149199842,0.245329967554657,0.291582963323958,0.293756980270008,0.300674513019541,0.167332344011658,"Protein"
"SNX181",-2.68715157228055,-2.76988088960236,-2.78273628285513,-0.120054817803318,-0.0524572328562662,0.172512050659588,-0.952502568038016,-0.562084479424618,-0.460254842044892,-1.49989627451052,-1.25801895416194,-1.14753162413983,-1.92539743573563,-1.73266660486962,-1.58867606885029,-2.37250156060377,-2.24844130224984,-2.09088150454054,-2.50101155968761,-2.38939409168628,-2.19638396440626,"Protein"
"CBX51",-0.658997543087333,-0.548497652528718,-0.737229641318327,0.00340201517745342,0.136076989889691,-0.139479005067148,-0.498471368287452,-0.171191574765086,-0.284280984839139,-0.732363786189202,-1.04628664178548,-0.929828419306036,-1.5362366182158,-1.09997055266409,-1.59846045888461,-1.50867180672714,-1.79377795869032,-1.69767885632229,-2.31050463978737,-2.14623932908948,-2.12144098334583,"Protein"
"HABP41",-2.05099362012091,-1.43668146883227,-2.98648743056729,-0.175943982487732,0.142299311559414,0.0336446709283198,0.23288082260793,0.212089038700347,0.520714792134408,0.514094511085544,0.731865210627641,0.959976155485693,0.916313901012638,1.31784890589143,1.08456666743179,0.917891354229424,1.33446120199597,1.29737392354202,1.29906811827793,1.33962977225677,1.44589570138224,"Protein"
"WASF31",-0.741237427688079,-1.13264412815712,-0.753321678529597,-0.0370901560543881,-0.00734733058053827,0.0444374866349282,0.528800640047583,0.478789163881688,0.455087940023597,0.614882514715907,0.825048808271012,0.841729819898072,1.0369888040469,0.984415790239993,0.937011605511243,1.06016194635612,0.997631446792973,1.07513409024246,1.33506229483947,1.06316713886098,1.20430207926029,"Protein"
"INPP4B1",-2.45710404554558,-1.25233692178951,-2.33170399825701,0.0374825296715873,-0.0763743967386201,0.0388918670670311,-0.172048634068974,0.115612379468063,-0.102033985713616,-0.356057389636559,-0.444487461721502,-0.634349179777685,-1.45715474855245,-0.899430328047872,-1.26473253679023,-2.01275288610683,-1.59554234773735,-1.32266548144118,-2.09777704248139,-1.80603706952992,-1.17186035986069,"Protein"
"SLC25A251",-1.65637221528445,-1.92775621821521,-1.66937005580431,0.174619619767544,0.427944769178747,-0.602564388946289,-0.0142987237290946,0.159037437595469,-0.421363339216468,0.0762461522264353,0.0416593377949575,-0.0762523023462869,0.394808770089373,0.343413167200087,0.460679083242329,0.666881495567292,0.804647442376545,0.734396794588353,0.709622617896795,0.9330713763262,1.05030640549727,"Protein"
"MB21D21",-1.57646438563549,-1.66643193709632,-1.42746896055861,-0.0368816940782857,-0.00364778292069801,0.0405294769989801,-0.301862312640816,-0.11759152110702,0.0957687091320487,-0.577403535264724,-0.487285718313379,-0.475049607997184,-0.639747000158513,-0.79622297150698,-0.576202048010968,-0.825831705361471,-0.955038691984145,-0.802638261543764,-0.920370549926789,-0.859691916483486,-0.691284399290014,"Protein"
"PTPRZ11",-0.324031516550171,0.030057409752871,-0.328351328932239,0.0826307759358968,0.0955201156356225,-0.178150891571519,0.546131100932342,0.949569586197349,0.659430482644524,0.954277897164236,-0.428693757840712,0.558420794882409,1.50833541522552,0.654279712078676,0.788688151687886,0.517716843851606,0.997957833899903,1.5181808251989,0.200843539969306,0.929011142936098,0.926005457574202,"Protein"
"ABLIM11",-0.933527489883128,-1.14275293318164,-1.07515344364727,0.0726021519625153,0.0937383894537991,-0.166340541416316,1.48991218250625,1.46008551260848,1.45500190144806,1.82718338216025,2.07084738255648,1.88797589768268,2.11934894859806,2.23002954411915,2.13404991472162,2.09803209041922,2.18225240372262,2.3033867696059,2.19888522387322,2.19645035543928,2.11996425329136,"Protein"
"HSPB11",4.06840265842498,3.91420061043357,3.79030600009167,-0.0531775780032593,-0.112062466409492,0.165240044412753,-0.330227829937316,-0.454957244028003,0.507965241563996,0.059079949971844,0.731946781126828,-0.123209489217567,0.8252700798863,0.503973645311779,1.02713491734381,1.22692363858958,1.38691634325094,1.0839692404142,1.99868774232118,1.78899902865281,1.76161258351904,"Protein"
"TMEM651",-1.42513046566203,-2.10370355890888,-1.91373911418877,0.0447956951345265,0.0399978980084637,-0.0847935931429884,0.61801589427264,0.778296854309195,0.932515263132908,2.01468271273003,1.70630726124677,1.74264958548382,2.69746421143291,2.12318079961753,2.54880535922567,3.08577687772314,2.95537050784189,2.87077154098749,3.05612881805986,3.29135095169714,3.29141108831269,"Protein"
"CACNA2D21",-0.282286917597894,-0.847892980942389,-2.13693833604564,0.0175625448832459,-0.350006752079805,0.332444207196557,0.840592034774557,0.639283813754004,1.15550171917009,1.30302361599572,1.42293011807879,1.45666673208997,1.55200924206923,1.56441276376001,1.74080654577177,1.88279765707049,1.9410244161585,2.07151560875216,2.29458721671093,2.05507269591778,2.32939908958808,"Protein"
"LY6H1",-0.363474651976775,-0.635806952305618,-0.807045551204645,0.228280255016706,0.119927891564,-0.348208146580706,2.38319733893816,2.52028369614213,2.12453842294747,3.02138819520222,3.30036110066431,3.01845855020169,3.55162877393267,3.91486813350737,3.20615079115172,4.21484855137969,4.40985572516663,3.81538266731218,4.33707024182438,4.28681114386377,4.0531773123237,"Protein"
"CHEK11",1.2087216721885,0.917104515911298,1.00090840741948,-0.0697980654691683,0.583350500456856,-0.513552434987686,-0.231854939026654,0.0938060419440099,-0.438709060329796,-0.00484801710200955,-1.38166921146133,-0.614067619189932,-1.02209963338961,0.327536317400325,-0.247039173013331,-1.40330992492118,0.656824056516001,-0.53153637296311,-0.850704674017219,-0.66000880809468,-1.20285865745423,"Protein"
"MAPK91",-1.04571365527816,-1.72120138523984,-0.774166099517602,0.0798231270088312,0.0108756487247081,-0.0906987757335376,0.483394961133049,0.179840671391181,0.36259424430734,0.599898282113196,0.385189819395714,0.304276208905064,0.734237644928131,0.49935166492458,1.03917481413943,0.977995609778455,0.85300982597319,0.755730017655798,0.832553642012504,0.975563735867565,1.0891740963694,"Protein"
"ARHGEF171",-0.261400751739151,1.00631651889732,-4.73577965907901,0.35892370211333,-0.366088415912488,0.00716471379915617,0.708850375720097,0.672929126252555,0.791484684886171,0.585496726830918,0.951916146651918,1.14167719063288,0.987822224745422,1.27976887454523,1.10278818038287,0.9585946528967,1.31720281221124,1.16704947636903,0.941198894331144,0.927514100264496,1.12640157676021,"Protein"
"CRABP21",-1.15594506539491,-1.3586110741643,-1.13124773030708,0.0912933222483794,0.0352489211151585,-0.126542243363534,-0.434783256322003,-0.454910655285357,-0.437428879796233,-1.20206838586637,-0.664499354510308,-0.954691859871174,-1.16882243347861,-1.07648192057404,-0.926526924714286,-1.31056838270163,-1.39749260689822,-1.28567887044371,-1.30021751017957,-1.19697699383794,-1.37341621728972,"Protein"
"CDH21",-3.07840644183784,-2.98088132682714,-2.96649161894607,0.0382821683068517,-0.0255699369091662,-0.0127122313976873,0.294494039221878,0.223689355931585,0.314464954093484,0.130591362622861,0.178604526902118,0.232127817059618,0.151595519394371,0.0280484266038261,-0.135988658512096,0.0746039317193183,-0.1565527621313,0.163005932299493,0.160326834692418,-0.245624951647814,-0.118589870403023,"Protein"
"HNRNPH11",-0.0573850766758355,0.155209710421595,-0.102311204562646,-0.0845089729815385,0.0704954892416794,0.0140134837398591,-0.233729992776084,-0.131447231873167,-0.23713590165724,-0.752377524450154,-0.393103787491242,-0.590268822765225,-0.763251147988541,-0.698211244678419,-0.87113871300744,-1.08728110535692,-1.16296386411648,-1.26244612177987,-1.47476237423853,-1.32100963077578,-1.49315959925009,"Protein"
"TOP2A1",3.49843530286532,3.36288941149428,3.50308843232388,0.172707341960251,0.0935387192478192,-0.266246061208069,0.415354661059185,0.508116391620561,0.0674894382076126,0.901442416969431,0.53285721572348,1.41642251956051,-0.018485872834253,0.973162257122389,0.93182368938994,0.161776936033114,0.457463999783522,1.38734904695343,0.578380727261447,0.529427682246496,-0.0219660595987996,"Protein"
"NTRK31",0.839053551430014,0.262780925413136,0.909728656315705,-0.259051650076547,0.235195693438152,0.0238559566383945,0.438869862114982,-0.303087278931764,-0.348554301469166,0.758367954706664,1.68702199374755,0.351194033827909,2.23476297199382,0.533998036277083,2.237701489643,2.75998988045807,2.62214127335132,2.80919476746534,3.40496617647188,2.64529071512337,2.78217149117971,"Protein"
"GAREM11",-0.574611874185043,-0.759427584756336,-1.17194405747932,0.0630113367870582,0.0507968571169375,-0.113808193903997,1.17624005855627,1.26861592452457,0.938164423042265,1.82339130241571,1.73923299071334,1.58236733832076,1.97329254502825,1.83415428482275,1.7433778490357,2.21595041025586,1.99937536266456,2.09089365285464,2.18385647216431,2.17031505328932,2.13681403360563,"Protein"
"SPOCK11",-1.45374180090834,-4.48096751406533,-3.27997261316323,-0.439434510747747,0.502319856849542,-0.0628853461017957,0.214183727672184,1.41192874866654,0.996519174789949,0.646182856956646,1.50849017142338,1.11565345572188,0.603199650369223,1.11111173470526,1.09248782240943,0.999943857985226,1.14593304714289,0.955384868206334,0.812635742789634,1.25826445130314,0.846020353383377,"Protein"
"CDK61",0.342190994411419,0.428856621254953,0.363767640870831,-0.288213113711199,0.573549477366628,-0.285336363655427,-0.522478860480694,-2.41062868815298,-0.0704656102632821,-2.20027741657696,-1.83322529590659,-1.79814775464891,-2.27799396603293,-2.35900965961295,-1.42433532378575,-2.26227163436242,-1.70126005253985,-2.71778308899993,-2.35507989527282,-2.78490007321134,-1.97599873035497,"Protein"
"CADM11",-4.15372036943123,-4.19163251506852,-4.40776336302996,0.0140946043962451,-0.0912313954786477,0.077136791082399,0.421298646657338,0.131672720220156,0.521256174030459,0.115387502480932,0.275407910954211,0.554615141634908,0.10777339936806,0.158840053611303,0.0105021165641865,0.0625537401383092,-0.0410596160537757,0.325420035110074,0.257773877057527,-0.221750033526067,-0.0197707541563723,"Protein"
"PAICS1",1.53678434206389,1.54192176443247,1.70184043554204,0.0668910552536097,-0.0956101762598998,0.0287191210062865,-0.655278052254342,-0.725353433343518,-0.771622666042386,-1.35129469351773,-1.16091599692939,-1.61809947871982,-1.60804954952532,-1.66623052763926,-1.9278143967016,-1.96403869716566,-2.11755041201433,-2.208446000104,-2.07093905552606,-2.09660494139109,-2.24673754207416,"Protein"
"SERPINB11",-1.2328389872042,-1.39642188264041,-1.3086501616263,-0.223711403178523,-0.115145837621938,0.338857240800461,-0.149316743527816,0.0900327451042742,0.44391540051161,0.304403812877982,0.796271945676377,0.953882045792536,1.05830793505169,1.44371633101643,1.69126904411543,1.56224024529293,1.9611226921102,2.00511003240292,2.03143791750912,2.25981982554629,2.43685759015965,"Protein"
"RBP41",-4.76917373074723,-4.24683930752736,-3.83909778390399,-0.534595789737969,0.392854494140963,0.141741295597006,0.413470140686748,0.412969014529367,0.49881547644717,-0.0767968015400999,0.296835486910082,-0.0509554262658636,-0.642565378179507,-0.315424273906659,0.284601306446065,-0.224524352565806,-0.254391113257524,-0.263899622812177,-0.845039235081183,-0.461077321078838,-0.874223726366507,"Protein"
"GSTM31",-2.21581439428717,-1.29424305578504,-2.98203413135762,0.159763082232724,-0.15563243793474,-0.0041306442979856,0.507323476524325,0.400590276126076,0.323191385549885,1.3437460713871,1.22660834049897,1.08825090694796,1.78859324014177,1.28125662215306,1.6030514021222,2.05388038689725,1.94141844828402,1.79067768074085,1.5911982638466,2.11687386014964,2.10754828446696,"Protein"
"SOX111",-0.939583386727078,-0.899955569215591,-1.12630920714078,-0.0325411851419002,0.223542861723248,-0.191001676581349,0.0793410171412514,-1.63535796262375,-0.155376127434986,-0.0388120195725872,-0.147278830377013,-0.0873909303421581,-1.25323023466883,0.110227895757808,-0.223992443686676,0.0982872289978776,-0.385280026749177,0.45255359258686,-2.11598745639866,0.106315184504679,-0.0590642020823804,"Protein"
"PHYHIP1",-2.78574350808068,-2.19825802667873,-3.71872870029865,-0.0362881844681873,0.0314199482393924,0.00486823622879839,0.922060221128074,1.03834897875965,0.823428549734576,0.684729589062091,1.25144196244471,1.04611287149806,0.695894859856491,0.989442403896003,1.28178675856686,0.630701042604638,0.932754168681814,0.791996131192075,0.976296645825055,0.986994671917284,0.594801909821211,"Protein"
"CD551",-0.493278683071313,-0.489074741936349,-0.799594890274136,-0.25237877570034,0.295540336136696,-0.0431615604363564,-0.218601955964491,0.101552047905816,0.151040471503006,-0.0491228375532415,0.0892653783676636,0.0955699026279078,-0.129717175622872,0.204709902218863,-0.154994714261758,0.763668624329519,0.637805232059296,0.693083013129467,0.819935620196983,0.415760167136764,1.15221910687201,"Protein"
"IGSF11",1.49276717763687,1.91364494115579,1.18313851580274,-1.13248973111752,0.315332158984283,0.817157572133237,-0.806976501934599,-0.51114386009359,-1.02995488690659,-0.373762885434237,0.524997993070784,-0.0589354758112499,1.10871565178927,1.35747479727421,1.24619415470487,1.38616347263327,1.71069235319401,1.39580182614457,2.19020944611349,2.25035072764823,2.00819372967788,"Protein"
"IGF2BP31",0.330743855870082,0.505717417694555,0.242645671874214,-0.0115080909362817,-0.0136175364236024,0.0251256273598841,-0.202908763129827,-0.162182587727202,-0.183579775585386,-0.798686353136134,-0.671470731212956,-0.763897375354375,-1.27085999353603,-1.17240850382561,-1.32226848882367,-1.55131294696604,-1.60447874794451,-1.58678786233388,-1.94646356023833,-1.92123956678406,-1.94354125148532,"Protein"
"SHC31",-2.95336658701537,-1.91999009469253,-2.66735904765352,-0.231945611000416,0.0277134370250707,0.204232173975345,0.896878806888026,1.01610571299564,1.04610635491066,1.23813826659751,1.22874150787253,1.38642257226434,1.43627285693266,1.47402726325383,1.28091100417565,1.6759445837833,1.6602382996438,1.84249823560526,1.94770071963101,1.8386419988958,1.94182074986517,"Protein"
"ISLR21",-3.51334380385069,-5.72041705468156,-5.31193116690354,-0.185052157728947,0.146117818694634,0.0389343390343129,0.0389586429856763,0.19959667695209,0.248981120185462,-0.239956791452052,-0.0595082125573114,0.0228140275468931,-0.437013669317359,-0.459240731477365,-0.600412926234519,-0.840457496979205,-1.01695094881919,-0.879359035227786,-1.12704702989238,-1.43170965139534,-1.26946174399681,"Protein"
"HSPA12A1",-2.75438656283937,-1.71659449781849,-1.35306745540669,0.245696325047225,-0.213096085324734,-0.0326002397224894,1.3407374029693,1.19930305334238,1.29520304598293,1.72624047822143,1.85225158783194,1.70037551020108,2.04153281494796,1.97827160915465,1.98490542151021,2.09403442653566,2.09590922207085,2.08737863037971,2.2399401781552,2.11418189714574,2.05384928221711,"Protein"
"MYH141",0.582837384192933,1.00362236753359,0.465338195321218,0.128246738012971,0.163658041729873,-0.291904779742842,-0.427852407322222,-0.754785323231873,-1.33702401771551,-0.604360228995835,-1.62187436271209,-1.79537906209609,-1.43410252989674,-0.567602770116613,-0.645755238428281,-1.91200027221598,-0.799180470765796,-2.13524215630285,-0.274717730432572,-0.506597571626136,-0.859103740737657,"Protein"
"LDB31",-4.93930898781046,-4.28932343662942,-2.30303365143375,-0.265570967165042,-0.00617036885781275,0.271741336022853,-1.5274441048461,-1.0641757140868,-0.929711856563886,-2.70390637672271,-2.50922431647855,-2.27488447441877,-3.91353304220011,-3.18579416451145,-2.96329048682052,-5.50206206618272,-4.2661481995109,-4.82251901371832,-4.35808248269791,-4.08537575621873,-5.16783144135667,"Protein"
"SLC4A101",-0.676600549823748,-1.51149180285915,-1.05508281085176,0.120474443239976,0.117543771636113,-0.238018214876087,0.191049589977434,0.262231750268787,0.220750332867309,-0.120701565611297,0.139219196285987,0.351812843331023,0.0205217724785367,0.305370131516897,0.0960513001466641,0.261716075276814,0.66193984174612,0.392365925809722,0.776041258165506,0.585033702917736,0.815874567197568,"Protein"
"CTBP21",0.682994776134725,0.517699714608154,0.775681090935789,0.0175364374979932,-0.142176172955319,0.124639735457327,-0.0649647699847176,-0.112019913894878,-0.14897661063709,-0.369272181715123,-0.278146359748446,-0.319314029635153,-0.369657265384275,-0.64093236008822,-0.405077552451194,-0.818915092502058,-1.04616383522183,-0.820008611654137,-1.14948040864902,-1.06580319373372,-0.906764702383805,"Protein"
"PDXK1",-0.208401169793923,-0.339415943583035,-0.109980044989655,-0.0281262014307266,-0.0975032277709289,0.125629429201654,0.606448887175846,0.482647579197392,0.704269033213928,0.806039173766615,0.888350613243164,1.007965318968,1.15848019442098,1.04710104115027,1.37894628475817,1.42529645938186,1.46051914888337,1.55297380868154,1.72665762335848,1.6786092307885,1.81289396742553,"Protein"
"DGKI1",-1.01659817358513,0.0352936770695145,-0.0268432270971104,0.152729572497861,-0.0729997687403916,-0.0797298037574699,0.0742425812160974,0.0948508868813285,0.176410372894395,0.0195485332315002,0.0386941099789624,0.170403391582482,0.0755540416728699,0.209230650637341,0.318640449516664,0.289792091505166,0.157373158460551,0.557140407662807,0.553320678591536,0.353621740347347,0.479172498581391,"Protein"
"JAKMIP11",2.42896156508307,2.35005202485564,2.18190144719291,-0.0437657918640557,-0.083823603977164,0.127589395841222,0.110141214008111,0.320674097450867,0.0195775535184612,0.229326302457087,0.167623630028634,0.15828331138354,0.260397061701108,0.511254773886774,0.177105228436547,0.31155215338144,0.38527845034948,0.229252778143541,0.256765893965566,0.288984406695795,0.128618076895458,"Protein"
"MCM51",3.32881274106724,3.39867042122655,3.35642730147987,-0.229460617160141,0.527047409010047,-0.297586791849907,0.920841553849039,0.619402374127509,0.11874880193559,-0.0604472557082811,0.549250161589997,0.255561721471386,0.374358741463181,0.821996650298454,-0.106415894234852,0.540215028301349,0.3269551486485,0.55288685873686,-0.330655105222609,-1.02955315106147,-0.817310780221669,"Protein"
"SINHCAF1",1.03138150283441,1.23708841844565,1.1250793330222,-0.0781179549256112,-0.236930834851618,0.315048789777228,-2.12544175243034,-1.84175120128492,-1.80076836442392,-1.69933602889632,-2.51433222878781,-1.05359456515012,-2.76897648207208,-1.56652611721163,-2.14152401229528,-2.33330092674568,-2.25591617014535,-2.90503826290498,-2.53160699177431,-2.93803668471295,-2.21096429516881,"Protein"
"SNPH1",-2.24997117654245,-3.13319459141717,0.932500877638432,-0.0361724315440135,-0.0932428190630077,0.129415250607021,1.17808622866887,1.03994483423346,1.18015277654996,1.36854530011376,1.68225496106989,1.68909430777407,2.14826121222293,2.14382413364139,2.02453353278426,2.26798285027443,2.41480107229533,2.43852288979714,2.46030811735254,2.62043131348967,2.58623411403467,"Protein"
"BCAT11",0.0298562213581732,0.113320438130046,0.173174492453882,0.0165379636905101,-0.10257213221832,0.0860341685278101,-0.347908464866521,-0.17086065721287,-0.0588240716199095,-0.783540495953936,-0.521101082016472,-0.60039389549398,-0.990911604893164,-0.844666938770935,-0.911634670626455,-1.15186802741847,-1.0855433501212,-0.864020520629026,-1.10432654774046,-1.0714770626824,-0.988334276162242,"Protein"
"JAK11",-1.95486723428367,-0.220366101584581,0.248709820740512,0.149668602043214,-0.0231703463313551,-0.126498255711859,0.743530192814799,0.699268859368566,0.775656458235414,1.2194561223826,1.15898106328219,0.943654369902644,1.35080394895148,1.24879246593058,1.0124956229908,1.04028847748867,1.09718082281562,1.14943187387112,1.17039678687181,1.19194124523395,1.13709889888816,"Protein"
"EBF11",-2.56529230726418,-2.38515124822701,-0.679050519893449,0.197857725427207,-0.0138038989484439,-0.184053826478761,-0.21585427268038,-0.536832109968946,-0.300593649951091,-1.1336858778077,-2.86917285415375,-1.45372776715909,-0.908945772153027,-2.72840093928727,-1.25523685851906,-2.72949436102412,-3.07778009170169,-2.34636154359939,-2.90462022501121,-3.26989929366574,-2.3115614363166,"Protein"
"PREPL1",-0.727837995919975,-0.895163860227909,-0.833043996563342,0.0737222805248745,-0.168012576221733,0.0942902956968563,0.386834662381387,0.307124940192688,0.415613124916314,0.807180796799722,0.789372838731675,0.7296828849838,1.03350471933933,1.12995351594279,1.2142089618405,0.964585174221847,1.12173797528192,1.12452000066701,1.21271430149662,1.28787807477744,1.2681730055917,"Protein"
"OGDHL1",0.312547993542786,0.162683245763986,-0.0565941049478766,-0.533334534676687,0.680515557642462,-0.147181022965775,0.992006778908401,1.03060053773072,1.11569577472922,1.28107974383903,1.46475800642951,1.63641955253069,1.83217111449255,2.26010932793658,2.08021061507729,2.46974906377833,3.04037709148885,2.74015831039411,3.0312411898445,3.36457466185395,3.28411798783101,"Protein"
"GPRASP11",0.760122477516219,-0.269807687789363,0.153817797031811,0.254161601072624,0.465974092616296,-0.72013569368892,-0.337050846579448,0.184938806199067,0.32548777588698,0.715781599450363,0.708147213189715,0.937312001596908,0.397706630416103,1.22586738253003,0.843649031465965,0.216684394564979,-0.124574485540812,0.909942465868284,0.650411711501356,0.423428976632213,0.570554665658364,"Protein"
"IMPA21",0.680492511219914,0.622835965696982,0.474296191701793,0.0968641591133341,0.305739056056769,-0.402603215170101,-4.70011122512516,0.500946476139543,-4.95929897097682,-4.67048338083827,-4.90225604291279,-3.67943208948626,-5.53861696857327,-3.47506044604317,-3.16350237970104,-5.18394744499019,-5.09628797380641,-3.77038608899608,-3.91750806130812,-3.11346706684566,-3.35170491441784,"Protein"
"MAP71",1.33446226732035,1.47110101050764,1.39939246063203,-0.778543378464322,0.961999865005975,-0.183456486541655,-0.0820042420199449,-1.46101340092256,0.388245669745846,-0.144060783427378,-0.364862062195538,0.246531013631511,-1.05691688625857,0.201647500303679,-0.255968847415652,0.245309459062135,0.0764454536660466,0.147616409306281,-0.110938881410899,0.120180945586348,0.144184224131532,"Protein"
"GNG41",-3.19172776081717,-3.65785461778565,-3.34357236067504,-0.0101108826794665,-0.0166783852308292,0.0267892679102992,-0.639956193904331,-0.467156390516461,-0.106636792561876,-0.37934945849651,-0.188706533501357,0.217558017023837,-0.154298344622543,-0.229111234855363,0.149613779647172,0.241974364289657,0.138402891274691,0.711015881390406,0.271246268355359,0.363481818484171,0.803676325660884,"Protein"
"KALRN1",-2.75738205737344,-1.87101630719283,-3.22923709752344,0.112605297296465,-0.188157265099637,0.0755519678031753,0.182926354030823,0.00163057791163013,-0.0657179339774281,-0.0718423645300881,-0.0626391163639148,0.0268961268907226,0.011723898474397,-0.0667399247315466,0.0383110361711694,-0.326096110080865,-0.184494250458084,-0.162878960580588,-0.257360992227508,-0.341707606379526,-0.380941426314298,"Protein"
"RBFOX11",-1.04290293404988,-0.749935789612655,-1.16204139756159,-0.139020179849,-0.0479906897805087,0.187010869629507,0.128299910679733,0.211134121651799,0.216366104296792,-0.0792035822992112,0.123936178572446,0.207263796114692,0.0368241498725475,0.112178388707921,0.0545003851277137,-0.258791935147238,-0.0706588602120881,0.110709057774987,-0.134327091644879,-0.0622313875389189,-0.074222601681786,"Protein"
"HSPA12B1",-0.688211065236471,-0.795382179730961,-0.518009149351382,0.164313996239654,-0.17075731688103,0.00644332064137565,-0.543089774941746,-0.370016022451985,0.552651195984282,-0.817820161245928,-0.535153922494057,-1.01260730377588,-1.658121648442,0.440413683075727,-0.439009988548442,-0.754748653705517,0.552661058708722,0.804298033817211,0.553511292665398,1.75009286037701,1.51047290271249,"Protein"
"SNAP911",-2.04726883611894,-1.91445796589137,-0.131322741220234,-0.0398184847266947,-0.0494967319373529,0.0893152166640458,0.875112861165546,0.770059698995061,0.732365138584084,1.19618704780775,1.28234145886103,1.18529831534671,1.59526317400223,1.55748456598821,1.51966712129983,1.67871396371269,1.76316958263149,1.76805687256031,2.09113221141573,1.98287429104203,1.93893767190101,"Protein"
"PVR1",-0.581540751772371,-0.433282088561468,-0.747245938127369,-0.0413155766041182,0.000310615892031407,0.0410049607120886,0.574686239086594,0.697001450921091,0.492300426785492,0.538950713518426,0.893736936860327,1.0505473453875,0.781421521775654,1.06491099153267,0.807979584560643,0.962064529736066,1.06048114973799,1.25441797212181,1.1503503410549,1.06583068487417,1.23847115691682,"Protein"
"PLCG11",-0.56489551977762,-0.411623974014805,-0.639014223286525,0.153356550488493,-0.0638339936328087,-0.0895225568556803,-0.221612754851538,-0.425459863023921,-0.436550669959818,-0.653613573241808,-0.690314672104522,-0.792098934939142,-0.807188878547921,-0.992259309230759,-1.16733636380209,-1.1578113206495,-1.28185412636041,-1.10992984277205,-1.08770299730945,-1.38875602248782,-1.33657538949682,"Protein"
"PCDHAC21",-0.390898295728531,-0.374103729312148,-0.419341444823157,0.864771779165659,-0.193769304148475,-0.671002475017184,0.179317352376602,1.67947901454992,1.7855675144206,1.85875573682391,1.89468239426636,1.86316105504024,1.74687783056352,2.21492326181689,2.06271233325328,1.93221967666821,1.98541381357095,1.93369791436742,2.10486937249733,2.07430817968258,2.39276462627501,"Protein"
"KLHL41",1.0002413419661,1.39383286418576,1.00179962555569,-0.323297137665245,0.0230405374020624,0.300256600263181,-0.261266703289486,-0.746913136670742,-0.908967984664171,-0.583630158128139,-1.15754468528344,-0.666445240613061,-0.548348668112853,-0.485376017456685,-0.666754292919496,-0.0448296816447922,-0.93083946966745,0.581423531255288,-1.19390266714712,-0.116405539270463,-1.20302363057304,"Protein"
"ANTXR21",-0.728409176379744,-0.205215467263445,-0.720944301232789,-0.296083021743803,0.438010013656955,-0.141926991913151,-0.548586192547949,-0.193663396465903,-0.294978899115167,-0.454301557225422,-0.218618274520912,-0.426258581444637,-1.51279467966324,-0.883381139018161,-1.36365325623631,-0.888832555797974,-0.757635863550687,-0.832903185920367,-1.67131029736481,-0.926773176546364,-0.537940879295506,"Protein"
"ABRACL1",0.678941707615294,0.257401981354864,0.238718764555227,-0.0725947287595758,-0.255785729079889,0.328380457839465,-0.692507560431189,-0.554152551538103,-0.428679043463251,-0.895408515131738,-0.913166208906652,-0.947763617013859,-1.61700181065158,-1.66716113924948,-0.925948287743285,-2.03192699022004,-1.51744392558935,-1.26265615705849,-1.96518519424039,-1.95281015475607,-1.9228964587857,"Protein"
"ALDH5A11",-1.19086074664966,-0.977139078167516,-1.48744838247052,-0.102007909315359,0.176780400278785,-0.074772490963424,1.22432903786248,1.27632185865892,1.33471674897339,1.88788593834424,2.03745261689245,1.9518487656462,2.48136942618675,2.49653294139027,2.58346888103509,2.82383890273233,2.91034603583415,2.95797186230986,3.17995326747243,3.37372366514764,3.39582309204597,"Protein"
"SGSM11",0.00970464052126907,-0.301490516325195,-0.146186296942444,-0.131052139543264,0.162233429294226,-0.0311812897509629,0.822862191740498,0.553491109977436,0.672866584818493,1.73778802800519,1.53509969070297,1.34685952237972,1.27452560297042,1.39889263310106,0.912972420197985,1.79741159015915,1.43946905138417,1.8192135820109,1.88597703322544,1.73613525915019,1.58596024394194,"Protein"
"ROCK11",0.45243851609281,0.528804962971714,0.673261574807961,-0.000213368899347088,-0.202617577781014,0.20283094668036,-0.259259826903255,-0.249029499323319,-0.150091741649311,-0.339755869305874,-0.445186017058324,-0.27104971573508,-0.0598721052126638,-0.264813509895278,0.0305085139154695,-0.217600916719855,-0.295526483533015,-0.166465343514576,-0.00283773264701814,-0.0250380646068376,-0.157064255813067,"Protein"
"DIRAS11",-0.405589350254507,-0.62252311011324,-0.830644541001158,0.245909114675323,-0.333982470395258,0.0880733557199367,0.564125899698544,0.387690888203197,0.279724866511364,0.845428151831161,0.708798219647202,0.604810120645135,1.21028743137014,1.09157414458814,1.07715633141852,1.33295114647977,1.22294293501589,1.33652149787271,1.70959959766799,1.54447030355291,1.53486786380835,"Protein"
"PAK31",-0.136190212285284,-1.11045555964086,-0.956318186778683,-0.0658645399301907,0.0249205423441605,0.0409439975860284,0.995657058090492,0.848619363360188,1.00587731701569,1.2815674013302,1.47569369027451,1.49125219451083,1.5963843944674,1.57820536740892,1.60518032085956,1.67455988389893,1.72186498430795,1.88788963259223,2.03019933649336,1.90622758622131,2.05786817492344,"Protein"
"CAMK1D1",-1.65271797054408,-2.07014711668677,-1.70559752052137,-0.0783560110284061,0.0952970643935611,-0.0169410533651568,0.359207737435581,0.607748078603999,0.688611210117761,0.999759964611476,1.19098738261058,1.25499126346696,1.22995379484017,1.33721193510449,1.32395111773434,1.24737114330103,1.29227395140403,1.26438929098353,1.24676824516028,1.29858981324507,1.22801989816908,"Protein"
"FZD31",-2.27328662672737,-2.12876367628811,-2.15847677235353,0.0370751715417335,0.087150524926038,-0.124225696467771,0.298695673670782,0.108282330005274,0.311586783398894,0.165035621501151,-0.0818116270717333,0.345566883030223,-0.52394003523824,-0.305282222564518,-0.232103808023002,-0.492312955101774,-0.703444102728561,-0.283948044279928,-0.268631166909891,-0.514362181299113,-0.759088713276913,"Protein"
"PSD31",0.443816733210241,0.191858317301286,0.186962640061473,0.343187258261878,-0.483541846347038,0.14035458808516,0.473678331308086,0.613454165840523,0.819966336747436,0.786503846131838,1.0095494905604,1.24174318788243,1.19546534633744,1.3306237101146,1.50044213929876,1.35725760376448,1.76847389972636,1.76682340251687,1.7383218085164,1.69158396836564,1.91540868299716,"Protein"
"ZNF5211",0.987897105868273,1.15245974778785,0.841560372553351,-0.270723549139417,0.601483163784975,-0.33075961464556,-0.0993095245325701,-0.27743224369951,-0.245833782040107,-0.223006275708533,1.46190931187315,0.695717938465657,0.0531417635438256,0.861057642817512,0.883736009973241,0.543460431215349,-0.031012106032291,-0.802205996787722,0.685938327444013,0.00551348025347487,0.517854399583742,"Protein"
"GALNT91",1.04412913588777,0.793944523631813,3.96716386173805,0.87148814510976,-1.6632672804098,0.791779135300045,1.59911204874619,1.45816613581147,1.88899762261667,1.12797043080368,1.39934999589291,1.50735134935847,-1.29427572369336,-0.0501745908449021,0.898547656204856,1.30694779537145,1.5563729096682,1.52013821779912,1.47781638776868,-1.67438706689363,1.02318802801952,"Protein"
"PAM1",-2.34470419564643,-1.88906410478958,-2.47794399714047,-0.262381974516256,0.0753993556885106,0.186982618827745,-0.522797864064099,-0.281434835895777,-0.287703368215741,-0.809590373903536,-0.455983822971859,-0.483878608412812,-0.757132875247805,-0.424854725535052,-0.580525898344682,-0.627511295634143,-0.66304901743883,-0.684341620403423,-0.451569128049741,-0.582381790429078,-0.784946133833401,"Protein"
"LAMB11",1.64138133882501,1.8731292224617,1.94109098661672,-0.0918723706839106,0.0374400850916938,0.054432285592215,-0.164954484377612,-0.435863764476773,-0.180019822695519,-0.225589357728134,-0.473798727010879,-0.242368656282343,-0.46560977144525,-0.556333819229375,-0.602892037552733,-0.873549944659482,-1.13679068815184,-0.692081856055401,-0.782976741893757,-0.711424184247404,-0.637452277699774,"Protein"
"HOMER31",-1.6336879437788,-1.8595368810041,-1.71660754543028,0.165442648692821,-0.188404511548402,0.0229618628555812,-0.614153385418245,-0.855701713678293,-0.893707991670198,-1.00053699012342,-1.623306989231,-1.10509058555182,-1.87927066348174,-1.7158097322011,-1.76407779024843,-1.53724165667652,-2.07225222677534,-1.66341021877264,-1.96624650986535,-2.05692849636162,-1.97563496638128,"Protein"
"GRIN11",2.8337187921964,2.8522016339109,-1.5829293203098,2.47170019644879,-0.670598815236664,-1.80110138121212,-0.145531890773498,1.67516593409239,0.532421344176282,1.06455744348924,1.54062564244215,0.155507438258176,2.28971038761595,2.22915227907455,1.81877127510414,2.11400294094426,2.45777144344021,2.52719622507452,1.69923592973087,2.62342550059058,3.36416047747864,"Protein"
"TUBA4A1",-1.49148247196515,-1.35862148541045,-1.52185211854023,0.0492556688059693,-0.0427682972474486,-0.00648737155852075,-0.0813256431206,-0.072318280630796,0.202920398561879,-0.221886612838574,-0.0266043156553408,0.0427464305281902,0.148765834483306,0.290524563812667,0.139604872900669,0.522301812774465,0.469633120508952,0.618857237144361,0.821274639423017,0.668675239644323,0.882853269951696,"Protein"
"MCM21",3.58780736499066,3.61709710610799,3.74612605318055,-0.240581597806797,-0.0181666007896997,0.258748198596495,-1.11765051822027,-0.980631534664633,-0.637745179705979,-1.43294146285492,-1.94835991602586,-1.91659228014214,-2.8710219022469,-1.06160547046625,-2.24986338599872,-2.77124883423503,-2.16606641236443,-2.21197344155225,-0.358080886708587,-2.0814345165401,-2.87383850520548,"Protein"
"ATP9A1",0.784214122603903,0.201101549112739,-4.55161112921517,0.0377940120261506,0.0443112232108369,-0.0821052352369911,0.605453098728237,0.610887413711932,0.726421441305053,0.788435919847114,1.02342045337511,1.00705564665195,0.783705066154791,0.979607671053696,0.861619810930211,0.937500290566657,0.902972321077559,1.01248274521158,1.06665683005913,0.915058254072225,0.942280709157895,"Protein"
"SLC1A51",1.44479284322036,1.47118313610956,1.44318229383266,-0.0889529786621264,0.160261925640064,-0.0713089469779344,-0.239044109759389,-0.0554935058219126,0.176580549451145,-0.262675111277465,-0.36399326434019,-0.583917214661502,-1.23721251720336,-1.26530462310397,-1.25114468922527,-0.928501032629446,-1.39566189850429,-1.50492285643754,-1.97003050767431,-1.86518445656064,-2.38540182043294,"Protein"
"CNTNAP11",-2.68855065313484,-2.56819069932458,-3.35690601341516,0.208295720182559,-0.0549867235929149,-0.15330899658964,0.918809473960462,0.853206336496303,0.623133004000703,1.35314529995255,1.56671750986345,1.49729295265046,1.78398614962498,1.91581561427283,1.88175777080941,2.06180887252347,2.24926861965659,2.10602797666573,2.43739055774512,2.43666591704312,2.4375453341357,"Protein"
"FAM83G1",1.0547262638767,1.35763182365721,1.14454399206815,-1.61045453203801,1.04488462310507,0.565569908932931,0.598443032043315,-1.57542275435773,0.316373950797482,0.863756775809756,-1.49560242297456,1.0139120951141,-0.165230561501469,-0.0968091826613158,0.0489903919490136,-1.34302523497888,0.493866816823177,-0.815046243494178,1.0448063681445,0.299187668694186,0.427611106554552,"Protein"
"MDGA11",-2.64404192409116,-2.80231224119142,-2.52096528219398,0.047906298477729,-0.0312305479996429,-0.0166757504780843,-0.288327326497354,-0.570416102177953,-0.964358936055623,-1.08670034233492,-0.837894752731751,-1.1667503430661,-1.38897254533991,-1.6632117804261,-1.6159254754513,-1.41530036408518,-1.8819241728186,-1.3500466166189,-1.47055090900029,-1.64309872534995,-1.96977959835684,"Protein"
"PLIN31",1.22228086636348,1.19818798915566,1.31734081931473,0.178060911473406,-0.04819484072436,-0.129866070749049,-0.391776998535182,-0.161868897788853,-0.649003745979886,-0.278093947032399,-0.0824891589082561,-0.120252680913875,0.299887541395957,0.537608344377556,0.70104019476668,1.03539096675522,1.28192299661586,1.14556329845331,1.32230856008774,1.52561260824215,1.55259319551338,"Protein"
"HSD17B121",-0.323851316864955,-0.513809220212293,0.126347354838284,-0.0311837720238337,-0.264107280660157,0.295291052683989,-0.295610489729357,-0.389080471237881,-0.489226701310583,0.0559926300267897,-0.076021260412201,-0.203893113412722,0.635432292013757,0.220863600585314,0.649521490266441,0.628400171555295,0.702105351425619,0.399764317745788,0.652059727404765,1.02693395485997,0.997470355003653,"Protein"
"GOT11",-0.53042791718601,-0.471534114341651,-0.3509225002555,0.025100504374663,-0.100504383161443,0.0754038787867799,0.448421416583976,0.446666734828902,0.517483092546627,0.815257762653189,0.929479596828351,0.729960305251289,1.30292941612279,1.15130671543211,1.1642934045322,1.38720782507995,1.46667320025323,1.24588356591608,1.48692501515029,1.54289457576902,1.42140412748384,"Protein"
"MAN1C11",0.892543323553182,0.521560378256355,1.10240346428776,-0.0592108444034523,0.835088449840955,-0.775877605437504,-0.439193275836574,0.864191583350221,0.745055692814514,1.90885591966181,1.96328293701631,1.05436865908235,2.05456044268446,2.00755120722032,2.22818607937813,1.47583189485868,2.02434823939577,2.07887942577785,1.6330512242759,2.52551601405696,2.28670198162434,"Protein"
"NR3C11",1.42830614016175,1.45563313953497,1.39413616455023,0.123920986496506,0.0550934969777845,-0.179014483474289,-0.130912016846418,0.00589956409802816,-0.65935368247499,0.870537080712314,0.118749173887279,0.611760824050375,0.350856603081201,0.83117551353353,-0.569810836873984,-0.0727008041875425,-0.476437599764123,0.824299666966152,0.635259965348231,0.450115262670408,-0.285055698426213,"Protein"
"FHOD31",-0.336421626853973,-0.629431575253193,-0.237102161435583,-0.216324779528335,0.0293788150955514,0.186945964432784,0.216280346637017,0.215593810671731,0.320572615418847,0.732154213472551,0.331594123624036,0.865286265731758,0.32848030384476,0.802082099038959,0.678981435656649,0.70556462554952,0.404178377315564,1.03104143665622,0.981574231284498,0.798320819062976,1.03622404556964,"Protein"
"ITPR21",0.385361514837689,0.558749470673996,0.131093755623526,0.3217485261838,0.111243769334999,-0.432992295518799,-0.809781845407263,-0.707627615325896,0.258952066258567,0.345549767735463,-1.95711703627065,1.09539592186375,-0.702667814438469,-0.361566019278776,0.976552754078382,-1.35306184930656,-0.63085088604417,1.0960788606182,-0.124467394120659,-0.636814252100207,-1.65770922537102,"Protein"
"PLCB31",1.2513734339838,1.34119669228217,1.12314748353004,-0.0343559540915717,-0.274688712970372,0.309044667061945,-0.550022997251249,0.336482778871209,-0.0753615676220551,-1.66077161613701,-0.395824559981856,0.373572365792368,-0.284188620480853,0.0782320138426318,0.0229369068247873,0.03636913624314,-3.47936201309995,0.102011523891607,0.00339536952117747,-0.505201781533716,0.393779098442581,"Protein"
"SLC25A41",-0.63816218489201,-0.373595115389662,-0.584566707461015,-0.0228355817339221,-0.00171376362589371,0.0245493453598158,0.279306072262564,0.251318104632396,0.270624857097005,0.360184900425374,0.665769565823389,0.50706659838761,0.703870093255276,0.925813084357692,0.955386726957187,0.958729001260778,1.22371695420377,1.05314126069138,1.26525517957215,1.39346900297272,1.25148449475629,"Protein"
"MDH11",-0.268095305247218,-0.421141415782547,-0.0742326731886713,-0.00958071441570851,-0.0298716669787886,0.0394523813944936,0.386466211460981,0.396300015235408,0.398077538533745,0.594149615481793,0.756213070326229,0.57327309119567,0.975681647778405,0.764037322781615,0.833852200279022,1.04944493842396,1.06699679155519,1.01127194651476,1.09981888731221,1.13242465090014,1.16569701072632,"Protein"
"TEX21",-0.0785413550622938,-0.0369916310030316,-0.371400694129436,-0.211835751071385,0.315982144076061,-0.104146393004674,0.283472931110824,0.207414174170696,0.266029410767784,0.613015339743617,0.524478459283882,0.809628859264771,1.26734049900469,1.19337926771825,0.722593771016557,0.947186684267718,0.790270676259881,1.24055606486251,1.59118615612922,1.76885080475462,1.12473048666557,"Protein"
"ADH51",-0.31755145629462,-0.326191172953617,-0.317354244939114,0.0633161459871197,-0.0255156302605251,-0.037800515726591,0.0334643140229893,-0.0766458695473524,-0.00163302063948478,-0.404498414863301,-0.201151986539582,-0.503425274606332,-0.560865249757175,-0.572286315904439,-0.723059532268653,-0.811282497017711,-0.976333828087323,-1.0300149897484,-0.979698493870362,-1.05428766382097,-1.24137251283556,"Protein"
"KIAA05131",-1.01828385327527,-0.906987400906877,-1.64645637452379,-0.0537749572524522,-0.19238338617861,0.246158343431064,0.704453865522607,0.350662219650998,0.688761780681416,1.22156101792275,1.14798092472296,1.13661866244803,1.32253376310718,1.45504186601189,1.3446612682053,1.56157123101091,1.50370258268526,0.954415412801152,1.14900661805295,1.18330680086493,1.0005777754649,"Protein"
"PHGDH1",1.80635375500549,1.82752233465208,1.82334776839699,-0.0435076945282908,0.0123699334916942,0.0311377610366002,-0.851337159265096,-0.73320302841773,-0.777775784172842,-1.47128051543654,-1.54003097496681,-1.73934413826763,-1.99521139137084,-2.25778282974052,-2.46069567200277,-2.48708133134091,-2.80849891725437,-3.02817916418446,-2.79531321612703,-2.94322315280441,-3.02709868188755,"Protein"
"ADAM231",-0.344294170823217,-0.363282288663173,-0.0226743195006414,0.15565116066931,0.204692562048821,-0.360343722718129,1.05717443343919,0.733997576078918,0.779927776415049,1.36244597431191,1.60978523399181,1.12083813597705,1.62191702826833,1.59967569965426,1.76520909244018,1.92972120299992,2.27690411891395,1.83694630022679,2.48986679267757,2.35651008286844,2.20312609729809,"Protein"
"PRMT81",-1.55928857080165,-1.06933711505876,-1.29645861229388,-0.00598022749417204,0.193818546218258,-0.187838318724085,-0.372512599619407,0.132288883098971,-0.141711941309021,-0.368601702462422,-0.332263962161099,-0.396042104855793,-0.946587468189426,-0.602175255140802,-0.59202367412639,-0.877038452703959,-0.728309837556223,-0.790689921661519,-0.977098679966682,-0.545002953552585,-0.770179022616515,"Protein"
"SLC17A81",1.07690025129832,0.775963212244399,0.575708849389649,-0.230743688121112,0.918422640383337,-0.687678952262225,0.719888607664016,2.02275237793209,2.36178509108742,2.47262511780627,3.59518779814216,2.81072836600311,2.68455953431678,2.84110190131192,2.82855919238115,-0.137685297957185,2.67309441726488,3.20484041130588,2.80451328836005,0.439344236447228,0.0269419605706709,"Protein"
"SYNM1",-0.328998447511653,-0.278440285791666,-1.44033069531537,0.0312004702241619,0.0906345430735573,-0.121835013297721,0.655076754035877,0.460428493029921,0.581819505854602,0.988156507584096,1.07408472205998,1.08953189293778,1.21182382577282,1.41540234786968,1.21961656663535,1.499828031616,1.42509397544164,1.75035919281181,1.81695271177914,1.72344045469296,1.74259914486572,"Protein"
"FAM3C1",-0.183583982289296,-0.331499061498217,-0.317350276437384,0.125359448682321,0.0903780094152999,-0.215737458097617,0.323159305170332,0.347156624820801,0.0566539612868375,0.775589656474555,0.426299082899678,0.456623283172245,0.946634559964711,0.549622728838298,0.515564122298489,0.775832998770159,0.664383369135695,0.401943948970871,0.614360321653781,0.551226103263875,0.512805611651363,"Protein"
"PRKACB1",-1.20630942656981,-1.2423789861506,-0.41954031446283,-0.0453425129686043,-0.270570432153496,0.315912945122102,0.795559119423769,0.589035825571438,0.906861334451351,1.4612395125479,1.46792720146375,1.26070287293362,1.79383791364189,1.42250764372498,1.94477011883309,1.77688418158418,1.71792473739825,1.47836510900444,1.31198662412232,1.6228079289368,1.75810488571025,"Protein"
"GFOD11",-2.12259208889416,-1.94873976005342,-1.48203172362051,-0.143140284594535,0.00452150236611892,0.138618782228415,0.875180362008029,1.04145514255999,1.06077083571063,1.14380853987875,1.30435097573566,1.35843786850079,1.29938346235964,1.53485105462569,1.48143223504311,1.38566326290836,1.46035230876189,1.41029582158288,1.56384385657075,1.46628443574094,1.44102156277121,"Protein"
"DYNC1I11",-2.62804881242032,-3.14378476974203,-4.20936898063229,-0.0186507145574719,-0.059171907915724,0.0778226224731977,0.727381381135205,0.670214309812978,0.836314077030025,0.999282382638427,1.24536079464708,1.28671283111152,1.32421473051247,1.34620921408278,1.28682735635196,1.348422636939,1.39614039927358,1.62867127087033,1.65161802455095,1.37395474134094,1.50152446842623,"Protein"
"YWHAH1",-0.660524016268461,-0.825282337919226,-0.781518351833391,0.168745012867689,-0.176639445042035,0.00789443217434638,0.0641294275461419,0.117393014358903,-0.01575363406333,0.734580053737815,0.698065267653256,0.643948233718405,1.05004412498059,0.626721230445725,0.863076629545589,1.24499749646741,0.924352052154845,1.2235284929282,0.894063433176143,1.06121132355843,1.1479988942067,"Protein"
"SLC22A231",-0.360308372503367,-1.94652426859572,-2.23435607430507,0.35179480843796,-0.577085023639581,0.225290215201619,0.516341875879318,0.844756023318761,0.638798519196166,1.04017555912713,1.50485835596642,1.04691634289695,1.83586601238213,1.55347208382114,1.46072956139611,1.74237120907421,1.83396004585769,1.71762498856791,2.4347500999397,2.06805599330082,1.99557390189217,"Protein"
"TBC1D91",-0.734014783086783,-1.27137565639928,-1.21705865601692,0.604030818910669,-0.823287503970798,0.219256685060131,1.46459980209765,1.52465901171523,1.45370877911371,1.50874777649653,1.87159133875346,2.04031054522312,1.95523129595361,2.20666998729222,2.02873319273778,1.89432941142179,2.07656866019853,2.13168242823942,2.02064055137063,2.11312101594651,2.09711013724315,"Protein"
"LGI11",0.858107324506223,-1.39155988791375,-0.390210124294976,-0.43514887550093,0.260526085783424,0.174622789717505,-0.165589769271209,0.306812243901868,-0.0105016600842252,0.0645682330021362,-1.11527454538426,0.374977733672166,0.427885858032466,0.0536042631097882,0.439471794159553,-0.0730236982931434,-0.713734814259672,0.238545543558226,0.207472511783402,0.110465651015963,0.641799404387774,"Protein"
"PTBP11",2.08696598221773,2.03694489816943,2.23877264923782,-0.00688941612293803,-0.0880661143385808,0.0949555304615188,-0.881193852505783,-1.04863086147705,-0.775665400335741,-1.70609893638808,-1.570056522613,-1.83085546692706,-1.78063560609054,-1.9047702380365,-2.03337746844837,-2.42993331362833,-1.90114548096523,-2.40829217042366,-1.92517240210435,-2.21315618426238,-2.15808288655493,"Protein"
"PELI21",-2.25941741603422,-2.6649857772216,-2.78393765098412,0.236670138475715,0.0401523948257516,-0.276822533301464,0.227931778477314,0.0628911067771494,-0.190890067357996,0.523004677641266,0.207092743191746,-0.0244750719662843,0.323431165255686,0.301995078421045,0.00387732726149359,-0.356332847647996,-0.103569006531982,0.0769160379890099,-0.00423978317736662,-0.0474389948435974,-0.245194270742966,"Protein"
"INPP5A1",-0.495985804895357,-0.887460702316579,-0.0573400903029562,0.528326506463925,-1.09252647211307,0.564199965649143,0.832467025604247,0.100578948540113,0.356912733962725,1.21578274938924,1.03565716060894,0.795627663456562,1.65285807182879,1.62594649252942,1.23737547499153,1.34814258669665,1.88602050570067,1.41103231135107,1.52073550964083,1.83729881563123,1.81653109630855,"Protein"
"ATP1A11",0.371190432501468,0.448012143291923,0.329902173974471,0.0203903560101431,0.0510889790985267,-0.0714793351086733,0.267969735597877,0.208584282804072,0.090366885695051,0.371941403082079,0.483275766527715,0.256702925912254,0.715082826660005,0.572291529894823,0.492124572065666,0.746429916036373,0.697237811954178,0.692815747500045,1.01442697381161,0.943477227276045,0.85198500653723,"Protein"
"KCNA61",-0.199307152515249,-0.00740408821497063,0.062041847969585,-0.161790495677868,0.450754245517034,-0.288963749839164,0.74786394565554,0.566717053287613,1.03214369357881,0.757717064922177,-0.613020181457335,0.962093665570963,0.231507877655639,0.779004409742763,1.00263868520502,0.82791367656772,0.923369833736876,1.17197321398411,1.62713775337884,1.00701430793637,1.33889566258203,"Protein"
"NYAP21",-1.9981174314538,0.178064735112999,0.175902429618001,0.864039385936008,-0.662535487181456,-0.201503898754551,0.167691094399261,0.607728151908271,0.7264802795103,0.906722332565399,1.21018523941131,1.46516576261749,0.991805399451247,1.58065002935017,1.28472855015644,1.41192709234326,1.54867150121717,1.6096095211209,1.6383341583066,2.01605031314967,1.47887131021964,"Protein"
"SPTB1",-1.83678999517638,-2.17892641340914,-0.541210172725366,0.339938259371854,0.0419184272621944,-0.381856686634046,-0.395896672780603,-0.241364380955174,0.137468507221628,0.216055168187475,0.453309463681359,0.166371318955532,0.486667666281361,0.430863513450726,0.687292960673501,0.851515319949245,1.22578538677584,1.26197348531463,0.884225255602642,1.34694237778907,1.47660286540787,"Protein"
"FBXO21",0.321646411715921,0.2126305176809,0.326229824151106,-0.171103352000372,-0.0698651576822371,0.24096850968261,0.632532916389188,0.457580554753019,0.78397772604378,0.781311350100257,0.687566274218828,0.861392684401359,1.15353424225504,0.932560002728106,0.891993129016342,1.5237935504734,1.34837639530518,1.47384486800125,2.02080084120323,1.7520568803916,1.77791713661931,"Protein"
"CDK21",1.67959068895575,1.41213440853241,2.03331900575624,0.385741244735655,-0.357082464010944,-0.0286587807247116,-0.4309064638576,-1.33229624660998,-1.33138970406053,-0.896396040938249,-1.61854705106273,-0.745661915062485,0.11599272056295,-0.839271173900773,-0.678569366014877,-0.388528143702667,-1.06039773104095,-0.182802166084141,0.296999323608064,-0.58979147316913,-1.46176960782203,"Protein"
"VGF1",-1.41697392380086,-6.5560729376919,-5.3284670012209,-0.1519742277119,-0.0677095676123933,0.219683795324297,0.396782549592526,0.319877243898528,0.683210827255859,0.508241347551152,0.615371300645062,0.919938296738895,0.727526075065921,0.617316757258724,0.836999079547422,0.379653085644893,0.245040505071717,0.312429536457646,0.176081947255245,0.33047383523591,0.411339073504809,"Protein"
"CLU1",0.0976178943743324,0.24958393280316,0.187273261928647,-0.275220590919032,0.110906383135669,0.164314207783361,0.187444341450272,0.209438593057831,0.329360057386468,-0.149225086579557,0.265250132808626,0.54330425290715,0.0542281075064555,0.588381774654399,0.599675087209009,0.604947889498659,0.491833673262461,0.696346750866413,0.788124161639855,0.774842275192269,1.07369556419462,"Protein"
"GDE11",-0.943497750180191,-0.978576530433758,-0.480546273624343,-0.0770846024870355,0.0521665510841363,0.024918051402901,0.176540057564596,0.208318900887759,0.35055711614188,0.734610898121366,0.680637591945986,0.68656808886009,0.988124450245889,0.81547747552032,0.90960489078501,1.14365692065078,0.986620034162618,1.06754950897474,1.08176520582031,0.948756730333661,1.13973089260459,"Protein"
"VWA5A1",-1.47850967912223,-1.46162560885751,-1.50362603214168,0.0447798491867246,-0.0529147936988466,0.00813494451212193,0.843026788841058,0.923414832327722,1.00953256377525,1.15619940821532,1.42373105742503,1.47481607159647,1.50772438905211,1.65674638482869,1.65694714080746,1.53475679684581,1.64078217986938,1.64431239830287,1.58313334089769,1.56541322327839,1.52439176311597,"Protein"
"PITPNM11",-0.537372849067635,-0.586198313258029,-0.735703929987343,-0.0811344217910932,0.13252871981094,-0.0513942980198454,0.541043337348283,0.723510978673497,0.782333607080238,0.779395961283095,0.941918588853115,1.04548301487199,1.29367793587895,1.32470637084422,1.10951539712874,1.41952753429276,1.26022394257951,1.50652880247613,1.67451079430997,1.42058470648192,1.35281452307601,"Protein"
"TMOD11",-1.99264145294558,-2.11754319620678,-2.40138571859604,-0.169635032909971,0.060759841471322,0.108875191438651,0.574678160084263,0.86075054903654,0.856429743646485,1.02724600993064,1.06800536719464,1.31959747443387,1.25606729387068,1.44408972310479,1.53057763038241,1.59761226515828,1.70600090432142,1.5480805423899,1.46682649367716,1.62155039297812,1.56897241229784,"Protein"
"CHL11",-1.17476306471862,-1.25428191855615,-1.10657164351354,-1.11552924461465,0.451309993678214,0.664219250936442,-0.0296110582131437,0.975765689563849,1.04643653484939,1.05860401785929,1.34807747731572,1.4993844114622,1.07669241729447,1.5378205836836,1.09391804983217,1.54091180937839,1.96628704518417,1.7649687655733,2.07199305438718,1.85077301836842,1.99673953312014,"Protein"
"CNOT61",0.309066119935496,0.306976235693808,0.236522995734196,0.0231573750229881,0.0598660815509415,-0.0830234565739278,-0.133520435891581,-0.168683793233003,-0.175807439975417,-0.362985416818729,-0.881200133136085,-0.386588718799681,-2.81384543903224,-0.816637122145101,-0.888858555488083,-1.27117635442219,-1.51033968885159,-0.722887732448731,-0.958986064219337,-1.63888109716096,-1.09339672195617,"Protein"
"MMP141",3.08756146714925,2.97661472207053,3.04755889124634,-0.0158525819275983,0.263979088445605,-0.248126506518009,0.788354736923063,0.414024554690034,0.811324183495289,0.785893022185473,-0.400078032793196,-0.294174874333155,-0.199004444207441,-0.238414142245759,0.3012359474139,0.961510229331479,-0.371794746019015,-0.0114090400767868,-0.603927362596622,0.0456971567560629,0.535683881853457,"Protein"
"TCF121",1.05092018019507,1.38533966647644,1.08681291180564,0.0760748396818229,0.0812239726512196,-0.157298812333043,-0.405688806433947,-0.405761031442044,-0.559132698951174,-3.01174051219173,-3.28339218430669,-0.986565044937414,-3.12148222550883,-2.8737055052301,-0.983176178321862,-1.88206773450005,-3.54909466401089,-2.55980670068016,-1.94149432333055,-2.84323055207538,-2.58090256195274,"Protein"
"CBFB1",-0.148793374412344,-0.350350468888125,-0.393028717238524,0.24462598432506,0.0141759909101662,-0.258801975235228,-0.220470115979245,-0.588171401649694,-0.825350318033527,-0.352262471595344,-0.624637749787317,-0.842799584871097,-0.500485207647392,-0.916952015322677,-0.612885036478966,-0.643230340945726,-1.29161544728959,-1.14398379094819,-1.24589286696582,-0.971542996767292,-1.25846337521628,"Protein"
"SLC9A61",-1.10129692419689,-2.93510641533476,-0.157548455862523,-0.415055507833747,0.0381665219753184,0.376888985858431,0.56450366199862,0.612034405913201,0.835525473162685,0.703105502397188,0.814889711921607,1.29344915331989,1.10953503449444,1.2148837412135,1.30479355846038,1.67515532110796,1.37984961620906,1.99405156884539,2.07278813628979,1.6143334625497,1.94237625195421,"Protein"
"CSDC21",-0.979435979791432,-1.41844812502021,-1.30010214630378,0.339945439962657,-0.079591389330206,-0.260354050632452,0.623421176447804,0.192959423920909,-0.0444571772387636,0.884483570011762,1.07704787568988,0.731496067451369,1.61925055327517,1.49064742402954,1.41472037885618,1.27900414989667,1.56713277584983,1.58870348820272,1.91564003467852,1.92601135520535,1.40869841454207,"Protein"
"SPOCK21",-5.95971203857393,-6.58787417105384,-6.7428040435403,-0.666563858838675,0.580303388568584,0.0862604702700871,-0.666695616824061,0.594834968861253,0.372722617616123,-0.626423901139059,0.422051559166103,-0.22031393693857,-1.0271868732101,-0.321935172016541,-0.457206155737726,-0.757452979159371,-0.846985184133327,-0.365975595126951,-1.27584536680876,-0.495396161079523,-0.972763020554279,"Protein"
"PTPRK1",-2.87266474794695,-2.9771997404287,-3.18080822117366,-0.187740364369812,0.0299942813269531,0.157746083042863,0.253941466641248,0.20574913514405,0.668940798921572,0.253183527470863,0.316085562640939,0.542287906840354,0.255095030282146,0.114063282321101,0.265533950524532,0.236156201124192,0.102924964649784,0.500421978104615,0.369980824351121,0.205514426949843,0.241406861325839,"Protein"
"SPARC1",0.576008390804514,0.730082801378263,0.574200566906512,-0.298882955276309,0.403066444297764,-0.104183489021455,-2.64677495664266,-3.02732853468743,-0.677735234758394,-1.05397058121389,-0.928759984101202,-1.36994688807984,-1.15886411792414,-2.13424124509083,-3.13932925929876,-0.263317690318072,-0.214941199156968,1.09486775079877,-0.466413138135611,0.219142149901586,-1.0281429680388,"Protein"
"SRXN11",1.59834851610896,1.66354257516993,1.74645785706843,-0.336858592662338,0.581635517561672,-0.244776924899336,-0.318495671658567,0.174564319300169,-0.516846104894222,-0.0565632865620884,0.571197236086542,0.483440601142375,0.896517047987601,1.04729133227643,1.56211396709275,1.03003783937158,1.39165479883419,0.606842110294863,1.37926927829585,1.68528318508087,1.36394389183615,"Protein"
"FAM114A11",-0.161922157193581,1.1849487155522,0.00449801701632957,0.358268687761026,0.424218804741542,-0.782487492502568,1.0971059562721,0.697408591926983,-0.370042637481395,1.25854103107248,0.60039597016673,0.0684236935010318,0.889710366066872,1.56434805213755,-0.33600554000769,1.08123296485589,1.3973590355925,2.15960554189215,2.06368258742669,2.18507263807685,2.70079996032467,"Protein"
"TENM11",0.0719375681661898,-3.10790747039643,-0.241369896470308,0.231503398997868,0.000910616877549231,-0.232414015875419,0.0599673581303239,-0.213120202558757,0.0090062828029307,0.492555787559565,0.39657475153564,0.321667987772399,0.737963997583266,0.784142519447135,0.917167364868712,0.970590866603308,1.17076462697515,1.11957444302276,1.43249486243086,1.27579655862898,1.27975586306054,"Protein"
"MKI671",2.10470124121245,2.03330459797636,1.94466366782388,-0.0428685139111398,0.138959041506157,-0.0960905275950168,-0.0417883499270921,-0.187988726638171,-0.0905389776788539,0.371988346616034,-0.863997630626425,-0.301685686483816,0.590745413701871,-0.622043935852027,0.691700822650043,0.421935406695576,0.782633934021874,0.698501007033604,-0.270330696581652,0.0936181677846566,-1.39857426428451,"Protein"
"TLN21",-1.23277192369623,-1.17304432654417,-1.20171637371861,0.0632278454679778,-0.14295417507642,0.0797263296084409,0.62289785020495,0.510967266499158,0.581698514354727,0.698845976183385,0.805885964623052,0.869832512927509,1.04666966192367,1.00397734231997,1.02756571646385,0.96479043343718,1.00338216110942,1.07913832165189,1.18524416773298,1.01456751503181,1.10028359369313,"Protein"
"AMPH1",-2.04237056052755,-1.50384412430648,-1.78984811908122,0.12684605529445,-0.103148231692058,-0.0236978236023901,0.942011067440802,0.79849601052662,1.01367743550528,1.22789267731497,1.35508365979732,1.47915020292902,1.80840237126931,1.70374319107393,1.67765854212163,2.039996692202,1.85665087135168,2.01322522258862,2.41061000279954,2.08473649688156,2.2292227504161,"Protein"
"TIA11",-0.184000963070293,0.0875285589508117,-0.187240615971898,0.0858761123624596,-0.0604682698899062,-0.025407842472557,-0.0313392329485147,-0.117501072544737,-0.196194556900306,-0.466711490848962,-0.3670790741897,-0.47294683601638,-0.749313489021322,-0.745051016373768,-0.67279069783886,-0.989239688248045,-1.03854436397068,-1.05956278246653,-1.09094257007193,-1.19072792837033,-1.19821723286228,"Protein"
"CRTAC11",0.859872021092668,0.962231615553192,-2.69429056463332,0.296117639596078,-0.382372668108529,0.0862550285124524,1.46147882510866,1.71986872192183,1.54732874307644,1.86875281616815,2.21749251973259,2.06115789826589,1.80623100830903,1.89114291924081,2.17030368986434,1.75458516089473,1.7289209928114,2.08080828105451,1.73691304112092,1.8963084622532,1.78233108220208,"Protein"
"NRAS1",-1.24630477411485,-1.25971921452207,-1.35662521984335,0.219697922401519,-0.0951349964265198,-0.124562925974995,0.212827222979197,-0.0140682410498378,0.0600817447453998,0.133974018484491,-0.13449034714834,-0.653900988865981,-0.0152114599360509,-0.245544024251434,-0.458645707482756,0.0298221282853923,-1.52045092800006,-0.542186148743365,-0.812446888894083,-0.582405509886538,-0.283858368091739,"Protein"
"REEP51",-1.2229392998356,-1.57362742677309,-1.6196540018681,0.0961782012465306,0.0266422367223136,-0.122820437968844,-0.592087028802307,-0.330818804782659,-0.453807304300252,-0.0302770675887487,0.248988612384572,-0.0907832123322372,0.290375149594997,0.254844634484556,0.276606624631668,0.377443203017034,0.489336451807663,0.586261721768123,0.452993362967138,0.669566328401109,0.541548416526124,"Protein"
"P3H41",1.71791484996564,1.73291755210632,1.6088702491195,-0.584381259264205,0.630080763285122,-0.0456995040209183,-0.911417950048664,-0.450812094861655,-1.09518804686918,-0.0352973751110817,-0.588119372726892,-0.155931023825723,0.535756535965087,1.2532534287601,-0.214470331341456,-0.0752963830729705,-0.137470651014558,-0.903952329104955,-0.910493864637182,-0.251898197607513,-1.21838187946928,"Protein"
"PCDHA121",-1.73162065741544,-2.06332014072904,-0.90147446780548,-0.123748965157768,0.109686979455196,0.0140619857025701,0.573719975614582,0.42739865781464,0.811711765745345,0.978236321844049,0.816528076351743,0.865390344199477,1.14709594750076,1.12619529756815,1.27550491347862,1.34220744075924,1.27966971278129,1.31143692807018,1.68805982630195,1.25073785860987,1.51513330700388,"Protein"
"NRP11",-0.832333572742497,-0.985414718314741,0.0161162644566222,-0.0365505645766238,-0.0524807848920101,0.0890313494686321,0.888600425781073,0.588848842140942,0.870395990674075,1.16051056405596,1.00425408618326,1.14111298858432,1.07590195969308,0.896510494930384,0.915316672250865,0.913174487157315,0.733303578805812,0.896068609177243,0.904332127232744,0.571084001892322,0.682795733787886,"Protein"
"DDHD11",-0.661164677917714,0.0942825726877352,-0.545680599608065,-0.0677229449000514,0.0863184615114712,-0.0185955166114198,0.600568645894398,0.626928601396209,0.695794324882566,0.96219985618665,0.901872575919434,0.950249487594057,1.18191495734976,1.30540125893143,1.25378473606958,1.42770094129436,1.56616890594291,1.36490053700768,1.60158959853931,1.52114949348401,1.52546091438862,"Protein"
"ITPKA1",0.203540402070578,0.617557057947183,-0.0623060630100074,-0.382354748689147,0.239749480476998,0.142605268212147,0.367254662522894,0.0220916276863026,1.02524344022844,1.96539255340956,0.249148463783158,1.30859924893698,1.66675001990751,0.293492849391251,2.27666316051977,2.30439679172661,2.8907236191749,2.25387974211316,2.51620464718679,2.87244206252676,3.0141148925138,"Protein"
"SMOC21",-0.258753022649369,-0.0943302193650251,-0.658998687893682,-0.766502890277517,0.935454216850223,-0.168951326572708,0.648068882988776,0.118334775515615,0.345156920131389,1.15932704316833,0.718038895778877,0.863645716688319,0.476827026170868,1.1083277105965,0.669342469244908,1.60751957810473,0.74305831156928,0.308297652726422,1.33686320323661,0.405399731912906,1.22479780454047,"Protein"
"PRKCB1",0.228049847245686,-0.0108465910445936,0.147829384044829,0.252587133948264,-0.0136930726947142,-0.23889406125355,1.59852318079651,1.27559516731862,1.19844243398532,2.01776982305663,1.81223938369646,1.54498817512972,2.24041139249305,1.92492100510864,1.77725322920766,2.12581690249471,1.8696127629455,1.89335551095995,2.37297664071901,2.00139489440619,1.99437354710471,"Protein"
"CIT1",2.45021337790447,2.60271420076086,2.3393330410913,-0.0875134934314676,0.706565878788457,-0.619052385356987,0.290500559614763,0.709553328403157,1.18775780019411,1.20221729787474,1.26565473648091,1.4379556247456,1.66626464183151,1.36888975780008,1.4145350776881,1.6019469373451,1.5925745534651,1.73427685527065,1.92351724837855,1.60933096110289,1.90484469220361,"Protein"
"ADAM121",-2.16886183780417,-2.16168471418827,-1.86633507055806,-0.250259108278174,0.0683813469662606,0.181877761311915,-0.0675554534067278,-0.31892354273946,0.0658422994883114,-0.0331413955218327,-0.535979425049257,-0.358514454236156,-1.17117193308253,-1.14083839840554,-1.21425690159522,-0.802978867607324,-2.60412981122905,-0.763091283518184,-1.63285692211073,-2.57519257822396,-2.86292647874614,"Protein"
"LIMCH11",-1.83157628453008,-1.03662248076274,-1.00171947390093,-0.106326020663952,-0.106212352510626,0.21253837317458,0.83152126392933,0.934238955797865,0.999665949991249,1.18652948217231,1.34365861618662,1.22383759745471,1.31276076580646,1.39603911153507,1.4145639472702,1.36477824257391,1.47726830996548,1.43709307424287,1.59193748402112,1.67595082061252,1.68313484831861,"Protein"
"SH3BGRL1",-1.89272516495224,-2.12884414564302,-1.88753260482056,-0.18853820306439,-0.0325857607553601,0.22112396381975,-0.365230071525033,-0.059440304612508,0.101692422112784,-0.593578400258728,-0.840561564550903,-0.55715730582348,-0.902916932669434,-0.825192446709657,-0.896982429820696,-0.828539139002736,-1.39238715584965,-1.41013573448626,-1.21472081953375,-1.46644954136302,-1.62083457867871,"Protein"
"TLE51",-0.938761402870952,-0.889577650491489,-1.4238120496425,0.0115755047728463,0.134890817874105,-0.146466322646951,-0.359327351557951,-0.667783304981064,-0.666078865557115,-0.265204464686597,-0.438985420482936,-0.425324792922915,-0.645171157235186,-0.285643962742142,-0.434067863412807,-0.0146256430604197,-0.161970123690519,0.0477056743507411,-0.362010214940913,0.121786888072553,-0.0103483107389195,"Protein"
"CTSB1",-3.67583854646672,-3.38189088377247,-3.47772869540645,-0.0656938391934609,-0.0819450245110254,0.147638863704483,0.108884260254076,0.0970591423271792,0.162624128253842,0.240930695772104,0.502037992254042,0.327532462721795,0.565652239865525,0.58418284332409,0.763039630746892,0.783643562940878,0.949961305824377,0.819229084714717,0.915949184285754,1.02424698948569,1.06716665198944,"Protein"
"PRNP1",-1.49261593625305,-1.54615512617509,-1.75536949476007,-0.189400715395793,0.161301409589678,0.0280993058061139,0.901423825819061,0.743906369100641,1.13616853819101,1.35186975929563,1.40650272135612,1.34867175060028,1.19638664748201,1.33540100476893,1.40592362939256,1.69751746829074,1.41314621503291,1.58146144527304,1.30065002039394,1.27741986751878,1.48179266726672,"Protein"
"MAP4K41",-1.46695701077719,-1.2260184710913,-1.46292366481444,0.119380822837986,-0.151149507854281,0.0317686850162922,0.170840674953194,-0.0262805092842946,-0.0650294218310599,-0.154765198781103,-0.254077560221123,0.0112797078633484,-0.0811019282372136,-0.147583357754488,-0.339687313381045,-0.299237161468259,-0.544799488628858,-0.541203429629245,-0.335791537103074,-0.893971360176234,-0.717121859978672,"Protein"
"GLDC1",-0.121686734771981,-0.01633296194343,-0.204513256200006,-0.150535536913267,-0.00752118626756726,0.158056723180836,-1.09663525770794,-0.985925900654507,-0.946389072759533,-1.77198353680545,-1.57893783222347,-1.53967582600773,-2.21454526233439,-1.8149623759684,-1.4940372416234,-2.48086891894848,-2.02635193500039,-1.95678434001388,-2.34892316360499,-1.70107231301705,-1.98245166443143,"Protein"
"DDX39B1",0.11936243170712,0.172228684046839,0.264336268270181,-0.0876355287075192,0.0162578611677766,0.0713776675397462,-0.2938320198292,-0.226530643080547,-0.269564813708957,-0.845468067994762,-0.497889125869467,-0.572981800754082,-0.682915482700391,-0.861024952208684,-0.693470941583005,-1.08738044894419,-0.956752699968892,-1.13173280972459,-1.48040855813784,-1.27147979857026,-1.15583963329559,"Protein"
"KCTD101",-0.339766906930475,-0.528058477606208,-0.290722876808715,-0.134594786573004,0.0384503940754932,0.0961443924975107,0.266730034311948,0.168994302830331,0.0651223384794228,0.0356600752067848,0.000781598165676911,-0.00562642323396645,0.148440195166152,-0.343198138137556,-0.519218113075766,-0.600755442925241,-0.432364228435958,-0.284426981168419,-0.775027842522142,-0.651396206620202,-0.69034978895581,"Protein"
"PRTFDC11",-1.19911362531644,-1.42939167895465,-1.31361037995267,0.124867155756615,-0.149991554350361,0.0251243985937499,-0.462734995729532,-0.566861716825398,-0.435623185754045,-0.527113070611543,-0.512699760926514,-1.02545485137368,-0.242391116943292,-0.606612148117881,-0.49562936166633,-0.551226727745005,-0.332046677467508,-0.904505768611235,-0.35032094872785,-0.713250464755005,-0.653308878213595,"Protein"
"NAPG1",-1.54641368688014,-1.51129244946675,-1.78514303203326,0.120927957637537,-0.0192351310341756,-0.101692826603358,-0.188961593328376,-0.205215460509113,-0.300711220711808,0.292536146347434,0.180291427161972,0.264673194585431,0.674538398024193,0.363759314470503,0.409828759187615,0.877785671851282,0.63791135232378,0.832322415757037,0.901214510962443,1.0097800359446,1.03834178610724,"Protein"
"TAC11",-2.81668295539186,-3.95265540933231,-2.16577256229994,-0.355738523512246,-0.371782761293654,0.727521284805897,1.4487400336915,1.4190053931396,2.0134246124511,1.93990363693458,1.56506511487387,2.91042470195631,1.5304203708754,1.6506907783635,1.74571904255819,1.52798552026732,1.29107353559953,1.51254938901,0.711138855529994,0.521693243788723,0.835329915269226,"Protein"
"CDH131",2.57281596862606,3.05382473667525,0.319032671104065,0.0174917896910642,0.0475000046045366,-0.0649917942956009,1.30326671398231,1.06653406382512,1.23353155079472,1.54385940328638,1.51601699267728,1.73919883371278,1.95898954750346,1.81215118543484,1.73324831618548,2.17674374917468,1.94056087218157,2.21991900640348,2.41036641730119,1.97229369103185,1.96917885360545,"Protein"
"ARHGAP81",2.53638712780682,2.1408679575377,2.33917049922751,0.039867295179576,0.168298865524136,-0.208166160703714,-0.0947635195164533,0.0547707072512296,1.0848469216562,0.643658350217921,-0.545157580860993,0.00612652717309636,-0.596905741973663,-0.254468140977828,-0.485544948437575,0.338390241158008,-0.489225407032146,1.31957779220686,-0.113165565090538,0.105661300770763,-0.038006528050083,"Protein"
"RPSA1",1.31413419279633,1.26407384164312,1.54562110898721,-0.0100849280502651,-0.0315769896441118,0.0416619176943804,-0.12792000016363,-0.152097492709277,-0.0850430608379718,-0.216519476745443,-0.172110129668052,-0.163391693136543,-0.109293975644402,-0.203137382577953,-0.245638666457989,-0.332555356636913,-0.282584861435186,-0.405688118593783,-0.46942606620318,-0.39440525289611,-0.406170773168544,"Protein"
"SPR1",0.0623629761316007,0.00623793923999649,0.00250805739761795,-0.148494052244443,0.291367687148698,-0.142873634904257,-0.643825103943145,-1.31768156698133,0.0637962402125876,-0.205996193369453,-0.415206559359492,-0.0851994452373805,-0.116312940973993,0.176139512401518,0.2269998820494,0.553807292281222,0.700993828036156,0.934443532242524,1.05077543187639,1.17165975912822,1.1693843838876,"Protein"
"EZR1",1.08227608535808,0.972405503998186,1.29731239356289,0.0758472613300576,-0.1332893674392,0.0574421061091392,-0.853868176279926,-1.22487564293669,-1.00448533245955,-1.62661397187149,-2.07608896605402,-1.93886207796414,-1.7132544615103,-2.1619109491387,-2.22877952439167,-1.78524615189208,-1.51935462691129,-1.77866593951969,-1.2896731526429,-1.50407085682922,-1.44632316046179,"Protein"
"NSF1",-2.49421634379084,-2.40033725048178,-2.49951990094444,0.0668598076528006,-0.0562036087133642,-0.01065619893944,0.640961177815417,0.684611146930383,0.756555242413011,0.837957551097258,1.03951522492741,0.969118837423604,1.2254205693138,1.17034785625289,1.2839030558941,1.26796108993933,1.27029645287206,1.39039478836611,1.48498822348644,1.39913009422211,1.51256151247211,"Protein"
"MEX3A1",-1.19570727440184,-0.813567412788187,-1.20463360388762,-0.0467966853167656,0.0413222662817976,0.00547441903496626,0.151584636768041,0.113438090907207,-0.0398318549829195,-0.469226767984589,-0.238194252439639,-0.261978569217694,-0.854359324748296,-0.653180733062955,-0.700292955624482,-1.52689646835732,-1.39990080111877,-1.22587667075122,-1.42063599696629,-1.49078128801152,-1.63893743440486,"Protein"
"SLC22A171",-1.61676938827304,-1.63303427507224,-1.24547701781486,-0.21029797588953,0.246265925446535,-0.0359679495570031,0.24240324640917,0.677815219320278,0.749988445245707,0.634262355587248,0.729010746855993,0.857678289318594,1.11167617653204,1.27131971360272,1.06647541044211,1.62731344445115,1.53298724946291,1.38984465172891,1.61109372469522,1.54991368960344,1.63879759784174,"Protein"
"EHD31",-0.0023026307852021,-0.213552985888487,-0.220854666410837,0.0428195327517287,-0.104788537181857,0.0619690044301286,0.866792285679693,0.758544708705507,1.01124949262028,1.30504080911546,1.24092698153951,1.2075793045053,1.62612495143651,1.40540042124665,1.48680697737914,1.8806923401131,1.82998035052958,2.05460379168377,2.08914658643618,2.14334991907081,2.14735424207717,"Protein"
"LRRN11",0.318349175489725,0.530836796394762,0.574729792107295,0.142696120871829,-0.0833561856349299,-0.0593399352368955,-0.0143587166479655,-0.121820592340608,-0.0786435985264298,-0.495986801231911,-0.304857473791689,-0.326558268192112,-0.5676460024162,-0.274841284718942,-0.659634454344637,-0.56797540613719,-0.619010715708765,-0.478115290759316,-0.368465069150734,-0.481876895840383,-0.694582168645258,"Protein"
"CDK11",3.68552363810801,3.55305485610156,3.86817775815438,-1.4867883734912,0.832050765265294,0.654737608225904,-1.42259003295278,1.76250826837872,-1.99993700467858,-0.329964878059354,-1.8018133317409,-0.631583898699969,-1.13965305875085,-0.0443920472620434,-1.83326523562763,-0.579996237359735,-2.72325573076814,3.95494852445526,-1.12819339067196,-1.86948734085408,-1.28326234806344,"Protein"
"GRIA41",-0.845875398812183,-0.942199118438458,-0.985727604607435,0.145407876416078,-0.0126255140760971,-0.132782362339979,1.18780569652182,0.968397812785787,0.944295390622772,1.48162704855801,1.46357857563642,1.53002636360232,1.51007313673613,1.65041491262361,1.65991133732872,1.6220608580488,1.50236862513911,1.68317470027939,1.82393448451512,1.71807648419143,1.65096087672356,"Protein"
"LGALS11",-0.964497363601142,-0.830276887492703,-0.271497787894662,-0.206209390983483,-0.0427678758623369,0.248977266845822,-0.720293236345187,-0.694750998648638,-0.515888622725472,-1.91851738763411,-0.919589876063368,-0.630477499810608,-1.33374015972698,-0.596150464090519,-0.262116441050301,0.0337344552397969,0.724950964257969,0.454890749136753,0.986088843322305,1.17824359152877,1.23403547838645,"Protein"
"SYNE11",-0.9350655885889,-1.18665559743661,-0.186406023823965,-0.0681892450182122,0.0877781510573161,-0.0195889060391057,0.940866135094589,0.984645293360765,1.10654319213467,1.03563605336166,1.31325633530303,1.17029187705519,1.09042613538175,1.04592078288804,0.911449104531547,0.700865303767086,0.618576816649446,0.564756356414611,0.488452546607741,0.323137557694034,0.369818066425866,"Protein"
"LGALS3BP1",-0.655856569617816,-0.170940676949398,-0.633438050852087,-0.067139690888256,-0.0277621548494498,0.094901845737704,0.442366741331149,0.406051732291616,0.485654414880628,0.694129341872731,0.931608915090585,0.901376004868034,1.02050476225362,1.18355303172242,1.17356395032839,1.24897627298022,1.27903968475028,1.28062508279255,1.38433898406028,1.43570672253551,1.36723589008935,"Protein"
"FNBP1L1",-0.578091807899751,-0.519311958638086,-0.58855670986396,0.0737187121675582,-0.133061618874773,0.0593429067072186,0.0919480651907243,-0.0905050456938277,0.102229027764938,-0.283837166084103,-0.146799721014514,-0.134575995082532,-0.2338700248678,-0.333146359148008,-0.288522039237973,-0.365376420922727,-0.336046967234266,-0.450405133410614,-0.552089796457549,-0.610846454401054,-0.621413069456848,"Protein"
"USP321",0.26468708874663,0.307926898973101,0.341303746887498,-0.0144753721574169,0.175246843696531,-0.160771471539114,0.707896895470483,0.365026253721446,0.220347983638863,1.21934881437329,1.1251068713023,0.932639209266554,1.51674266307705,1.49155492583634,1.54902932004515,1.47202793810132,1.54468884778228,1.63937368322128,1.83816926995216,1.84835567322902,1.80270371273415,"Protein"
"CASP31",-1.24953242145329,-1.20958353307345,-1.04630394062018,0.0507456246972531,-0.0751553571947419,0.0244097324974923,-0.651905608817987,-0.795516832022845,-0.68349642776818,-1.07507967536356,-0.826408938460933,-1.10537990191785,-1.1092021321966,-1.05210972779369,-0.960041228722321,-1.49367125623786,-1.20189595213486,-1.64590239684265,-1.77810311122061,-1.45523562412854,-1.74462663819882,"Protein"
"NPTN1",-0.884755588972466,-1.06113909211079,-1.3251242308636,-0.25749004609597,0.280172085533632,-0.0226820394376581,0.572672754127478,0.586739386022824,0.926865404151311,0.759202903994211,1.48807753312046,1.60998309655726,1.06083287534646,1.63009081815432,1.31327202897632,1.64327047085041,1.66955084218427,2.19689438025991,2.12875910329587,1.79715603614136,2.21652568053436,"Protein"
"CAMK2A1",-0.919103940413269,2.94395282936496,-0.109235149767825,-0.537900612678643,0.153960896945376,0.383939715733264,0.793187130424863,1.09301057814173,1.23881273703487,1.64929461457474,1.70629922249554,1.89215547279754,2.31620938623026,2.21058325393353,2.54635324447961,2.54364955478823,2.69325411204352,2.70137003907453,3.1018562062341,2.90608070345534,3.03567974919909,"Protein"
"JPH31",-0.187435970126723,-0.303169642719796,-0.0975633602077011,-0.0275180287806833,0.0176580905975818,0.00985993818310149,0.599699648486986,0.743126578912833,0.796607569802596,1.0399385731252,0.982470778163183,1.18548391093399,0.711677435525434,1.11958842684232,0.944198884010362,0.920684171955262,1.20142909584853,1.3562059249188,1.133139182282,1.08402522926082,1.32540039315125,"Protein"
"PPP1R14C1",-2.90900202945078,-2.20044562555755,-2.90069673385151,0.580776280268394,-0.670031981325371,0.0892557010569792,1.27610159295706,1.01695662839615,0.990778362519334,1.70688632806386,1.83262104786193,1.73724450051163,1.69522714719509,1.83174577812227,1.61567680602668,1.94363387823433,1.74921312929358,2.00791950194206,1.8180864440636,1.59047588643434,1.82628210261004,"Protein"
"MALT11",-0.279147393685651,-0.154264823119767,0.10706794548592,0.450213151832344,-0.00896104251198793,-0.441252109320356,-0.517564911793894,-0.802191780414653,-1.03406832587909,-0.256307293848465,-0.937216130328942,-3.18802964819425,-2.55554427733461,-2.37984018117582,-1.61421394724697,-1.25866276820253,-2.11671316806006,-2.61928210379305,-1.63888377157145,-3.07913537705292,-1.32258873236648,"Protein"
"PTEN1",-1.15784704756447,-0.781029638516308,-1.09093081533615,0.101148196958565,0.0745392880477986,-0.175687485006364,0.607382375114927,0.753085858375659,0.33291057180223,1.1337596292411,1.07288303446729,0.902247371377641,1.32659981429524,1.46017762176155,1.52546211926489,1.64506029282211,1.71497646376723,1.55945332206255,1.70121178180629,1.94708347392818,1.57034366412569,"Protein"
"GFRA11",-3.02188540623522,-1.74214273366814,-4.15134742395851,0.0307133632495695,0.0540310398930774,-0.0847444031426487,-0.225081579818552,-0.434852494700683,-0.616569225917369,-0.651252688048265,-0.585100210866257,-0.868859286794789,-1.02837645709594,-0.804526285690416,-1.20292019243046,-0.494799064674053,-0.848645640348709,-0.89096837772299,-0.731080142893321,-0.780482361956862,-0.453086444060125,"Protein"
"SGPL11",-0.481034863534651,-0.60161376888477,-0.369011342538554,-0.016846336522585,-0.0910631737223273,0.107909510244911,-0.274523964525388,-0.343496004921244,-0.353742455372243,-0.486751579194914,-0.642579209825287,-0.714504779772723,-0.856570766845953,-0.861322405807277,-0.914480839818451,-0.898944049073064,-0.977869448003387,-0.920998858357303,-0.946002906308349,-0.987232974971176,-0.985942782650868,"Protein"
"PCBP41",-2.1166376829146,-4.74422697155324,-5.06450833825264,-0.010585735931901,-0.147741841878368,0.158327577810265,-0.444853697226021,-0.203888322690414,-0.170979946358525,-0.632287906094808,-0.556506256283347,-0.609484161069402,-0.666866905640154,-0.859870057302393,-0.970032299990232,-0.763924130606702,-0.894731446844988,-0.879771324868587,-1.12520220248802,-1.10427171519196,-0.941641976761657,"Protein"
"NKIRAS11",-0.829816076758247,-0.883843796762809,-0.878879720194634,-0.170128410067521,0.110176037610271,0.0599523724572517,0.3857050683698,0.754774594081509,0.580853142863395,0.879151013957548,0.304414552547128,0.893960388412554,0.879771632254068,0.833129180681942,0.912020376351995,1.12164422624191,0.844326834738029,1.1165758285979,1.50818976672624,1.06966192578669,1.20740237267725,"Protein"
"CREG11",0.45701371486571,0.313871398955726,0.161033239543837,0.0775129490004005,0.0791014993313546,-0.156614448331755,0.357066651262627,0.683459001770554,0.0338287473897338,0.688713817027612,0.234616664243966,0.241085367039709,0.612427101781797,0.514433390325451,0.318407145064082,0.725080986220139,0.253699124355965,0.315161049416371,0.346057571248387,0.126466862458514,0.543140618643836,"Protein"
"JPT21",1.69681646128692,1.62953959188368,0.635607385513794,0.107768801085136,0.257787737260053,-0.36555653834519,0.0825702434367912,0.331541323873189,-0.0953765395780763,-0.175186127060712,0.216076423697281,0.122408057774081,-0.442584120418539,0.0360576212933381,-0.747043604081268,-0.228850955666374,-0.790768847467758,-0.295574879602347,-0.425222465823092,-1.02538295265929,-1.33496485708532,"Protein"
"PTPRJ1",0.17460753698524,0.196258620563805,-0.30050904308071,-0.41825647893255,0.0881628087520649,0.330093670180487,1.07442052498341,1.14872067475934,1.03129077596926,1.39220667385365,1.31146778856256,1.59642901530284,1.33250714780077,1.40155726051647,1.22201336254524,1.62893656312935,1.57569816239125,1.41168078502482,1.85948525318858,1.46582654691499,1.36297259131527,"Protein"
"MPPED21",-1.48200647736043,-1.78724622542842,-1.70638609172211,-0.0226107809559988,0.00532875794459464,0.0172820230114024,1.65704751078245,1.68687228800525,1.55721883061014,1.90320104588584,2.17002367113973,2.135848379702,2.08835800723493,2.23771326068251,1.96310187938657,2.13401271751717,1.87138656475784,2.08454812145458,2.10397998528892,1.92105524589112,1.95826779036719,"Protein"
"MYT11",-2.67557903034129,-2.53410143943234,-2.60593088112434,0.0699283427091171,0.104159158876401,-0.174087501585516,-0.0404146974907302,-0.0959352326429848,-0.158614286873783,-0.335167714760159,-0.497501703292867,-0.368036276250615,-0.718206910644932,-0.466634674388166,-0.960368427820667,-0.853222593051234,-0.908871730269331,-0.836095554083871,-0.768238097452782,-0.851206507506282,-1.08191187723537,"Protein"
"STMN11",-2.4948224096654,-2.73404316738754,-2.40473133233622,0.202877936866233,-0.340016954748844,0.137139017882607,-0.148753540123447,-0.57028305450115,-0.376255937905622,-0.0640980249234353,-0.608489610103643,-0.308758925286913,-0.138309666699033,-0.760506192302703,-0.516034133518215,-0.0468534197540258,-0.449041147833466,-0.556998163769268,-0.718466674291914,-0.71929746338169,-0.647608580133618,"Protein"
"NUP931",1.14977325968304,1.08985962491209,1.16401660516523,0.0821938291286681,-0.0322895855789564,-0.0499042435497135,-0.286943552589355,-0.306602618168926,-0.313492892691867,-0.353978811647407,-0.472971975154463,-0.53859540903265,-0.501679319764547,-0.531526886020961,-0.6618026282661,-0.59077815801408,-0.730277155678918,-0.717433095982669,-0.73004113578313,-0.707877932829204,-0.722966357100608,"Protein"
"GRIA21",-0.712377077044968,-1.63160627931007,-0.625182599396572,-0.124062796064861,0.0286286295473541,0.0954341665175047,1.05428573513614,1.03950760417949,1.29488553785762,1.17392738963355,1.15668472057933,1.41404040385542,1.38122139723268,1.45996576133866,1.3835149994201,1.75274447389796,1.65031179912173,1.72693944853092,1.90164387441986,1.74723524620744,1.94372166165997,"Protein"
"SMARCAD11",0.758264552117174,0.872876275580149,0.838559859448116,0.0352478494047705,0.0168455312160862,-0.0520933806208586,-0.142736077842988,-0.254689493515,-0.384295365415474,-0.290899886432202,-0.635703647393575,-0.158294543856373,-0.559115824465378,-0.777743479441623,-0.936904673797185,-1.52497549932275,-0.957944124700989,-1.30409872639033,-1.69299584861882,-1.24173495351278,-1.71810378441586,"Protein"
"MAGEE11",-0.139948579184685,-0.460686465793122,-0.714406682571473,0.139870335273715,-0.0327753934447461,-0.10709494182897,0.378560324040032,0.173135510912955,0.308219675644432,0.229719748283641,0.107950278119647,0.523877970145085,0.0443160213868108,0.451476643401163,0.133743807168424,0.208513165880431,0.188788772361333,0.211207483672458,0.131363523887194,0.00894558456128713,-0.122884153887986,"Protein"
"IQGAP21",1.31937129159408,1.19359910746835,1.13755601436418,-0.191212218578103,0.340448402236161,-0.14923618365806,-2.29690779064127,0.095030889801917,-0.244853230142018,0.80254915204709,-0.469828110290928,-2.10592435613662,-3.22382908933578,-2.47043123195063,-3.20825972007764,-0.144267632528598,0.166266356656093,-0.0660693522357345,-0.0304401673914381,-2.34033327436233,-2.79050789238687,"Protein"
"ACSS21",0.515164274136319,0.762642987797797,0.566029060218876,0.0265449793263155,-0.0148930379240024,-0.0116519414023113,0.366666719068688,0.264683999147374,0.304488098706793,0.528327927203724,0.646825927065199,0.574571614839675,0.768946384730128,0.680185923152942,0.561939839660456,0.943518714771777,0.960170515390196,0.847940600249871,1.05507871596693,0.901239144373505,0.765060435223255,"Protein"
"TMTC41",-0.164763132591363,0.0612979529950568,-0.278857921075216,0.0946560678974269,-0.086685825476339,-0.00797024242108613,-0.200242211035855,-0.201607727680377,-0.227693745778447,-0.417699999031024,-1.04780534743834,-0.743036186233192,-3.98920263592884,-0.275673268532097,-0.0920455476637851,-0.31005245155931,-0.358284145752064,-1.68660470735205,-0.655070058359387,-0.293664513714601,-0.233824316029212,"Protein"
"DLGAP51",0.936508366146269,1.18972691050883,1.22141959165391,0.77189998578787,-1.58894147848935,0.817041492701479,0.455260210350895,0.693917538013958,0.478643766358497,0.414765343571483,0.588014542511393,0.739923308838685,0.636562538984878,0.728775506520472,0.727541074136459,0.681705391724561,0.84431498108559,0.841343033432553,0.831153901782502,0.998393192602828,1.32432252715377,"Protein"
"CELF21",0.145579132602807,0.0816734299243382,0.480066210971055,-0.241107798304162,-0.0643026182912561,0.30541041659542,1.18996568718825,0.875799676020845,0.749414297090604,1.16378845364048,0.864215530701914,0.664757695025285,1.13371250341623,0.733655605030004,1.37885312344438,1.02326186597354,0.7918592614638,1.10756331531882,0.758133781017998,0.862595298363209,1.09424702749976,"Protein"
"HNRNPF1",1.40831919674238,1.5554271586802,1.44779043498592,-0.120735359409853,0.114722682367994,0.0060126770418627,-0.240886914930247,-0.105676749969067,-0.225259493180449,-0.644284593996918,-0.336212230361578,-0.59252054691812,-0.758036243403378,-0.53552221616955,-0.796730385626898,-0.87187848992868,-0.837617774284059,-1.06161574318716,-1.13556897521267,-1.00747426311564,-1.25518048627229,"Protein"
"CNR11",-2.37431980434786,-1.78487815070068,-1.91456875458598,0.13949758537386,-0.0962058284507741,-0.043291756923086,0.690494164176645,-0.0390493283506999,0.502059317665633,0.378210059391265,0.11406122295142,0.23419929888955,0.169761992853346,-0.0862102784102383,0.130952831163103,0.00576206098882537,-0.0677993842155153,0.25652379936254,0.354050608403064,-0.165496810619462,-0.121084277406712,"Protein"
"S100A131",-1.04202699902923,-1.5125476808143,-0.749499470376962,0.232054199402217,-0.0485952446793174,-0.1834589547229,-0.86468524268806,-1.1373348182084,-1.01505645245243,-1.01071803152665,-1.3288598928981,-1.66097566972452,-1.58350610236391,-1.97997578096123,-1.83740113591677,-1.17781745612172,-1.60300019013378,-1.988141658722,-1.33480470154487,-1.52653725250598,-1.21645220173396,"Protein"
"ANKRD13A1",-2.5659344265829,-2.74364693009243,-2.49425385296403,0.0210818241022412,-0.302077421324272,0.280995597222029,-0.185183712909152,-0.374081527615031,-0.326705297650962,-0.37087836236015,-0.62664310856726,-0.872520710553614,-0.734386407164985,-0.94403962080783,-0.548755532221714,-0.732935387677253,-0.940158325620919,-1.220321120587,-1.00753458270923,-0.968972094131805,-0.977509124769808,"Protein"
"SCN7A1",0.216619158717299,-0.325141750684004,-0.302538795315133,-0.172471696153416,0.30047921412816,-0.128007517974744,-0.0469807194659957,0.192446143975872,0.107358851971671,0.447611072423811,0.422159763241414,0.595061112442689,0.468947294788357,0.57769530418523,0.432213366466783,0.457786758852464,0.505890842662605,0.844704822373473,0.726020172267962,0.650513590061301,0.468767524216211,"Protein"
"CAMK2G1",-0.987567288126298,-1.01458495445875,-1.16304584287636,-0.0882960788333786,-0.117861676632939,0.206157755466316,1.14858530488983,1.22163305310826,1.51650798909522,1.48571639870002,1.86561091541738,1.83220140798962,1.71384874778741,1.90602166499001,1.99947348578827,1.90777111668452,1.87029614454573,2.0204779269285,1.94538314072233,1.77854358053463,1.92331201567852,"Protein"
"CEMIP21",-0.921054847848369,-0.753012065553508,-0.78927431784704,-0.168262699113725,0.0325870052228652,0.13567569389086,-0.254379861557348,-0.210466565540804,-0.271877625468223,-0.586365817228026,-0.45516689335909,-0.237628777847474,-0.832698746436852,-0.805091235447131,-0.694325793601857,-0.997063761989287,-1.22435538955821,-0.736913587271497,-1.14017719176594,-1.16207062045532,-1.25958497660391,"Protein"
"STX21",-4.54908951315565,-4.52405868987148,-2.5172487241714,0.328718201065268,-0.31331553287254,-0.0154026681927313,0.60517256302408,0.474112518785017,0.673835229491264,1.06391344252937,1.36694802939107,1.17678881528059,1.21370525686686,1.03117170649682,1.09326336460461,1.31770377570134,1.12646937188871,1.68104780430701,1.76557954732457,1.47563643164512,1.46055540347291,"Protein"
"AMER21",0.0383446673196506,-2.8973511098884,-2.15806564694457,-0.172406594055451,0.177922299177178,-0.00551570512172894,1.25289391896778,1.33188615780947,1.24633874694076,1.3118254527779,1.50242182145145,1.6731117470526,1.58126753758351,1.8740728723499,1.74990190212164,1.53347543913229,1.73347311120718,1.73994531957803,1.87840743827106,1.7122386836077,1.73781031914786,"Protein"
"TMEM131L1",2.21906697898275,2.3561152949227,2.31267561966546,0.120865594537435,0.860234764533891,-0.981100359071323,-0.0901710243239133,0.197099955603695,-0.348440920152651,0.577962418055064,-0.870508554061246,-0.291831601832468,0.126241803241392,0.326653410394888,0.422586841112608,0.933401405190621,0.513773153196784,0.425799073025814,2.52939153982142,-0.0732020816037284,-0.551648270530229,"Protein"
"NEFM1",-7.01188470555506,-7.37440774862037,-6.92453484936609,0.0975963889829146,-0.117887252059163,0.0202908630762479,0.57797559393336,0.464624966072599,0.613267505409276,0.46918481043172,0.615826659049112,0.608676480912138,0.657951790696266,0.404416528623081,0.361698559534268,0.344258751374291,0.0927518585153919,0.377607793085275,0.494212947793379,0.0315011274491397,0.0980263184706587,"Protein"
"PDE7A1",-0.605792948349682,-2.06130307567202,-0.360860741496035,0.0608228560703932,0.017672876812421,-0.0784957328828124,0.0485341322898147,-0.0207430882148198,-0.00239501251958707,0.0716634761086876,-0.0562388690921427,-0.334373509024642,-0.210452581609507,-0.191998223077137,-0.19576393234483,-0.051123630312917,-0.187912794995272,-0.123295557196988,-0.216830539155508,-0.435506122382654,0.119634428180449,"Protein"
"DNAJC61",-2.07213079894884,-2.51618500595997,-1.9193902181225,-0.0899177462032625,-0.161115356493106,0.251033102696368,0.581437732471741,0.556394144262139,0.683648295036104,0.705813005027704,0.830166938404499,0.907986468992624,0.980498251965448,0.987655363224283,1.07961592263363,1.14554775416278,1.11012257259534,1.02372900460491,1.27944387066099,1.17450874531991,1.20419432103899,"Protein"
"SEMA3C1",-4.99433442494897,-2.05749720055531,-4.78861345749814,-0.215082104623393,-0.0524682103701259,0.267550314993517,-0.41183680488176,-0.120866964504142,0.599969911444166,-0.427918645393563,-0.190143531292472,0.0411834326695804,-0.897347659828975,-0.617634625532888,-0.84128698938388,-0.851948333143399,-0.791655295402856,-1.00758609807264,-1.05299842110411,-1.21238753428044,-1.10784769572127,"Protein"
"GABARAPL11",-1.84434765155552,-2.13113093293102,-1.24569552457569,-0.264060734425655,-0.194627599859594,0.458688334285249,-0.571381723937463,-0.517471238090277,-0.600326048732391,0.359289890456591,0.168590185280287,-0.208629951470748,0.641270064050655,0.600811462166444,0.745085435766015,0.351360351751428,0.849114121925224,0.234403766724139,-0.306649853824936,0.482028010855583,0.871871563652901,"Protein"
"ZNF6181",-2.03833192535158,-1.8803175536311,-1.33798644685542,0.22386774108165,-0.248554156749192,0.0246864156675439,0.268542003718084,-0.181269743618946,-0.145784030046014,-0.111821339341676,-0.441259641895156,-0.790229560176416,-0.451765032453201,-0.894952171117191,-0.737263968082095,-1.15037992348011,-0.914163726958529,-1.18817393948636,-1.07682568515374,-1.16999865160559,-1.34636985465359,"Protein"
"UBE2C1",2.05423349322319,2.01002722197399,2.09810390342681,0.0584319534813122,0.124934033003353,-0.183365986484667,0.787644342357547,-0.172038388568579,1.00671692314677,0.993486881983808,1.00916205681078,0.361804211653853,-0.870088050803721,0.0103904058546487,-0.292432923367201,-0.760487902755447,-0.236607557380379,-0.114151897573981,0.948130350852837,0.351454405829998,-0.0136655279297404,"Protein"
"CPNE51",0.828885028604867,0.577950553539777,0.5356191995094,-1.63302303005628,0.79592192845003,0.837101101606256,0.941013136400111,1.13462361772889,0.795510836985082,1.26065044351613,1.02733507938502,1.2304362637745,1.49319933807088,1.77249833993263,1.51750665386185,1.67218405503202,2.00835927120294,2.05677103853079,2.5691191605248,2.30428500333682,2.41049027993458,"Protein"
"PTPRO1",0.780701804345924,0.229958959035008,-0.342327300177972,0.133494880844266,-0.0574980745070537,-0.0759968063372138,0.818352876901479,0.536671786685957,0.868258944024952,1.21251134163923,1.28733901391388,1.23432284028042,1.40419839399102,1.49910957839311,1.44410156907606,1.47851128670156,1.58055387797516,1.45842592141263,1.60111493613125,1.47778214024024,1.24513527445109,"Protein"
"CHD41",0.284374271054508,0.458504374702047,0.42505777815906,0.0340978908067822,-0.07936209362766,0.0452642028208761,-0.0762247710378094,-0.15087333445434,-0.139658014646853,-0.536163634513981,-0.420212669025064,-0.391123721649352,-0.78787559120641,-0.514498742715665,-0.652320320560738,-1.01495335724516,-1.09449512332409,-0.93348396072407,-1.27592205230288,-1.20814847602791,-1.01694095240042,"Protein"
"CACNA2D31",0.968216646692424,0.752822910043099,0.990813396952495,-0.305704651230274,0.504078479285111,-0.198373828054837,1.04184744822529,0.266422043203475,0.358636776559797,1.4231588463496,1.19828215214382,1.01296159472914,1.69218372049018,1.93128416151751,1.42323880132346,1.50419216362849,1.85920481773997,1.77248295849842,1.65081030699946,2.08042909110907,1.94829264933183,"Protein"
"ATP6AP21",-0.0587044414279116,-0.332057950615114,0.319493151450684,-0.11264218529435,-0.0828995656194405,0.195541750913788,0.0464864823693265,-0.0497001803132004,0.0300165657330762,0.0713591203966484,0.0995946066015865,0.0641428221148335,0.411566854115831,0.0981970613578671,0.35806661743967,0.321648898444463,0.46325237368656,0.0456113080303115,0.255897610915463,0.448871887495729,0.579624780590899,"Protein"
"C2CD21",0.368309720440848,0.0375787382638268,0.176939723054305,-0.0576989095264722,0.877208059228179,-0.819509149701709,0.541270663798164,0.488892518832337,1.0449015549924,0.849750474417453,0.239958430800135,0.883960082806274,0.722151478080685,0.586667986574406,0.537168628126009,0.981151763834644,0.404351475768143,1.53438349495473,1.32403547454661,0.971660813454344,1.36067971288242,"Protein"
"IGF2BP11",-0.431203112329932,-0.2626474412954,-0.493457567660222,0.00981628068663554,0.0664849135591155,-0.076301194245751,-0.281248586081404,-0.198965156197438,-0.280167454507264,-0.806884258735799,-0.633292467880203,-0.926779954241823,-1.17176215173205,-1.15387324440785,-1.35262016167741,-1.38037361279454,-1.58939120970765,-1.48943851806132,-1.77612516622257,-1.81708097529214,-1.75485175885424,"Protein"
"SEPTIN21",-0.293174357318158,-0.498427012080086,-0.284563279856087,0.0900581296287015,-0.104162665310028,0.0141045356813265,-0.389022857142848,-0.463238324278919,-0.551028378435831,-0.826235295727436,-0.980534485983625,-1.0313334458123,-1.12909134375273,-1.39590054280162,-1.34828489228175,-1.60921900635917,-1.60842797863356,-1.60520358776441,-1.80895943621159,-1.62918219847256,-1.73600308546204,"Protein"
"DDX51",1.06309806408365,1.25846066652662,0.995084360688928,-0.00731916099220342,-0.0125113380600439,0.0198304990522473,-0.191747504194893,-0.103758378038791,-0.135715845922718,-0.663820344265687,-0.369091276157285,-0.369282517601889,-0.690493143843135,-0.568040254118522,-0.651605290114503,-1.22293791056021,-1.15388278242794,-1.06205688955277,-1.46273366404865,-1.38319225069149,-1.43400419012105,"Protein"
"RNF2131",0.706687316896492,1.50484942699183,0.713453741642009,0.0548398219482209,-0.00274220507345646,-0.0520976168747644,0.307007718773132,0.436048207735467,0.249616019208368,-0.0176592530049255,-1.01526994365803,0.32016409883364,-0.541971867621573,0.478628159787096,-0.194121040227454,0.183192890179185,0.707476582820018,0.185660644542338,0.506681277442478,0.553742292919843,0.51642437912458,"Protein"
"RBMX1",0.68271762544142,1.10345331449869,0.572173977541439,-0.0765124039283762,0.153481494583872,-0.0769690906554956,-0.23706305410434,0.482166091529649,0.168805533429548,-0.720502496358337,-0.0676789332948005,-0.434616682017074,-0.670728673636011,-0.444995022234098,-0.642437545565992,-0.714432751977563,-0.512890897062634,-0.407746540511321,-0.922637093613227,-0.985612950647388,-0.293773825747927,"Protein"
"ARRB11",-1.3117716206674,-1.92998397879592,-2.06772468727272,0.0141270738070496,-0.0171417835229057,0.00301470971585616,0.573561678987826,0.348820900508496,0.363842201991833,0.73894139889466,0.83923480819168,0.657656206546406,0.959802164191238,0.814686883149953,0.92952432178895,0.872511806368809,0.898830352938312,0.91505019893399,0.902244667143293,0.855001905797071,0.785514900529904,"Protein"
"NASP1",3.06819420578345,3.02323641589752,3.18416894920407,-0.0855690585420454,-0.126393608587794,0.211962667129836,-0.370247838507066,-0.513338796475491,-0.294106535840118,-0.794219004676881,-0.742960177788172,-0.622429011543106,-0.978640034426826,-1.06718908199555,-1.18418891277571,-1.24633113726246,-1.53276296016388,-1.23678193878735,-1.58625846209042,-1.45751555980125,-1.53274015392726,"Protein"
"PRPS21",2.32067981306795,2.07090619944142,2.98043089697944,1.13093241534679,-2.29342930450893,1.16249688916214,-3.68971563824634,0.317283828193823,-2.51612362793056,0.735368039700454,0.21716158176255,0.378817979777324,0.857809752003895,0.609539255169942,1.13302014191205,1.01026795535095,1.51831428759631,1.55363742449571,0.762004185351465,1.61176563377033,2.09328940625315,"Protein"
"PRKG11",-3.2438032926573,-0.823917073634574,-0.314089061102875,-0.162211767956434,-0.165327446039063,0.327539213995497,-0.170806582229394,-0.257129531984434,-0.0234912536609109,-0.539582852223068,-0.769248450647241,-0.562428583052673,-0.865201674233136,-1.33206229689202,-1.20017946861342,-1.26115811905867,-1.75697899664037,-1.46130042900098,-1.18022940525389,-1.92299970326116,-2.00862096121776,"Protein"
"COL18A11",0.921817720319563,1.25082900618429,1.17799844412968,0.272615766726489,0.0124134512554726,-0.285029217981961,-0.0140197078743505,-2.81496843471439,0.20787163601738,0.224600431176263,-0.0368964078680953,0.0294638109259964,0.307164160015695,0.391965822498431,0.449441425523478,0.580396744928528,0.547744609694625,0.487063233354796,0.34315872424872,0.701427560031519,0.657990249645682,"Protein"
"CKMT1A1",-0.836591641110548,-0.982299182647029,-1.0014667336037,-0.0501543541529337,0.00153233455018054,0.0486220196027567,0.423583032035918,0.616288982909179,0.648464067647065,0.947373072271493,1.25682469436331,1.13447022502016,1.59671207713794,1.58051308940049,1.75908269745214,1.89487401984757,2.14031585649641,2.13582273909301,2.19929531570635,2.45481707287874,2.36052003087061,"Protein"
"SLC25A241",-2.19792685884362,-2.36569947481185,-1.95691842909174,-0.0368298198093022,-0.0643273527107944,0.1011571725201,-0.139322775564363,0.0395903161744648,0.0569795600240788,-0.202268727276351,-0.171434307921917,-0.148477170132178,-0.243159765353727,-0.447669066332548,-0.370290375172356,-0.345083261178875,-0.238431800596683,-0.320395783265926,-0.498706418531125,-0.259436680567813,-0.327478058525099,"Protein"
"SH3KBP11",-1.62473737179017,-1.90262245060314,-1.61335955090914,-0.235436276281012,0.0927474511677477,0.142688825113266,0.346810585500853,0.615998466731435,0.703574926538204,0.437412804924753,0.737216289998164,0.90513235789671,0.459446228171961,0.900410543941318,0.845102204836726,0.792142643732594,0.835382882450455,0.78000461099659,0.876128921048496,0.777720673335581,0.831367749492228,"Protein"
"CD91",1.3808241237511,1.39986987436747,1.08058779247863,-0.0978037902524029,0.0976610967742602,0.000142693478142775,-0.106863178435827,-0.0295053832619736,-0.649990809763842,-0.0993231050798968,0.0573597484157595,-0.515946734804857,-0.968234399128061,-0.968183768122564,-1.51069483574066,-0.86547925517554,-0.926988823711763,-0.721748988251072,-0.51058110082182,-0.725282612393467,-0.567897819612618,"Protein"
"MID11",2.54676393936824,2.71601403169521,2.34579375243961,-1.57639263946769,0.67543905596019,0.900953583507501,0.176773189535888,-0.786427719023351,-0.605407647763871,-0.599121279925313,-0.458284218772626,-0.576951752042181,-2.08120312208495,-0.548222838226888,-1.09269341292786,-1.74825019590814,-1.19799361596232,0.773850529203912,-0.218634547428834,-1.31905385578621,-0.725549413470375,"Protein"
"TRIM671",-2.12477374373051,-4.23229993030737,-3.69775966643333,-0.168453539363099,-0.0264033717866461,0.194856911149746,0.509633231947197,0.625204364557872,0.538107509949944,0.731708555255379,0.988111318828592,0.85321258633047,0.987454662971855,1.16284806947105,1.10834426227346,1.18068309330522,1.19326875238103,1.29278533955894,1.44849573174088,1.0833155357477,1.45847085347344,"Protein"
"DLG11",-0.323476914528362,0.298083378412228,-0.148180635027243,-0.0775412578978187,-0.0153927942479637,0.0929340521457842,-0.0502503704716393,0.0180389092849413,0.0439334932697353,0.0183385739616089,-0.0317137719227976,-0.0630967044345372,0.0687655401608449,0.0631543611365064,0.0227277321003729,0.223600465013435,0.296659647922374,0.324019167789553,0.649237441150008,0.271364756720393,0.282364143315293,"Protein"
"DGKA1",0.135606454820444,0.142691109829837,0.108619055020242,-0.0766669237085651,0.0780384780778611,-0.00137155436929604,0.151326846704766,0.121387599459108,0.515005880460617,0.621025909972769,0.117286839389195,0.305127621142823,0.483816753192318,0.702031807764318,0.55262279779825,1.0138467878517,0.821410228919966,1.04064435681314,1.10935024673586,1.03968385208164,1.24997656492564,"Protein"
"MAPK81",-2.30853516062238,-2.28246009110159,-2.14033692804414,0.00581333890004032,-0.0805543902970101,0.0747410513969697,-0.086719208093939,-0.181748992578555,-0.0832997517992666,-0.132905851799876,-0.199130859818666,-0.498225918266506,-0.124356357625814,-0.500224577948231,-0.202416773756326,-0.276231196591297,-0.316200778266214,-0.479341103207815,-0.43277626191454,-0.300225935293753,-0.356426932473525,"Protein"
"PLCL11",-4.36158892266475,-3.41437981996476,-5.02718882744759,-0.0311998686649471,0.0116316152549558,0.0195682534099859,0.305131737137359,0.362522491740478,0.44152688569622,-0.0395836817213731,0.13666843445057,0.163716287657024,-0.240590838843461,-0.0898791273277357,-0.270902075969657,-0.413789114759259,-0.357273180625841,-0.226160268499816,-0.346815277395825,-0.502282919152831,-0.418492186002018,"Protein"
"PCDHA61",-1.14915429159254,-0.629631834453678,-1.62889009980609,-0.0345245742754319,-0.0536053030126116,0.0881298772880452,1.13616704987971,0.757844017248631,1.01360241200574,1.2538176032962,1.13779006846997,1.62125752212647,1.50868946630345,1.54040874684763,1.56688851916307,1.6938529498357,1.44590889501809,2.083008868827,2.1023160200879,1.71255181461605,2.1371318115787,"Protein"
"ELAVL41",-7.4981570158907,-2.91959193102612,-7.31674911095214,-0.0936170354578927,0.178989627255557,-0.0853725917976682,0.0202746056552918,0.166415205755843,-0.169488176212436,-0.74282036568027,-0.155902613069077,-0.348158268403946,-0.54545991745017,-0.385265851161147,-0.205899214761697,-0.824412421020813,-0.636830294326938,-0.801651389789814,-1.02599622270856,-0.632815959158851,-1.23718596119619,"Protein"
"STAT5A1",0.870690576423158,0.705339110956333,0.685678297798693,-1.25585653411231,1.48287342992625,-0.227016895813939,0.763540069234711,0.59013172863129,-0.488460771219334,1.26703596807474,-0.179054930156259,0.128589782359496,0.643699043699604,0.731440858200537,1.5972667177502,0.146087629571797,0.22407376554863,0.783493668375437,1.56717625269301,1.42874890606471,1.45395673416139,"Protein"
"NPR21",-3.0538202644916,-1.73839723647412,-1.85851692781826,0.0862534020810664,0.314309775939662,-0.400563178020729,-0.445111847136285,-1.00970593990188,-0.421819653868315,-0.388224267573751,-1.29808038687736,-1.05074531254275,-1.30132658729977,-1.24604200569407,-1.25762202880899,-1.17322359270733,-0.991906815807781,-1.32555131581397,-0.863565063336804,1.09125446016871,-1.14779363028963,"Protein"
"HNRNPAB1",0.0194801236423494,0.364323523390627,-0.230083766209535,-0.0404774530374219,0.240150022187418,-0.19967256915,-0.390939257014193,0.00365774720589584,-0.237060598825547,-0.849704762915263,-0.458193352162073,-0.807376542968594,-1.11899030556697,-0.659548584588503,-1.02827872005305,-1.19622107480189,-1.24799395395919,-1.60974212835568,-1.84564737104303,-1.67512897129177,-1.54463348720206,"Protein"
"GLO11",0.532091789016718,0.450106187612512,0.404986867425869,0.225647271371678,-0.0706141800084197,-0.155033091363258,-0.325699279819347,-0.31939220646273,-0.557009723674547,-0.13237973238828,-0.092437010281067,-0.528034923862336,0.0820242271168965,0.0831994738475217,-0.00903475737496251,0.183160112950738,0.486034729513001,0.118467077157653,0.317355404892524,0.530422456554199,0.247751688011824,"Protein"
"PAK21",-1.47670099085391,-1.48473095623584,-1.57547427653959,0.0725811576166855,-0.00713482585463154,-0.0654463317620504,0.198495054491186,0.169304216569078,0.151068931284197,-0.0686590347951714,0.0819799103921106,-0.0913640872898789,-0.116180103464476,-0.173288746020031,-0.303569292684063,-0.471618313754799,-0.482238813226861,-0.393492606012028,-0.371300301092457,-0.618412352828326,-0.583266852704643,"Protein"
"VAMP11",-1.40819291163266,-2.16401609717251,-2.39972137299019,-0.375890084755538,0.253742867073948,0.122147217681592,-0.105784620591178,0.181805647606575,0.407440495096195,0.782443396598742,0.912988361165175,1.09928112383899,0.974159842349815,0.902088353004752,1.11358044759679,1.55232804759724,1.25246191619569,1.59113826522498,1.55356671344125,1.47128805950037,1.69062334736229,"Protein"
"ASF1A1",0.881974079930375,0.57212771114972,0.739105293585135,-0.302069828178466,-0.0293950863651258,0.33146491454359,-0.0301509611057273,-0.376493526216079,0.470695939333906,0.0514056598762505,-0.352481646611375,-0.356514298905379,-0.892368642673523,-0.551141694459551,-1.44569385020744,-0.530440115353054,-0.710668647844361,0.330819990543205,-1.32887742746571,-1.5692767325896,-2.38134002618143,"Protein"
"CYTH21",-0.194768364947349,-0.236940072113542,-0.38473720381049,0.139579536350757,-0.0945161802011771,-0.0450633561495817,0.71240537082425,0.172281820949147,0.430659972937265,0.718839837078498,0.335961884135676,0.367095325090363,0.382017486663139,-0.0777222874191619,0.223165701842815,0.223247368863509,-0.315736592010259,0.332844725271899,0.697262400679932,-0.0911705481756488,0.107057041313793,"Protein"
"HNRNPK1",0.0937413601130466,0.208581165262185,0.0876073311598837,-0.0679818719060385,0.0921358264377936,-0.0241539545317515,-0.0939542792015651,0.0978068170303708,0.0873333008446231,-0.471945683493271,-0.134537237271648,-0.377178100018821,-0.530489585622046,-0.394006174624121,-0.678758991645335,-0.759172678224335,-0.85279028794498,-0.796100731338061,-1.259210513237,-1.06565591837414,-1.01418487900898,"Protein"
"HPCAL11",-2.41222545172667,-2.44073733497674,-3.70546956517877,0.0741518129686654,0.0425219880770911,-0.116673801045756,0.547389148334434,0.570004478262094,0.810100870010965,1.11398017824644,1.39654432219555,1.41088472560497,1.5435985071133,1.25515662449747,1.59894042052064,1.8592011105564,1.71754976161916,1.88389698758398,1.56245997462304,1.78679858376599,1.89606562959713,"Protein"
"LRRTM11",-0.340594415841107,-1.21021527252906,-0.687384946735031,-0.493682276677312,0.305744608429301,0.187937668248011,0.261546751359852,0.724997729413495,0.926249383940373,1.13271265016114,1.5409696358356,1.61128107391397,1.389327721504,1.3364475024026,1.66933595319988,0.693992064710905,1.45650210530915,1.25336962138441,1.09760787729704,1.29143854491658,0.971809392045362,"Protein"
"ARID3B1",0.689706832546548,0.733105467056021,0.612550916965496,0.0429299236659944,-0.058964548528591,0.0160346248625967,-0.465568481214431,-0.422442227742961,-0.610694618415367,-0.892962944409467,-0.999788481462394,-1.00095252327772,-1.12885792412466,-1.22761653141975,-1.40035913538439,-1.86471197243727,-1.66574031820934,-1.97494196492586,-1.69194324541812,-2.12216868723735,-2.14544065079132,"Protein"
"PRDM141",1.01487417662756,1.55510183888979,1.38271636800286,-0.486696520308847,-0.501451737533589,0.988148257842436,-1.3394966048617,-0.249022170943974,-1.68321920076612,-0.998045883105563,-0.395560717521338,-1.10271396310458,-1.82185818094742,-1.67737675785573,-0.010630799997184,-2.15924462958939,0.608497455697503,-1.35400895355327,0.115903107962662,-1.93799995990292,-1.82513827284813,"Protein"
"ABLIM31",-0.342524105398832,-1.02674418950779,-0.577983142803575,-0.160190201377358,0.590342882533422,-0.430152681156063,0.698598615233269,1.14454317524948,1.15735621287883,1.45210969522974,1.76390355564891,1.7838544375098,1.87776875510606,2.2050444994089,1.91048094043648,1.98233832331228,1.94178005547058,2.07016314764348,2.21262122915295,2.06891455375071,2.05646091752946,"Protein"
"MCRIP21",1.88080644503302,1.73807123633434,1.60952231384299,-0.0492404681083549,0.128749908019113,-0.0795094399107601,0.235427928247379,-0.649875623043666,0.254048195578507,0.730335342897105,0.789030176246969,0.816138350593038,0.790646803321781,0.00881262409600581,0.00022136310062848,-0.103535715154464,-0.242193943096691,0.866594136361986,-0.55060463063746,0.404454317712368,0.34885104100877,"Protein"
"VPS13D1",-0.689415036068509,-1.19775017781952,-0.679405992729246,-0.178617182774174,0.25235696757043,-0.0737397847962544,0.0292679047929258,-0.0291185513116492,-0.0311886401031867,0.13041154208449,0.223001082713852,0.206697949361237,0.274481104721984,0.628931104361902,0.505371712946596,0.656761997644216,0.659727496844594,0.48019560351405,0.862538837394874,0.710460848347063,0.753625908447662,"Protein"
"MYO101",0.545827902807062,0.52246005283099,0.448898615779751,0.631521824576609,0.901693711400274,-1.53321553597688,-1.05346696862133,0.442987822572881,-0.221930386181816,1.01697363002845,0.943027882034805,-1.13742987466012,0.37678979791211,0.71425977407478,0.254118693635231,0.925648935627624,0.947418823135166,-0.567991931811624,0.465265963286303,0.446179774360989,-0.654153246831523,"Protein"
"BDH11",0.192213808368905,0.217056344043556,0.286187387105155,-0.103732049845942,-0.272726151227033,0.376458201072975,0.262404647320079,-0.00702396824596718,0.452906391086071,0.971289013364579,1.1406196107218,0.460029576721375,1.66357727330904,1.56389051710534,1.90621448298852,2.13910063146196,2.26226295983729,2.12023280388157,2.45903005262848,2.71234953197125,2.76561136136963,"Protein"
"IGSF81",-0.632621355580616,-0.437529837391546,-0.42178244249221,-0.00106380812696827,-0.0731581545277145,0.0742219626546863,0.0938804293743196,-0.000307965540191191,0.134737999242969,0.252128660617782,0.253426789783273,0.0689737970466062,0.536879650888078,0.319075297518122,0.367335092208233,0.693338167867534,0.770086266694729,0.563720350530833,1.09909919685289,0.880705925969959,0.933096791159624,"Protein"
"PAK51",-1.53551643993942,0.37724474744603,-0.89365488312913,0.0492973840666355,0.130965581139913,-0.18026296520655,1.16354577858852,0.840685798048264,0.825541817726835,1.39669242484005,1.3671229850414,1.29069538182152,1.55102766545831,1.49667431235131,1.49992416296372,1.44320104005523,1.41952849179604,1.56908169972799,1.69037929277812,1.38381172741873,1.36177723063728,"Protein"
"RRM21",1.63764804004426,1.42050699758614,1.79993347944308,-0.0864212155778272,0.152916655748376,-0.0664954401705469,-0.68454624942798,-0.351946053278708,-2.86917077141865,-0.829928522749325,-2.29335453525392,-2.1977734033092,-0.566497883894074,-0.476549313161565,-0.803021097807482,-2.51348373360689,-0.612400146573231,-0.57984454888455,-3.10998575984579,-0.529638752182978,-1.08062879320645,"Protein"
"DOCK71",-1.69733871188436,-1.58641657976627,-1.58684183318335,0.0653318251796726,-0.091996563368351,0.0266647381886749,0.043700769001628,-0.060667658433875,0.080844720687562,-0.24944608791149,-0.143995598130754,-0.173774213195532,-0.282293325523387,-0.285793505447248,-0.408529172247025,-0.519811053992452,-0.448396353363666,-0.502993735388319,-0.398529491078339,-0.619582508428412,-0.56296289822696,"Protein"
"BUB11",2.5780318319742,2.77762602588557,2.70260263121924,0.528062818247156,0.357651519963069,-0.885714338210226,0.890667889975688,0.282369376888457,0.00953445832280231,2.55222500808135,0.285458679549951,0.316461203311615,1.98346422828808,1.92860523197345,1.95837413582653,0.550332437874227,2.25717885455006,0.0521005321313641,-0.130328652259699,0.955149501104195,2.95162210989377,"Protein"
"AK41",2.08906143470999,2.02581918408913,1.73953053135428,-0.0858206011590283,0.0249071524750377,0.0609134486839906,-0.50960180048404,-0.237924948926832,-0.079795177558637,0.351659829158748,0.46696601928376,0.445550858748526,0.481993411602311,0.52500000518306,0.815669095980773,0.893667561852027,1.1090731005463,1.17466858227254,0.740390943203259,1.33880761764428,1.25148540548609,"Protein"
"FHL21",3.06698099135319,3.25005074733832,3.36122848408847,-1.35201797042253,-0.107402273943517,1.45942024436605,2.39240875555733,2.33180313611166,1.84280521906452,0.0553027340473378,1.67563513967267,-0.318732375050386,-0.522512472758896,2.23756090927363,-1.13052789253367,-1.41064836532106,2.17528532177379,1.84634363355288,2.97531120417358,2.7559142652957,-0.966575359876392,"Protein"
"SEMA3E1",-0.19666473194833,-0.540359057563869,0.0723101586795316,-1.03308891954982,-0.137004390604446,1.17009331015426,0.856655466143605,1.34192701466214,-0.791812741085966,1.409389755061,0.921154858689496,1.849955115331,2.46998111044811,2.07043194312883,2.33938212974805,2.43413337849621,2.43809654989549,2.32322842947622,2.75442832412051,3.05782137186373,3.26843105307298,"Protein"
"SSBP31",-0.648595975631595,-0.377500018479919,-0.450740328426933,-0.0179687974200142,-0.088856931745358,0.106825729165369,-0.693277969569072,-0.347502384824429,-0.874368901016735,-0.693507330460085,-0.879106063901448,-1.10449614015617,-1.47654310932952,-1.34328756988082,-1.6120342131022,-1.59252964803344,-1.74104680359377,-2.17843497693054,-2.15932283550575,-2.05714253483385,-2.05105460972565,"Protein"
"KNTC11",0.242791040761077,0.175167957644611,0.282340135294479,1.13556455625687,-1.6453597251582,0.509795168901327,0.643106854601207,-1.80770430347037,-1.93273526794657,-1.15970519988455,0.753368035315802,0.707783870773628,-2.2731374245213,-1.25435775163833,0.481618559628423,1.15417244765071,0.993805910781074,-1.21496146155966,1.20163619928822,-1.03726408121294,-1.99322130691531,"Protein"
"VAT1L1",-1.67503697605508,-1.77742579982908,-1.55951916204704,-0.225407159385249,-0.000715548641665009,0.226122708026914,0.138474119922058,0.622685653607327,0.734943524474367,0.557843678041607,0.950747039615877,0.755541946746142,1.21259532331486,1.21987505206661,1.17220049379514,1.4232625661415,1.59450189600515,1.31942020520776,1.42053835998303,1.64434461927195,1.51324997195493,"Protein"
"ITSN21",-0.426322738111795,-0.128516273308588,-1.20372922591502,-0.60920014290275,-0.0211115211719548,0.630311664074704,0.622870726203228,0.788899821075525,1.11931258220586,0.929563177473003,-0.606581488409445,1.04077266449061,-0.547928802344693,1.18920808291237,0.653664214857194,1.34742827773435,0.935409627290383,1.26217742000062,1.68237131384424,1.19799715274362,1.44187664510094,"Protein"
"ACSL31",0.267886553058837,0.238906261963244,0.259607688558567,-0.00917843941702046,-0.0040960429848127,0.0132744824018332,0.110418083085833,0.218039714580833,0.309775084010305,0.430284150732597,0.731214809183108,0.626246459248648,0.767987215797724,0.885712149026602,0.901601801465667,0.79335715862512,0.814315738497143,0.981780088309392,0.992546769207792,1.1003719719542,1.18318549855534,"Protein"
"HDAC21",0.747114220680356,0.821642953174727,0.923126664705979,0.0243836927988674,-0.143313995315477,0.118930302516606,-0.186950479107299,-0.335438714892197,-0.190836405867078,-0.553460953019007,-0.421380034414875,-0.694236482134633,-0.671211276805435,-0.636612438961452,-0.604196229867389,-1.02282106229758,-1.01662396417308,-1.07472527611339,-1.1286702830507,-1.14036459718071,-1.06923007409946,"Protein"
"DTL1",1.8062655790396,1.84461078414401,1.89306116173966,0.115100704508514,0.216147448298157,-0.331248152806669,0.288384337275911,0.264550814190592,-1.23102483774895,-0.0784721797850221,-0.942947313205902,0.0798271694412787,-0.693339082773081,-0.585958897006096,-0.678030414072483,-0.783883831211606,-0.0575768254025082,-0.0501200388197827,-0.836611331182604,1.00018773396854,0.0587435491720711,"Protein"
"CSDE11",1.19099351474377,1.31807098365263,1.17726141553651,0.0686676683605079,-0.0632732879076592,-0.00539438045284513,0.257023301626067,0.111835842018888,0.194448809448499,0.138027982576961,0.275532740578033,0.317147560342679,0.263538643824813,0.232857449808368,0.109070676067891,-0.0802565343964012,-0.0225023262091888,0.13446519763939,0.100681944907276,-0.168150530952982,-0.121556844729444,"Protein"
"GOLM11",0.714968514638924,0.889783024797337,0.529637326627226,0.00522687131863186,0.0304172430958705,-0.0356441144145005,0.298191604481032,0.182615424802007,0.184022969434944,0.282022041227782,0.481241445704262,0.544265768740614,0.40139322601806,0.578182118946208,0.361162184107728,0.250649496796575,0.200183884302758,0.262929949208113,0.415354022516704,0.187508596647271,0.271490422393475,"Protein"
"NAPB1",-1.62525034863353,-2.31807752745414,-0.247336273211699,0.0511144339140106,-0.0467384756852827,-0.00437595822872971,0.174463592635119,0.0325388530524844,0.146994820104249,0.826124187844551,0.704845900721724,0.829371567194245,0.974610031933375,0.629335132140534,0.799382560688867,1.41221823192291,0.999864412922575,1.28226364434725,1.04340933883183,1.18318567799578,1.23141758188903,"Protein"
"HNRNPA11",-0.727165469980125,-0.508525498557592,-0.834325089747299,-0.0858384989005607,0.194156891741347,-0.108318392840783,-0.360719995295138,0.153060104582966,-0.102451511571243,-0.684572565731738,-0.225181311709928,-0.568014485819798,-0.944273796913908,-0.642227852972947,-0.807950294055114,-1.03841709336223,-1.09504624167895,-1.23319278221596,-1.87692453773807,-1.42876223300637,-1.35048988481427,"Protein"
"CYP4X11",-2.52408547282633,-2.74402555549987,-2.70695625188958,-0.00858347799008463,-0.478186304619085,0.486769782609167,0.775650633958813,0.850114174366935,0.776633539166214,0.991004985278787,1.03087996906571,1.00613843270631,1.32000673738481,1.25404997213448,1.51318521417996,1.60193610263107,1.44524547858532,1.40467492310748,1.52509609677909,1.82298449774983,1.78247076170422,"Protein"
"KIRREL21",-3.4548029519314,-3.56400292214985,-2.33189887058841,0.309413947572409,-0.0776380480189189,-0.23177589955349,-0.137102700358042,-1.10997283105095,-2.79713030891829,-1.06908927652993,-0.636094994218812,-3.08281266446021,-0.764837220495167,-1.29437629528824,-0.923443677033976,-2.01474193909616,-3.7731317205887,-0.604399854883603,-0.457115434330767,-0.544598568834708,-0.4593478851532,"Protein"
"PYGM1",-2.23016750962408,-2.67478814616269,-2.6558997130779,-0.0446851598718645,-0.0518480877537364,0.0965332476256009,0.111674732959933,-0.0638974856931611,-0.0385355941701597,0.0192381006676179,0.0336870897095771,-0.233649082116429,0.0903801679931391,-0.115993163136576,-0.292379514548546,-0.080593465009656,-0.089777520366642,-0.573384657960066,-0.200975473644853,-0.169011290011948,-0.400065746610814,"Protein"
"SENP11",0.546402729579972,0.681442541028035,0.604276773857366,-0.109336669250121,-0.0602848762321475,0.169621545482267,-0.672356713679475,-0.559583877397534,-0.556664195326173,-0.513562804714516,-1.00253330860644,-1.31165965831458,-1.60967239365717,-1.28939035724131,-1.0997169128592,-1.43537244226142,-1.78064847751006,-0.482197494209647,-1.87656091644169,-1.91397506312059,-2.35004566864635,"Protein"
"GALE1",-0.527010612716378,-0.639939834945228,-3.34299046961526,-0.102997541262287,0.057838096720328,0.0451594445419587,0.00755229903720789,-2.40193785715657,0.107291890436819,-0.0916853787407383,0.62405351270505,0.720427292062343,0.814006447838342,0.857305151856423,1.15280649753731,0.912059824002998,1.40724510781937,1.25169975814843,1.28966335777664,1.44070451090084,1.54467718323792,"Protein"
"TP53BP21",0.83813683002821,1.03502352083427,0.678128427893069,0.244785268106126,-0.145727031440925,-0.0990582366652024,0.0558442548754048,0.0243968075932397,-0.20407860471609,-0.157067623363497,0.0173436019294879,-0.0831192300860923,-0.458458052691666,-0.0108400942684614,-0.0656919914698459,-0.329051181080457,-2.26334050628462,-0.33879347777396,-0.119291325770677,0.0263894060822967,-0.206562375354993,"Protein"
"GRM21",-4.67495968745821,-5.13952128553891,-4.74929290033668,0.161255217288659,-0.0692783818381635,-0.0919768354504917,-0.0583858453951471,-0.507388231668347,-0.558239877074573,-0.693617134083164,-1.12788582883733,-1.14719821747295,-0.918998778596395,-1.2190711637524,-1.3049534933466,-1.01189004895619,-1.26316837675033,-1.40833022331727,-0.818279127925591,-1.31799373745132,-1.37878650079395,"Protein"
"ACAA21",-1.01532606717102,-0.870810831321052,-0.860520010333246,-0.136290205469003,-0.0120254452738138,0.148315650742816,-0.575351478911905,-0.447554573449963,-0.450030571110247,-1.24740430882416,-0.783436054856878,-1.04259793598462,-1.454249272482,-1.36370361595445,-1.30001721895621,-1.65845946571026,-1.60539207434805,-1.52889776698338,-1.88420303112825,-1.59145972828571,-1.56851758636974,"Protein"
"ODC11",-2.44804178158866,-1.70077813972238,-2.58655676725386,-0.00786266359953025,0.0502601639448965,-0.0423975003453645,-0.579923492797187,-0.752838760762286,-0.98241675447362,-1.22890255760481,-1.20672249454983,-1.38705341203338,-1.62993172385228,-1.8907476730632,-1.82605860078444,-4.11728012397456,-3.11662158157957,-2.02744671698465,-3.76340356704783,-3.45168992219777,-2.70167285931163,"Protein"
"GPC21",-6.20705737984163,-6.33129210119302,-5.77697243743667,-0.202363627823594,0.178281834185441,0.0240817936381532,0.0846057614750322,0.770948554842221,0.761304024354658,0.289171186922133,0.912828511042015,0.274972695478326,0.128623911654465,0.169138354747091,0.294240270751516,0.0470195684458545,-0.264734351444979,-0.0665127184398102,-0.628091746401751,0.0136507281470699,-0.552764463799697,"Protein"
"OPTN1",-2.32232536479429,-3.18581094601567,-2.78647354621799,-0.121089655820455,0.094835838575964,0.0262538172444913,-0.120903231875335,0.0369806247486757,0.0405900931177854,0.15443330434163,0.207957528140092,0.34680525975347,0.391749465027427,0.449079912757576,0.447040376809387,0.429718803639467,0.445622439036534,0.552400633538539,0.621419530112611,0.51047491693998,0.54668043890447,"Protein"
"TMEM176B1",-2.56257907758151,-2.30240022809933,-2.06523127001595,-0.360404342776841,-0.136325326768516,0.496729669545354,0.233067243753949,0.408107477966047,1.0249322117913,0.852155438489019,1.15753236595534,1.55802133105053,1.45946611514537,1.56856363017976,1.93154994486918,1.6586971012014,1.79326702153189,1.89444652215304,1.91728502613767,2.16128208957962,2.49619424981746,"Protein"
"CNN31",0.133674343929069,0.449330264380354,0.327145384879511,0.0919777212842341,-0.106592028342813,0.0146143070585829,-0.130661634936576,-0.149437840114349,-0.408053790011774,-0.562315052408461,-0.353126103822436,-0.572235298025728,-0.729100927509503,-0.743442250849032,-0.612224176626977,-0.973153098698763,-1.04074837671671,-1.12769162264132,-1.05484477587142,-1.21014891816466,-1.21721065940194,"Protein"
"STXBP51",0.179231038694031,0.41381183244475,-0.121722189939295,0.181275130087005,-0.003425216297682,-0.177849913789323,0.863217814427387,0.706753481518863,0.867708897444643,0.999457122732178,1.08380132342284,1.12733942797266,1.39669120172102,1.42331537036225,1.25965271655188,1.43367820308842,1.42717352266266,1.52686751727278,1.75259260627596,1.72917246382324,1.53378839235626,"Protein"
"MSI21",-0.539338565378957,-0.483183079469383,-0.640086732128543,0.114466462816127,0.00344386817737607,-0.117910330993505,-0.569911087949089,-0.661361182997693,-0.49636219699004,-0.846182859668433,-0.775512742849701,-1.05333032548923,-1.14576210854569,-1.04417673494508,-1.13489421908435,-1.29506480477496,-1.37581684141693,-1.61084671957206,-1.29577223705525,-1.3019968919885,-1.36218651521194,"Protein"
"DCK1",1.28548478203541,1.08933895224054,1.28825940247202,0.197025685848564,-0.180777028466389,-0.0162486573821763,0.0341971509354071,-0.163729370433751,-0.232662147375857,0.27984415136345,-0.460401374687697,0.297712863463081,0.520463191530508,0.107189199157554,0.149255201066731,0.470668542820347,0.521300452490822,0.489989917546522,0.414892407769537,0.717524255078542,0.732503725508719,"Protein"
"PTPRG1",-1.27259744218017,-1.25841680606163,-1.20170103520808,0.0390882569998805,0.0238139693217594,-0.0629022263216381,0.342560422916831,0.508121040336841,0.523350258480805,0.355879634677899,0.422829501441781,0.321672450040184,0.367588590195412,0.275324205273906,0.365515917228164,0.29727964743706,0.172842468982383,0.316161145032099,0.341722700029068,0.198620656178042,0.166433658086886,"Protein"
"FAM8A11",-0.4876910664688,-2.00160705302666,-0.513703880858818,0.0863262066174766,0.0643513645970319,-0.150677571214507,0.650424677277,0.19680679532742,0.30272268513186,0.617456731207652,0.701789773416644,0.923564132416098,0.565307738197435,0.992196505856485,1.05938146887314,0.687982816038923,1.12369283355583,1.00809167007737,1.18715869397152,1.36346414892909,1.43091831570743,"Protein"
"CLDN61",1.98724407347877,1.79430393589658,1.7456933890388,0.111256265851676,0.0355026486776815,-0.146758914529354,0.00583482291039772,-0.028118003447748,0.258204529625541,0.0685998311980676,0.153079643735385,0.304712466184622,0.0244142166605279,-0.0602394687343271,0.0220542547742433,0.0741750678390822,-0.0833739811136134,0.458448723987875,0.286407079150568,-0.248901656345783,-0.260032854028669,"Protein"
"GPM6B1",-3.14705209357643,-2.7551229208454,-3.15913853021047,0.113076349696616,-0.00174919295368525,-0.111327156742927,0.0667318733311326,-0.00731490124358558,0.0779103162295378,0.0036950752438436,-0.0719096928838745,0.00605465034976405,0.0306304509556874,-0.188234160490371,-0.186772674967759,0.022841532839454,-0.219722718470745,0.0918902761647651,0.273904221474037,-0.0345851095277574,0.114793316787964,"Protein"
"ABCB11",0.0729965793492937,-0.858277983999212,0.719800856581957,-1.8714430649352,1.35087329179009,0.520569773145111,1.35075475231451,2.24482730695567,-1.56391906608093,1.9989204467108,1.44782173810615,1.68154543215095,-0.0817904874978836,2.4427406060367,2.30719608017677,2.16241220218765,2.55482781771109,2.6539350228147,2.71104461564535,2.83152393536266,2.77262352384101,"Protein"
"LRP1B1",0.845972186147565,1.52210578741432,-0.211065598478106,-1.0074680446462,0.627097552980471,0.380370491665731,1.09021029446272,1.08158438640165,1.39616990772942,1.06640449108203,1.03681664501685,1.64710668424255,0.911637620381127,1.33782107055037,1.3881822126403,1.40315940795264,1.33680093322795,1.55281044299536,1.41174495144144,1.35838169676193,1.47079347311,"Protein"
"TMEM1691",-4.21089902904453,-4.20030545308382,-3.64924241295348,-0.143107469323791,0.106538079242945,0.0365693900808459,-0.506269966537971,-0.474809780216745,-0.522906149993211,-0.33408522070339,-0.357201663273212,-0.479537567356981,-0.51097918057129,-0.649101947916368,-0.240821899827182,-0.641294774213829,-0.596724926321624,-0.748393555663714,-0.632060031703269,-0.521748958886562,-0.734245793549178,"Protein"
"KDM1A1",0.313700647502102,0.390046719833109,0.47616270279719,0.0891145028080089,-0.167578615938211,0.0784641131302024,-0.199605904710197,-0.30380474449599,-0.165609599367272,-0.635584855857664,-0.586401385794771,-0.623726116807534,-0.89244392564065,-0.813875237150127,-0.883065343929362,-1.06224859707081,-0.992220302324244,-1.18160168013854,-1.12342609707902,-1.24435959438164,-1.13701105333873,"Protein"
"ADPRHL11",-2.59236035041031,-2.15472171938622,-2.04134720310036,0.432249729337244,-0.743122588307624,0.310872858970381,-0.356642678465565,-2.44816184247926,-0.847229997011439,-0.905967988505406,-2.64366322441223,-2.855703165495,-1.96466830589583,-2.61692611114789,-2.05057488860812,-2.98753552951383,-2.34667751101953,-1.94147876626472,-2.62810446441127,-2.67817265785414,-1.78191106836379,"Protein"
"GJA11",2.80858079775702,2.83204966401717,3.00630999101404,0.0576163264948395,0.382624357088501,-0.440240683583339,-0.0227306638930092,-0.29911381736367,-0.0341638463954244,-0.180448761695919,-0.918634192899161,-0.484210425725967,-1.40041857917957,-1.12195848870526,-0.891223998652743,-0.439623995961115,-1.18353816219371,-0.931147204029468,-0.687729739610434,-0.470675254185416,-0.668368336072207,"Protein"
"RANGAP11",1.21277094362271,1.12019853847908,1.15839324175358,0.0561668895290719,-0.0144236111367135,-0.0417432783923566,-0.154926971687924,-0.122958438192558,-0.130924844930131,-0.143404667504285,-0.265356175521703,-0.160478087217175,0.0891261275648443,-0.0759910989729953,-0.0447712122663617,-0.140448948005339,-0.042543324168772,-0.276452607360977,-0.250323420526026,-0.215008743417773,-0.28010291929241,"Protein"
"SLC25A121",-2.05058036208462,-1.86464969434403,-2.19253854675317,-0.0513145438498359,0.0799602954990615,-0.0286457516492238,0.856127198619838,0.85991047276859,1.01179607946263,1.30850744859148,1.50803361110017,1.3993961246899,1.82219496264978,1.87461239602161,1.81079882454485,2.09689862412192,2.17935252197545,2.19233570718255,2.40883942140281,2.45118446589856,2.49779043648876,"Protein"
"NONO1",0.101081640221143,0.168696494322642,0.1995471407342,-0.0360437901654258,-0.074687156285929,0.110730946451351,-0.038142342121116,-0.0791676360990188,-0.00848959649075098,-0.553251997468653,-0.283535504518309,-0.414684629417511,-0.641469313087786,-0.594978696604986,-0.557705023545726,-1.04036863009794,-1.05234184222379,-1.04399277411563,-1.38053402652522,-1.17413631861367,-1.22509373728085,"Protein"
"SHPRH1",1.45550936012879,1.36912993263411,1.40394382208706,0.0382466300311659,0.21659542227926,-0.254842052310426,0.910971540128362,0.30207817607371,0.629039457241117,1.06872466598767,-0.357120333727911,0.811063478288089,-0.392054858268223,0.554548274448068,-0.394995059030816,0.0106977006484232,-0.262452806615117,0.619420895195685,0.326864170410106,0.318809325198774,0.602381470750208,"Protein"
"SEMA4F1",-0.302453972987152,0.0950804238741263,-1.02924588946939,-0.169352089891202,-0.126419553281888,0.29577164317309,-0.989413681168074,0.382437320672231,0.672774874610855,-0.239095221703005,1.02202776733086,1.06040716663052,0.439370408288745,0.581157328023398,0.731285882992772,0.798459449973333,-0.923413073435,0.939379613475825,1.0200775645464,0.789027310659097,0.697392148365807,"Protein"
"TUB1",-0.864767375326407,-0.942709431656445,-1.20307436161056,-0.380257265232304,0.211894299667572,0.168362965564734,0.636821134533589,0.665412442910656,0.269382201695558,0.380463332388731,0.375766196423266,0.609957825476473,0.538418323564544,0.642531565009131,0.498499252428809,0.694778652863194,0.121472350183923,0.501798183973653,0.998316607634532,0.574063305727703,0.713358648602759,"Protein"
"HOOK11",1.37717070787057,1.50853069516408,1.23643508136376,-0.104607612016363,0.0588257301865163,0.0457818818298463,0.110429517292825,0.488644925603808,0.0364907020994565,0.731150808554112,0.54295835999379,0.635657840569984,0.589035668317518,0.763408472979755,0.978039531009504,0.950539059035911,0.988997338868312,0.953552671717599,0.862047544867053,0.763611113424194,1.01238722455066,"Protein"
"ZNF931",1.57760572971985,1.62933749438731,1.3761567378794,-0.550528772009486,0.569318378383283,-0.0187896063737991,0.544007581715304,0.599138143218727,0.227754888914014,1.71698339066505,0.206288904104039,0.766018108739253,-0.0498065966380814,0.329495618698553,0.294559503275551,0.82853735391066,0.741629622628112,1.32297154471673,0.977087563307288,0.493298714480877,1.03050933703314,"Protein"
"ATP13A21",-0.700059543592271,-0.664639444952822,-0.387941191817369,-0.0846380193218401,0.18661492175853,-0.101976902436689,0.326178301550819,0.421963659581614,0.389382411718792,0.47226955614093,0.601310533296317,0.668211692302155,0.742504993734833,0.857816414009793,0.574619208548409,0.822794384072061,1.06359921477662,0.980965280478966,1.1226144924927,0.904257280381074,0.93783600085715,"Protein"
"EIF4EBP11",0.762523034443078,0.934017999810845,0.414297208155528,-0.108823753779799,0.659926639651882,-0.551102885872083,-0.434036876680167,-0.578624737036751,-1.18498030144995,-0.968297542358606,-0.978592524427899,-1.68256318429088,-2.54707423167314,-1.63523449572276,-2.66155191897307,-1.16767747541498,-1.43824127152554,-1.77809770096519,-1.52704079839161,-0.900206000765316,-2.89449881621778,"Protein"
"SERPINB31",5.26617785422004,-0.754828332708197,0.881097522539902,-0.763133933277006,-0.698228412508167,1.46136234578517,-0.0860314992094136,1.27214252806544,0.785961136946129,-0.588705233111904,4.56492332287143,-0.788221565556773,-1.28083504536104,0.621325103672758,2.04759107711186,0.195546991056096,3.23239432918722,-0.655730227001429,-0.82130780007895,-0.776392779743125,-0.329740405552743,"Protein"
"DGLUCY1",-0.973827071128827,-0.665680910518805,-1.1004465139493,-0.101275342815793,0.12587487662346,-0.0245995338076668,0.414509553976206,0.598968489894411,0.783000166691899,0.864690265950497,1.02063055578087,1.04003440448353,1.15984773561345,1.28240889730022,1.52151963616254,1.54309556611617,1.5807815182846,1.96493053072041,1.73515710912181,2.17800114338517,2.33483493725818,"Protein"
"FAM234B1",-1.33764338621154,-1.09095264170634,-1.36283214394502,-0.206836588072781,0.0924551002230896,0.114381487849689,0.381688987153359,0.408164787465521,0.657930241164431,0.287981188426135,0.569491095675273,0.544591260244308,0.331477403462396,0.610293402924226,0.403691900176034,0.581127540594968,0.444874975247897,0.50671066022162,0.695248368406885,0.50619339485136,0.627460742954947,"Protein"
"AIF1L1",3.47507498676992,3.28446753591642,3.32293217808005,-0.809243217179942,0.440990276657088,0.368252940522856,0.378017359477196,0.696385250234039,-0.248387629743227,1.32241119865492,0.221369710964426,0.336122490212784,0.433813604511856,0.583188152281167,0.824919770713525,-0.224646403245799,-0.208387054120601,0.636692963834113,0.795363563987934,0.368808593052949,3.17550874290602,"Protein"
"DNASE21",0.286165970541028,0.620053093220648,0.328669945704625,0.266576479113425,0.0782102702958944,-0.34478674940932,-0.0715477915522023,-0.454577976645712,-0.347502724828711,-0.159030242841904,-0.61547106728467,-0.69693211333237,-0.838989327624123,-0.881313985756442,-1.21639936706049,-0.82566068769739,-1.27077967029202,-1.07988821163411,-0.755804138360048,-0.559317559572499,-1.1168432890686,"Protein"
"PIP4P21",-2.62915889404423,-2.28799583787682,-2.54253486237002,-0.0302409835579134,0.0710873696629442,-0.0408463861050343,0.428372508794904,0.616260706057407,0.597024293410119,0.301252278005204,0.753482144481087,0.559382337178807,0.0724818158498159,0.347655219228326,0.295066061749939,-0.167188817497102,-0.0937283878264417,0.0323978642834497,-0.265320018956547,-0.232086132982534,-0.363050111882156,"Protein"
"RALGAPA11",-1.31944603283538,-1.19644345851345,-1.53638579245026,-0.0126136836612503,-0.0121423440588302,0.0247560277200805,0.556551424939457,0.471259145097601,0.495997508241725,0.476356579010005,0.425157195342059,0.629521036263245,0.471396838961081,0.59426189590717,0.511521698278187,0.429584910987234,0.53511144867992,0.486375584288098,0.628456623311518,0.421540476945417,0.454726476064021,"Protein"
"KCTD161",-1.43345421231759,-0.342044187503575,-2.15685191467037,0.0682185816311645,-0.103934837581125,0.0357162559499606,0.545681045660192,0.199289998790459,0.344488112808357,0.206764276935417,0.462360882606632,0.284485429988123,0.232891906715302,0.414482214428631,0.268075163047435,0.308914109437563,-0.0184273773259562,-0.0298951719022327,0.00112446819220935,0.109379664648614,-0.0102083299927251,"Protein"
"HSDL21",0.396761913285543,0.0687057591772646,0.821309650298845,0.117609681230165,0.140133312444357,-0.257742993674521,-0.376446325754857,-0.47477010211241,-0.0635749046215093,0.500782813550297,0.155261420245724,0.312010389666936,0.722937502612263,0.879546250162266,0.85212799434523,1.2621866844037,1.26391825906173,1.26241657444614,1.64235380080981,1.7425233460785,1.80123554651174,"Protein"
"XRN21",1.04665965570078,1.12874735423071,1.18170011687978,-0.00339910035860846,0.045371816538557,-0.0419727161799468,-0.0869711719180071,-0.118541485445293,-0.00422691974850942,-0.430410556676874,-0.384856176888244,-0.37304616971233,-0.802073562213858,-0.732961258536845,-0.642568016472497,-0.938071134864616,-0.958343008319604,-0.908204834519841,-1.3504146706131,-1.19601764855227,-1.10001166148227,"Protein"
"CCDC88C1",-0.35356632299988,-0.568193736148286,-0.75900767110817,0.00988123857623258,-0.182296961059896,0.172415722483661,-0.124473679463572,-0.155034668152952,-0.154625543356003,-0.711291423754536,-0.483063903622986,-0.502803837803322,-0.682595127877258,-0.789098629020502,-1.31828175111001,-0.772111748902089,-1.4127056791974,-0.743809702189795,-2.65443604443617,-1.05794201598715,-1.45673490276048,"Protein"
"LAMA11",3.81406510628269,4.08910658890171,4.23574181479499,-1.2305566371194,0.736874402071258,0.493682235048137,0.674818383219581,-0.30789603021271,0.992655335517433,1.0869217660341,0.720163673479234,0.97771786637195,0.641635211842679,0.588648004970164,1.04789060704333,-0.517919658417807,-0.131023658995304,0.548285580309187,0.564805415145894,0.672667632284487,0.896505896226682,"Protein"
"MSI11",-0.699340281698753,-0.58662638890446,-0.480966139975106,-0.0573471572693407,-0.0855867176417568,0.142933874911098,-0.82393927692361,-0.608003066251403,-0.652351898642021,-1.03608892777664,-1.08956661521321,-1.15674451110934,-1.43993452823206,-1.41826709907152,-1.21421385623385,-1.41145265651188,-1.97408498545521,-1.47999364350479,-1.58734489676545,-1.46241201500743,-1.56694314469991,"Protein"
"FRRS1L1",0.00416171722038605,-1.1026092360035,-0.808954849444016,-0.1058619095597,-0.642928366146123,0.748790275705822,0.834275475724127,0.905964003539417,0.834032836559018,1.14063844665478,1.34649099894307,0.96507719472071,0.813071942256922,1.12065654163538,1.24399760306632,0.780533200589879,1.13856346055715,0.763225065403347,1.17614117177827,1.26927016915768,0.532745691534981,"Protein"
"ANXA51",-0.624331733260245,-1.06972202693659,-0.562016940270492,0.035253847912518,-0.0992629124188973,0.0640090645063829,-0.761018193973481,-0.629881625635907,-0.537864516510314,-0.800799918685524,-0.94871044392659,-0.951423043284034,-1.24312695718591,-1.61913015036246,-1.27009986444009,-1.26219144536606,-1.56076638914853,-1.62565320783683,-2.11958498858754,-1.72076845566245,-2.01732540233254,"Protein"
"VIM1",-0.106550773116201,-0.0297882645303851,0.340285673592813,-0.0414769600399687,-0.0869382218470101,0.128415181886982,0.350212598432133,0.383859132252422,0.411613350384645,0.228794779674889,0.466205049088575,0.362001217310361,0.306703921816119,0.328096176150002,0.211502311022553,0.0977177852254805,0.0494801636156161,0.0898493483518301,-0.0149659873218901,-0.151218899179074,-0.233274710463927,"Protein"
"ASS11",-2.03091916085867,-2.3302213527592,-1.45188322956523,-0.304230244698978,0.0582247780540186,0.246005466644959,-1.20256790826397,-0.792848645641762,-0.672360858585094,-2.08952285074371,-1.62980106901592,-1.78798429868548,-2.20037389181294,-2.24763687100751,-2.43521543360006,-2.16031509223399,-2.06825856830412,-2.73623862089153,-1.56032610699245,-1.84818399458089,-2.3546601818455,"Protein"
"SCP21",0.825889538813584,0.689648505720022,0.960369813851266,0.0938833813788644,-0.258527140016339,0.164643758637473,0.0382518782383539,-0.122176958922489,-0.149502886378988,0.470983809484617,0.647212125687167,-0.00916000083309676,1.17688893769939,0.867206226866067,0.973527151279171,1.23368729805073,1.47992601776564,0.861379136499416,1.20006996198088,1.57541131492376,1.42499621822218,"Protein"
"EBF31",-2.24479899817567,-3.24572113983324,-1.85010382351948,0.0407485958932128,-0.105123425675188,0.0643748297819755,-0.310664656249335,-0.458943293260296,-0.342639005483813,-0.6834708567407,-1.03936813941027,-0.929631598372657,-1.17292767410993,-1.4381748310551,-1.84384434197853,-1.23114751457342,-2.12468461191325,-1.58542583677439,-1.52650677892144,-2.26617052190972,-1.87049566364694,"Protein"
"NBEA1",-1.58853301398453,-1.53931637788791,-1.34883403519562,0.0231127099817066,-0.0214506659461513,-0.00166204403555881,0.385035917861291,0.352180927686572,0.395896010460003,0.338526435546864,0.548878926438302,0.449717911981107,0.874560386753632,0.864845884201866,1.01369255615471,1.0225378678204,1.13029589094663,1.28942056860864,1.4359743960854,1.45587633987317,1.53323257166263,"Protein"
"PRPH1",-5.69425381892309,-3.28290251476472,-1.83501238124114,-0.0945273179029904,-0.0229889816742066,0.117516299577201,0.743391706593744,0.958968779683548,1.07114032775256,1.08569892943836,1.38444052533724,1.56603106240529,1.54396997748442,1.62926352256406,1.80970541898828,1.80945546296236,1.81650824656619,2.13777578496043,2.1794759355808,2.13954890695908,2.17127013722992,"Protein"
"PRKAR1A1",-0.679022470787041,-0.37540903575246,-0.431755675844022,-0.190783215880606,-0.0245008786211898,0.215284094501797,-0.00455119944470539,0.00269761721805395,0.0911966521263494,0.352681669656128,0.870815174697647,0.570765943683277,0.951207582380334,0.733782840166192,0.856067029697165,0.812624568781246,0.97413108981663,1.3260385724198,1.16673695465011,1.09982416601796,1.51815850863012,"Protein"
"SPIRE11",-0.687232039684503,-0.670981234771219,-0.895408220303093,0.421100549716684,-0.197488925135088,-0.223611624581597,0.243850596953592,-7.96296841194533e-05,-0.15716604105025,0.799269643663084,0.660718361031321,0.498587546253468,0.901270964823638,0.990226300993736,0.931603048035633,0.754801870015971,0.667142556163103,0.827541779678139,0.828286921973589,0.94109009805052,1.06421423383868,"Protein"
"SUSD21",-4.34805680228699,-4.82404833853826,-4.52811541749753,-0.0643384070523929,0.0873250873313047,-0.0229866802789154,-0.522387878861505,-0.354087133732694,-0.709921103767069,-1.03188873026078,-0.584765250375607,-1.09181239121327,-1.38932369146585,-1.10459250013551,-1.6600639691319,-1.46544427145284,-1.36606789819038,-1.9130744440927,-1.93403808532313,-1.696449789548,-2.2781041153765,"Protein"
"BCAM1",1.48953582327324,1.55777772844423,1.47141199813873,0.0499563944007164,-0.281759208842221,0.231802814441505,0.545351800980999,0.188261167805106,0.947793181999263,1.07730311044274,1.03206773215292,1.42288896502662,1.56135216140839,1.39261464345476,1.68762941898473,1.85574782151044,1.80151123759338,2.15969403566035,2.4801569283709,2.16973858084958,2.51151220855836,"Protein"
"TEAD41",1.90572262155555,1.88817181879932,2.01156994092837,-0.820371178466671,0.409059703987232,0.411311474479438,0.231223809172299,0.1666438631679,0.334112614944409,0.170410585054725,-0.598885500984295,0.164324930219424,0.596521213065474,0.763938910171351,-0.520502295471699,-0.486818877899957,0.637412562442753,-0.510851776489122,-0.0886779895685326,-0.571943910194252,-0.072581765300086,"Protein"
"GID81",0.327823816346877,0.151530810531915,0.0264342332659933,0.277985673606802,-0.0582218798482739,-0.219763793758526,-0.424734308580687,-0.235857668342577,-0.516980572739305,0.0314818787245184,-0.117347663965537,-0.441936336127407,-0.12617287413933,-0.223883277552568,-0.338666336089185,-0.499560768693707,0.0321687942841518,0.0501245639439976,-0.491785167602091,-0.108273365396881,-0.262068194804803,"Protein"
"CELSR31",-2.83213462944389,-2.15733888116307,-2.09783842452775,0.195958212333601,0.0231367706389669,-0.219094982972567,0.396048683849969,-0.111869839140279,-0.041493336165999,0.0624135969689554,-0.0420821381861032,0.0460490628648103,-0.126981893933475,-0.233448811801832,-0.332434948913416,-0.283399087624868,-0.297643446847033,-0.112572234753145,0.0581500757043081,-0.369323638740276,-0.340324050492654,"Protein"
"AFAP11",-4.61255820082153,-4.15506606070278,-4.47354810381674,0.0458036565788795,-0.105627503032419,0.0598238464535363,0.20859297219253,-0.280499589556737,-0.136814052424018,-0.273577544505368,-0.381629008634004,-0.107644344866234,-0.321352281428982,-0.256950692359442,-0.67423273212488,-0.638305839469043,-0.554482372772176,-0.801635171709661,-0.801439720715477,-0.841477804196421,-0.77208423681005,"Protein"
"SYAP11",0.552071741682148,0.618511412297448,0.47821246367824,0.112313769145132,0.0361757823644631,-0.148489551509595,0.20847013310901,0.226966282506453,0.179951326664575,0.56244349530607,0.448110443562893,0.478745642314536,0.954871313210038,0.785421189017484,0.775833083893914,1.03060829449063,1.0244986946188,1.09984274983749,1.08900411793847,1.24608308304295,1.3070590961764,"Protein"
"DNPEP1",1.39193491041665,1.40666032471037,1.22845663217604,-0.0416960157491459,0.140866280895693,-0.0991702651465474,0.229582911831169,0.128738045725481,0.208267930417392,0.579304797294196,0.525040312559494,0.267371932367517,0.749134102598255,0.622448464377051,0.731068435555329,0.723482467990763,0.656980740707173,0.865061135887952,1.1602041992376,0.971854735690663,0.983154885280737,"Protein"
"CBLB1",-0.505417986246705,-0.340985169264464,-0.556594389570224,0.138132782157882,-0.0716118636213565,-0.0665209185365256,-0.279795457601352,-0.338903794967507,-0.360015091664003,-0.488312214686921,-0.434053707266465,-0.319100769323796,-0.233688971667654,-0.276850043383945,-0.277963761904118,-0.317727412658492,-0.252545853613171,-0.399175826009333,-0.472206496967033,-0.327545513637595,-0.548273833721867,"Protein"
"PSME11",0.373385148072369,0.226627537742861,0.239389855528461,0.143558868610203,-0.045203834664445,-0.0983550339457544,-0.337547765130655,-0.163375254310555,-0.388165207396273,-0.149213171916362,-0.182820980440791,-0.209757929659698,-0.199170586109236,-0.155574042169246,-0.296854677910876,0.102836282348928,-0.274016834590373,0.154936689937802,0.0744644595842878,0.0318137824009987,0.248023119092448,"Protein"
"PAG11",-0.76242583335269,-0.0670409811909369,-0.591549185078323,-1.47111504224165,0.538279265200581,0.932835777041065,1.83577920911659,1.85250659189118,1.76215129602826,2.36313341388805,2.21090204091919,2.34101172406831,3.01001415458465,2.81312966994752,2.7064696242094,3.07109798525549,2.94660884175481,3.09550733352009,3.30344194816223,3.00991195315713,3.07018007404716,"Protein"
"SEC61A21",0.761907901455714,0.585829864008467,0.474176525121138,0.396832134754042,-0.17686906053002,-0.219963074224022,-0.0236016816333553,-0.210337616876359,-0.438160783578855,0.253322325024449,0.513984567034214,-0.0389296923175415,0.290933772264125,0.421261809387239,0.564531277060148,-0.239792258194637,0.343197983040763,0.406658438681028,0.398501930980171,0.458038596001938,0.319514730693612,"Protein"
"CA141",0.332433503046174,0.475809528199475,0.246049671187741,0.10324818086405,0.320235282728971,-0.423483463593023,-0.414503503220654,0.09025374611846,-0.567269598511803,-0.61527541289033,-0.484704221500191,-1.35306010507527,-0.787372273277864,-3.37098964403753,-0.393178896475476,-1.21069290470232,-1.14518704679202,-4.61444098375246,-1.34050269871544,-3.50099808071019,-5.63257689080463,"Protein"
"SULF21",-2.92878390385468,-2.61365218922179,-2.75910042429973,-0.195107971574572,0.194758457738939,0.00034951383563353,-0.287238725424206,-0.165446887770667,-0.111537869179177,-0.759558721519554,-0.541299797132627,-0.821274350941664,-0.804868895237469,-0.721319138187571,-0.957600040643133,-0.861609123736258,-0.982392848337618,-1.09453819015644,-0.846241895943972,-1.08822978441613,-0.942845439303756,"Protein"
"IVNS1ABP1",1.72486655308801,1.73784832958709,1.44313903913681,0.210279138492895,0.0712614396674507,-0.281540578160348,0.290440529203961,0.251727349699769,0.33027656461695,0.229116882804631,-0.29574027224468,-0.152264832401512,-0.541360411756331,0.0144601797059867,-0.440044450441567,-0.0794707452415171,-0.722054426913884,-0.369387644183996,-0.362725400340958,-1.85260931639507,-0.66235264748425,"Protein"
"TGIF11",-0.304458185106144,-0.910103663604067,-0.986183302877228,-0.0502408192421786,0.0711847228896385,-0.0209439036474617,0.155859185724539,0.0210683127273246,0.260606652972017,-0.031514248978004,0.120964342663596,0.314938404977942,-0.00741539150836523,0.414751364492441,-0.180613552541109,0.501342072250763,0.481657424323872,0.211534012997726,0.839311725774669,0.733009948921408,0.574595073874553,"Protein"
"NCBP31",-0.51220511498334,-0.300942868369832,-0.332978651517335,-0.174134570132802,0.176503990149874,-0.00236942001707341,-0.310504792969793,-0.143936363011845,-0.208893264467049,-0.733047203039321,-0.55700298507354,-0.566246262439526,-1.26603101573247,-1.09259662740957,-1.20786844477069,-1.17548706704075,-0.979663887537315,-1.0155790739819,-2.01921606045628,-1.9335787881343,-2.29623501911252,"Protein"
"PHC21",-0.983718233723517,-1.91504209376337,-0.942923616472077,0.134177162628257,-0.0414792372284492,-0.0926979253998059,-0.411060212961656,-2.55714716633351,-0.714323549586426,-0.601812492715103,-0.477111873222862,-1.21691194179425,-1.17315284616576,-0.63475589010663,-1.9219251075736,-1.1509195119825,-1.68791310496958,-0.990291696060101,-0.971340686720099,-2.52266947116334,-1.27215179379109,"Protein"
"TMX41",-2.33459000820836,-2.04513392674474,-2.15551503161502,-0.0593397995641638,0.0306990719204379,0.0286407276437259,0.67449035206598,0.824376438559774,0.61637958318731,1.1893113615259,1.39487491132214,1.03969531712063,1.27614587366006,1.45321471911764,1.36796923281683,1.44084980076052,1.73328763542661,1.51008753880016,1.45041216752538,1.90651826792255,1.74418512225976,"Protein"
"MADD1",-1.61113868028305,-1.17796565457547,-2.16011085714586,0.0516430845518894,-0.128787356855126,0.0771442723032383,0.96980201088479,0.766862612584651,0.859896323506073,0.98025853182393,0.878835815391222,1.14495042570013,1.34206178588266,1.16803800774755,1.17729130659169,1.28328497812513,1.28135578090986,1.50171969639741,1.71066044008889,1.33203989850888,1.63138640623785,"Protein"
"DCLK21",-1.36612884953703,-2.63178360297372,-1.62085803227749,0.0866550336773724,-0.0176321254609295,-0.0690229082164411,0.887246699408065,0.622494892979196,0.711451813250543,1.13702654058288,1.171742031317,1.16976319274593,1.47591918981931,1.36866235098589,1.3813583761801,1.43246893610253,1.40138374919162,1.57079849576824,1.60512172296151,1.4127781373255,1.51815665898616,"Protein"
"ARSF1",-4.95734666880013,-5.51779278254316,-4.58269056711477,-0.41143079866657,0.169755720490695,0.241675078175877,-1.02134213822278,-0.347093580885575,-0.479140811645651,-1.27879401717394,-0.8607001681558,-0.723313508671962,-2.28813498428891,-1.87837465758676,-2.05714016998064,-2.25672310738599,-2.18259599381953,-1.72412798598486,-2.99557920305708,-2.27741148384714,-4.61291891167457,"Protein"
"QPRT1",-0.198785193541806,-0.139525227084786,0.0960318398254749,0.00211036025861588,-0.110227303689118,0.108116943430506,0.179059308531652,0.0544337562284731,0.312973796830182,-0.406691320932996,0.220795146492133,-0.0890911394348812,-0.542029617791609,-0.405381490108294,-0.161613712626366,-0.826381707403794,-0.535429253348003,-0.704217781798899,-0.915731401718379,-0.624793087078171,-0.737032212868758,"Protein"
"GSN1",-1.41350764905163,-1.10223775396688,-1.18998633688474,-0.252170553253411,0.126412261821496,0.125758291431911,-0.140992325493126,0.0605642976512648,0.140920623098364,-0.27002596130075,0.163037106464454,-0.0509602054222391,-0.0561636304504525,0.00196295721005768,0.0123260916510581,0.17463230771482,0.136548889295572,0.250404780163219,0.28369817337504,0.227277342593769,0.286133054223608,"Protein"
"CAMKK21",-1.81559372463009,-1.49501178028247,-2.23431308176997,0.00872993345160822,0.0983343144900353,-0.107064247941643,0.145527939925259,0.254822942508273,0.164622049246749,0.0147961696459795,0.0581962795828588,-0.0754551552279459,-0.132241315267532,-0.114697590994378,-0.514603398867692,-0.40263148974898,-0.712932503777811,-0.355957932416313,-0.673021548250926,-0.778474043108051,-0.977367503866141,"Protein"
"PTPRN21",0.0585469960109393,-1.01614624122716,-1.05734485035885,-0.0107492948559518,-0.0241589303589222,0.034908225214874,0.314448154730364,0.293513794995356,0.571476692711425,0.429645818657608,0.441002977233445,0.651545418420238,0.6773944709253,0.711875985301297,0.926102875600527,0.855008170449285,0.934375887619652,0.923883908373238,1.12086657678328,1.11050270132548,1.20453581388328,"Protein"
"TJP11",0.431913559834344,0.774033719591385,0.548891791532357,0.0540567551526276,-0.0649106813855536,0.0108539262329241,-0.631199639614435,-0.627114822072146,-0.495767018675847,-0.859668517250219,-0.874173400742896,-0.806961243818728,-1.1062526053941,-1.05691624561246,-1.14008804678482,-1.27374915073697,-1.05741758834594,-0.964952880551449,-1.26080784118283,-1.22220289974464,-1.52724222238755,"Protein"
"APBB11",-0.750619354180776,-0.734800974347275,-0.984148314029225,0.151711631082241,-0.154535745628129,0.00282411454588605,0.668487325099475,0.611115575185002,0.613760760673925,0.711658581730889,0.863893351238486,0.913038000720862,1.23270361217712,1.21456280101303,0.967139670644846,1.21809632091056,1.0020804623103,1.27117969990316,1.53831770354512,1.38582478728301,1.48540831881889,"Protein"
"ARID3A1",-0.99516517135703,-1.06216840646272,-0.955132415967881,-0.0796142616675368,-0.0176390143383465,0.0972532760058833,-0.887239004961071,-1.05116705498612,-0.61049623900217,-1.10861541470328,-1.37724304998797,-1.24592767100108,-1.65443030437076,-1.58488314459553,-1.28813398323365,-1.9675817323653,-2.15093141093811,-1.59692865373059,-1.9815645170825,-1.90416163161666,-2.10031918019717,"Protein"
"NDC801",1.1106890284944,0.221358715819083,0.407524598402205,0.447346684153242,-0.942914629578349,0.495567945425108,-1.9375896376806,-1.19344635863235,-0.126222918985849,-0.708796637973759,-2.22627378446837,-0.0330488703274714,-1.05889491807225,1.28704693883996,1.18680053517076,-2.1368354600052,3.51272549819829,-0.0736393678124312,-1.03804874710512,3.15767181359342,1.48747598360562,"Protein"
"CDC42BPA1",-0.743551283203264,-0.79438814603137,-1.27184563160127,0.125649726886195,0.0257723989389866,-0.151422125825182,0.438940746727345,0.373832589017146,0.272118353406846,0.204708076912684,0.118683297429602,0.209407250343837,0.495054720670003,0.546690004580197,0.309649094056407,0.358897648307964,0.416564285859563,0.380282246490387,0.606060411154216,0.306410277987929,0.349000406095177,"Protein"
"VMP11",0.615023731045683,0.669969763244913,0.347656029466259,-0.0361273690597574,-0.0699908013555248,0.106118170415284,-0.0383023952306889,-0.388689499455774,-0.272886405520262,0.155785765498974,0.0757974283174914,0.471654046816036,0.341487434609808,-0.119018910750599,0.361266373032139,-0.112731313028268,-0.0278739892423605,0.46738317334273,-0.179000047791865,0.228568598247866,-0.0341375758407505,"Protein"
"C2CD51",-1.19461267165701,-0.9667223176516,-1.0074657012655,0.0354987206103452,-0.0451724574274586,0.00967373681711692,0.356118575837638,0.0540216125656663,0.298099586997363,0.0387631575123528,6.46750339008406e-05,0.105085874384816,-0.0125036781553582,-0.0855683276184269,-0.199318332356503,-0.148437466618576,-0.171097302351582,-0.0981303946484342,0.000213879861551192,-0.212995685948455,-0.0722878391366457,"Protein"
"VPS451",-1.05766163676404,-1.03345405272051,-1.01587375994682,-0.0608823141706818,-0.0392926626037973,0.100174976774481,0.236336078143063,0.209097568495958,0.500658650240608,0.496171231182165,0.451152770661055,0.567166642386519,0.610105079048809,0.56035239746909,0.777127014849787,0.575112277516164,0.780135353939249,0.837494836731011,0.723437628254063,0.864479533491426,1.00474954955301,"Protein"
"VRK21",0.736351955732051,0.583893540706416,0.578619890841665,0.239143954587913,-0.90067862421188,0.661534669623968,-0.960091716604698,-2.2387182325269,-1.9878825682226,-1.67010192751811,-2.07847161702185,-1.89663564858808,-1.60808931565706,-2.9157386917472,-2.86084485161029,-1.34541324234047,-3.24190626714699,-0.350786929196158,-2.12129024671519,-0.744902240623789,-1.887422855972,"Protein"
"CNTFR1",-3.70131423468063,-4.36882611224524,-4.49102156570133,0.019197771755362,-0.105879068384606,0.0866812966292478,0.059935344998852,-0.220873331729944,-0.0138198824905835,-0.57713695001949,-0.307531005841771,-0.277210989823434,-0.494631042939108,-0.712284813691777,-0.808735907815818,-0.97770889786158,-1.10416666841202,-0.963075986325221,-0.945470882552195,-1.46747116946938,-1.35807481734817,"Protein"
"SRBD11",1.02333524827722,1.06596426202566,1.06614662035153,-0.308090137384552,0.162811328388022,0.145278808996528,-0.305214076823981,0.00467492915372425,-0.219952113448242,-2.07669689141154,-1.27666965497312,-0.797869599906511,-2.70727590276772,-1.10381104673712,-0.834695501615942,-0.8772586437897,-2.87066693891016,-0.960750810833305,-2.11587685278162,-1.80829761963004,-1.56510476437276,"Protein"
"FAM110B1",-0.343638564733967,-0.395839316402832,-0.468907706369725,0.156940959347709,0.123324578871328,-0.280265538219036,1.00670403200935,1.00403370358749,0.861385770651085,1.11383997220172,1.01688429340888,1.00752843369995,1.04005163630417,1.23526950316584,1.28068073500577,0.986595570813451,1.18043982182359,1.25774054789843,1.220478054844,0.976439883069295,0.950065896745608,"Protein"
"APLP21",-0.727063471649293,-0.633513472132774,-0.836292681528919,-0.360948316474557,0.371494824785625,-0.0105465083110676,0.123602576108675,0.534888174424484,0.332949113429608,0.356716101448992,0.551734037564533,0.610823003450921,0.461741141094659,0.563611066318874,0.50952045225991,0.537643715759426,0.466640983865677,0.598293384119568,0.747964384895536,0.521569876313631,0.664464430620971,"Protein"
"AMN11",0.581415084453784,-0.0501330725308904,-0.12106872413111,0.238304342191517,-0.0292805349479774,-0.209023807243542,0.921760003800726,0.504830809182208,0.0847827490637165,1.01658653434804,1.09485777071704,0.881311278266631,1.7916945520385,-1.19812490167956,1.36402661843406,0.618553130831943,1.72629884572509,1.53195693443614,1.4618339196662,1.14773001575708,0.993731303932654,"Protein"
"MICAL11",-2.27018801344864,-2.24813552349801,-1.9505522970256,0.009377282348634,-0.164663171400623,0.155285889051992,-0.82923006227934,-0.882997354135684,-0.759867599831988,-1.48015337396092,-1.48917810099895,-1.43799663805309,-1.5921117041427,-1.79667848343519,-1.5683024672637,-2.02012441241543,-1.89765046466336,-1.80562841214994,-1.86641550371605,-2.0187089631477,-1.96023159534027,"Protein"
"GMIP1",-1.5160197363181,-1.51478586614423,-1.59708239569877,-0.112849978604489,0.106932200754732,0.00591777784975811,-0.875187197143282,-0.778876506059872,-0.925166617417686,-1.14757011534389,-1.11637495890353,-1.54064572055644,-1.27274400330262,-1.24133209966475,-1.59974473839633,-1.31429669502318,-1.26670784439993,-1.38732143502635,-1.18758152938634,-1.43814120584817,-2.01750006147727,"Protein"
"LIMK21",0.175371073550608,0.433095636594288,0.797947911025993,0.194344144033327,-0.326387169647962,0.132043025614635,0.33336490151768,0.130136713819248,0.120254889376394,-0.0867248465648949,-0.552983799193893,-0.260084859697709,-0.130174853261611,-0.571351564701054,-0.652468196878964,-0.565933701373709,-2.57743900434338,-1.92776308663768,-0.917648689220506,-2.46703173184967,-2.00867108877422,"Protein"
"IQSEC31",0.130129902830349,0.247174480198055,0.1986212225326,0.145170077194191,0.621220976242792,-0.766391053436982,1.15993294196173,0.933370179172886,0.776122242110976,1.62628228714108,1.03784998249705,1.4097682814913,1.72604315267926,1.66829316548931,1.92345840358603,1.89763560416433,1.6819751911725,2.15540272305623,2.20553258701394,2.19751435027591,2.22437441817512,"Protein"
"SCML21",0.691878347776454,0.554449167933241,0.548049168095291,-0.153717355022076,0.297578828716086,-0.143861473694011,-0.142739214549943,-0.163028121061986,-0.623774109260699,-0.0546665308266814,-0.895679755187713,-0.403941136213222,-1.17299659331972,-0.567602893567598,-0.644029333760612,-1.21623910239785,-0.64268719136661,-0.439334143315184,0.107330115448331,-0.74300240389339,-0.739696361805516,"Protein"
"STON21",-0.906926538169845,-0.808053307448745,-0.62363505399232,-0.238442799250446,-0.139059801384995,0.377502600635442,-0.528350456451935,-0.587504850113625,-0.170110952444496,-0.264952900566453,-0.209562512350605,-0.208166369838352,-0.251227990920466,-0.0906750353370036,0.0673531951667314,0.00886083823854733,0.239672646826506,0.0610623502226701,0.0625878097607888,0.168123487803637,0.280347422171911,"Protein"
"ATP6V1B21",-2.00945745633698,-1.88978791015245,-2.01703097271646,0.0629575002514784,-0.000465372444537593,-0.0624921278069408,0.700800641108344,0.695722427342965,0.701844592677354,0.876931487055352,1.10947291466712,0.951081234668059,1.22989526347461,1.19098492196319,1.13912219433035,1.30057726877994,1.21429310498174,1.38273415412291,1.47382115144662,1.43400076881689,1.47666920709497,"Protein"
"SMARCD11",0.374719180380938,0.37850423681977,0.472435990310904,-0.0629853566573129,0.0956184335419206,-0.0326330768846059,-0.28940740611416,-0.261930798996149,-0.286537716921794,-0.845650821946306,-0.698148505203902,-0.734014208570981,-1.23486328445657,-0.90309369604225,-1.33939028589942,-1.36696154616132,-1.69611058007162,-1.3817014085166,-2.08989319141513,-1.74791094592478,-1.42283465140886,"Protein"
"SMARCE11",0.0548599636289513,0.0952290940255498,0.0311155548752016,-0.126444575130838,0.14736589175064,-0.0209213166198037,-0.0938642861879995,0.0503531742530203,-0.141774933449414,-0.228501249051311,-0.332344580630229,-0.368201769286364,-0.434622210437711,-0.455620727183421,-0.437254418182329,-0.716302153312705,-1.29092812175775,-0.596896381527246,-0.917156933356564,-1.9144645909037,-0.432096759042009,"Protein"
"EML11",-1.63304698210156,-1.2650472890618,-1.58185277689743,0.186493663708132,-0.268178393052638,0.081684729344504,0.940930709266894,0.606492901974155,0.682456087860784,1.27755964588269,1.29750118521904,1.26926658975317,1.61151151145393,1.62735840363585,1.62364049692291,1.42949301650015,1.63208210681521,1.54094527802171,1.59009984120537,1.45763643778876,1.48196208576797,"Protein"
"KDM3B1",0.976211412765958,1.16483142221045,1.0765793062238,-0.0177482182984345,0.0461258784683007,-0.028377660169868,-0.187504347351583,-0.150340990422761,-0.185209181841804,-0.422247426671353,-0.638854320470054,-0.580121738924143,-0.692477607385127,-0.614134253635131,-0.758135622633075,-0.878058283904126,-1.36393852794258,-0.754148605115374,-1.09126511804949,-0.926618625967057,-1.00853481783224,"Protein"
"PAPSS11",0.529340230526985,0.527585733643287,0.54779151395932,0.203933965397143,-0.1211168088245,-0.0828171565726414,0.312957196685725,0.08800749688249,-0.0142456376697169,0.103280842092541,0.121590773839117,-0.120357307268069,0.0223788520633974,-0.219286326938153,-0.179380136946016,-0.431206948274696,-0.640028614864264,-0.556730335460244,-0.715137012720465,-0.834847174541302,-0.988129642032735,"Protein"
"CDKN1B1",-1.88330755028508,-0.924232513314195,-2.59809616620432,0.0953178645551187,0.149461517767898,-0.244779382323019,-0.0310830720996211,0.0078873296326325,-0.148495130032808,-0.426852741189153,-0.618484169492989,-0.394624616889176,-1.36886790640184,-0.579349053821554,-1.19610655715138,-0.715736837146734,-1.17045413269639,-0.854185546036108,-0.742449576089593,-1.25246630104049,-1.37175016911229,"Protein"
"COQ8A1",0.927740133138551,0.598341273887593,1.14428418238017,0.17460764849306,-0.135013822579767,-0.0395938259132915,-1.03579628004513,-1.91189289674435,-1.93150367366675,-0.459574019255335,-2.81408766590608,-1.84941161423057,-2.28724320141576,-0.364756306254321,-1.01568303932549,-2.02897326206831,-1.66295704912629,-1.81140030675028,-1.03769989776064,-1.64219840538467,-2.2112364932988,"Protein"
"NOVA11",-3.33441644781263,-3.19476904953968,-3.28969247704192,-0.180947065446055,-0.0369696333574439,0.217916698803499,-0.0721078505214052,-0.0116613682416542,0.230954211566946,-0.543395560544568,-0.216769103106792,-0.216231786112978,-0.378698887878279,-0.442197727842689,-0.391976288751508,-0.749660629671737,-0.670028851107467,-0.684324938634418,-0.883676922422474,-0.837629456133229,-0.738964619208168,"Protein"
"PLCXD31",-0.436233776289031,0.398684703937823,-3.54079887662603,-0.372982111184301,0.011787541630321,0.361194569553982,0.530772160833829,0.85329220050413,0.985721281313038,0.839159442490272,0.924911973806447,0.748173613494414,0.742627683231662,0.74085829899319,1.06946998625958,0.520099546012551,1.02797469157108,0.531283083383697,0.197727284941381,0.823507726598033,0.722409353798932,"Protein"
"IL17RD1",-0.0648907938564864,-0.0389250032329915,-0.223181454597588,0.0274628422209542,0.0774031595478188,-0.104866001768775,-0.27863678226567,-0.134699718202908,-0.150534485491816,-0.195388933745425,-0.223815981098214,-0.391398762118977,-0.778296549404315,-0.233585995930101,-0.251808118171533,-0.591873490273299,-0.594558287088107,-0.281262694733558,-0.755992483132756,-0.47979823101508,-0.832215880164091,"Protein"
"ENO11",1.0261390786652,1.00028543279076,1.03236780478024,0.0144736571931148,-0.0377869018827326,0.0233132446896178,-0.242230697501093,-0.250893904989887,-0.29535852147928,-0.436349631225703,-0.17533638351285,-0.469130009867854,-0.221955769523724,-0.290948721965272,-0.289525320199232,-0.183949881850069,-0.182254071235725,-0.257620289801295,-0.0885164262900773,-0.0869614507659335,-0.158592887259502,"Protein"
"PIP4K2A1",-1.61675596370931,-1.56870091851661,-1.68121676442406,0.134971958565359,-0.14142834348967,0.00645638492430578,0.432863638761724,0.56379896413538,0.500951293376772,0.715460741232484,0.798963383247887,0.836598355134988,1.0335560240301,0.912476188228361,0.898634764220382,0.863834304383445,0.939656109672086,1.06085500332271,1.12187757953249,0.980755037670761,1.11251546142093,"Protein"
"CADM41",-1.72235377139412,-1.81572479329082,-2.09409151658323,0.146800942376718,-0.0310436953133255,-0.115757247063392,0.892494699126646,0.95322846042116,0.94320725910587,1.34838272989377,1.60698874619243,1.63944572518968,1.54325805001021,1.6757914332514,1.72553219745643,1.59971692256055,1.72809755293401,1.94944238452282,1.86244531368377,1.80003593591909,1.89531857296417,"Protein"
"ZNF4831",2.80568063986911,2.96394085724735,2.74822736298814,-0.643610309000694,-0.713678433719352,1.35728874272005,-0.533543402233187,0.064025975607926,2.34909433965391,0.124750650524826,0.234769573407709,0.405353158575464,0.0933840226915326,-0.080843119839896,2.37620910131328,-1.08379330015352,0.207233749535797,0.466020664412037,0.944021516042733,0.135007152499178,-0.750654763348056,"Protein"
"GM2A1",0.0140925260585245,-0.908135186181349,-0.854118143866733,-0.108206683334105,0.174792266111952,-0.0665855827778454,-0.335734392403653,0.719975494920153,-0.739027922804064,-0.275166490447122,0.120365246526303,-0.533533303819523,-0.520474373627602,0.113267681674474,-0.437563543869524,-0.567188123651421,0.169106006882123,-1.08899389071992,-0.979447223587561,-0.366530942637352,-0.159644410916046,"Protein"
"RAB121",-0.50754872392721,-0.958237753485188,-1.01134971998635,-0.272767296741852,0.193233151218569,0.0795341455232847,0.460692303861839,0.39245140102293,0.289042967767616,0.673723916729811,0.690592532239835,0.740291968075629,0.858072326205848,0.903739519770278,0.774400935698582,0.966403794181383,0.891793037815466,0.832478092902518,1.03403451037252,1.03021694320576,0.954722567981301,"Protein"
"CD99L21",-1.8465785676659,-3.39351119658938,-2.37809657094883,-0.188079751887663,0.112667862768504,0.0754118891191595,0.417053404053387,0.360311750991173,0.153071278769161,0.514503443910648,0.415960711031943,0.435082248838714,0.330678281360505,0.43936442842703,0.307569148317935,0.742832059595145,0.258750076852085,0.761814550179729,0.800815908356736,0.516733378058017,0.860053664868527,"Protein"
"CHPF1",2.30790454247953,2.08586259347385,2.19285519978343,1.01080545299963,0.0243467198554193,-1.03515217285505,-1.25046863395647,-1.48349725562788,0.98620560791599,-0.343073398214219,1.40700634449475,1.29764846531938,-0.970251313973568,-0.932994803906769,1.3065183593791,1.22817402703767,-1.46019262343312,1.48731203396818,-0.00247638613840095,-1.00485177202162,1.12561066645505,"Protein"
"IQSEC21",-0.476743825983037,0.533214109539548,-0.677271737790017,-0.124401288859817,-0.627695136963263,0.752096425823082,0.215493646909993,-0.18912501041263,-0.97705066365913,0.69680548980863,0.26241702129788,0.335904605171956,0.861040098504011,0.643488154201494,0.795824412027118,0.727803326576838,1.0738280080882,0.743476771643239,0.926795064573669,0.970219245118654,1.09251251060383,"Protein"
"ZNF1951",0.915352391062498,1.14325008864751,0.763900732084636,-0.264054116422429,0.256896994671486,0.00715712175094296,-0.717296090473276,-0.282581286795153,0.0336371909299267,0.178313547812962,0.120512828609623,-0.873620544873306,-1.08140921273546,-0.818039803095658,0.18851401059181,-0.484647580911641,-0.122325525996644,0.498522532353707,-0.08759022037842,-0.791748827316383,-0.956162392485945,"Protein"
"MVP1",-1.69764912286445,-1.85050568324914,-2.15119701463833,-0.0816378215152334,-0.00951693151347044,0.0911547530287002,-0.387295360041856,-0.444039849292155,-0.291822094692247,-0.403252906214858,-0.352795473843399,-0.225916177818295,-0.166340543122029,0.0391448282283058,0.176379224779961,0.209732872121162,0.413625002491958,0.608689943668605,0.456354965039782,0.740631790896042,0.79520232211971,"Protein"
"SEMA6D1",-2.69087814806333,-2.69608595160653,-3.19486124358763,-0.0904927315552708,0.0907478629012761,-0.000255131346003523,0.265222284789809,0.273699975173061,0.39513208696629,-0.016789742796762,-0.120542687261265,0.0211504095772792,-0.360209252753284,-0.454463733920052,-0.504370517012051,-0.42521716434595,-0.788525461249128,-0.42697658078488,-0.581301279874504,-0.787817372548281,-0.898178597607439,"Protein"
"EGLN11",-0.46123010090801,-0.379892921275095,-0.49438905629466,-0.0633760148061473,0.183773063868882,-0.120397049062733,0.25381531330869,0.365881406421574,0.593335156182397,0.53929097735252,0.453074800556903,0.717931760564268,0.270633674557155,0.927545674519221,0.618522940825924,0.512179195378026,0.910125663616197,0.897605882798961,1.05084920197755,0.636240258810433,0.795895880199934,"Protein"
"SMAD41",0.843398199688357,1.0777617720695,1.16702534603849,-0.0472648414414465,-0.0136852210387524,0.0609500624801989,0.192872638737057,-0.0854910947323404,-0.0675806772222955,-0.0111092381870925,-0.0464051710460822,-0.203415251343674,0.0530431219905587,-0.112794051920304,-0.412191026083512,-0.243368297424944,-0.360078907572056,-0.281478340316344,-0.315176091472203,-0.5505007801213,-0.575243251863554,"Protein"
"NKAIN31",1.32669166991041,0.759804730243884,0.141436711239233,-0.409386891661642,0.932828533666095,-0.523441642004451,2.300997392744,2.59474564717059,-0.0108034303040423,2.07409600325715,2.54220970947367,2.24627521812966,1.89971692528721,2.44614144997912,1.47454518896467,2.03614248841542,2.31140421683026,2.51377470606533,2.71744266718614,2.12421262908092,2.24564162210946,"Protein"
"RAB131",-0.0102328530522477,-0.244445131373997,0.135680175687309,-0.0998244909057853,-0.125934402906555,0.225758893812337,0.270949653794172,0.13245811020683,0.216409581518594,0.560559587082619,0.475935739220457,0.361793429506452,0.753476753488751,0.416970730716709,0.581438606916077,0.785821225083286,0.635158741420309,0.761079176942477,0.719882940295211,0.858702380688474,1.01862872688365,"Protein"
"FKBP1A1",-0.768168840108959,-1.02556181904811,-0.921483844059299,0.0757811698050155,-0.13242678663779,0.0566456168327782,0.0240193083965146,-0.00667208982987333,-0.00852869468926443,-0.0786309655602828,0.0425045961749966,0.0952493446367946,-0.000536689719783823,-0.0703003501340724,0.0441277649150216,-0.112801762098375,-0.183748210359962,-0.0345021461879078,-0.150980908714931,-0.386980370262581,-0.201502085132471,"Protein"
"ENPP41",-1.37936867240946,-1.10880672102217,-0.847869232186792,0.120066442931897,0.413506363005919,-0.533572805937816,0.717900162208881,0.541556430822887,0.508964245563465,1.08386029045915,0.929003525118969,0.648247701547092,1.17975828630097,1.31579150778323,1.09982905839544,1.33049893819204,1.2938350804768,0.835940284189693,1.10220152716072,1.14009877572973,1.12056003413674,"Protein"
"EEF1A21",0.850970371484518,-0.855886897902177,1.15774896769338,-0.0503902013327355,-0.233987675214426,0.284377876547165,0.887736406982956,1.01422840875621,0.922067210887537,1.00878367301341,1.48135492464972,1.43161697369295,1.5412898646538,1.54265895911785,1.5630313438969,1.21270020515435,1.44359591326551,1.42914891642214,1.47919306697569,1.39313786548417,1.23235962905717,"Protein"
"MICAL31",-0.43078736455535,-0.464776631353423,-0.518958039312587,0.206187063433255,-0.19899199632588,-0.00719506710737505,0.896111762316387,0.780569367444695,0.692618493513635,1.06282986694278,1.056231806322,1.04997399134541,1.24767368680949,1.16864570983561,0.912545744078336,1.22067661759387,1.18838449373058,1.18403432243007,1.46538020831605,1.1186971018856,1.20287336812281,"Protein"
"STX1A1",-1.85221755700363,-2.05206782159431,-1.76090660392209,0.146535985069985,0.0750391104435835,-0.221575095513568,0.747405973021841,0.415981857989703,0.763809607702065,1.15614566744134,1.22297554628233,1.3874109570137,1.59326908190319,1.25798246245482,1.48282823131321,1.68300571932588,1.46775444360441,2.01996713835826,2.06159076115845,1.73617372167007,1.91127936070436,"Protein"
"UNC5D1",1.5536768996637,1.83100257819906,1.54501907263306,0.253086536923107,0.772258335764027,-1.02534487268713,1.72846089827008,1.32794273125718,1.70576199641217,1.82273429934028,1.62588698842502,0.0708104153378137,1.9119472696832,2.05136830033008,1.29993512964702,2.33854095184717,1.71632604400339,1.58790377875207,2.07784089168953,1.74285197072553,1.73499321093703,"Protein"
"R3HDM21",-0.177385714831258,-0.267649058655474,-0.442208367457495,-0.295238684197548,0.475798006783654,-0.180559322586108,-0.0393597805272972,-0.20731316046056,0.449934819752505,0.868778068407446,0.448871707942805,0.661483515281189,1.31024372303204,1.16961149078249,1.33072736748198,1.34590369299019,1.41838603718189,1.31140456792656,1.7731393933064,1.81050165844628,1.86889279634508,"Protein"
"PRKCA1",-0.307028246882432,-0.379509953596099,-0.478659764283215,-0.251987117069927,0.167095268769309,0.084891848300618,0.777044161511338,0.516963811326058,0.192629648349978,1.28988046388511,0.219639721644917,0.750713310005128,1.30619205180645,0.928152198041815,0.452832684683511,1.31945720435524,0.715786139794069,0.804246938708584,1.37273135335039,0.737165800377422,0.850844337766691,"Protein"
"ZNF4621",1.30803364891746,1.22516073214612,1.14669783014173,0.00797170926556312,-0.0572191759702907,0.0492474667047258,0.556190484977078,0.060015000515973,-1.86169685996372,0.182665203455249,0.162840453238653,-1.3869426632618,-0.245835321689603,-0.259147112032251,-1.47550771076476,-1.44442300689542,-0.368981585755014,0.239826053498602,-0.547523100509185,0.773312735133382,-1.70789801600883,"Protein"
"MCMBP1",2.74309147557739,2.79046651408542,3.19759543730636,-0.0817232797192773,0.113361844283784,-0.0316385645645063,0.156855098334773,-0.2710269208409,-0.200276858145227,0.336362421899512,-0.131368292777502,0.258031368511631,-0.0801505652721737,-0.122662811466906,0.348190603391782,-0.570377144778906,-0.209375664370107,-0.160508379199744,-0.00227472463198808,-0.224597980549678,-0.00439621444571614,"Protein"
"RPS6KA31",-2.14698726965793,0.718833946774797,0.0571968853544753,-0.0064849932767963,0.083656890915222,-0.0771718976384257,0.605156655336309,0.463935277235343,0.542682948987707,0.801804192111693,0.586370215729382,0.617935227548227,0.82793662414614,0.542855548121288,0.644951535092833,0.938269636505257,0.519755156023422,0.822752384032093,1.01961115355169,0.687411552849031,0.739721823227285,"Protein"
"KCND31",-1.98280423646292,-2.19536167588688,-2.5298599432109,-0.606898025970155,0.6524931211872,-0.0455950952170472,-0.868579152433758,-0.744468865900133,-1.05392044073247,-0.780057234225717,-1.15943815193559,-0.622259289043464,-1.04210244374415,-0.505814365641301,-0.539388781121191,-0.546926334210754,-0.433668764187106,-0.322009647111996,-0.330788093056347,-0.355923288392306,-0.485026139031456,"Protein"
"PHACTR11",0.324584885900842,-0.159515133602115,-0.623377360306,-0.0485264423836309,0.460249937350303,-0.411723494966674,0.806189674920924,0.713572010787901,0.953740332200544,0.903422771761727,0.412587865272679,0.677183250392508,0.820403994552168,0.534177635873574,0.954597322847112,0.797052457418618,0.732757797139692,1.01229418351894,1.25448233464315,1.03182127205943,0.471038074928698,"Protein"
"PFKFB21",1.07640185446175,1.07685937041578,1.09028672651452,0.697903961776053,-1.15975689726561,0.461852935489556,0.947195459342268,-0.867838151025239,0.317986799431846,1.1448027900962,0.946132037538263,-0.29551780577985,1.2904050271258,0.907812208132547,1.04322213569885,1.16498448711022,1.1037052835996,1.23784322091349,1.3422814868457,1.32014804811154,2.03512760524558,"Protein"
"PHOX2B1",-2.80528365598595,-2.76800646060306,-3.21105835151912,-0.0576070779214941,0.198008235997145,-0.140401158075653,-0.64768713000762,-0.278893885467172,-0.908237316710364,-0.780099876774463,-0.622477185168437,-0.904204351885655,-1.36981754921183,-1.17635004170305,-2.07428088949132,-1.59379079757704,-2.19522901366543,-1.42605470329706,-1.98197638980919,-2.66699825738853,-2.39506864336313,"Protein"
"SF3B11",0.77610267042364,0.646086292101799,0.888485745080807,-0.0679293689477021,0.0499960965402124,0.0179332724074897,-0.248246854894582,-0.258031019235467,-0.2009523894423,-0.751270109687525,-0.561745310691542,-0.596231257510638,-0.743847958265022,-0.705524977412246,-0.894021376728139,-1.04867062308923,-1.17557813725925,-1.15282126684503,-1.49036666757468,-1.34969398822786,-1.37198092015793,"Protein"
"SLC38A21",1.73777442151062,1.7825121935031,1.27791192902431,0.224425164003057,0.150440610101127,-0.374865774104181,0.0138134668155079,0.065465835791537,0.18542701958175,-0.0502911258164698,-0.169811230236606,-0.181265183733588,-0.115247447823576,-0.0728479972190552,-0.475439911345207,0.38642396369521,-1.23404570078386,-1.82569556860551,-1.27061930733954,-2.91993629114387,-0.819689334473621,"Protein"
"FAM117B1",-0.28480519207297,0.0845822773657297,-0.350194741498989,0.104318515604561,-0.0538243149535411,-0.0504942006510198,0.360054632684474,0.347833755097529,0.308921120637766,-0.000503327009393928,0.0451475568848991,0.112480669893007,-0.368417419577835,-0.363495142078534,-0.395990425425211,-0.73102007463492,-0.789830207570226,-0.752254137564531,-0.736662408962896,-1.0073287701891,-0.9992897246712,"Protein"
"NT5C21",-1.80695632356347,-1.83656331233102,-1.69508052303104,-0.00587891599651513,-0.14014382373934,0.146022739735859,0.300442983462421,0.178941459919759,0.271540641555152,0.322762163329987,0.399493544314272,0.165032989968193,0.42944671456792,0.219161948599204,0.274389560611308,0.112860226214341,0.0943776774884562,0.0240426408263978,0.0309168546279501,-0.0344764580678962,-0.121176650516791,"Protein"
"IFI161",-3.16680706855925,-3.90562990834269,-1.65107318248054,-0.192186028303038,-0.0097880857900563,0.201974114093094,-0.359237065309113,0.036232305318336,-0.0367610224510955,-0.40266814683568,-0.233946709321966,-0.0391451503247353,-0.758494585336308,-0.215994110918523,-0.355450414672521,-1.07231843443765,-0.592542441581344,-0.836665687262911,-1.29719895326445,-1.19355176950678,-1.1305343064612,"Protein"
"MROH11",-1.63133182866223,-0.793528547564582,-1.3431753409975,-0.0421568990359074,-0.0457588582849606,0.0879157573208698,0.537307585430865,0.587400917387756,0.625524914574614,0.759449699267046,0.940565837633104,0.783602735027729,1.16866806288222,1.12082543604902,1.12744260212365,1.32908387923478,1.6440654031262,1.38596031032258,1.54997799998194,1.5962220436452,1.52274048146095,"Protein"
"HARS21",-0.910802909411704,-1.25733407121816,-1.00008193167675,3.64802199150915e-05,-0.101945854150753,0.101909373930837,-0.378490685286522,-0.27742832511289,-0.522874761804577,-0.428275005287684,-0.526732999522824,-0.57139959219807,-0.464721053828736,-0.780565636396933,-0.560039534273031,-0.460994129567272,-0.567752200842239,-0.802455558698991,-0.59628391806088,-0.840039466861462,-0.647100183825373,"Protein"
"GABRA31",-1.45945468073375,-1.60000900074977,-1.43475280591096,0.00691360785207529,0.104301805769383,-0.111215413621457,1.27707473400377,1.47219799898788,1.59640193831702,1.38830464279645,1.9074231122996,1.95375840430765,1.82707690264243,1.81963962786843,1.67563320226264,1.89763386592535,1.9298459345277,2.09224976902262,2.18805368779889,1.93116196445268,2.037325424632,"Protein"
"PNISR1",1.7209702433541,2.02893582453867,1.55903672966849,0.404390657784477,-0.276292423182154,-0.128098234602325,0.173518515081836,-0.675152064206051,-0.353521610244991,-0.426419363679136,-1.10622682065712,-0.272801624300547,-0.79062316152792,-2.50904968952387,-3.01791065670004,-2.65875790220173,-1.13270328767015,-1.07026849236507,-1.0477334034174,-1.4010020591895,-1.67755786090719,"Protein"
"TMOD21",-4.43089375281866,-5.42889897700977,-5.95117534316444,0.14363840754638,-0.130312619266906,-0.0133257882794773,0.400511889997308,0.454804765512268,0.426255363284529,0.812302111995148,0.68069388924852,0.671691855548584,0.956471041375938,0.759775040305446,0.810754032956286,1.09260091352139,0.994841103148193,1.07763630599129,1.00752731458313,1.07757277821385,1.11494612850307,"Protein"
"SLITRK11",-1.35289392899524,-0.602195667038863,-0.401425437732501,0.0461920700292122,-0.480095432990648,0.433903362961436,1.44916684660812,1.45242486284142,1.68659720239497,1.31777594032205,1.50726827140993,1.76227470544963,0.53789494967671,1.0280728947951,1.29973602955011,1.10829031886126,0.693428105140521,1.50617286516365,0.966705294068797,0.92477256719304,1.0980140460245,"Protein"
"BLM1",-1.36481187482975,0.992502958573292,0.748436332191003,-0.356201230867756,-0.112207651806161,0.468408882673915,-0.422893549163161,-0.244295433570196,-1.91850759914861,-0.0295082388627268,-0.49210647241595,0.051914027686033,-2.53653383770544,-1.71644995325488,-0.10681754980188,0.0859607798772348,-0.233135643132885,-0.163600003059353,-1.13066237384999,-0.598540084777641,-0.606965567637952,"Protein"
"ALDOA1",0.838691968100065,0.76619448203693,0.968900432062384,-0.00408862925273468,-0.0629403635298402,0.0670289927825749,-0.0458445870064779,-0.059584021214043,-0.0141508174684617,0.0274173914365292,0.252403844852374,0.033598233708183,0.524953616754189,0.310031047785046,0.378649458342302,0.549832825288888,0.51860438010975,0.617533261114325,0.779223614573887,0.712545108603635,0.760817457061982,"Protein"
"ARHGAP441",-0.575880443742781,-0.57301684354138,-2.28523899962975,-0.017094867047712,0.0336316604688616,-0.0165367934211478,0.713392162539536,0.788813068890915,0.8939245715853,0.8804114547395,0.937160265015001,1.17505863692171,1.09500490239842,1.34772795089478,1.19457812243689,1.27821853585943,1.33177643109945,1.19924156890171,1.58810834691191,1.33390072291173,1.26782699445341,"Protein"
"EIF4G31",-0.867059952720309,-0.461972699286633,-0.663320018899741,-0.0352167673290111,-0.10737016269357,0.142586930022581,0.295671569037339,0.408377756273481,0.486827147406387,0.190627021996271,0.405956849503703,0.528163782859437,0.403945736399976,0.382983894565086,0.430135274166389,0.152396233155528,0.248695571436066,0.327666668256214,0.424854912417089,0.0411343621788873,0.191990591519911,"Protein"
"SIRT11",1.98229952919039,1.86468778059525,1.82475395428914,0.00562334937792208,0.0758469993885917,-0.0814703487665156,-0.380597781918549,-0.658556354146866,-0.112282637668526,-0.177441385528633,-0.0188440254056559,1.34516318741026,-0.676657036887264,0.632208369468044,-0.588773392993764,1.09491539747745,-0.543714571412815,0.0861895411504499,0.661572713301396,0.301828313215923,-1.2465971393819,"Protein"
"TAX1BP31",0.934027411522472,0.545390930613554,1.03171498959065,0.424504421397177,-0.976344834085719,0.551840412688541,0.606466786115423,0.756009083722518,0.572061892279148,0.268785702462125,0.19674690994437,0.333409137039137,-1.39498997058606,-0.277241256233548,-2.43233008936379,0.343642567157183,-2.16785017616692,0.504114602354235,-2.12964709418282,-1.90110932694127,-2.02720997343913,"Protein"
"UPP11",2.41760354197821,2.66111726385727,3.09199671623392,0.16633874735636,0.234728671894965,-0.401067419251325,0.739820145764433,0.933174146906646,-0.381276453980762,0.870965751694406,-0.186999480132037,0.531341976953787,-0.198888495481318,0.218892567658878,0.134960593370009,0.413605990215796,0.623260603807735,0.517576807801586,0.941493919883985,0.0826677871131523,0.758719111051105,"Protein"
"DNAJB51",-0.802853049332926,-0.733273389264971,-0.771703779226216,-0.138889704645907,0.0198971914059509,0.118992513239958,-0.312067977825885,-0.0847466532334469,0.0185474440160203,-0.437788665359841,-0.209187254038861,-0.315622201487171,-0.301943633924809,-0.20264630786423,-0.305022702315421,-0.52483571482338,-0.299029325437685,-0.26792944204251,-0.391289994930711,-0.343485712439138,-0.321064783108445,"Protein"
"RAP1GAP1",-1.86628020612457,-0.795058180130136,-2.07478065334064,0.139323645328149,-0.367201741618009,0.227878096289862,1.05353748796261,1.07670156854343,1.28201269045701,1.73609859409789,1.75533161063128,1.85992972916713,1.86637565559595,2.04569095235365,1.76623249018626,2.27250330233903,2.08270751026991,2.15026462696011,2.42879581100936,2.01858389430898,2.12995013702439,"Protein"
"SVIP1",-2.95726745238209,-3.69757773315321,0.959236526475067,0.0352536685849252,-0.154948371575003,0.119694702990078,0.251450373100827,-0.312441947582073,0.197321864823522,0.35576506905257,0.124965402084722,0.40866542102675,0.16585380050963,-0.188595764416064,0.0705644378931787,0.310472045186916,-0.0910216883996746,0.577020651989603,0.20105182886735,-0.0927608242604911,0.383722647195267,"Protein"
"HNRNPA31",-0.735616605814389,-0.454495822195408,-0.879045836303872,-0.0860068214844212,0.235958945814655,-0.14995212433023,-0.277700759605334,0.322710499872382,0.0446742163863441,-0.549844002601287,0.0198093843347031,-0.54446502041348,-0.810023297816205,-0.544507146214141,-0.812817207963509,-0.742336791230887,-0.923134978071085,-0.962527800043906,-1.50638354529032,-1.1490754749404,-0.987919754350406,"Protein"
"SDHA1",-0.453813457209481,-0.32683022439905,-0.576126697253356,-0.0239250999681495,0.0315676664751301,-0.00764256650698414,0.145867307172555,0.229195761676099,0.343943346682703,0.146496494094887,0.462277247005776,0.37258490327422,0.442082989091904,0.676873249742147,0.672822302668255,0.579562690615592,0.732772845365101,0.879168739639798,0.864105540166076,1.0317559407304,1.05851016132931,"Protein"
"ME11",-0.629838365002895,-0.287105367065175,-0.508120306905239,-0.110727514352762,-0.0869644412367574,0.197691955589518,0.265307736946353,0.476016112396559,0.552246307826378,0.910825132492523,0.956338122673298,1.01499607447346,1.44202793380506,1.25163962390338,1.46355932795212,1.56003153922437,1.5857975283772,1.55589745807915,1.67118828186941,1.6938095666731,1.65435139236567,"Protein"
"NDRG31",-0.649506767344823,-0.547128120331374,-0.504658367577468,0.00815255403550452,-0.0491400953961545,0.04098754136065,0.33998688652823,0.288951907168375,0.359520715997313,0.317999973766248,0.498469527862106,0.27433761024929,0.59236607508732,0.482949130470267,0.528022480598551,0.637507332519391,0.64062578472506,0.584139143894717,0.801958715925913,0.664968380834587,0.618423835115927,"Protein"
"SLC4A81",-4.38364727748882,-3.75040009285716,-4.8810763099411,0.0949246799473524,-0.0429205570921791,-0.0520041228551751,0.298567321487148,0.289935889961441,0.337357612885455,0.210240480888219,0.391922891705697,0.299552921395787,0.355867837457843,0.384459734661597,0.385621042011678,0.211816240869217,0.397442272029373,0.405019808052373,0.468712026257712,0.215902422154661,0.43427573272109,"Protein"
"RBM391",0.611289699748877,0.850486054007103,0.623791069045492,0.0112848951021967,0.00608473571606893,-0.017369630818262,-0.170441126699497,-0.18366472669528,-0.119352155038538,-0.609971133488513,-0.617012405682511,-0.43075635158514,-0.80781867879926,-0.535170796655402,-0.853818844259626,-1.03559471644354,-1.08591510842002,-0.939256148001911,-1.36506964434423,-1.30407823560904,-1.2268892303469,"Protein"
"SOX31",0.544499366375781,0.436300714439273,0.713860362596947,-0.533175619325945,0.28005936129982,0.253116258026127,0.493789773596045,-0.161300610369118,0.288028054126649,1.00462779974825,0.908531009749501,1.09020543786956,-0.836664477673489,0.297355054495652,0.411190322470937,-0.41431573974676,-0.181466961134074,-0.422411034335116,0.663133450086772,-0.0627208551711931,-0.305573102866111,"Protein"
"ABCB61",-0.788725721471435,-0.896566616081843,-0.565242095477478,-0.177354406276523,0.281477826844815,-0.104123420568294,-0.371164053930938,0.0981554386797949,-0.483826083607246,-0.0170090570028716,0.271868410230761,0.290953914626746,0.469189315792198,0.705366820778634,0.47119168264218,0.850475957799139,1.164723839793,1.04889330735386,1.31336142981463,1.27709264386824,1.27284604367318,"Protein"
"PLXNA21",-2.28731470217167,-2.12109867803436,-2.43742736682157,-0.286944180447005,0.0828032681894051,0.204140912257596,-0.385302467218057,-0.0896644430995117,0.0656799095716458,-0.607100447912867,-0.393429754161911,-0.396623449330203,-0.784113767883856,-0.570314401985559,-0.792043548111838,-0.658086958289591,-0.72569535875893,-0.818788218707045,-0.657594200164478,-0.746933172963313,-0.79142585827265,"Protein"
"ZWINT1",1.55756818269234,1.28026822820605,1.35689441365836,0.432605748046305,0.0448108118695583,-0.477416559915863,-0.140964854936058,-1.65717122699147,-0.128608059191532,0.984493528329024,0.266077195993393,0.455741954325379,0.123364180788657,0.480543513036496,0.792825389900027,0.145001477408735,-0.598537476410728,0.563468730638849,0.419559775993658,0.567129663569361,-0.135367797913075,"Protein"
"RPL101",1.5839813953902,1.86825479667529,1.60710904333759,0.038878313227837,-0.0791814660897181,0.0403031528618847,-0.231647097400721,-0.140075381106303,-0.167223624431291,-0.316785700987442,-0.0507682202292834,-0.0358462737241716,-0.273501652006207,-0.0730842851255495,-0.18481714356469,-0.541839336067188,-0.190167379640453,-0.252495897180903,-0.622529370942079,-0.429681424609537,-0.397910257823543,"Protein"
"CNTN11",-3.62975176591285,-3.63850868319529,-4.0112846319156,-0.0239218441062725,-0.0505546978088383,0.0744765419151143,0.532035156612768,0.431890000106133,0.474614734915864,0.775871728240549,1.00754976947439,1.05726629491575,1.24663926858932,1.24973893633919,1.36088342577203,1.51928770931585,1.69368232197007,1.86832988788992,1.88892588218527,1.86164875559126,1.79921399186373,"Protein"
"SARAF1",-0.14888192044989,-0.252736955724826,-0.277785718726813,0.0830636084015435,0.140870759886925,-0.223934368288466,0.190177264396928,0.596817583119917,0.470892618538533,0.712610619134006,0.935004021276677,0.620729125270303,0.765351507355787,0.989270367708551,0.919763246483607,0.782309115478759,0.820472890757857,1.00892572263525,1.10163625885348,0.791855028321441,0.828820110049923,"Protein"
"GCN11",1.10733166813366,1.12369282276961,1.27550479973469,-0.0468061081447875,0.00440861180892504,0.0423974963358642,-0.356275578113502,-0.278378152821139,-0.308541456364084,-0.550597650302828,-0.504666091236151,-0.59636909720235,-0.715882299774938,-0.688849790329053,-0.693580066262895,-0.830082783274838,-0.75088964174809,-0.824386722736184,-0.807750530531822,-0.856740983423334,-0.886347260806678,"Protein"
"NUDT51",0.377678399217,0.178606653500662,0.47817946544922,0.008699827479969,-0.0261831051134163,0.017483277633449,-0.290841654102655,-0.298227058200487,-0.21217539568906,-0.729321139597163,-0.693204453787262,-0.751006711942408,-1.09417748304594,-1.12507682376207,-1.24353137146962,-1.15387083153775,-1.54570998369146,-1.24165929067607,-1.26207919583819,-1.48495190653933,-1.40555648457455,"Protein"
"ITGB11",-0.816565594400611,-0.641889113861065,-0.850210040370552,-0.0677373799989844,0.0375366297107398,0.0302007502882411,-0.0661982003225923,0.010101542386888,0.00674544853271541,-0.354949002413949,-0.0109793100363227,-0.141034259357756,-0.514937393931451,-0.211994534696391,-0.461233292035981,-0.36931518161283,-0.509395008237899,-0.375119646391543,-0.334626794904604,-0.573248073961398,-0.503777751423339,"Protein"
"EPC11",0.618115305340908,0.611260143373503,0.213618228517838,1.16302431986673,-1.59496170294571,0.431937383078981,1.1506543489804,0.434079058682279,0.779105964179656,0.0258847968908569,0.647534249876522,1.44236214678825,-1.33079462014531,1.33795278210393,-1.21425889390816,-1.62722811865138,-1.78574321840603,-1.18283119463644,-1.135280489825,-1.833275681582,-1.10727785689467,"Protein"
"FAM169A1",-0.81251822532689,-0.607017022855473,-0.382038400742964,0.0632287098087581,-0.337472456194973,0.274243746386215,1.02092913601829,0.904804379053617,1.0335830252875,0.923200456179041,1.13368847032331,1.2966226741401,1.19114887465791,1.15571435794814,1.40341270930262,0.725917507193568,0.931188331860314,1.41992757788286,1.22192501410034,1.0772996646708,1.33595357223715,"Protein"
"STAT61",0.433472956628416,0.590929642160832,0.225441820763583,-0.198584564043079,0.352963016361732,-0.154378452318655,-0.216108767431065,-0.502520764928354,-0.155715298398347,0.455667727972477,-0.00980881867341488,-0.279399274704369,-0.499935389971521,0.208893331688808,0.36303493331503,0.617447985549417,0.938809850063665,0.392843066419099,1.00709756009823,0.897965509547939,1.1831326401881,"Protein"
"CTSC1",0.514125485798463,0.617403431202636,0.675255141660568,0.0851179088692398,-0.0822520662115913,-0.002865842657652,-0.405260081910992,-0.650321406824599,-0.67337008336305,-1.02312109572269,-1.05689235156551,-1.24467643755046,-1.71923552187932,-1.52364433264383,-1.59205776957109,-1.48499062172705,-1.94129765432234,-2.35201171804634,-2.48243159143587,-2.3237741875479,-2.51597800382925,"Protein"
"CLIC11",-0.799873968526139,-1.08705345143029,-0.765495670628308,-0.0184078578720381,-0.0911908610497854,0.10959871892182,-0.878322167755893,-0.713226976628722,-0.714232445618723,-1.00947355313464,-0.930355844438029,-0.988149479869495,-0.663962326032451,-0.823282522550041,-0.74167270861717,-0.522025861164604,-0.361190118671697,-0.86313873971039,-0.606746253360232,-0.384976483936054,-0.589328487248149,"Protein"
"KIF5A1",-1.38001034195105,-1.53092429746869,-1.63257557313166,0.0305679740075977,-0.0128558603733619,-0.017712113634234,0.352785190255242,0.319365802611605,0.41621400513163,0.804821070628604,0.653195010215741,0.70959494950772,0.902301906136815,0.705931669217568,0.67137020994433,0.860944916720635,0.587741114483515,0.812430530007378,0.846614075994575,0.647733141215996,0.717037801662267,"Protein"
"RAE11",-0.00521442211786471,0.112448425740128,0.000149575640600474,-0.0266496005487173,-0.0258572813120939,0.0525068818608094,0.174683186834075,0.0901703425552025,0.18188908805581,0.0252445671321571,0.10853540238722,0.145757733625773,-0.174227698290325,-0.0817603069091337,-0.0647994361637867,-0.301943729785291,-0.44803059711977,-0.360921085328032,-0.54304807470457,-0.653597651663736,-0.42750203214422,"Protein"
"ATP2B31",-1.00171235742009,-0.294075911546683,0.180556333039609,0.190008977905597,-0.215243622872427,0.0252346449668277,0.332932531748112,-0.0226315704760065,0.131273540420215,0.49003235705001,0.190774563370661,0.541799984593402,0.764159436768976,0.668492377429166,0.571251626883077,1.25598598495182,0.864932021919818,1.30162948908479,1.33054701755428,1.11670470727607,1.19289312789837,"Protein"
"MTSS21",-2.13825440631336,-2.8789185339322,-1.58761676542889,0.271712120590673,-0.0286382776244043,-0.24307384296627,0.901720913129109,0.833864608377473,0.752628938584449,0.965358790599018,0.890644999560207,1.21327470095476,0.891972423778933,1.16935109938653,1.17545807877775,0.753329046368476,0.958448564848689,1.07472838397655,0.969223361670315,0.74757172418194,1.09933963308885,"Protein"
"TCF31",2.24856990752203,2.49737452442206,2.24008222864475,-0.536663923394205,0.916283591902276,-0.37961966850807,-0.403137466414584,-0.575855872131051,-0.0402982615050185,1.62679204826241,-1.22053671686148,0.447418239944025,0.488377816867063,0.56654893494631,1.4674979096459,0.616357653960307,0.768273926273009,0.276816306874418,0.699912774806538,-0.349900339312279,1.0320610635156,"Protein"
"SIK31",0.627471463901793,0.848079243018718,0.413042276561255,-0.155721107802334,0.212055836742591,-0.0563347289402589,0.513905027538987,0.489920335490188,0.582223168974005,0.949507386668218,0.423321370608546,0.923557764649788,1.10152559761478,1.14793800372109,0.97073207433405,1.36139680605574,1.14007343248039,1.19019039490393,1.55481822189415,1.17628657867797,1.34022533561337,"Protein"
"SPECC1L1",-1.43243512214197,-1.30291782752219,-1.30339716585094,-0.0389413724516849,-0.053702777014081,0.0926441494657659,-0.0115861113912494,0.0105640042070618,0.0424578887380989,-0.218941673928278,-0.181122672135995,-0.175032736673913,-0.278669521975392,-0.28922555863948,-0.391874693691332,-0.449235472794676,-0.547524090162202,-0.427038294151053,-0.393850997553276,-0.743438900582799,-0.706667780167283,"Protein"
"RPL18A1",1.81736312151804,2.09288591927809,1.75529014851292,0.10314098927498,-0.0984554857916997,-0.00468550348328378,-0.266771877273417,-0.416375656696228,-0.426821350846676,-0.704119926968151,-0.569324791027338,-0.546424364470536,-0.768544346379773,-0.540823796294358,-0.864256144571588,-1.27941438754926,-0.931666049844825,-1.10805282972178,-1.04218544697464,-1.31132877859907,-1.37542322708373,"Protein"
"STAM21",-1.15791071571762,-0.941827099804248,-2.32851101872946,0.0867544187081073,0.0484285026195188,-0.135182921327623,0.206031435549196,0.373644579540144,0.181364195317425,0.354738152290519,0.248586149177736,0.273943703210474,0.265936108862231,-0.023893365143973,0.0250259920782447,0.161035275239318,0.0176142856232211,0.0844740998640425,0.150997532471326,-0.0124568666972245,-0.166621976884041,"Protein"
"DERA1",-0.652487324205351,-0.555893215248767,-0.474680528988666,0.077337656955196,0.0256611116619521,-0.102998768617146,-0.412062978966889,-0.531697415117927,-0.734530969961687,-0.758868783381923,-0.724872631211758,-0.953494855663868,-1.1666022510336,-1.18172707151255,-1.15151729994451,-1.73367165360727,-1.64251841988279,-2.41315041761592,-2.27454535048613,-1.14945802559072,-3.78669827621103,"Protein"
"CNTNAP41",-2.16945264306243,-2.11278654001388,-1.45382809721846,0.347578643179185,-0.0900043653359521,-0.257574277843231,2.30657119943382,1.84440992149729,1.71170110261785,2.18726010333932,1.86491013269872,1.65411340986292,2.07286478907809,1.72317368823586,1.24991161481748,1.97816958296018,1.52994627119337,1.18199619806567,2.09541753125528,1.14288997040871,0.875586920091704,"Protein"
"KDM3A1",1.24337082644778,1.19830041225727,1.17533098886769,-0.418966325236919,0.32655691315543,0.0924094120814871,-1.24079333725892,-1.06200860053434,-1.27033260771979,0.234463348968546,-0.704605198303062,-0.256210427942959,-0.322011129007828,0.185569238365595,-1.06403433884303,-0.678503462026402,-0.501154267431232,-0.319605490018885,-0.945552607305499,-0.96521184103519,-1.67388242974259,"Protein"
"CRTAP1",1.19377829050466,0.928197392976065,1.09399485838737,-0.0056458005190958,0.0293004327492294,-0.0236546322301319,-1.16632914875662,-1.30811688243299,-2.89888059399142,-0.977088970326557,-0.153218320520319,-1.82298123448245,-2.12734610650446,-0.497348562684214,-0.146797745420981,-0.206220611689455,-1.5897791901285,-0.481951340718203,-2.69640098696526,-3.35760052784194,-0.298805531928535,"Protein"
"TCEA31",-0.413891991469447,-0.631539930916675,-0.654724073730653,-0.0499516613266469,0.234619336470017,-0.184667675143372,0.0503364700036553,-2.56321183102656,-0.52527688144176,-0.155965210503458,-0.586236085030992,-0.498590600215588,-0.644485657769954,-0.573295084307537,-0.808751201650123,-3.24242381228029,-0.387185008678779,-0.0946547074441266,-0.72388540623969,-0.277477935840485,-0.288527427371198,"Protein"
"LPP1",2.2034351525277,2.42321128864058,2.17070892509129,-0.198998486975487,0.0729435777652334,0.126054909210254,-0.560928543507796,-0.761823952940343,-0.946772618295356,-0.41118232913605,-0.403619309854623,-0.555428123679373,-0.506142860276885,-0.204771076133756,-0.143304268286641,0.0715501980652462,0.0768979189329855,0.20778992615012,0.484247970576227,0.249635870911838,0.104030572807318,"Protein"
"BRI3BP1",0.012139210072629,-0.47756480668119,-0.177321958545985,-0.0437340463420171,0.0231444862993264,0.0205895600426906,-0.410890294984785,-0.720940460504913,-0.572047961406476,0.394107076126033,0.00987842025924479,-0.0420663521922862,0.283492426022779,0.0296787417538198,-0.0263077634476225,0.516235756497814,0.305734123989588,0.477011401974256,-0.149860789532223,0.507607004660219,-0.0742982378506198,"Protein"
"PCK21",-0.144292215245567,-0.110585508865253,0.0327810063366591,-0.111726401289229,0.054474714121941,0.0572516871672839,-0.697500134585258,-0.559200386288591,-0.530375310708184,-1.51104438724807,-1.30567138986033,-1.3523942812036,-2.07779771500432,-1.85297214252633,-1.87776902270731,-2.1623404977444,-2.1200144382167,-2.06919706471177,-2.16181544352887,-1.95217752982424,-1.99544972302486,"Protein"
"NTM1",0.26713342876959,0.0323858105870976,-0.435234030192639,-0.120087735699013,0.502578886088461,-0.382491150389448,0.829051277498024,0.969520989576369,0.642258582211898,0.964029241521013,1.45192735324809,0.966983190756858,1.48710348534184,1.57733510963321,1.14046790498046,1.40739531936,1.21222942538057,1.27486092440277,1.6483002883094,1.45920000740581,1.23178394080782,"Protein"
"STIM11",-0.684215909113121,-0.869197419202045,-0.986247096998408,0.0554269955956173,0.0772186036365277,-0.132645599232145,0.827671903664228,0.610800663191377,0.855860848248348,0.981460145623242,0.794927493863756,1.04462725940892,0.966337113828331,1.16876685335508,1.07116319298437,1.11566484493531,1.23544502646311,1.32045273220833,1.6801390522401,1.34196052661177,1.40523098217276,"Protein"
"ABHD17C1",-0.881530893172254,-1.07164256027441,-2.5810729332204,-0.224482432336337,0.0323285654485232,0.192153866887814,0.63276341343553,0.672269418850618,0.695320019037279,0.629263862807843,1.03665165605745,1.0871737797423,0.972607413539802,1.22326607403449,1.03139412938801,1.10639823217487,1.11385795737921,1.57989482559277,1.43983841062564,1.23955515777681,1.41733101811641,"Protein"
"NRXN21",0.618785250203645,0.662160038703727,1.4639734567309,-0.00857099143905948,0.14085614671666,-0.132285155277602,1.13845499083431,0.974245169453988,1.22755179984909,1.23412416389119,1.54283296239785,1.77048387870199,1.55792719593121,1.52510927782803,1.49818164933313,1.61935847168564,1.60560284030232,1.91449684553605,2.18665201879915,1.7535044649985,1.8349550949458,"Protein"
"RNF21",0.797186625652079,1.05443241515212,0.603678254694684,0.0375514903880418,-0.0190264292627251,-0.0185250611253149,-0.168009262910067,-0.0580284405572282,-0.0346026755745559,-0.543277031167877,-0.297332940945664,-0.486610265809192,-0.749292871105075,-0.557773878093135,-0.46144012916316,-1.16072396553786,-1.07990137034073,-1.01389522861712,-0.630135739697236,-1.34663249253479,-0.651195227415711,"Protein"
"TMEM200A1",-1.54019784332848,-2.00499487708219,-2.25521111178193,0.12642139737293,0.0343854741910832,-0.160806871564013,-0.781967551470309,-0.6119900028316,-0.745816419395581,-0.742805257117691,-0.756944540293926,-1.10291460779158,-0.935108927264402,-2.06314414301982,-1.1300323826692,-1.89727832623936,-0.824666569341062,-1.63131942765076,-1.29412241606206,-1.10281396676512,-1.52163376620721,"Protein"
"PTGS11",-2.27456139304886,-2.44621965941176,-1.96033335764275,-2.00768414258017,0.989667862408465,1.01801628017171,-0.593381293040659,0.268989732580513,0.616225996117199,0.624208460921514,0.486563636373242,0.680740529282224,0.168720043152339,0.700261721775332,1.26311902156579,0.821197044703185,1.55321791316518,1.37176487457087,0.631011976370095,1.66578806326001,1.61073345937104,"Protein"
"STS1",-2.89622760078984,-3.43599386923715,-2.98478585818727,0.122194858574446,-0.411438065893769,0.289243207319323,-0.930268776944981,-0.841212104998327,-0.560077921731022,-1.28453877480426,-1.46493543787855,-1.32476231903858,-3.80447761760843,-2.1869088554655,-4.43942759886607,-2.42901800036703,-2.98458423257608,-2.03342688602327,-2.45531914256487,-2.72227890725399,-3.60441141588907,"Protein"
"KHDRBS11",-0.306273089602108,-0.162627055798524,-0.431804231671336,0.060953463112007,0.0436220566983536,-0.104575519810361,-0.0796388272344331,0.0138511703418303,-0.175523962134207,-0.836367042898701,-0.473328856309294,-0.429930480615887,-0.951152957976355,-0.559837892498727,-0.924391259774247,-1.29004454242428,-1.13971062319436,-1.13418461754299,-1.57579735756946,-1.28946981782782,-1.47709142328157,"Protein"
"PSRC11",3.30043929716118,3.44769057672008,3.10227749822038,0.188883940180169,0.43534169580332,-0.624225635983489,0.229055645692753,-0.45773026029419,0.174464067821612,0.95546715999051,-0.582305623106112,1.28430874014879,-1.04356848987923,0.543692432909166,-0.155218752390299,-0.459892768093884,-0.190602929804069,0.121832091940025,0.0756307175880533,0.0399797833710895,-0.502986959560737,"Protein"
"UNC13B1",-1.51282648286018,-1.31938965659402,-1.6410058727124,0.156165430253596,-0.120062918223299,-0.0361025120302987,0.168045452259276,0.240738492138759,-0.0424957203556158,-0.147036592983701,-0.22286244445794,-0.125756434882758,-0.496430557238257,-0.302096908381275,-0.433962970304412,-0.715286196154432,-0.574199325266948,-0.633531111707347,-0.827971578865666,-0.889924986241072,-1.00119867663246,"Protein"
"PEA151",-0.444684239587113,-0.826695903761932,-0.398293918619808,-0.0959524936501044,-0.134551789481067,0.230504283131173,-0.378608369542361,-0.491535953357351,-0.225282712783271,0.0104817194704072,-0.140755437270856,0.212651076041437,0.0898311213969141,-0.27648145425192,0.443870568514518,0.350428053962625,0.47973560396486,0.433351025035089,-0.0869875760083207,0.67343414667233,0.804130908876255,"Protein"
"PATZ11",2.00736719445242,2.20202685648504,1.88213693546886,-0.207808610350193,0.239685787397567,-0.0318771770473756,0.257299426353599,-0.0524164182748361,0.0783738903799414,-0.135382488762263,-0.116143628946078,0.211980301938622,-1.30564628170846,-0.559939879052378,-1.1683138522126,-1.73295215675171,-0.914675252402832,-0.511501406778835,-0.644648489349754,-2.31269685246384,-0.950837462491812,"Protein"
"CTPS21",-0.152992399290088,0.0214577564448994,0.00986618833620057,0.0151950443378688,-0.0357150977863476,0.0205200534484753,0.22744611777237,0.262008231921012,0.253600337796296,0.0521634180884369,0.154772162697459,0.0844052311306918,-0.0390015355899358,-0.00438247124870728,-0.0407408614949851,-0.174038599119282,-0.154736513223245,-0.223041321335661,-0.23040599727592,-0.311721006480024,-0.375195009226996,"Protein"
"CASP61",0.910786593260609,0.795092706459178,1.61307153208575,-0.652652520779148,0.589608881985837,0.063043638793312,0.624463126656776,1.64119208432768,0.237245629661032,0.868326568588675,0.209942943076264,-0.374332965970064,0.0525802532418513,2.050323171572,1.32480994500402,0.617082432400005,0.471581663950813,0.0871670090985806,1.45110291174849,0.398960799033928,0.889209550021388,"Protein"
"MPC11",0.674217301370925,0.20301485565858,0.388600885323699,-0.727321821525166,0.466670828502679,0.260650993022487,0.661652193912142,-0.0143182715290813,0.175588083626646,0.85914710215739,0.528420207037072,-0.0730296281268146,1.62121465539349,0.757240032412184,1.81811727924338,1.57313918270112,1.97837918677776,1.25804917751443,1.20849064621484,2.36487202493755,2.34504552539852,"Protein"
"DPP101",-1.15165783447011,-1.44385074045625,-0.965428813233581,-0.388199069073723,0.0235516743713564,0.364647394702365,-0.205763380420835,-0.280118303367663,0.381269642514573,0.330739067696127,0.0939688699041827,0.560040089454303,0.289752793110805,0.195190656239022,0.421853471260055,0.570584532867146,0.505282199691527,0.866934826932686,0.596855047127276,0.522679331791077,0.61622923650034,"Protein"
"NCEH11",0.0267764608272163,-0.287229002394463,-0.992635352965888,-0.00454022219755323,0.0788756887664785,-0.0743354665689235,0.341756588439429,0.376177189398801,0.494042439952947,0.711921650061084,0.499462640081921,0.76383746037301,0.809218739407042,1.0496083284494,0.951539865156525,1.20353336510913,0.974768180517382,1.17233982203093,1.47937125963598,1.35182145252825,1.55884939000281,"Protein"
"CABLES21",-2.38794114651608,-1.38130542653331,-1.46626714113993,0.76569254913178,-1.2591329960617,0.493440446929919,0.976595214237529,1.21595214362628,1.40264718957761,1.11114699897002,0.884976461612615,0.656435297640636,1.03546551300503,1.25908189678828,1.11329475968178,0.895707588650021,0.983810598902965,0.889354126709941,1.13115092023861,1.4193359574128,1.05078331552341,"Protein"
"NVL1",1.22493498792825,1.20197121231673,1.31408592006999,0.0176334671202145,0.325392696377682,-0.343026163497898,-0.4923655242303,-0.295672138624218,-2.18075295380429,0.562219167953193,-1.05215217921344,0.281203954967788,-1.95730638957693,0.0834288362151945,-0.343702997559117,-0.891701175059746,0.302571946192915,0.00528730176579195,0.229489119019684,-1.6674419208894,-1.5213346844858,"Protein"
"RAB6B1",-2.6630439213055,-2.92197303813823,-2.36077612220271,-0.0099604387973109,-0.2133812707951,0.223341709592408,0.0980229453220609,0.222802986489679,0.280070011498172,0.131439182853629,0.133315478602487,0.153107674098482,0.372263040042615,0.114966803522766,0.320074948648742,0.34111359144838,0.358016206546413,0.214935487275884,0.177845542364455,0.392381924725736,0.394520180579168,"Protein"
"VASH11",-1.93014913724583,-1.55254940423396,-2.18657691749935,-0.0441698814747244,-0.00861499135527133,0.0527848728299976,-0.428706370842201,-0.365648923158348,-0.68147351183338,-0.298874725568984,-0.660339213930227,-0.50113734699069,-0.503566288527063,-0.587223640131702,-0.585803083010992,-0.436506250645062,-0.492425078898313,-0.319007028990031,-0.157251253352756,-0.570073372043046,-0.609773820631178,"Protein"
"CHGA1",-5.54829032941912,-0.233613441486593,-3.79320561071735,-0.452804589557775,0.11017442326823,0.342630166289549,-1.04603437762789,-0.327718490871515,-0.307475420037147,-1.53177043598393,-1.17082077439429,-0.986039731918911,-2.14466415744302,-1.87419193619388,-1.59890564385327,-2.14783456976395,-2.18657584359058,-1.89645368632348,-2.52268315310577,-2.64076019932187,-2.43209887551074,"Protein"
"TRIM721",-1.21852081656405,-2.05996764961669,-0.979572877501505,-0.917852521901581,0.33559747966237,0.582255042239209,-1.6769241052143,-1.01673459556669,-0.657317058983187,-1.21853788186169,-1.62557811979079,-0.873288026340456,-2.10368415343361,-1.84743346677265,-1.18992534898353,-1.03540142343417,-1.5431286215098,-1.06690053547547,-1.40923713814515,-2.1431269421053,0.0780854392847754,"Protein"
"FTL1",1.29215501427077,1.19999159465734,1.43483817225157,0.339378625231973,-0.227104206752788,-0.112274418479185,-0.18971635962739,-0.411692330071201,-0.425572552294177,0.228382109442403,-0.218574053001134,-0.193488612863259,-0.306679020614339,-0.78973313672968,-0.667644780730537,-0.40055731561165,-0.745790413318101,-0.572797948089907,-1.13331501311657,-0.78751507932472,-0.810163251269792,"Protein"
"EIF2AK31",0.369944490531676,0.726408428916358,0.222302490785196,-0.00204534307398063,0.227202934602015,-0.225157591528035,-0.049244684101744,-0.204210900579934,-0.145920595650349,-0.248916247543175,-1.02351221070273,-0.220644225137612,-0.699738413082613,-0.519853462700453,-2.08403029056509,-0.50220348452012,-2.21619022551055,-0.260968735635057,-1.72832705517094,-0.753574207423092,-1.02371069830317,"Protein"
"SYT131",-2.54761940451121,-3.69722225917576,-2.94753020371555,-0.296871183619686,-0.0139353734563663,0.310806557076052,0.323379741176993,0.252892674824011,0.581872046503129,0.407330775492401,0.448071834422791,0.462643001159037,0.379801005172492,0.379803747889554,0.315083048001057,0.615849618161054,0.359402851726813,0.58915519193172,0.439733842052974,0.325712146037343,0.543900957061549,"Protein"
"CLVS21",-2.91971842271824,-3.43304795201595,-2.38379505582562,-0.0645593423940074,0.0263993791116608,0.0381599632823484,0.256766130298578,0.247614094403383,0.511391082475948,0.699692794827831,0.947599204598463,0.766350842715541,1.15120975194808,1.25064561695806,1.3129477172306,1.45017124638331,1.5169245865489,1.58927022424407,1.29479808312332,1.75286987255839,1.5280549922822,"Protein"
"UBE2L61",-1.24940608869411,-1.32883111890088,-1.064086141971,0.0810891607611417,-0.0460863471052058,-0.0350028136559359,-0.571085011820074,-0.658900352713236,-0.59066232305884,-0.671240016340466,-0.735560392510759,-0.91054394840959,-0.713155345328893,-0.814569600153352,-0.84634976356099,-0.843642371309208,-0.936592286099824,-1.01897194912416,-0.851721010151802,-0.587858761735578,-0.864820894230618,"Protein"
"SMAP21",-1.8860797061286,-1.56236577624076,-1.29868154874588,-0.0802359663966516,0.104793399844707,-0.0245574334480576,0.302755316039933,0.38981808648745,0.411290773520561,0.326291386323911,0.414048541940423,0.537098039333044,0.454110110380489,0.498262505546821,0.623850169492332,0.549846514319105,0.244142467351042,0.671685852049787,0.726976996879923,0.627620449314211,0.75505760816117,"Protein"
"THOC51",1.4926427798816,1.21860203757897,1.36827848530863,0.131799245593593,-0.401074314716441,0.269275069122846,-0.0411369365759793,0.321098181462284,0.0977979111269729,1.35899962368713,-0.011652966321746,-0.126574279107478,1.19131039393921,0.342100199463358,0.506050701940227,-0.0161451976847804,1.12014887791024,0.00055054960890466,-0.156071008059348,-0.41908464608985,-0.151469008563376,"Protein"
"DOCK11",1.95983263358888,2.0672145210732,1.9303834251482,-0.442150012451393,0.675423260894929,-0.233273248443535,-0.113225803588492,0.00490772702694464,-0.686191022353199,0.204475613421833,-1.21552846941048,-0.312071841045338,-1.21767329612181,-0.945499551502747,-0.304114780378413,0.275563442659363,-0.910487802221361,-0.69806901761727,-0.485428950426151,-0.606627894809419,0.165798457908467,"Protein"
"NID11",3.61453716811904,3.88456591774956,3.56849994641627,-0.0286920298278162,0.148038700672299,-0.119346670844482,0.393018933569156,-0.68894384047999,0.102497105086652,0.619495998540941,-0.533995717626091,0.239901318879692,-0.183063333618527,0.507017845375898,0.162742043187119,-0.040362786396539,0.108066397810909,-0.0922323459031986,0.389145859189963,-0.255422126122795,-0.0018051949641027,"Protein"
"ARHGEF91",0.671434167737594,0.730330424085611,0.660636001933469,-0.196164226669641,0.164483472126797,0.0316807545428439,0.194927567177153,0.154702184838165,-0.0442333246990039,0.552058582783967,0.22420411296515,0.329074681069098,0.528558758999335,0.529004954350309,0.740424408429764,0.754104218353707,0.823923934420542,0.708874906739176,1.01732958961658,0.901263192164599,0.829271676958474,"Protein"
"LARP61",-0.55605244786325,-0.161106293385691,-0.523014324968978,-0.373618348353657,0.244042253652603,0.129576094701056,0.604588016215926,0.807081932056386,0.421255300917045,1.16936917830561,1.26409022062315,1.14615895330615,1.33708411049676,1.65394957145397,1.66374748308545,1.60979826569817,1.72828857775188,1.6438805419798,1.38532675260736,1.71556459790766,1.7172903479453,"Protein"
"DCP1A1",-0.923973044651509,-0.816397569049085,-0.90530166075637,0.0407347271211389,-0.0179164879551106,-0.0228182391660265,0.0799915756565408,0.064340548006518,-0.192767646636449,-0.122617872013633,-0.136260870630844,-0.0138736762605181,-0.240344064317002,-0.0202640666702028,-0.197405102702129,-0.404994363808166,-0.269113945955374,-0.479351769755686,-0.455890425574518,-0.475282385662874,-0.537780392904041,"Protein"
"SNCA1",-1.42979252876621,-1.58209182307899,-1.39864400989067,0.0967874625786074,-0.132104585619572,0.035317123040965,0.968413663126638,1.09348510681761,0.877182996805306,1.1890988882464,1.32177482848519,1.37962340242932,1.67259680994048,1.67342558512111,1.79741561757554,2.0658965094449,1.94565192106986,2.0880439553608,2.21918292392362,2.15936646367905,2.4861134260769,"Protein"
"GEN11",1.00790292761796,1.29935874010045,1.10063593430657,-0.375005749677035,0.300594482684792,0.0744112669922412,0.289318256828206,-0.617030154911969,-0.525577738534796,0.298775743029928,0.253725585652429,1.56316946564488,0.572385179304934,0.399759930714414,-0.118033344285832,-0.360692253550724,-0.912643573341136,-0.465827201964753,9.46953819678242e-05,1.71600734637499,1.55670426602576,"Protein"
"ADAM101",0.0868629198917734,0.305702831250505,0.150396735446799,0.0792983664194242,-0.0405272247880344,-0.0387711416313881,0.388522647755547,0.235985638376929,0.309029592994088,0.209094611254224,0.169290856472225,-0.0477375003792968,-0.0156342284789002,0.00958378886936906,-0.206182383027761,-0.0830763597372108,-0.326163660445195,-0.287734329682239,-0.259388338956212,-0.423406201170421,-0.454962607091003,"Protein"
"DOC2B1",-0.622327950412208,-0.756943691346724,-0.16450058258903,0.12894313470284,-0.193816674466516,0.0648735397636742,0.114812142635,-0.788059264325822,-0.0969900195740898,0.647775696383171,0.21572447060273,-1.13162665102031,0.718250812196864,0.620116646927926,1.18827930489762,0.323283270969135,1.21451910206102,0.696092478867058,0.909131584348941,0.718921339652926,0.911405862734743,"Protein"
"PLCB11",0.054593647860278,-0.333200179916878,0.337095254067632,0.0155202257469984,-0.108802302788712,0.093282077041712,0.899420671450104,0.9864196044936,1.06959878975035,1.23387171133493,1.38335792725119,1.50382047964,1.46400562973494,1.69613525882536,1.61771774139168,1.54701940357685,1.69891981687057,1.83512191363392,1.70539217459164,1.76344245528657,1.87913873194655,"Protein"
"HK11",-2.11087409540631,-2.03850441845842,-1.83865646154505,-0.0730595084539409,-0.147936791582271,0.220996300036209,0.571285003083776,0.513063026788441,0.775029753697542,0.722016341604284,0.944234454764381,0.871430273262622,1.18439601865998,1.1649883129961,1.34597472953777,1.36667422259399,1.50355026527107,1.45907162412338,1.45644937326699,1.69457706927205,1.77747035335388,"Protein"
"RFTN11",0.303551961623437,0.529265960184402,-0.111642769955798,-0.252567502282625,0.395527913783271,-0.142960411500644,0.461518931206415,0.255044796166365,0.184376369909552,0.703509786826883,0.22334013913988,0.36578874332846,0.0238746493159905,0.579327718918462,0.527811342979346,0.482967298235712,0.630976549283437,0.724720745804875,0.800382383146575,0.773048839264971,0.532975482239694,"Protein"
"DDX61",0.559602436302658,0.525934960290098,0.650620394970094,0.0205257110998183,-0.0200054255000914,-0.00052028559972328,0.2051750430625,0.184705138994321,0.0747399923650285,0.142199605111355,0.244916975147714,0.254721158529978,0.279014569633691,0.203775585623024,0.0356277200176685,0.00983005053174324,0.00160411752089473,-0.0904891838851363,-0.0552484545267156,-0.129328542449688,-0.11908565735931,"Protein"
"ST71",-1.25938940858496,-2.27298247745121,-1.72168769341003,-0.0301134359551387,-0.262664474285787,0.292777910240924,-0.219537616822775,-0.222427947354168,0.203008624751414,-0.118853332060253,-0.0345983788330937,0.264710198735342,0.104132147016402,-0.01211819028895,0.404867489774484,-0.29166383703115,-0.290449089825442,-0.229774932170484,-0.225265391069497,-1.17870954418385,-0.117682873389638,"Protein"
"CDK5RAP31",0.239390731157703,0.176528509140505,0.3466831129686,0.125710229519319,-0.0156353097177568,-0.11007491980156,-0.235814066524801,-0.202882959407281,-0.200561810598453,-0.0642508825100148,-0.300363521264609,-0.098011981705417,-0.216876072153818,0.0263238394313401,-0.122403896660758,-0.160714996356434,0.0407585320837907,0.0765088485953935,0.101277733581901,0.0182034427383631,0.182755837325436,"Protein"
"PTMA1",0.641678051315626,1.07756347180744,1.19815396575041,-0.538764183063094,0.0486187218745542,0.49014546118854,0.0184348492010322,-0.191312159555167,-0.377226988574197,-0.200784618335231,-0.917527400215583,-1.42821479349722,-0.653117808291448,-0.788033950337933,-0.197045542822821,-0.865927953973308,-0.62304849780854,-1.44480616183119,-0.555618313855021,-0.685291980809321,-0.873370979303683,"Protein"
"GRID11",-3.08084237713917,-4.22819579711259,-3.4980136226975,-0.183303975960813,0.105004692003162,0.0782992839576497,0.431601556200198,0.803972550960586,0.456184800252798,0.493503418414546,0.788644389155388,0.611150132774851,0.742685048946944,0.844501970308309,0.812206127080435,0.837105324533008,0.844359851128827,0.870633226864813,1.00489633979492,0.884559960828758,0.936138735409882,"Protein"
"MANBA1",0.884822350411138,1.05759659626711,0.907750272571985,-0.0176479031188261,-0.00832191889976919,0.0259698220185918,0.587014631912364,0.41467660719562,0.567406394778335,0.69743322645699,0.703383015259913,0.680824691667187,0.612096211217189,0.810972400856567,0.552303447892715,0.813895878473527,0.520543364775481,0.603154022144526,0.806019310242593,0.63143645536832,0.606937435255599,"Protein"
"PDE2A1",0.059598870870575,0.358702561485762,0.48139790503568,0.344157784662714,-0.215933758785249,-0.128224025877467,0.469936569996902,0.249968545814243,0.243685224583485,0.410801832283193,0.33110716576863,0.308814828887792,0.294620663324805,0.291097828033687,0.287632124675943,0.399581607834795,0.425883755918052,0.569150382591081,0.532943969977383,0.477491053612214,0.504259356677226,"Protein"
"UTRN1",0.412937423835704,0.444920889474364,0.439297288645413,-0.284756503458581,0.0323272280399394,0.252429275418642,0.705840884766264,0.905634092643766,0.907656582807157,0.854175654441232,1.05744041889576,1.00428759322426,0.592839115740514,0.786148900519386,0.912446667947425,0.61553989189337,0.731347452981328,0.861166252382887,0.582103653217864,0.550725171537589,0.559256432290262,"Protein"
"SH3BP41",-0.207359472625384,-0.395711586754427,-0.00500487036870823,-0.0346290383592951,0.128373104900014,-0.0937440665407188,-0.588507196720819,-0.906822101419536,-0.701757292753474,-0.54446473581087,-0.982719874670046,-1.04720838358954,-1.67411298494286,-0.691388243938878,-1.10746455495443,-1.62682886117112,-0.842503618686948,-0.833594996519711,-0.654975111198574,-0.923536763789539,-0.703758715483907,"Protein"
"PRKCI1",0.34521060229352,0.418356426037631,0.17404842023484,0.0159699906296993,0.0340125113337422,-0.0499825019634415,-0.597031913259588,-0.72786829707853,-0.705279709088806,-0.563997863401102,-0.336774897644347,-0.553695277087282,-0.186773972631858,-0.279840439097029,-0.210044840954755,-0.464611357725833,-0.348274457160997,-0.378360280783742,-0.295968648622683,-0.150923539119685,-0.543529583146238,"Protein"
"PCLO1",-1.61013420925781,-1.95062050296719,-1.10139417131706,0.0123598055883285,0.0198779654049765,-0.0322377709933086,0.635440335941293,0.481951039884311,0.660934603994715,0.460206400536631,0.69073453526288,0.958107964369621,0.859345470971629,0.977906933553871,0.956639727990986,1.10533498150587,1.04929810655436,1.27975101389697,1.33000424371509,1.27037683605691,1.49796161074565,"Protein"
"SECISBP21",1.56313641131563,1.68468093464873,1.54393948907638,-0.965218252835323,0.402217621675712,0.563000631159612,0.582774105833456,0.219012877760305,0.249006658999297,0.0904527138588218,-0.340229883049536,0.715305922256038,0.219316471385925,0.434990262142064,-0.260367490638755,-0.0358762402747264,-1.06777638280012,0.205274894421448,0.409774873110878,0.112649421098405,0.364712266573056,"Protein"
"CNTNAP51",-4.06805154717979,-4.05516531907618,-3.67642295719186,0.229410059527423,-0.198518873842323,-0.030891185685098,1.7641822951034,1.28222319549834,1.39159389139508,1.91453201943204,1.76480778925935,1.7536146431608,1.96079577957405,1.4837738886296,1.50897133152981,1.67013573346774,1.35577367470021,1.58040438078051,1.73869749418401,1.32907303130044,1.37134356289935,"Protein"
"MAOB1",-1.07136056322692,-0.897756790945872,-1.15906913799865,0.0928205554900412,0.386604712372963,-0.479425267863002,0.85543640739281,-0.39355647947829,0.659846334329858,0.737111225103474,0.330602089568474,0.413942456397082,0.71853279697075,0.806250906804943,1.03620640079347,0.844076659928744,1.285813097833,1.3612222138633,1.02117363417239,1.02687734324472,1.62550622625092,"Protein"
"BLMH1",-1.27500868424835,-1.69453465170323,-1.31513379849907,0.0900601470389155,-0.13244659863636,0.0423864515974479,0.17578156389698,0.27171977243226,0.0260998233556045,0.0937684237477292,0.172763302476181,0.0169383830608787,0.243545644859513,-0.12076339210159,0.0445741294611572,-0.158805458114802,-0.2468262242385,-0.291176956072345,-0.477089049364547,-0.394996815463269,-0.493741702449103,"Protein"
"MPC21",-0.926218807242995,-1.13691428054875,-1.56919523290667,-0.0322029032491375,0.115347771921355,-0.0831448686722194,0.216796352376688,0.0685975055971095,0.378751370303439,0.822712043866519,0.752316276704546,0.804425287977567,1.14661290798993,0.979674496337319,1.13476072478194,1.57309131226853,1.66494962579496,1.51515610653387,1.50646310576537,1.86528461927622,1.85235708772803,"Protein"
"ACTA21",-1.48831541811861,-1.6328998099244,-1.44229359307741,-0.000429396647216862,-0.0507762299795864,0.0512056266268068,-0.0381631827725748,-0.119547848450292,0.113495491191475,-0.492838755470931,-0.130388631319018,-0.328661268655832,-0.473360014562676,-0.487675226115574,-0.568041319380111,-0.440218530913175,-0.754506957319375,-0.488296911573098,-0.633238682843977,-0.755809674184814,-0.92196098415052,"Protein"
"CELF11",0.348774687986282,0.395195300530577,0.517058044507184,-0.0852479080249573,-0.0217856702258494,0.107033578250803,-0.295067297093373,-0.203196922985828,-0.430466095492529,-0.576879676730838,-0.497300839275001,-0.668590779596338,-0.669083558333332,-0.511489047014409,-0.561260109014389,-0.966047989860508,-0.897452407435845,-1.13761644962178,-1.09394966263596,-1.08316293833812,-1.03609424464201,"Protein"
"OXCT11",-1.60879656570226,-1.48165979161172,-1.69809083627305,0.0222635284314272,0.0125780032194847,-0.0348415316509154,0.576179894485445,0.697679414458836,0.67727230094086,0.841412694143454,1.07028684529088,0.949623991899646,1.30179812010266,1.39871908878289,1.27908282209539,1.56244366256314,1.73556208884392,1.68487867674618,1.85959229590566,2.06350134245872,1.97251420732713,"Protein"
"UBE2G11",0.588513195535512,0.4620218692774,0.486653161107014,0.0939661950226167,-0.203201475188218,0.109235280165599,-0.0784688524967567,-0.0344600017857797,-0.171395970675446,-0.135826238567921,-0.0169354320188173,-0.191701656941317,-0.279158459174196,-0.269654417685748,-0.28619684658773,-0.306744124186435,-0.570652067695187,-0.4486181520257,-0.640915378223989,-0.300675063895985,-0.481009225975052,"Protein"
"NUMA11",0.398688849685955,0.481150369919744,0.258917065246939,-0.319153274724892,0.524810605977985,-0.205657331253095,-0.613546595278956,-0.232336106180812,-0.472119514280047,-1.00561279928693,-0.669922176500778,-0.974986753883352,-1.24285524105611,-0.973361815060018,-1.2073837057124,-1.13759468462299,-1.37272001298919,-1.36282385596324,-2.10244229249906,-1.16653426218561,-1.29437944142669,"Protein"
"PRRC11",0.0897193044837401,0.104556186444572,0.218699884577124,-0.0357390939764777,-0.048093156902592,0.0838322508790661,-0.00745594893926338,-0.0562503055332009,0.0758138012716749,-0.101485333571578,-0.105794491653963,-0.221682136657225,-0.21599648293645,-0.284858586207331,-0.177129952751233,-0.392026325278598,-0.351342184004057,-0.395187877324409,-0.474780925500509,-0.655021278605206,-0.503273621752038,"Protein"
"EEF1A11",1.04145072393642,1.25394783357315,1.22889538568359,0.028787664219017,-0.119957849979507,0.0911701857604896,-0.132278872203131,-0.173975976727071,-0.256827483834172,-0.446454731288085,-0.221803607496632,-0.225496635772942,-0.309811293687183,-0.237799870831893,-0.346997533647077,-0.762492760529035,-0.549172292348196,-0.657670958132165,-0.640699544287919,-0.77768693501838,-0.910298531430342,"Protein"
"TOM1L11",2.19271780236665,1.85928282111253,1.99745531002181,-0.0761723154053104,0.241303927380953,-0.165131611975641,-0.634866946251149,-0.488647400985762,-0.364093958457646,0.763172487385274,1.11788162405961,-0.595964224124298,-0.108444726691479,0.442099264091897,0.730258114969226,-0.650145579125404,1.08656419468159,1.07306340711826,0.47117203473319,1.90137978902517,0.338253300960615,"Protein"
"CDC201",3.4277165327534,3.49614513213639,3.4039674452507,-1.48019769637096,-0.375506847882171,1.85570454425313,-1.01343006357447,-1.53656265045116,2.34150551861399,1.83619950149244,-1.36227166816637,-0.385768225281547,1.51066363800742,-0.551024942201222,-1.21985637683141,-1.17601753727147,1.00666339734716,-0.0647332752794956,-1.15086484565652,-0.482840373915513,-1.93630110227513,"Protein"
"RP21",-1.37550620752091,-1.33705754975493,-1.42680814375303,0.0177549473472425,-0.0127695745550938,-0.00498537279214872,0.0268073088197873,-0.16041251765963,-0.198470667190634,-0.447752026180314,-0.347753868573843,-0.418306812445806,-0.625648925571895,-0.544135253037684,-0.501989428389557,-0.726525434344119,-0.639163844327729,-0.697020711104546,-0.626527380584189,-0.863681102116338,-0.971064793961705,"Protein"
"PHF61",1.02194934988004,0.948634135336476,0.836218969217111,-0.0234768446460052,-0.0364685574234898,0.0599454020694949,-0.125152406448898,-0.215827039282413,-0.250774348543061,-0.529138808082219,-0.582735344198827,-0.636484329362283,-0.859836107938442,-0.708686578634442,-1.03636555913154,-0.662056556760259,-0.910900189394034,-0.718382678967732,-1.06821272723573,-1.22894915316071,-1.11320705681604,"Protein"
"GCAT1",0.33641730828837,0.303295892567755,0.3365105494953,-0.257334342808472,0.22690052725593,0.0304338155525432,-0.351077347062793,-0.425113489483321,-1.11167020530149,0.197590277387592,-0.219592418514358,-1.27105166034975,0.554011105708037,0.392790937726799,0.28893432889887,0.604496074010468,0.871940540627113,0.373717050749304,0.632158017597872,0.847307633986032,0.865021221577509,"Protein"
"ORC61",1.26218186978422,1.55292656286348,1.30187261199779,-0.0506086627444979,-0.105115678210094,0.15572434095459,-0.166952429803761,-0.496973467216268,-0.60710399821504,-0.647368812781258,-0.680340042219813,0.740946796329723,-0.901218515666312,0.465146751085094,0.393540084337067,-0.971037003238228,-0.509483487868305,-0.184013817649181,-0.216762079374616,-1.01556379339686,-0.760123235318918,"Protein"
"RPS191",1.55579968485846,1.44127743729448,1.49479432546095,0.0782905334532877,-0.00490464926441447,-0.0733858841888697,-0.346460621714943,-0.334836985968128,-0.330868593842698,-0.307631888760039,-0.259743174536855,-0.294276794773918,-0.323414176097376,-0.33275787024392,-0.35936653431818,-0.34736942055363,-0.438045298453059,-0.348535418530791,-0.652171819262239,-0.571304422253046,-0.526295265286958,"Protein"
"ASPM1",0.0942633541286604,0.324297905130251,0.124279208208549,0.872053871080777,-1.01100086287972,0.138946991798946,0.32243408749305,0.186386402655334,-1.02419765772395,-0.470009941141628,0.0156639740732594,-1.32556538673316,-0.114817003585241,-1.89947899958856,-1.26309763226619,-1.35271931865861,-2.31396912972144,0.422738089400692,-0.632602516832767,-1.21342344090581,-1.91800490219703,"Protein"
"STAG11",-0.346407520059209,0.314432090899665,-0.0240900824231574,-0.270319522872022,0.306375790890495,-0.0360562680184735,0.0271812928706012,0.22867228387107,-0.356661057391612,0.242220711067205,0.449246170627564,-0.00665600992957494,0.227875703941123,-1.60151661494587,-1.18939900195078,-0.0829859870476142,-1.66908824489933,-1.23981369870054,-1.3267472728,-0.327035701122496,-1.33717295610588,"Protein"
"CIAO2A1",0.487789033425663,0.188247141577307,0.386217981826938,0.184601588767215,-0.00104169831141832,-0.183559890455797,-0.659128842065861,-0.290854374975581,-0.362370561167467,-0.120102573800573,-0.816270873833794,-0.0892360191006176,-0.869542830524484,-0.353426561212817,-0.411167579927234,-2.48115560717808,-2.52062596879511,-0.394535345168222,-2.49232445983143,-2.49950818772099,-0.85925978542728,"Protein"
"DIP2C1",-1.36094135448552,-1.29862923215821,-1.30001052996929,0.172227946043632,-0.204597160472501,0.0323692144288703,0.876341487650633,0.525346379052243,0.603566716656379,0.917322471225754,0.668780463610572,0.911443360614834,0.935177481674627,0.833891570105807,0.700381875803403,0.872390914793138,0.785806647243126,0.859543231089477,1.04576501903132,0.622016197456711,0.759022760555991,"Protein"
"TMEM35A1",-2.73680755419884,-2.95969215039482,-3.13408593489568,0.138956483363893,-0.0554002700289491,-0.0835562133349459,0.287659015582134,0.237988205111778,0.323285122051997,0.666392078740559,1.03855528324448,0.883504758686241,0.974454358009316,0.737272702547424,1.46361752018912,0.948320235524788,1.27541515234631,1.19089540122079,0.967545991037481,1.34626947935199,1.07606282984066,"Protein"
"SON1",0.607416062385489,0.775605085370195,0.581962371464176,-0.0684275556085048,0.0433226515371459,0.0251049040713589,-0.230752518646067,-0.347396091667335,-0.249592282797959,-0.634744032874231,-0.578238111931036,-0.459064835603126,-0.908537464996172,-0.610476196707044,-0.681581242262798,-1.1133314218909,-1.12067326022477,-1.11623329906474,-1.42687045542259,-1.32604396304363,-1.00436984118356,"Protein"
"PHF241",-1.81179702133915,-2.71721313397381,-2.5140390217926,-0.253782110199142,-0.219473140846512,0.473255251045655,-0.0972620804941844,0.263702736986835,0.436952796734866,0.692771461381779,0.975571690606662,0.867196540167784,1.36947787202328,1.40311247910894,1.63953811307751,1.78816403780879,1.62843142683412,2.10190480677304,2.10329473168192,2.16221129589317,2.35521863331547,"Protein"
"KDR1",2.59888832331269,2.40265102144401,2.20132454163154,-0.390659703683403,0.926830367557979,-0.536170663874579,0.641082587773356,0.658332370358107,0.575761965859247,1.14907128573612,-0.0919896413766175,1.24702935726888,-0.0922793511801494,1.05852210172807,1.49241725020124,0.404958510475428,0.485137723542836,1.8432352178805,0.428861535587055,0.796847376806975,0.7338488697541,"Protein"
"UGCG1",-0.853103728107397,-0.804736844083907,-0.927404230851165,0.150074887273899,0.204435673775283,-0.354510561049178,-0.148411705773999,-0.188920927676509,-0.159084238830996,-0.243574739150187,0.0467191782606555,-0.545808028169443,0.0647940608225319,0.210527160209754,0.176715933146806,-0.0374732323716067,0.201497987584016,-0.437977219993446,0.0313464752525299,0.205103142544854,0.0358817580789896,"Protein"
"PDE4D1",-0.107010296073625,0.277222981760278,0.436659956816863,0.57394044646801,-0.0960131447576611,-0.477927301710347,1.08750450719261,1.01863707465187,1.31189414740894,1.12159767776542,1.44663097726902,1.42979145136011,1.22633356460278,1.43309500439458,1.44355510933219,1.01993700424943,1.55420620361147,1.81323343106312,1.84395484999801,1.77858465987802,2.05307165774168,"Protein"
"APOH1",-3.94358754625689,-4.60344399342431,-3.76610068283465,-0.617838329100991,0.548423973835755,0.0694143552652342,0.73937955848387,0.873010279307715,0.770946723746265,0.93819391664834,0.57814857812131,0.262499554054632,-0.477127868824901,0.206098295478387,-0.128307116814707,0.656324618274235,0.423852228854004,-0.600120690098382,-0.569329822359855,-0.0706086517876301,-0.641258483443909,"Protein"
"EIF4G21",0.189093425686391,0.129319099212058,0.321326892084759,0.0490449226230432,-0.116891194376226,0.0678462717531865,0.0281373998479246,-0.0719219670922406,0.0213586791198246,-0.051980444757266,-0.00959249575154431,-0.0559298852408538,0.12464296099181,-0.148831666574782,0.0193778848178958,-0.198320983450937,-0.197108970541418,-0.219815839372874,-0.229940756439778,-0.272555238417471,-0.322455466004119,"Protein"
"USP351",2.57620554049776,-2.02750374134998,-2.47660578304775,-0.101692580443054,0.0662462454050399,0.0354463350380136,0.322170141156359,0.328640578652315,0.489140764621563,0.563371942179522,0.483094376721667,0.471021918178653,0.459444242051433,0.599614155169935,0.622772794091784,0.728846151216175,0.640090837743056,0.716975036707023,0.791260481871458,0.590083196008024,0.725797700096095,"Protein"
"FBXL21",2.20920062960252,1.90356658703053,2.17070514522253,0.222123144118983,-0.302440197567075,0.0803170534480895,0.351640571457255,0.531748191367848,0.692891040314736,1.01720260310501,0.790456077507487,0.587303109316684,1.27884531261333,1.14653955246711,1.09126909604415,1.34557107786667,1.42619023508787,0.907710047351509,1.06574571884044,1.12589292183723,0.935219071382802,"Protein"
"ATP6V0D11",-1.83796807068538,-2.17597739710231,-1.9959978135806,0.0590603599638939,-0.147218701269558,0.0881583413056646,-0.0540398537678328,-0.093552017652776,0.0422579241447707,0.509542578729231,0.412321668566392,0.416304860608477,0.903499339534413,0.37518307855548,0.825752781494849,1.16166058635105,0.982275722637659,0.903511043895556,0.794421738965546,1.23535344885564,1.28694609668701,"Protein"
"CEP411",-1.70095922832433,-1.5724532009698,-2.14474079814563,0.00465861156425262,0.0895376216869401,-0.0941962332511928,0.110100038308378,0.190117764823022,0.120885446959278,0.17427273382469,0.0618780112841755,0.111792363263525,0.0210361678242315,-0.106114868608419,-0.0905627984185209,-0.00906963591164356,-0.345434559045419,-0.158238899526708,-0.422878178787034,-0.373018318448459,-0.261665883266385,"Protein"
"AGMAT1",1.19888974424651,1.04968859508582,1.05966934052,-0.686532485380786,0.915799485574119,-0.229267000193333,-0.127303475679778,-0.221636635813685,-1.00179773119464,0.836358451204651,-0.127746888386252,-0.300566619515184,-0.20330710222534,-0.448775944548055,0.00202920927698891,-1.18562383923534,0.753365715110316,0.307794252676899,0.438010895044741,-0.472594340800386,0.219969907281552,"Protein"
"LRP121",-3.65765383870613,-3.50202108801778,-4.2140711714749,0.140378306728804,-0.0119897353020075,-0.128388571426798,-0.0712875235028765,0.100703210369099,0.14071554043357,-0.0187715129908259,0.319687927472449,-0.512520624225944,0.160109412044013,0.228719822261377,-0.211623862936948,0.333927349897939,0.391701192032412,0.19768455408296,0.400430975443909,0.4199434034541,0.256541484966375,"Protein"
"MYCBP1",1.20907567279554,0.923458725180472,1.32481778747356,-0.088028396878153,-0.0764114798856621,0.164439876763813,-2.01154883519078,-1.72948760989259,-0.269863281424184,-3.22395750484959,-1.22186871927438,-2.36502718161242,-2.51824398120526,-2.88672471482614,-3.40408142036591,-2.72194101221173,-2.91755415241943,-1.31094161804907,-3.16660763594685,-2.88794830759461,-2.40913403591668,"Protein"
"KIF111",0.104772519785183,0.245880352195321,0.338586662289902,2.86163567501242,-2.47799137715966,-0.383644297852758,-3.45570541641477,-3.40201274680108,-3.2818974629905,-2.22433419709172,-3.72631110850922,-2.74571549092728,-0.229314267752862,1.04767777047638,-3.79559917034704,0.763546827129243,0.446129710246424,-2.27459578760235,-3.5737459993041,-4.24954639391737,-2.37565706755527,"Protein"
"LSM14A1",0.818214988943449,1.06827690256512,0.844186390322065,-0.113010373957728,0.0127522810753931,0.100258092882335,0.0937589109009878,0.00625539582282997,0.0165652277170842,-0.0802131986455485,0.226804293646747,0.140643769612502,0.125854678086242,0.192229624802199,0.041124161978626,-0.280971319322138,-0.095595702775281,-0.0564247126517508,-0.215709220844978,-0.277812114794475,-0.405431331908773,"Protein"
"NAA201",0.828363021168208,-0.155737301588559,0.619118733734449,-0.444885359017553,0.260637939356105,0.18424741966145,0.526965851268857,-0.917293091644801,-0.709043745080121,0.624448480010232,-1.05147422021332,-0.658756159331077,-2.34183459214848,0.887506890080546,0.585146288938564,-0.775376195234927,0.630584790188088,0.314956205255326,-0.420416141473421,-0.348749698802425,-0.776947501085541,"Protein"
"FGD41",-1.54859760815186,-1.42502506620565,-1.59504145682579,0.0103174343029373,-0.0421217706608914,0.0318043363579541,-0.0747476946799814,-0.118171491421855,-0.0169283264323141,-0.25346187875525,-0.185789097451121,-0.394980047706749,-0.301527120162891,-0.423255179139915,-0.383402252437634,-0.567940454921118,-0.4908070622769,-0.369608309324036,-0.459609918945954,-0.587655349259993,-0.537336645614694,"Protein"
"GDNF1",-0.980707034568667,-0.831566615233839,-0.842296818241264,0.0370799862983695,0.522491468283292,-0.559571454581661,-0.46310863107675,-1.81268866318347,-0.27017958320582,-0.321933737074765,0.461280385178448,0.297415697049239,-0.665813544418715,0.0103865961729923,-0.670375736618102,-0.154533103051968,-0.124786032684998,0.0248491257059928,-0.493206645375974,-0.5506467427236,-0.458142987783159,"Protein"
"NKRF1",0.65412188472463,0.874771199949317,0.800662482463684,-0.409808012575555,0.757680379310516,-0.347872366734963,0.606865021148968,0.728529694490318,0.340843515684176,0.810663117826516,0.743725209202351,0.708555505516747,0.549049235952788,0.881754549839885,0.551231954239883,0.357060159608688,0.600033394807715,0.638219597249,0.651598756909985,0.4369855513372,0.45171032613886,"Protein"
"RAB4A1",-1.43745548730469,-1.34063803038855,-1.11657295224717,0.0468221676657645,-0.224919740828879,0.178097573163116,0.366788101217407,0.140284790742543,0.316271867712585,0.702762624268438,0.51062481901652,0.51959923437115,1.14686557041927,0.793040169489103,1.08675651408932,1.37599022210516,1.44101889740817,0.960147685387263,1.29596879886542,1.58750782731318,1.46755452332618,"Protein"
"CRYL11",1.19102064235356,0.61390084203139,0.524863605017195,-0.122627186004438,-0.248199765535437,0.370826951539877,-0.286538807871198,-0.371734490030121,1.35863247287545,2.29195785750766,2.13377281337363,1.48054592837955,2.23493581247003,2.45584969753918,2.21944966685929,2.10760403135025,2.35314526869002,2.27786413582267,2.33836260280889,2.46766381164586,2.4137647263356,"Protein"
"ABAT1",-2.68162393093953,-2.75382359028968,-2.93656056879421,-0.492163847887781,0.00307824256423572,0.489085605323547,-0.584919123070563,-0.246929073128783,0.174601572748188,-0.785062168478035,-0.385133971173836,-0.118532683207508,-0.357964952512436,-0.121542927921194,0.0711239692188492,0.174679888007411,0.460620807607613,0.313303457629193,0.526069530291915,0.741979895253133,0.598124113650337,"Protein"
"ZFYVE91",-0.336462856111632,-0.73975602034484,-0.144191806211191,-0.357162079035161,0.208833761510208,0.148328317524955,0.158519969853364,-0.227886317115031,0.314498974763852,0.31516929826982,0.0366998969437535,0.533080331106751,0.366646329316085,0.0675296968510519,0.233400851666611,0.0774733797732114,0.932357739855989,0.402200648591643,0.460994170599443,0.499655254159729,0.470148762542665,"Protein"
"GLRX1",-3.46711274065902,-3.67710004514183,-3.57629190535936,0.048482470512905,-0.0365746774972884,-0.0119077930156202,-0.0800728372253054,-0.0727674045780695,-0.171279871413635,-0.177933130480408,-0.208824543968642,-0.326625208669231,-0.13419137591028,-0.137807391965136,-0.369618729195322,-0.274551200163341,-0.226701951059443,-0.409143998224176,-0.543794487469023,-0.209527269940178,-0.501013042145127,"Protein"
"RALB1",-1.45691584213783,-1.34463988772495,-1.75652442779567,0.202314507640168,-0.00135950705075771,-0.20095500058941,0.428704099191926,0.386527366081602,0.213084977208936,0.744913048234238,0.754310582677441,0.544178999508759,0.999805961824578,0.881638277445575,0.927624554735814,0.953312260593528,1.11341578767281,1.19910339555105,1.0964514201462,1.44252939675717,1.33414172255231,"Protein"
"ITGA31",-1.16455061235271,-0.203400974904117,-1.08622668632901,-0.287808588583722,0.132433834270895,0.155374754312827,-0.141328206688396,0.0719128745429742,0.394168724087976,0.290571661374155,0.545584149735037,0.609847982896172,0.529941361584969,0.504938428339893,0.440053195055933,0.402812385752519,0.426514178814301,0.156678382968696,0.741733382038371,0.519454109758678,0.33122071238418,"Protein"
"PLXNB11",-0.764447133872904,-0.577170992144842,-0.669264217134733,0.171334146717346,-0.0573736039871218,-0.11396054273022,0.391210782938888,0.469528173466625,0.373963775574904,0.665354852880395,0.66860442062357,0.522297521632854,0.773287386990287,0.571927699296442,0.596323101239367,0.733546151420779,0.888302673533087,0.68322034788515,0.738840936368366,0.725008304401204,0.712242714225784,"Protein"
"PCBP31",-1.22247454468888,-2.98516296722445,-3.16472541615282,0.0731328902837021,0.0702234429174915,-0.143356333201194,0.570952946106985,0.329332145724418,0.357913824459679,0.586446402738137,0.37253871599049,0.203872454501969,0.718963130217915,0.679123525244851,0.383106440645616,0.948907163485853,0.851640914130265,0.740441956361643,1.09512848773791,0.931124703980529,1.02867503770637,"Protein"
"ILF21",-0.256720253332769,-0.248095748733537,0.205205528903694,0.0229086839455341,0.00475431125322601,-0.0276629951987566,-0.50341697717835,0.115077715518094,-0.253093709387326,-0.852523902665634,-0.582865094945351,-0.997168478192595,-0.863522344811908,-1.20246918951171,-0.831692680491958,-1.07635535484181,-0.993116850308152,-1.36491528475247,-1.47775401762489,-1.27936373867464,-0.814087831987397,"Protein"
"LYPLA11",-0.793255628567952,-0.915258183233004,-0.834750417157291,0.0941181761500367,-0.0389394923885042,-0.055178683761536,-0.0931328913804954,-0.101491564000934,-0.231164711965068,-0.266378012850904,-0.20361397322014,-0.333104857442624,-0.144062871405193,-0.338646047610393,-0.0377654213387153,-0.341280403488629,-0.290473927538127,-0.394777591894591,-0.443784770124733,-0.251912042362409,-0.257374631467417,"Protein"
"TMEM91",-1.02955973176617,-0.639696072064009,-0.814488209108724,-0.0108113718327516,0.20944807008209,-0.198636698249338,-0.0248593790963625,0.272162444267988,0.0728791694582078,0.0297967270708916,0.543700962094087,0.60318758312024,-0.0982426870967217,1.09080119072034,1.14708902731939,0.477058616355722,1.0673218265708,0.515959654163995,0.730174307150593,0.760078117792434,0.89842168801154,"Protein"
"PCNA1",4.24020011356409,4.10369793873056,4.1664681253805,0.0219230259603975,0.0192099381638862,-0.0411329641242837,-0.669558694737105,-0.624824264745175,-0.699719192937728,-0.711974922656211,-0.860045847760592,-0.98579305472078,-1.21123230459468,-1.03988523402131,-1.15924593370642,-1.37955310077548,-1.42408711145471,-1.39731802841728,-1.49602421766571,-1.35779730134751,-1.5484609912373,"Protein"
"EPHA51",-0.492251395440535,-0.0199222103710159,-0.0184277373107182,-0.119477437319757,0.364254738743474,-0.244777301423719,0.316007911354911,0.410225224569308,0.695058182429461,0.862162404883358,0.872188364284311,0.552688549174261,0.976189156482443,0.763605242265774,0.827375589038189,0.918552417593615,0.82836694528403,0.995188770704909,1.02907755661273,0.972478300745026,1.0625741815605,"Protein"
"RAF11",-0.433564884616118,-0.184255369840535,-0.229552472183336,0.077438764619032,-0.0489925761489758,-0.0284461884700562,0.225039861256064,0.0756273940214029,0.167673361923349,0.236537071166389,0.328390337974007,0.130705729068112,0.35991619463401,0.297097934376296,0.268737066771315,0.279005354695109,0.316613092976766,0.235339803185333,0.267815416287164,0.189061527424634,0.271806900650503,"Protein"
"PCSK11",-2.46983837239037,-3.54290258239055,-3.77014601736984,0.0622814435430481,0.353160987658272,-0.415442431201322,-0.722906856015912,-0.507092545689725,-0.959520060014663,-1.29246671795143,-1.27107167879159,-1.33770723865748,-0.779123849322501,-0.768394072385883,-0.815930316936578,-0.674943935596412,-0.546187766244616,-1.02700170397112,-0.158679219960861,-0.336669588912224,-0.460174826777751,"Protein"
"NUP621",0.975084783503283,1.14868856892946,1.0329977511004,-0.105376065397531,0.0622530523261577,0.0431230130713711,0.136753973598802,0.0919673374597831,0.111857943525097,-0.087551959832977,-0.292217080860064,-0.0115820208414572,-0.601661508992789,-0.466992759314968,-0.414454811893018,-0.610851749884743,-0.747076024601158,-0.409184583474689,-0.584262100929111,-0.568338750001564,-0.833471379438917,"Protein"
"SGIP11",-0.915668236299972,-0.497059380811535,-0.676771758984078,-0.152196368856128,0.0251139325931824,0.127082436262945,0.628623560868533,0.450241611013055,0.581276958308415,0.887794037137802,0.799673637260021,1.01843800261751,1.10225707441403,1.165659070381,0.999084411317682,1.33634835221389,1.24173131007867,1.52764479289085,1.90049190665723,1.55510546337423,1.75794017236239,"Protein"
"ETFDH1",-1.13429767112432,-1.11694286113319,-0.177626362284199,-0.0796699292267729,0.142493864507736,-0.0628239352809619,0.16766937945089,0.249566011968085,-0.0330218353238525,-0.0111964337180677,0.147704547758446,-0.0278794668783267,0.131586555287031,0.372143311067681,0.150642345227878,0.202499530056789,0.650926983906281,0.594822525858604,0.574760077398196,0.531623469004053,0.533198875071157,"Protein"
"CEND11",-3.68995953158637,-4.01694626268199,-4.09144535566087,-0.0766518227355988,0.183917541338445,-0.107265718602847,-0.128253875471998,0.0873783948221032,0.303848453589417,0.472901311148782,0.781816543932571,0.94371028885466,0.486536427490833,1.09601160737884,0.836244145955042,1.48000120427641,1.36912418549343,1.60709092535053,1.65299720140511,1.52952673751507,2.05627138360157,"Protein"
"AURKB1",3.14749987710597,3.17300319990425,3.14959639160119,-0.580295995562985,1.13215471201717,-0.551858716454188,0.581667306666329,0.477452126187147,-0.131390693696209,0.862662384525063,-0.0483684508643485,0.141083928365516,-0.816409750351463,0.464782877849292,-0.40231728623341,-1.14875173677172,-0.180221134375547,0.0855748594264814,0.916848308986234,0.580582369009784,0.733543639377459,"Protein"
"BTBD81",-2.94472991941562,-2.96171921057773,-3.10998105768317,-0.0891325716402225,-0.201629823623511,0.290762395263735,0.392456858106749,0.46429751425344,0.196752512250173,0.344616472669008,0.392503762204209,0.740998908225164,0.779332371684768,0.934017700342595,0.677444754401398,1.08024519956525,1.21812785613569,1.13192021688904,1.42916628287964,1.34678924934545,1.14673934184575,"Protein"
"RBM201",-2.01858309481231,-0.571667744874349,-1.01022438013119,-0.537232021065064,0.0499924960684037,0.487239524996658,-0.835885673747692,-0.473915665264991,-0.372446531521126,-1.38528183187545,-1.31536356073187,-0.599040923541219,-2.37018590468208,-0.992261423789992,-1.31917288334735,-2.98791456906425,-2.03226321486449,-1.4464858551673,-2.55382316532021,-1.85259666429725,-2.13032389813854,"Protein"
"DNAJC51",-1.88820781909601,-1.76126502669051,-2.23642588176309,-0.0962928288623015,0.176097369001225,-0.0798045401389214,0.942457797600538,0.616086825086507,0.986680741555249,1.08558774796187,1.41713536736018,1.47455023939875,1.06814059503275,1.46786837225535,1.31093020507495,1.48808204541718,1.43323427545757,1.79559688136378,1.82092296224795,1.6612710248105,1.62558929829054,"Protein"
"PLCG21",0.735111428816008,0.835210446483352,0.91601073372254,-0.222065735113043,0.522773769106664,-0.300708033993622,0.312651973701744,0.368765425319996,-0.467281880680776,0.0364431902484501,-0.607391167701023,0.556645273803806,-0.583417232997199,-0.48412943327005,-0.0952380809178734,-0.898856667826767,1.04450987658661,0.603110134872514,0.164689311519016,0.373082480088344,-0.825013224172132,"Protein"
"ADAP11",-2.44402806441304,-2.70879833525738,-1.35964199919082,0.0780918540008351,-0.19216325069895,0.114071396698115,0.638823369940908,0.552934660657115,0.785922014098258,1.17463899884376,0.934215394227646,0.918665967831995,1.36055221061934,1.14663860212474,1.29366422821352,1.30310612708031,1.3343421395098,1.24741660981623,1.42181814214202,1.37983720359439,1.332983643464,"Protein"
"FMNL21",-1.64494888580056,-1.77752478943895,-1.78460532736079,0.0640179615465897,0.0213927334880673,-0.0854106950346569,-0.0879579949564047,-0.267953595347304,-0.369763777000635,-0.0741502528860885,-0.415915123728329,-0.237006028996269,-0.274148788162652,-0.448073016244155,-0.369940067859897,-0.53342478136824,-0.715335151280794,-0.501963226409089,-0.517560613985712,-0.951755875844086,-0.486191644107958,"Protein"
"CHODL1",-2.12377049388325,-1.62447074897459,-1.92845736257901,0.241450599041778,-0.205551114334165,-0.0358994847076115,-0.138367922962141,0.609724998975105,0.556077171770633,0.469255742164885,0.419310939167994,0.590165741510587,0.841282165378958,0.704716922754011,0.741035897443306,-2.66346180979507,1.2561467649349,0.628923718316523,-1.93510665799281,-2.90919139422825,-2.11366109193836,"Protein"
"VDAC11",-1.30928660765958,-1.40769254272147,-1.17876944597186,-0.047174345582885,-0.145635097481165,0.192809443064046,-0.0322246615799351,-0.0770211012310078,-0.00597854249316399,0.354019601121752,0.429843190030955,0.184315819627987,0.601698978560623,0.527894698439052,0.637117631948282,1.15970918054765,1.22781182945218,0.693644078868669,0.842681657275254,1.30104119325032,1.48764339096251,"Protein"
"NBAS1",-0.332585847855375,-0.198534461948361,-0.106395630994767,-0.0229852127386554,-0.0126365684734591,0.0356217812121162,0.137452361159744,0.142828000861206,0.295186101915435,0.342566081235452,0.422049164139006,0.439614780575665,0.537890149158665,0.646718442282099,0.62267698416858,0.511177947858245,0.775427376167647,0.67470714912025,0.744568949752315,0.831435295054492,0.802792940154548,"Protein"
"GNG71",-0.697702481574833,-1.34309648060576,-2.59074299271167,0.255216296840793,-0.237749080080462,-0.0174672167603305,-0.250772890241851,0.143527751678565,-0.370913614722735,0.186891442482764,0.0184591841128601,0.442612055905737,0.354477270910159,0.201949274936993,0.164289650628355,0.843320542370158,0.475636739847108,1.15836096059659,0.423420872354221,0.626218916425216,0.913701345966924,"Protein"
"ALDH16A11",0.0277426790695969,0.0597717376620324,0.303062761625192,0.0132419174298803,0.0441336765826961,-0.0573755940125817,-0.371283564663317,-0.426018926332455,-0.197390575592339,-0.89252435449202,-0.802022267730825,-0.949231488951908,-1.22273951030587,-1.19083055266884,-1.33380362032685,-1.28573895831469,-1.22530987969681,-1.58853698848235,-1.72584963897279,-1.59486893706309,-1.68262561543993,"Protein"
"NANS1",-0.719344913634133,-0.820194928805487,-0.705020722721676,-0.0262040502799543,-0.123564904112417,0.149768954392368,0.139339911737625,0.120854382815903,0.169106352333426,0.364520359798195,0.498245991251391,0.225760955753085,0.708198547338608,0.481669412912691,0.443393666122279,0.641337353179946,0.628030399068233,0.577954773467102,0.70770756333464,0.801179485583514,0.770414950118482,"Protein"
"SELENOM1",0.0293442040721246,-1.06289206509576,-0.1786737372442,-0.226994133282666,-0.145374858780812,0.372368992063478,-1.16690262313039,0.0421438135884031,0.417744565051208,0.453428080772063,0.173200808728492,0.664746362844419,0.0813378584598681,0.536808612702412,0.718044524571003,0.593623564126126,0.65914182121832,0.950393676933757,0.789206603107054,0.831710970960149,1.1732617569182,"Protein"
"MYO61",-1.79047283555853,-1.86802819695716,-1.8591823653923,0.0719848111107133,-0.0288072204213137,-0.0431775906893996,-0.867880659054848,-1.07633368779013,-0.974922284815662,-1.56995154778836,-1.71438954550766,-1.85344944778319,-2.32956053299218,-2.30518027847529,-2.06553983328422,-2.30714359678661,-3.20116065712174,-2.45772089667629,-2.33544697707572,-2.77905584806786,-2.80728552253209,"Protein"
"TRIM321",-0.369138069290619,-0.00878877722211691,-0.495724959394531,-0.0530079814670348,-0.0115069981131715,0.0645149795802045,0.285095043118693,0.544857455304937,0.489538178378735,0.505310920156118,1.07183071542359,0.938193230355923,1.08809535448367,1.36121985857332,1.18409675067587,1.16292346653432,1.21846377850627,1.15983263144558,1.37859314889422,1.36690482587091,1.47700137637479,"Protein"
"ACTN21",0.331278164268612,0.30213920792197,0.0400297657792397,0.0176893542621226,0.0725723698910041,-0.0902617241531285,-0.541597736236715,-0.166433798477849,-0.0149703121902842,-0.681982452586377,-0.765143696220401,-0.444527289876904,-0.80470283701097,-0.740425447412546,-0.912278240342564,-0.789808234749012,-0.683773264830011,-1.04570193271479,-1.19652390988828,-0.765336212586421,-1.01009476782529,"Protein"
"ACHE1",0.395639368471059,-1.15477783398485,-0.227039148152929,-0.383441863461046,0.282056060499025,0.101385802962023,0.351169859625182,0.295591819304525,0.217026789742237,0.74177766176801,0.637178801690117,0.836827188404376,0.610209169139713,0.962270436530472,1.00989827741202,0.864466808571882,0.787501060891399,1.09626634357164,1.39179211124474,1.27261154749894,1.49664134902098,"Protein"
"RALY1",-2.2868391200913,-2.14995962570541,-2.10718317964109,-0.125475407185409,0.0780004290988394,0.0474749780865658,-0.332287364418836,-0.0153705543430256,-0.113302970164984,-0.563887849150714,-0.442637974101405,-1.26036462748414,-1.06039386005284,-0.869204682833109,-1.03966733372378,-0.960028178921194,-1.05925185253867,-1.74971470981643,-1.87486604911688,-1.34809950992292,-1.47198450520147,"Protein"
"LRCH21",-1.75113563575472,-2.2415490701498,-1.62732083678746,0.0750408020930173,-0.00729127919199257,-0.0677495229010248,0.209577891385457,0.152519993997913,0.222141655116786,-0.0822298657589968,-0.25368886837839,-0.0925362960078608,-0.163272262456932,-0.0501890205891726,-0.306213208320482,-0.15564905291636,-0.0919559173899067,-0.391844446139149,-0.105178975441795,-0.329169947040455,-0.669093465040643,"Protein"
"MTMR121",0.617547698715624,0.5408419600196,0.61921359983751,0.476098456327803,0.325005813948787,-0.801104270276591,0.484936389831999,-1.60213401346515,-0.0143855299739517,0.222919311255945,-0.183776966798048,-0.0568029712553741,-1.26066651433549,-0.192649125332236,-1.07759584734624,-1.53703671650904,-0.58671995543641,0.0671105431453611,-0.220282474882145,-0.399671011800544,-0.924095209205833,"Protein"
"MARCKSL11",-0.562715188867674,-0.623054438178631,-0.650050547952834,0.0323932977220842,0.190992119858937,-0.223385417581024,0.737032535895761,0.543546848632996,0.630294459699446,0.612063306298619,0.672478726365153,0.908744968804395,0.237525123612539,0.625288524448525,0.0964045609404387,0.787808389011868,0.341625722262133,0.384881649682686,0.467539659654843,-0.0742808236350037,0.316772419755029,"Protein"
"SYK1",1.53002195796808,-0.277486978029424,-0.837938938761779,-0.188156589449713,-0.231756644742203,0.419913234191913,-0.102350392770882,-0.376239366095911,-0.0352678731696852,-0.28586228970673,-0.20815497686729,-0.136380542343831,-0.270785705373784,-0.182593869695927,0.0341747067043592,-0.181183959517339,0.0711868332894987,-0.595510411795042,-0.257861483892084,-0.225507137196479,-0.175407634417487,"Protein"
"RPS131",1.45033393207032,1.29529460241352,1.39353816730825,0.0569045493336624,-0.019225783421934,-0.0376787659117248,-0.39173257449654,-0.402499417132706,-0.286896573052562,-0.457125198085425,-0.412330541219337,-0.360539444575959,-0.407105580470596,-0.435584688078681,-0.44258428546414,-0.52537376315134,-0.48343033684036,-0.638120957564428,-0.900189510439287,-0.739722591484881,-0.711148250218049,"Protein"
"RASSF51",-0.708560396869029,-0.721988691532648,0.524010495400615,-0.225662337870862,0.204415837056985,0.0212465008138771,0.53114231687719,0.294476782549307,1.18591491979008,1.27282673774248,0.503816789587866,1.06952305452679,1.41356410582243,1.41982525836396,1.76891755352855,1.97804372285325,1.72375355245752,1.9181288943429,2.20774809124993,2.41333072574638,2.5000118070936,"Protein"
"CCNT21",-0.217202163454433,0.160302795028814,-0.232440873415387,-0.151866758858491,0.19297099045823,-0.041104231599741,0.0907141721169236,-0.185522233455684,0.099439457719571,0.466385424525297,-1.81854905045454,-1.27875737165963,-0.950202710655663,-0.530499779389904,-0.536719794206846,-1.30041678802324,-0.190228870071961,-0.788387574201689,-1.42373888981777,-0.607601265754182,0.323631432085337,"Protein"
"EVI5L1",-0.375844531004798,-1.53727122703677,-1.18368556570667,0.0411955016512611,0.00589721321840209,-0.0470927148696614,0.594568163219909,0.541102239530217,0.537636987192736,0.748820513692168,0.438506075648545,0.698521273684827,0.762827051650644,0.771543466356645,0.586583676980455,0.934125647675687,0.596869849218583,0.949671678347061,1.16422880163247,0.760463640684451,0.795808052118558,"Protein"
"EIF4A11",1.2452486431154,1.19184378795721,1.55342658588933,0.00587650727719335,-0.106528746645992,0.100652239368799,-0.251302255064566,-0.287946108959837,-0.394277381068818,-0.290584525787963,-0.186707696848998,-0.447418490342713,-0.0831202049040627,-0.338887311588671,-0.231438306311617,-0.392853535404875,-0.350976869279016,-0.599014597427718,-0.585916530368827,-0.430442093439964,-0.623811464067792,"Protein"
"HEXB1",-0.206626749393479,-0.203201301828773,-0.127548776735527,0.0671555438719587,-0.0799678140572802,0.0128122701853215,0.111755779632496,-0.00116259757647086,0.0621699299712226,0.130350749862117,0.167100795935736,0.0749323914930144,0.298494958317837,0.22620902080193,0.378346390360752,0.457621230572505,0.437522843025397,0.320454022778398,0.536361166410215,0.657468358701378,0.603205190229735,"Protein"
"CCNL21",0.372407562092086,0.219020379125364,0.289102534985641,-0.189675202036225,0.905759371029299,-0.716084168993074,0.0768134548585593,1.4401428438611,0.294286996027015,1.00686587342613,0.620837742592347,0.694873645558895,0.874187269541286,-0.319437570836968,0.817011972334743,0.289376275201297,0.483639951359336,0.107466248153528,1.02536788054449,1.10663779881639,0.465315148540851,"Protein"
"MEX3C1",-0.220752470538482,0.0114080196184467,-0.350819940994111,0.126570085980855,0.235640881393547,-0.362210967374406,0.198283060602034,0.271789458869822,0.128357756763432,-0.122308377215351,-0.297218150286437,-0.346587763411879,-0.433350644916183,-0.280288382619243,-0.944444980351866,-0.813635825858634,-0.809603957523914,-0.993649190631929,-0.916365415665821,-1.09576434836738,-1.34115181406898,"Protein"
"LRCH31",-0.41991477583966,0.327621283329373,-0.594458677520114,0.0497617892019075,0.11378227176303,-0.163544060964936,-0.146723637856299,-0.411433727446338,-0.277059750112434,-0.170710319230528,-0.479478441262406,-0.312038398606058,-0.830032061521782,-0.226575388889776,-0.396653359801858,-0.605987965754169,-0.499694588921438,-0.440395694880236,-0.534328793670936,-1.00954619950534,-0.951598813135716,"Protein"
"PTDSS11",-0.580328291621408,-0.250364880659868,-0.801830332470685,-0.0343113288514889,0.128401086812081,-0.0940897579605942,0.340192668373527,0.376929995932583,0.413654263031722,0.0897451614623304,0.431242919691238,0.582027421975118,0.0596877275735412,0.751620710192329,0.707366301626207,0.267854483042671,0.703035770370972,0.590013517335452,0.611906023197134,0.589017768291891,0.577230802060656,"Protein"
"UBE2I1",0.171930646460172,0.128558251054162,0.0621346189126264,0.146441779140371,-0.129985799101245,-0.0164559800391224,-0.609603504288135,-0.569263682467476,-0.747248834622969,-0.903965806823887,-1.03636376652672,-1.06081067903082,-1.29854767577399,-1.35999607273609,-1.34339027158279,-1.36838067774118,-1.50966299772193,-1.61873972901688,-1.92661698222252,-1.80278247896767,-1.69107016691202,"Protein"
"ZIC51",1.92946409736616,2.07336147465179,1.6549203641059,-0.593641424523016,0.489214863205783,0.104426561317235,-0.581062311612175,-0.114058050435087,-0.421372656853048,0.253001731311848,0.553007296255814,-0.414567322814181,-0.654423575768815,-0.27126440423927,1.03254830981121,-0.194235308244373,0.127889166240289,0.578083803618817,-0.178362126238781,0.371402075326024,0.574751117513536,"Protein"
"GAB11",-0.684000978893339,-0.685372666421705,-0.754817629258993,-0.33440535304984,0.459658202189134,-0.125252849139295,0.138631566924451,-0.100284264592167,-3.19954058480155,-2.17306851687221,-0.827064993460345,-0.316864788969403,-2.13894707617355,-2.75121231863832,-1.65024338960788,-3.08521703509048,-1.77143041715103,-2.88305635343384,-0.868450487432652,-0.330208789292518,0.255170703138747,"Protein"
"NELL11",-2.65854195175316,-3.1042396681785,-3.98143295907833,-0.0317570476597151,0.104892224383148,-0.0731351767234312,-0.0966547405352376,0.0731321056529755,0.0623215232947185,-2.40041785123589,0.26551416927572,0.311544028287168,-0.0555018392895281,-2.20943443108454,-2.40559023455681,-0.226154137479044,-4.08067343305019,0.133183259403106,-1.11915244836152,-3.06046308886362,-2.68328903007384,"Protein"
"BZW21",-0.50657739544685,-0.885824441673318,-0.601025583723182,0.097365193187283,-0.189982779695928,0.0926175865086485,-0.636024823274067,-0.581778582344686,-0.575355121220422,-0.53808145995114,-0.653293612676055,-0.601592698801948,-0.609279307751546,-0.945562996608981,-0.724512775996235,-0.690614349376528,-0.802447012422487,-0.753303990314212,-1.15531590903884,-0.957073977836512,-0.857770308790716,"Protein"
"RAC31",-1.41477943953277,-1.47036734786458,-1.07272163834284,0.0524239676148941,0.0914472583337425,-0.143871225948638,0.995092592642886,0.790790580441888,0.978096480560909,1.47997287521468,1.74209222665233,1.51165815448194,1.93157360681025,1.96190207372818,1.7814188370314,1.69953597039504,2.03560584860918,1.88543152334586,1.98400895979037,2.19537378505063,1.96553634094031,"Protein"
"OBSL11",0.946296012191199,1.00891266985825,0.944309412258447,-0.448066943670938,0.499955958974027,-0.0518890153030913,-0.257678261712927,-0.931246715805859,-0.289185151290761,1.5453785554627,-0.331508558909073,0.256434320265805,0.44640363929067,0.0011892631073529,-0.151119859291063,-0.324939707927387,0.331087129911682,0.818231727847442,0.467300415594476,0.442743024397842,0.330532307609399,"Protein"
"MARK11",-1.40515362821234,-1.42254405685022,-1.09340491861902,-0.0477191163329085,0.00104620540303024,0.04667291092988,0.799524555808416,0.708306159258312,0.79068329951509,0.914597931254251,0.966141126741457,1.04320630472276,1.14664798200448,1.19905944865742,1.1072375242611,1.17294849630376,1.31297829887688,1.44511521657373,1.43549215846712,1.32071060658183,1.40251225641663,"Protein"
"EPHA41",-0.150692249260041,-0.55348064603716,-0.0233852877108287,-0.0394065645077379,0.0807910436201649,-0.0413844791124252,1.59135278633052,1.5563535596944,1.88575356787986,1.84403057808472,2.16213739830844,2.26672508186742,1.58408338125048,1.77534830036528,1.91134704600174,1.29483111933977,1.5949257927886,1.92164279675123,1.30991896224723,1.23739973364244,1.5057862469723,"Protein"
"TYMS1",3.64169090613551,3.51951651046857,3.57174574690972,-0.870406868244586,0.109832777989936,0.76057409025465,-0.828388805588627,0.212285713766164,-0.374594233294721,-0.531999524114811,-0.0544180997200936,-0.77406558521262,-0.895645573813223,-0.270463430213917,-0.931978037191563,-1.14110311667658,-0.833271023175623,-0.610639494931725,3.24593533699189,-0.0930743444672029,3.07279730463988,"Protein"
"CADM21",-2.68091624232261,-1.33704274703691,-3.3237609309692,0.0487459921231146,-0.0639339594634958,0.0151879673403794,1.17701575168632,0.9432356363409,0.685869442723083,1.69048829703083,1.72464649748784,1.80175282791031,2.13444530627932,1.97478372023985,1.85287560838976,2.27901230395724,2.07328924826535,2.38219569956873,2.78769642733844,2.25881784767982,2.28381072722397,"Protein"
"APPL21",-0.848079957468142,-0.126123797402849,-0.65080962347051,0.220421174366935,-0.170310932525522,-0.050110241841411,0.00393746684242124,-0.0796658732327824,-0.0332588670983061,0.230785223552322,-0.293645629706257,-0.218300110596845,0.0290171706429678,0.0870350053685573,-1.80197434709505,0.0214786153884869,-0.152595509698029,-0.249420433407765,-0.194314968181951,-0.0703768648165113,-2.87832878852893,"Protein"
"GLUL1",1.03027538384777,0.800715833078971,0.84357580017916,0.0370685369762036,0.111793171826843,-0.148861708803047,-0.063745112305714,-0.0917968405430507,0.203657380655095,0.0409381459444198,1.03801271109736,0.259683233968147,0.914340868604402,0.938255856829894,0.681968717960235,0.570680388895255,0.633862140256735,0.426971862297432,0.761751995074722,0.879595725995792,0.386199577360841,"Protein"
"CD2AP1",3.04975261266456,3.15144345010513,2.8699066977192,0.1215799329209,0.0216014846440356,-0.143181417564938,-0.13645538282419,-0.358223288372516,-0.357270348426612,-0.281998603508628,0.17259506781472,-0.633204412320202,-1.55039759233216,-0.209291345995153,-0.725391625481004,-1.28996891535118,0.4681945959033,-0.41618252095139,-0.169394568141355,-0.431570185094097,-0.454418726498313,"Protein"
"F2R1",-0.802049315500124,-0.851183241476214,-1.03979283838989,-0.0684328051015903,0.135002185276772,-0.0665693801751814,-0.135017895806545,-0.0323194881825195,0.158116409791031,-0.0815796190268259,-0.670036082333738,-0.166033207811942,-0.718960714999962,-0.530725808863391,-0.893698630270723,-0.777693298242074,-1.10440084313062,-1.05724475271664,-0.62834611004045,-1.37569098244363,-1.10598675577512,"Protein"
"CPD1",-0.579658982262632,-0.459282196476249,-0.566590712949864,0.0271983786658474,-0.0145549159844158,-0.012643462681428,0.148114171740698,0.0621366395678358,0.143139599157873,-0.0613011604653373,0.175265006817757,0.145578291783526,0.00504888837594919,0.0494830894570164,0.0072785178499295,-0.0516287069143821,-0.0457299721748932,-0.0717340514422524,0.133610710501681,-0.122508984422037,-0.124117545011924,"Protein"
"LRIG11",1.78098320048701,2.47369970386067,2.14732046699103,0.862459121350776,-1.94020709121941,1.07774796986864,1.95636878767139,0.0838995060447321,-0.716038735687402,-0.458214109600993,1.40312671605205,-1.48241389929293,-1.42418852622847,-0.888108613366709,-0.912729483747082,-1.61752268608992,-1.69040143346306,-1.56585936081372,-1.27216611700911,-1.36962326324017,-1.83858831519028,"Protein"
"ECM11",2.7901119487944,-0.696481812067102,-0.750867252980358,-0.930685336298072,-0.431921612557195,1.36260694885527,1.84089207193199,2.738330966338,1.4442348593357,2.02384827937855,2.23345387856619,1.68189884180393,2.07934874494056,2.47514953550064,1.80899300108402,0.49384639771516,-0.325535421224265,-0.382163879714009,-0.59163709730271,2.22933757587491,-1.35850284066032,"Protein"
"STAMBPL11",0.470751287131625,0.563791139110366,0.686742575505741,-0.758526274120767,0.484670831082791,0.273855443037975,0.403341066808435,0.346418666167141,0.309592259395673,1.20498416630151,0.535316079554116,0.920533963622839,0.771996788367209,1.28845209560024,1.40144423416103,1.15612329966071,1.13675650831029,1.2781615235676,0.801515105453602,0.900197099670661,1.09915614816464,"Protein"
"PPIC1",1.04302770905428,0.0676071213791776,1.7001811108639,-1.40713191728516,1.90905581986051,-0.501923902575355,1.96023800573425,2.03710819953977,-1.03791859984858,2.23661978467386,1.70801286709855,1.45088983079213,1.68355168936479,2.263183694768,1.75334297053236,2.09057279603998,0.198292785236427,-0.303121947922962,1.77959672268913,1.2036022710085,1.35730494273838,"Protein"
"UQCRQ1",-0.61762574411509,-1.07359534974159,-1.01986756987196,0.148792429156064,-0.0272849583369652,-0.121507470819095,-0.457673850743737,-0.47545955656159,-0.263568281222854,0.237337417041179,0.250689709050857,0.248412443972288,0.460807228508653,0.0183634321619728,0.179567443840288,0.754346561092138,0.811660882558026,0.704546086566712,0.484268757018231,0.943512857777353,1.0201932713973,"Protein"
"VANGL21",-1.7295452602309,-1.66358471080687,-1.54062102858072,0.1749264402986,-0.24090330411706,0.0659768638184577,0.778430754241031,0.303541390468988,0.442084427610547,0.707049616914338,0.36775651610631,0.263414938422953,0.60994949671853,0.243951854757634,0.536076518722885,0.320528355480514,0.333007090326698,0.0467077519015167,0.29324436962227,0.143743152693679,0.245596928176829,"Protein"
"TTC381",3.56377806521721,3.21498068113947,3.31872406011939,-0.411268678825035,0.275231597638783,0.136037081186252,-0.336122589323516,-0.14827595723742,0.473282656211513,1.04313063139335,0.987342515487843,0.974735720499851,0.84217501648622,1.40324220486405,1.40179929629645,1.60460667456805,1.75306273441654,1.97258849783087,1.6944897147467,1.86393614085776,2.04112204008727,"Protein"
"PLS31",3.58844343158759,3.45413942419204,3.44987672645011,0.0821573470990984,0.0522856492468442,-0.134442996345943,-0.261745055642077,-0.598445367339259,-0.237532017883336,0.331986847445034,-0.36573289417063,-1.54250552984899,-0.0648419551660524,-0.425980424342399,0.0362062229986009,-0.0160409478099552,-0.453730237402553,-0.279036150019797,-0.684636813913006,-0.361329976346546,-0.794213034102516,"Protein"
"MAD2L11",3.43245953915863,3.1976005613761,3.6167943919625,-0.378609959509792,0.727890640796005,-0.349280681286213,0.930657603937515,0.455148058479464,0.529907484722125,1.9922583805054,1.82252714343634,1.70232100369898,1.52060983798963,2.2122526776541,-0.03888448152418,0.960797197403405,0.130072223940779,0.619543166734267,1.48892292858575,0.68238805758614,1.82530461781349,"Protein"
"LDHA1",0.436102118752693,0.410074801139231,0.670703731464194,0.0104301776007816,-0.182357850689606,0.171927673088824,0.134806242706958,-0.0502923288841899,0.266755676804678,0.380502580341322,0.509121537389497,0.361907674383254,0.857442784443194,0.688768505061027,0.997714827811535,0.825778733506006,1.04584622009842,0.865034886192127,0.970776735770585,1.22444776427474,1.23907163557874,"Protein"
"ARL11",0.2072186972679,0.297310812495057,0.557905267956665,0.0302929093058086,-0.0623221644726346,0.0320292551668242,0.149428490777629,0.0510376254689699,-0.0439504620629645,0.154033800544783,0.160506286076009,0.0341427615491039,0.31909776451691,0.339369683367577,0.386997660459803,0.390680551872736,0.458365552835142,0.0587307084200202,0.178200165561305,0.3460685550991,0.417448461854383,"Protein"
"MPDU11",-0.113983103309305,-0.513373874485975,-0.542018175555899,0.195362339941635,0.101255030732926,-0.296617370674564,-0.499457243774142,-0.439593742024915,-0.696800305185089,-0.54282284693225,-0.584795229649988,-0.604880067918376,-0.839516725746105,-1.07717528590776,-0.937879218300846,-1.10297855462727,-0.901225472305168,-0.892854568221754,-1.40579855977721,-1.22220477620837,-1.39138696033762,"Protein"
"SPC241",1.41618759613532,1.36130144706034,1.43481585341739,-0.560831359585363,1.46435504544829,-0.903523685862929,-1.40309789269411,-1.64999506352543,-0.761577453927622,0.233479815709414,-1.74182942238504,-1.79428407715345,-1.13698736429713,1.09794726455248,0.343365690794858,-1.15798379277748,-0.513860048220598,-0.475074856398189,-1.5986744585393,-0.877993732204164,-1.96530552531856,"Protein"
"JARID21",3.16280359078547,3.45548689496129,3.07605647233145,-0.89728880674595,-0.252365425043111,1.14965423178906,0.155604287729824,0.193770846901108,-0.208767243414888,1.67355830215553,0.290080580495891,0.706549667494526,1.02858537914223,0.084709417708952,0.18274079265916,0.265026227913081,-0.996073587701408,-0.23263607643146,0.435720182832405,0.306984511399078,-0.00194328828792756,"Protein"
"UNC13A1",-1.76300917725165,-1.76181899935867,-1.39408345106318,0.107738615534432,-0.124413156916029,0.0166745413815992,0.356145880473351,0.324270604266131,0.316703194857114,0.422214191783047,0.386853474987456,0.545063368247307,0.471131049076751,0.599711336037464,0.455064504009313,0.471284320424546,0.537530829489095,0.350631314150837,0.541652499749132,0.526985161600065,0.604259782650439,"Protein"
"CNN21",0.849887322200331,1.13889462682894,0.981572891693965,-0.0732147693913561,0.0108022594017925,0.0624125099895636,-0.380349910180421,-0.289606031526453,-0.472142458488868,-0.928199851866431,-0.615694169023264,-0.96320037287682,-1.06007850698835,-0.898080926396716,-1.15610119973395,-1.27894691812375,-1.21478871057905,-1.56558826744606,-1.65886816913466,-1.52814996733393,-1.71538707808919,"Protein"
"FOXO11",2.53633822016916,2.55547747631112,2.382068178261,-0.719290804066524,0.801656684739326,-0.0823658806728016,-0.14270139303907,0.0378065190940049,-0.778032275130306,0.522400565280734,0.0769870213512078,0.343711154305028,0.228754698587288,-0.0784253813093425,-0.129490522856964,1.49947028188775,-0.588961089678099,-0.53080825869575,0.0725806637271234,-0.291776133883566,0.807873824772642,"Protein"
"ATR1",1.23212484410108,1.40924122417193,1.80481338001694,-0.364853264741662,0.563335899757838,-0.198482635016177,0.754472446029364,0.473383863328085,-0.313037318312816,-0.559542183258825,0.244130910366856,0.304984094033943,0.394193207815208,-0.949815566575497,0.233957777309026,0.785227831005926,-0.581485361477688,0.0266442463086136,1.21683585681903,0.447555252942772,0.684367695899821,"Protein"
"KCTD151",1.5720560452423,1.61929268976655,1.43022542762476,0.0159396932012044,0.227545909171948,-0.243485602373152,-0.82644933002776,-0.208455633582169,-0.782521932667333,-0.221798982571595,-0.749300402990919,-0.28039628867325,-1.53967151518504,-1.59630708489268,-0.663984110842856,-2.49875830046748,-1.80943439316953,-1.35999039452366,-1.61808272037587,-0.716835505994554,-1.41421669683476,"Protein"
"HMOX21",-0.353090090110161,-0.647048645951866,-0.558931612166482,-0.0842699039246781,-0.000230000607984948,0.0844999045326631,-0.29466348710293,-0.33844091932907,-0.0169470408019343,0.285468932783225,0.280773700616898,0.276279012623554,0.593353876825567,0.429502230202669,0.632339941315529,0.714245058663181,0.665044362713171,0.868189146792112,0.789015694435101,1.01513671554978,1.11769476998293,"Protein"
"SFRP21",3.03467088221983,2.93344613510238,2.84070248022348,-1.03494106163273,0.73403152844017,0.300909533192558,-0.0995430065448044,-0.758502062927338,-0.0214558950819299,0.413278789697713,-0.873872643251358,-0.688581285519799,0.194288412706539,-0.0781292259391453,0.159183977131612,-0.710525730574798,-0.647317774787529,0.513497888803846,0.107092797514833,0.694724501552502,-0.44540304992575,"Protein"
"NUP1601",1.01797018620291,1.09353211658964,1.24745756170235,-0.0317359038716649,-0.080276022231887,0.11201192610355,-0.0753855816631184,-0.247287965342656,-0.0530570476720396,-0.466998979576394,-0.504215511751587,-0.422418554486116,-0.579087701802179,-0.626030276606988,-0.575184451506578,-0.720396502850358,-0.673206426504374,-0.822948216474435,-0.814442270209797,-0.803005315140313,-0.836161327191737,"Protein"
"OSTF11",0.320611976597855,0.150782077182539,0.319289778308141,0.0808639054782052,0.0533769661803039,-0.134240871658507,-0.269504969751297,0.0614355130811344,-0.358924470086732,0.200157438757907,-0.167813640264276,0.181914835909341,0.436559595260116,0.270850737016394,0.59979964309939,0.600087449167445,0.737933396435801,0.67268169700001,0.885133079100987,1.0504220390804,0.81350699955552,"Protein"
"PEG101",-0.81821814155372,-0.865634325039222,-0.803740621718857,0.0426347971080308,-0.0298831193130216,-0.0127516777950074,-0.641628046300285,-0.467315852406811,-0.466467699505381,-0.855529167105972,-0.778921225215838,-0.738438746282915,-0.897975870507119,-0.852582088157758,-0.838264587486508,-1.02870772729746,-1.14962430135089,-1.06614820699673,-0.976776907052704,-1.21149461397023,-0.873542921349026,"Protein"
"TMA71",1.25112585583335,1.61723739022119,1.23204679612404,-0.156564521691504,0.123846825929309,0.0327176957621909,-0.369018831242856,-0.0708110637092823,-0.474709357140528,-0.574160925407964,-0.459063985158247,-0.247231525000519,-1.94192297612615,-0.365968397894152,-1.18612587453082,-0.879239270641216,-0.527028324119124,-0.876563122956876,-0.952141358710149,-1.14260670060109,-0.861756598632075,"Protein"
"ARID21",0.711635538286098,0.672580100089553,0.491015326914743,1.1030129937184,-0.526574298280336,-0.576438695438066,-0.257858465567208,0.462428653567059,-0.0350767493152002,-0.204948629926294,-1.23769792924516,0.894099443353879,-0.263692179382124,-0.154332425295955,-0.547889502593497,-0.56687814346262,-0.0494628328726083,-0.46067715916128,0.734133591966589,0.393308818911752,-0.126724767517834,"Protein"
"SUCLG21",0.245828254269304,0.0627012983724295,-0.106571486834129,0.116680145483967,0.300670471042432,-0.4173506165264,-0.76483322560499,-0.735504583676232,-0.745243275168251,-0.319059229027614,-0.607010764981398,-0.700535876624562,-0.910449238079449,-0.499925525861334,-0.50934612412715,-1.61954773459238,-1.19362936519988,-1.76199876553132,0.419030597864573,-0.610382257946808,-0.473819753028923,"Protein"
"NTMT11",0.642830202651771,0.360958163193182,0.393631488991691,0.0264962089763365,0.0323638584904344,-0.058860067466771,-0.0504640419300486,-0.120113666827329,-0.170558739918174,0.400348992997994,0.329255624991465,0.308658848333668,0.542840165321763,0.53782758185746,0.583062519300105,0.563151729319818,0.702262319731522,0.590392916796025,0.584076714876309,0.941239137745283,0.885756374273965,"Protein"
"STK261",1.39826378014864,2.66635433632104,1.37075896860371,-0.136490875672818,0.294084603777177,-0.157593728104361,-0.162491547388795,-0.0608227996805173,-0.0584347678424546,-0.151735195266484,-0.281313465985823,0.415654612036908,0.15901930071008,-0.15000345289438,-0.236766769627403,0.50458551946925,-0.232011012271593,-0.2596008232552,0.501605519372154,-0.39206596692709,-0.0953774745727092,"Protein"
"FABP31",0.0411730695650441,-0.0839496503321051,0.12854054108637,0.187336565273558,-0.00433511307339884,-0.183001452200163,-0.188312032870197,-0.173218395078695,-0.399567697346203,-0.14094529607048,-0.384054869344499,-0.886944469484046,0.541622393555496,-0.117031713457298,-0.624226648295394,0.841984439521841,0.839928064884557,-0.121276098727453,1.47671652059816,1.01317571816714,0.471558505456915,"Protein"
"FLNA1",2.74994185447272,2.87065728657673,2.94232291193019,-0.0231998898120871,-0.00101911105486963,0.0242190008669532,-0.932654814206826,-0.619860877218626,-0.772881057422611,-1.51173231324457,-1.47550743382007,-1.54989141600844,-2.38121501706397,-2.10094906891837,-2.19575446885004,-2.21881998144887,-2.07123571201676,-2.57420635328573,-2.76565428724733,-2.86650521650071,-2.35595646181695,"Protein"
"TIMP21",-1.40613542215356,-1.71882119896542,-2.16935238961489,-0.278286410211164,-0.0186327634398697,0.296919173651032,-0.216171265425304,-0.466893892230742,0.328634189376588,-0.136301643281149,0.0351938215803269,0.0241963844203656,-0.176319197297067,0.154933700957644,-0.00330497463406054,0.267669545983699,0.259600418959861,0.423303337185734,0.745402686882217,0.59574184076647,0.725210367579718,"Protein"
"SLC29A11",1.61382574030851,1.59269094275338,1.28186837317047,-0.0524919278503244,0.268396036751911,-0.215904108901585,0.0134840120751871,0.12478892938743,-0.0319526584861851,-0.466723580202197,-0.461399481622903,-0.22557044923016,-0.977268029384257,-0.715762054325017,-0.627564776802691,-0.647132024464147,-0.693228540750885,-0.66830387719167,-0.773484020936708,-0.785325805083916,-0.859443955150459,"Protein"
"PCYOX1L1",-2.58393825193221,-2.21912239418679,-2.02506256257043,0.0974621003218488,-0.377513785026549,0.280051684704695,0.0872679744992055,-0.306218755249025,-0.0602713002294237,0.04109403438882,-0.132639261960193,-0.433898186716897,0.236754798961812,-0.0162365419358963,0.260849117599378,0.476211926537104,0.69502641466066,-0.0444241755092989,0.728183113902389,0.853889119807505,0.928831143036398,"Protein"
"ADGRL11",-0.998788612488802,-1.70747914329277,-0.69161925059228,-0.257827021007591,0.185601579881828,0.0722254411257612,0.746553445664086,0.407971309673675,0.686413231516097,0.869285552878258,0.790386172670525,0.898779335474833,1.14004745602827,0.980241260264583,1.15265775091028,1.18558026750218,1.10395402862777,1.32907459793321,1.70748852170909,1.21363540446628,1.47617367600335,"Protein"
"MAP4K51",-0.731036203427868,-2.45223518350349,-1.95129538947829,0.174045420064671,-0.233875838772034,0.0598304187073619,-0.141777219130384,-0.0653635760282274,0.370861779751758,-0.0582913372423004,-0.298121879867415,0.0845979227775668,-0.109946775521296,-0.338065644840446,-0.733424630528694,-0.488667579511853,-0.748961636822076,-0.0957219206490461,-0.0773012940926971,-1.00139667962266,-0.096552040708362,"Protein"
"STOM1",1.58267774104574,1.50927402079158,1.808642884005,0.00784200622561926,-0.372173147141304,0.364331140915684,0.573604434381469,0.234173829915154,0.916544752619323,0.880463369946536,0.494115096626562,1.00362069225323,0.882565950980009,0.820534405274536,1.45305941206973,0.9315102810592,1.18566714502751,1.35181775930604,0.928985747881768,1.26049497896052,1.44089927026675,"Protein"
"PTTG11",2.03970977631761,2.02247764427598,1.76874411737083,0.406076563380161,0.395361181739558,-0.801437745119719,-0.746163684393874,-0.853506614531833,-0.0498864724493622,0.0721126773941911,-1.28160708182574,0.369283829468483,-1.17448212361451,0.0626977006998484,-0.850511547472275,-0.643538222600361,-1.33277936836544,0.0549503367606761,-0.127961258223287,-0.0471825411736226,-0.474386208669745,"Protein"
"PDCD41",0.669872646611664,0.691937584261956,0.721173430719928,-0.110893808340451,0.226860182078946,-0.115966373738496,-0.925782013035976,0.00108590906361705,-1.81607780254677,-0.449079918804841,-1.69333907239529,-1.65930073519277,0.307017646974382,-2.00765039908531,-0.358879006202068,0.023416450498976,-1.00655689973424,-1.26198451792661,-1.73310820251964,-1.27506275285084,-1.8412471696483,"Protein"
"RBM8A1",0.466395980871665,0.308023845043861,0.557396648729542,-0.110647226333651,-0.108176432400974,0.218823658734626,-0.286818176141406,-0.395184414554766,-0.0113745441172313,-0.542784575924141,-0.569343212962107,-0.529616244180421,-0.822873699312527,-0.890770122445065,-0.744497571178055,-1.06352470635724,-1.38357250710993,-0.841431209941788,-1.63807762169741,-1.41439390262082,-1.1542392053764,"Protein"
"RILPL11",-0.864162249392697,0.748912703981189,-0.0488972691019303,-0.0913700576314813,0.182493109896749,-0.0911230522652691,-0.163918226872822,-0.239842745692988,-0.536049451926909,1.25069136884568,-0.193045300838493,0.313890064441511,0.0639255287420024,0.15808360310089,-0.0421952330867743,0.125109122706879,-0.144744513507556,0.18851768019343,0.358184466403438,-0.228483202372223,-0.0146724337552424,"Protein"
"FBXO411",-1.90848400519826,-1.46590725253125,-1.48473824995507,-0.164290705581548,0.129375920202433,0.0349147853791134,0.485922950766023,0.104352822274899,0.352008966362545,0.757610997860757,0.533962281703031,0.559919878665463,1.10931378893114,0.983425709976212,1.30002790234225,1.07038344919467,1.28732504440367,1.02163986410311,1.19177221244806,1.24871978001184,1.42118355087068,"Protein"
"IDI11",1.23272480951132,0.934268280249977,1.16009891250938,0.363798764562839,-0.46941543143951,0.105616666876669,-0.302801455616708,-0.802319616172786,-0.793684541032233,0.498904361470951,-0.04912135826544,-0.313422033793357,0.76360966569192,-0.181828882150823,0.302276588175799,0.850413754281394,0.624661026802501,0.208755020548624,0.299693217030876,0.555163769879934,0.44538595875501,"Protein"
"PFAS1",1.15902783423004,1.31068101802238,1.1789278247646,0.0015667937100865,-0.0155025189216111,0.0139357252115282,-0.276327225499433,-0.232237974438664,-0.314321412808294,-0.791500254000692,-0.520199945113927,-0.65447914735218,-0.97984825066332,-0.885629054498867,-0.990029910892883,-1.17743303113222,-1.16607854179164,-1.25997900455883,-1.27347743663386,-1.33611796190334,-1.45008521340514,"Protein"
"PAK41",0.766886749423524,1.02270773525775,1.0533472685922,-0.139986069710218,0.033441862770097,0.106544206940121,-0.535193171599182,-0.421980103572093,-0.481603749388043,-1.10795799110278,-0.8174651198436,-0.812171565117808,-2.27067410490114,-2.70282425964563,-2.14930905419836,-1.1954555305205,-2.98543933311177,-2.11847276524756,-1.69257728334228,-2.69460688099506,-1.31551524506428,"Protein"
"DPP61",-3.0894911985445,-2.06114328916038,-2.81563765554273,0.235800976422365,-0.287605636618036,0.0518046601956712,0.740712876053077,0.239229233638188,0.61492080470974,1.03565889030208,1.00218703832801,0.901286915660616,1.4262474235625,1.08153924105548,1.24414090619002,1.34762159039657,1.35682859070464,1.16700281063639,1.80644677731677,1.56676749836768,1.46902053195266,"Protein"
"ACSL11",-1.53669826594821,-1.40804406383866,-1.77551331757118,0.00242112603810796,0.0357254031868735,-0.0381465292249814,0.108915741161674,-0.0538900108485691,0.0223459366432976,0.404048289351806,0.489554616960369,0.282222862604826,0.87812269699441,0.744704834129585,0.741445303113267,0.991236045694961,1.05102359467797,0.987085132014954,1.24799994531654,1.24437921002444,1.0689439341616,"Protein"
"HNRNPL1",-0.682797150171467,-0.610313094322414,-0.757613158968915,-0.221265728268655,0.320674408044766,-0.0994086797761113,-0.170261724080397,0.206337534965805,0.0163305108189533,-0.671062646651919,-0.178057855627365,-0.461229216031072,-0.69793086948188,-0.420834594703031,-0.721363325303848,-0.741820506969397,-0.830605106559105,-0.967521729324872,-1.5745559025228,-1.09831964116938,-1.06574581867051,"Protein"
"NCOA51",0.483855036627721,0.592660054500014,0.23482663518884,-0.127471334187151,0.425847199736987,-0.298375865549838,-0.253014917403307,0.0416728555687786,0.197884883111067,-0.527194663492123,-0.0048841900443275,-1.16716774657916,-0.374456560898034,-1.45426759533297,-0.813238650939651,0.0991754983105313,0.328331080031655,-0.99633533022873,-1.23070226366415,1.17016736795002,0.461227039430577,"Protein"
"XPO51",1.23382043747751,1.07535251734688,1.46016028607322,0.0509804462131473,-0.128670901412665,0.0776904551995177,-0.23308266101947,-0.258987751519033,-0.253792054360403,-0.294579464350271,-0.488387660938365,-0.60367566277063,-0.555451613124703,-0.778744678237633,-0.60777607405484,-0.706272996080791,-0.717212601823277,-0.994358169051626,-1.06547949692579,-0.871669454638511,-0.957764711999285,"Protein"
"SERPINB61",0.440955787043277,0.181675037974282,0.703545399313521,0.0905387526218799,-0.359555494292751,0.269016741670869,0.150489037800886,0.156287905250968,0.495147484167655,0.558705883336811,0.538087585698326,0.366329151646893,1.00833233397487,0.580553348664219,0.744523710540227,1.09377421036861,1.15039733001132,0.837441889922664,1.24034921605364,1.09888063148661,1.08323925393311,"Protein"
"CREB11",0.42061958820408,0.521257682122862,0.363759841817796,0.00360052114834986,0.027594475846012,-0.0311949969943619,0.125556807543553,0.223699172709996,0.146690552830172,-0.151754767348795,-0.0976522379181581,0.034026073682508,-0.486114017861297,-0.337770401432163,-0.369660890195313,-0.545841360000786,-0.634393941071341,-0.497945097195412,-0.524511451260445,-1.01445259259577,-0.767812576909009,"Protein"
"SHTN11",-2.17381491262312,-1.72922711156125,-2.3708338903868,-0.0252123087130922,-0.037942840015857,0.0631551487289475,0.612874271131801,0.60089227111164,0.730250000772308,0.865302201435625,0.914853325857344,0.999678907120334,1.14030897677643,1.11245657662944,1.06944799723575,1.14223757527395,0.906732353753299,1.17847359296574,1.11216303703089,0.973604644180952,1.11484650540001,"Protein"
"EXOSC101",1.23825471398655,1.27535539019174,1.24769444270412,0.210197905994532,-0.186902069290669,-0.0232958367038645,-0.0962307656861459,-0.238703302476635,-0.507895229451259,-0.577390417825745,-0.495143525287256,-0.399523319288873,-0.644631489062141,-0.695626236634093,-0.829889201291982,-0.502892945700301,-1.01836651001402,-0.872905206654751,-0.941848577814222,-1.09250424182243,-0.928699715270509,"Protein"
"NPTX11",-1.37642072278852,-2.09778886793315,-2.39776463488832,-0.557265751473524,0.213034286687092,0.344231464786434,-0.685432358189379,-0.3712615591306,-0.293223283860053,-0.782551327523267,-0.661835878442174,-0.556327384158079,-0.957133490837132,-0.642381459113652,-0.548971735309179,-0.822402446613685,-1.33356134608619,-0.742400865388758,-0.201138045402191,-0.669230877259247,-0.752844040719312,"Protein"
"TTL1",-1.50353471514994,-0.915223317496775,-0.854496354322849,-0.203838449466099,0.326305390927148,-0.122466941461051,-0.351989924293553,0.138373567681866,-0.0064541216916485,0.395297479698266,0.429536154523758,0.549299676011939,0.414223518190985,0.393024434005019,0.585795239464113,0.616025562470478,0.442727781682025,0.665489763377829,0.462132321761663,0.674283021019052,0.629234995986918,"Protein"
"EEF2K1",2.26907060790584,2.41627884451755,2.37573033124703,0.475400068307572,-0.340334388351524,-0.135065679956048,0.822522439553106,0.207377607599494,-0.686993729073377,0.0182096381291696,-0.524892291939693,0.802163883005109,-0.523305343524092,-0.382797554263343,0.420346676919685,0.221608145250062,0.698616748036997,0.570938707557865,-0.206441366027066,-0.216831788504955,0.112272821987478,"Protein"
"CTSL1",0.046796670978372,0.204743251785581,-0.160057474770925,0.0606948838007515,0.233718851669936,-0.294413735470686,-0.198017844968268,-0.362893694472453,-0.148602169217424,-0.428437028167982,-0.761805867526236,-0.367695443839759,-0.463481049159652,-0.17111333302516,-0.330971726386901,0.018015326028463,-0.0424472408036802,-0.11479744700196,0.318497600955061,0.0824179785756503,-0.143367168852487,"Protein"
"PALM31",0.68060695533555,1.01283296394505,0.67815481958216,-0.336191246791225,0.251208690981395,0.0849825558098285,0.559577254153742,0.617562265435661,0.628251962789262,1.29774503905006,1.02348781056767,1.19219537723282,1.39006703723532,1.09526906474759,1.09225695690826,1.97373076878436,1.43834091899324,1.86334085012352,2.22146850268613,1.63901939122349,1.6768250545663,"Protein"
"SRSF101",-0.393023176081385,-0.116962915720837,-0.665745723687539,0.0540001996018589,0.104296842984102,-0.158297042585961,-0.1889309923416,0.178463916281828,-0.0423836728357969,-0.422106152017296,-0.285247030661257,-0.216597880467006,-0.822498051275424,-0.570988758283811,-0.713230047017849,-0.553821772502058,-0.839005868525494,-0.825012293872824,-1.22273717375888,-1.02171980759214,-0.991776142378438,"Protein"
"ASTN21",-1.16041947665499,-1.75440002206528,-0.721577614950514,-0.808610148950841,0.39067445741923,0.417935691531611,0.185752796094224,0.194539247577289,0.192972195970608,0.282582536759033,-0.147133242175073,-0.102987264087222,-0.0381491528423119,0.161195331260846,-0.191565663707571,0.441405820541267,0.15324453770868,0.119461110439389,0.160546606042907,0.0647557405292609,0.0392166343167872,"Protein"
"LDB11",-1.37816251112477,-1.14988355086387,-1.24059253470818,0.00806874113856182,-0.0376753608047444,0.0296066196661791,-0.435390672862322,-0.356848592326326,-0.633440209924327,-0.926674876077552,-0.806659187524222,-0.856224227140086,-1.13144686245807,-0.938496165397769,-1.08660598518874,-1.49674728554221,-1.12295661745619,-1.40344191398956,-1.28058168610215,-1.38489274958186,-1.51863161232737,"Protein"
"SYT61",0.394709349861426,0.157411599536726,0.38468064364692,-0.227070315881916,0.30203396911555,-0.0749636532336346,-0.590148828351385,0.665892601020586,0.0595634294264311,1.16739748425384,-0.388296263340262,0.049270616474498,-0.632861471446372,-0.630315819915744,-0.371916274867983,-0.879614437243676,-0.192768898956533,-0.0740226163866708,0.783317601732984,0.191834275353367,-0.583299245817186,"Protein"
"UBE2R21",0.0211847653209496,-0.0747874586253374,-0.039238173893775,0.21895516520307,-0.146693948257298,-0.0722612169457726,0.111493579567526,0.279364980828017,-0.139099630533483,0.385272829726301,0.426328972870497,0.186964894171286,0.093609319804667,0.478287776159991,0.133156580677916,-0.0216078544266161,-0.0215000986675982,-0.0330889760036825,-0.00942231325615595,-0.203286582984273,-0.0835185791283983,"Protein"
"SERPINH11",2.00107688906698,1.81592206422729,1.99563044824233,-0.0222576186810901,0.0217528931294435,0.000504725551644825,-1.72529924224076,-1.81504058355024,-1.62631701383253,-2.2597082800828,-2.48304969367338,-2.50221168816732,-2.55965741639946,-2.56451922957784,-2.75192463957068,-2.76671476790678,-2.74145060146306,-2.81287981619292,-2.76877940435902,-2.58012420995231,-2.93130437972606,"Protein"
"ARHGEF161",1.51984274571999,1.97827380262579,1.70584959895882,-2.43360809109918,-0.35197328025607,2.78558137135525,-0.628967575479225,-1.08578073781353,-1.87036878329051,-0.68230085771026,-2.36651976969695,-1.30852189774848,-1.4167401562774,-1.08758509836707,-1.1898841124488,-0.831630751663766,-0.738603306386016,0.843032286950669,-0.786441584787083,1.52376433278482,0.896822700508297,"Protein"
"STAT31",1.36763892760894,1.6197736421429,1.59614934433101,0.107066169190803,-0.119908197107696,0.0128420279168946,0.456173371246999,0.288260382212675,0.383599598369321,0.604491548436341,0.503336845778838,0.494862319793073,1.0762948006985,0.79518804377116,0.800023105544748,0.879700994074517,0.84900019439444,0.957969167579297,1.00226271073232,0.894538532128665,0.995769623305836,"Protein"
"UGDH1",1.44363251066065,1.54941482813473,1.48551204366338,0.0419147429498423,0.0227017107789731,-0.0646164537288154,-0.275843255024901,-0.308337710072889,-0.432792079214879,-0.782126750698152,-0.722673289835596,-0.972752361178424,-1.14558003824384,-1.2711164335598,-1.32943254522005,-1.42309027952461,-1.78241737555239,-1.71914836219663,-1.81816417097024,-2.04910182693554,-2.24161808812007,"Protein"
"EHMT11",1.28200724110647,1.54014707124235,1.29186494513366,-0.0689522850163318,0.0999896831844698,-0.0310373981681398,0.00443213065576664,0.017902894327209,-0.127710215731602,-0.383844368507019,-0.345000144316236,-0.229230777380062,-1.02759148681375,-0.578432488884578,-0.968393486855868,-1.08588229772239,-1.11560841432407,-0.927822162080359,-1.0530467992334,-1.37702267512563,-1.34989060408481,"Protein"
"KIF2C1",2.21468274921418,2.45147123887027,1.93196676675998,0.22795804811263,-0.634516058268076,0.406558010155447,0.800003927014512,-0.57621826490456,0.542109685190411,0.308807615375709,-0.75881980630917,-0.00911850754354049,0.576778480952512,-0.153629736635915,0.232481631714922,0.872789525618753,0.656312225659686,-0.804023860944966,0.232004675473494,0.907823442873458,0.961517404205701,"Protein"
"MAGI31",-1.19289541953774,-1.33919380110925,-1.4193542741235,0.161974740891727,0.143691981552232,-0.305666722443961,0.792108434214898,0.7279114738348,1.0081097554864,1.26121699174847,1.04687747854329,1.42014408412835,1.4332572356057,1.5427008471304,1.35593695456576,1.49468368333719,1.40508809381516,1.65939088118308,1.92048532261232,1.36180202345444,1.55394650541592,"Protein"
"PMM11",-0.883220814213535,-0.913855151720496,-0.897815774732871,-0.0577028256262029,0.251825235469914,-0.194122409843713,0.489858911027797,0.603416159501824,0.531234668351674,1.0124086393618,1.05336125215604,0.96369854898648,1.45320481839334,1.37799132101569,1.26347574974665,1.65010415853185,1.56499801392829,1.58610897180943,1.81857729132379,1.66484371288268,1.49191927586302,"Protein"
"ZC3H7A1",0.297702748144852,0.418022223423447,0.330358782248775,-0.00609125048583259,-0.0617568305312819,0.0678480810171163,-0.0643833567005121,-0.00668588689153005,0.0958808287660009,-1.8291840339748,0.20517245048862,-0.0088847351975847,0.136639541133457,-0.576806794213686,0.19567742241094,0.0389713088121137,0.235132335991635,-0.0189021002372431,0.0333127716978741,0.193962049729093,0.117552630400281,"Protein"
"PHLDA11",1.06751989446131,1.48444126863392,1.31522454573959,0.645689276420256,0.611210485810867,-1.25689976223113,-0.890788670067064,-0.165230345299237,0.176533411856411,0.166045169032854,-0.107055310044926,-0.1689367361538,-1.30263975309527,0.417354667493187,0.270395381502379,0.142960535541013,-0.830967934181574,0.444088425736551,0.0296691509858125,-1.22025378912019,0.160778697697268,"Protein"
"SCN3B1",-1.66782832794729,-1.29753803191554,-2.39120193407942,-0.0526262647564977,0.0932020351491332,-0.0405757703926355,0.653884720455405,0.899662025207867,0.76563363957699,1.14039485086554,0.998919032372985,1.25864582045092,1.07615813060064,1.46318064692307,1.22414492557541,1.41359917996195,1.21980948316549,1.45395803168268,1.57832183542886,1.28339448927206,1.54922104907956,"Protein"
"TMEM1451",-0.319754452494568,-0.439880313967604,-0.79302767190444,-0.725188728658793,0.922181445054335,-0.19699271639554,0.69328368335797,0.374893435647261,0.938583359789122,1.07837632544268,0.948234914307941,1.31373905819189,0.926431301549359,1.33739694988639,0.905742237021636,1.56886398634801,1.6571732311055,1.69610226197543,1.89187720664712,1.66056479198923,1.84113084473533,"Protein"
"CD631",-1.22151902838291,-0.932091978416416,-1.59438603396322,-0.0810032048575948,0.265343202612556,-0.184339997754961,0.398802873503406,0.229125227190266,0.247662771942785,0.085293343581867,0.54133996592023,0.195833860463658,0.0174068617122103,0.364317809694278,-0.205646029785562,-0.0096890777624381,0.0113675437472551,0.10537808836451,0.142084588829221,-0.0017401941125641,-0.006521922253512,"Protein"
"SMC31",1.18693724785139,1.18947768639073,1.25919038609566,0.0392659703746681,0.0611499806047,-0.100415950979368,0.0433869108183202,-0.115525271750116,-0.147570814639955,-0.189465828378303,-0.423727759638869,-0.403169569391071,-0.57930446271207,-0.568876987092821,-0.553219218756311,-0.785028015218597,-0.763666581058164,-0.779421942527211,-1.3117571013881,-0.901531540064717,-1.14106152355738,"Protein"
"USP241",0.0925349279675629,0.218755610910108,0.341424421693553,0.0368426727491311,-0.103650814277962,0.0668081415288313,0.695603045402468,0.625221590166987,0.694931022381976,0.90880088402665,0.996827405821769,0.86386191259156,1.09163150160773,0.953862129477336,1.01231942291848,0.91849021829567,0.927184596066329,0.755774218302314,0.892259120612543,0.826858187385113,0.72015093706187,"Protein"
"PBRM11",0.536142484147595,0.753184878602836,0.503499682724465,-0.033722788738503,0.294177990903824,-0.260455202165323,-0.458271497170985,-0.081124091885199,-0.334553438517078,-0.887030415622737,-0.52145676550912,-0.766829198462043,-1.35636276338072,-0.859572438809371,-1.12434727374191,-1.62978914771815,-1.4829368419272,-1.38207933514179,-1.6110677490972,-1.51388669926301,-1.30642001682593,"Protein"
"IPO81",1.14706904787279,0.94740896262673,1.27035786668106,0.184714041804302,-0.122758442963541,-0.0619555988407612,-0.772605102519169,-0.840514494483394,-0.873521957316623,-0.674058254393039,-0.324874135048312,-0.261780033734354,-0.0908582226359762,-0.374966282514464,-0.111080780835174,-0.301868597123651,-0.165215280992761,-0.250518959712828,-0.545981114830525,-0.823308253182677,-0.216813554663513,"Protein"
"LUC7L1",0.815268489051727,1.12275835416246,0.70844382492608,0.0453079460706292,0.0401340727498045,-0.0854420188204337,-0.145111858696541,-0.0855414899824787,-0.137160090040219,-0.576343739421254,-0.436731922445265,-0.387659999762967,-0.754434321580575,-0.474639148311578,-0.71492168561247,-0.91042900556829,-0.83707699636787,-0.772998172180948,-1.00065307438064,-1.17674419171055,-1.11952777153232,"Protein"
"RAP1GAP21",-0.779318630278821,-0.806099040448403,-1.37944470341253,0.0248695996039334,-0.117242798146821,0.0923731985428855,1.04994804611258,0.945186257010095,1.03163648093979,1.32888410023209,1.31776646795022,1.50357592942238,1.63859091715796,1.62007447812062,1.27223392557082,1.45886385187409,1.59169500153882,1.56137737337878,1.9149156931237,1.4902487808499,1.52589196323984,"Protein"
"SLC16A11",1.51294057790167,1.5687150029196,1.51210907322716,0.078345192854254,0.0782278655012938,-0.156573058355544,-0.240418559968294,-0.312567167304866,-0.204083791917892,-0.59156577569764,-0.515802927829316,-0.663682515309658,-0.943134678775982,-1.06211702994495,-1.01622587182467,-0.892759785775953,-1.19344145265933,-1.19162903086995,-1.46877279777801,-1.30186712673568,-1.60746300791667,"Protein"
"BDH21",1.04856106002845,1.11311925083465,1.28200468032099,0.100579831217038,-0.12775086935955,0.0271710381425141,-1.19522308578095,-1.21089614239039,-1.52079903291895,-1.60743265674323,-1.95562870283889,-3.12210062848066,-1.70216851510447,-3.59144303778179,-2.19401588647253,-2.31833860624699,-2.06500501892722,-4.06667267145423,-3.64347392109853,-3.0020409875851,-3.3053003027704,"Protein"
"CAP21",-2.77571616467902,-2.80955391683996,-2.74685234074293,-0.0547835661652272,-0.129725145875348,0.184508712040575,0.347734214867636,0.311332291223742,0.556428613310679,0.17401974095511,0.377951015665886,0.251230581276786,0.0978920192839965,-0.229838994308247,0.0418133238504907,-0.220357968999123,-0.545165368357027,-0.31382318314129,-0.563412148959701,-0.839284744486429,-0.478591797596708,"Protein"
"PARD6G1",-0.235651978963256,-0.0329910415447774,-0.282301014475683,0.0897312199012692,-0.0461922989779264,-0.0435389209233445,-0.10390896995146,0.154803206690522,-0.0749768013628742,-0.212375967697726,0.0161289801098956,0.0107833373761128,-0.0544900082434179,-0.217221083557154,-0.418526579972491,-0.811455518611043,-0.355451170766335,-0.534005834743843,-0.546243058533333,-0.59873998409113,-1.01233151175293,"Protein"
"SDSL1",-2.67702152867015,-2.68416669059171,-2.49818992864594,-0.0193034104789369,-0.0663527776610735,0.0856561881400104,-0.0832505287900922,-0.257291970448126,0.274985353599693,0.0730941829167193,0.170128675344252,0.406181513432301,0.482576582668948,0.549300234636821,0.92455997351761,0.940514489759618,0.827708364946101,1.20720540883935,1.1709097620451,1.45015018780839,1.61390050812981,"Protein"
"ANKHD11",0.769758980114259,0.923015524277153,0.938424843981066,0.0771456195241527,-0.115737743305303,0.0385921237811502,-0.129687500660612,-0.324779660047383,-0.361611894562557,-0.426647511976054,-0.62278454096386,-0.348757478510848,-0.384154768672836,-0.650362836119509,-0.516697519798473,-0.836822908415293,-0.860533883534316,-0.76653191688052,-0.854379215749997,-0.920390729940394,-0.676443022810826,"Protein"
"RHOC1",-3.18519489730558,-2.28472961045614,-3.75248817483451,-0.0899242438974461,0.122681380725236,-0.0327571368277937,0.0241157913777919,-0.0922287969834521,0.0466549042606097,-0.023663121946182,0.117273507706496,0.168524236136545,-0.128158977245544,0.111615267717742,-0.17408699010193,0.128420886130794,0.180217839683682,0.239834020215401,0.448705284192432,0.175546823147759,0.177372399032901,"Protein"
"KIF20A1",2.9258412249118,3.12590327352075,3.04884526691834,-0.099752803432068,-0.0617883692909675,0.161541172723037,-0.236456133574382,0.936516547239872,0.286190290654774,0.390989007993285,-0.129561151476247,0.664940901693546,-0.203479775464544,1.02981970851819,0.269661373407173,0.293627775232087,0.00417231819181296,1.20926586718745,1.54851300077289,0.729978410139992,1.35585865269684,"Protein"
"SRSF71",0.0160477742760357,0.414467188153427,-0.135129375910733,-0.0340463148952956,-0.00420500406162816,0.0382513189569273,-0.155935221488573,0.0567826614084659,0.0811101915421624,-0.424530836927079,-0.135238612821606,-0.216740789063611,-0.611638839867478,-0.211391675692131,-0.454268986474855,-0.618769694230377,-0.513811979523314,-0.561787051022211,-1.01977294921739,-0.862344183745865,-0.796387724040517,"Protein"
"TPX21",2.54682330167405,2.62601419834198,2.4483377220694,-1.44148077826841,1.91822917061473,-0.47674839234632,-0.819231511080202,1.71411303836102,1.3359382028199,1.65868655851908,-0.219756724637561,-1.35410710388678,-1.31202837921786,1.44985763438258,1.71286427684117,1.98785876545871,2.02765082745941,2.47925271375513,1.41766856028363,1.30141251529291,1.73851337290916,"Protein"
"COPS7A1",0.796539726002548,0.338247243076621,0.650447506770741,0.189437996946337,-0.300038220688021,0.110600223741686,-0.346817392278338,-0.807669428506435,0.308596109502004,0.272728112515891,0.245684282313773,0.18088725704869,0.392337687629174,0.341583809586327,0.476800933243135,0.643394757927309,0.649905988939226,0.72256275057107,0.767786822220623,0.845909137310779,0.729131832146168,"Protein"
"NIPBL1",-0.315639522847421,0.111849353545997,0.250712292628316,-0.0264806543757299,-0.0206344253330872,0.0471150797088189,-0.356407640192502,0.0563150525308256,-0.256485630647424,-0.0701782378265943,-0.360872845942287,-0.0493471237569647,-0.385904006488465,-0.323767063732719,0.0661098029921892,-0.629027392280245,-0.462202627685651,-2.67098619634092,-0.350668313827745,-0.0435774684055499,-0.00999122039318756,"Protein"
"PPP3R11",-0.349880789466022,-0.686340113717643,-1.06727886117743,0.198166962024407,0.15252485168231,-0.350691813706716,0.823381254718834,0.855415141808576,0.940485328661412,1.30119085369491,1.01567716318232,1.36072331623076,1.16674256044788,0.909520858989277,1.07019416443836,1.12503520561259,0.844350184401419,1.53479186135298,1.1260656232632,0.827733583148818,1.07214149498123,"Protein"
"CC2D1A1",0.918583498359588,0.932673193324039,0.700944310937782,-0.121081452807385,-0.00139492351973303,0.122476376327118,0.727147264746772,0.800781672561268,0.806876273552415,0.944612939139329,1.13497328436308,1.30879013915066,1.47590544173342,1.68274620443149,1.45750076071194,1.72613564221239,1.90780632415357,1.84955600453024,2.1623070701407,1.91429411989857,1.95637742256771,"Protein"
"SLC25A461",-1.43261397905969,-2.64029967422949,-0.0563133949089067,-0.14454189391475,0.164417826209975,-0.0198759322952267,0.531737091448038,0.486028755077276,0.391919960117404,1.01735585989825,0.999556735424088,1.07409393539264,1.29699011759278,1.3400424032042,1.43330779199732,1.41799022783194,1.6440492026901,1.55093079176737,1.78072400137935,1.90712968268275,1.92659113751088,"Protein"
"SRSF11",-0.0574333298061234,0.189030201386004,-0.151243199751342,-0.0388003318941372,-0.0504954765891767,0.089295808483314,0.0826659574129778,0.162918707299809,0.358066499373685,-0.297506343470275,-0.224664938353449,-0.0665453459472403,-0.550813314597455,-0.319219702803409,-0.617237740955623,-0.503292980423218,-0.889964351647897,-0.621908035060343,-0.913532322995401,-1.09029859939608,-0.825875004113641,"Protein"
"GGT51",-1.48423699670742,-1.87333569439376,-2.14850606583963,-0.0581210954050455,0.356355549095351,-0.298234453690306,-0.546192265009083,-0.256308464639144,-0.43956985285989,-0.69152197648889,-1.02078939593428,-0.941029358729192,-2.04967902098463,-1.46623246167181,-1.86540318564523,-1.49457302253136,-1.79156044509066,-1.54471681893514,-2.03756905068849,-1.94514973582118,-2.40878934267153,"Protein"
"KIF141",2.80661506465686,2.9679571669074,2.80011648469956,-0.202858426440221,0.381851216981454,-0.178992790541233,-0.459257133927165,-0.297167959012093,0.516718410133338,1.25741621530462,-0.616412611355926,-0.133878260290933,0.41230290538555,1.05220317613463,-0.391498046242988,0.0151026221271042,0.646214817214508,0.620516726845802,1.10669682032123,-1.25762725664966,0.696650825171444,"Protein"
"LHFPL61",0.235689404319572,-0.508065724300311,0.583750331457292,-0.281643229900796,0.260031954700482,0.0216112752003159,1.1132068708314,0.755771889568743,0.83420237834734,1.41691408698674,0.613080776924535,0.727560028994501,1.00794163971202,0.0907504532355521,-0.0860643878827734,0.912798312332383,0.193369220606085,0.842723143907774,0.768646404505708,0.293567964063223,0.0372216076400687,"Protein"
"PCDH101",0.0666695832761377,0.173386369582122,-0.895023697560971,0.124789433549862,0.0654972983590998,-0.190286731908964,0.806773830552244,1.03676531355101,1.00270282295488,1.16725108190413,1.28648746461163,1.77266190607153,1.33389339666583,1.4351619357599,1.49645091026927,1.59696280551196,1.43254641684051,1.77546823717372,1.72809925139109,1.4559222798031,1.74146625951728,"Protein"
"LPCAT11",0.566594920909065,0.387674874936057,0.326789142322443,0.00527721333164166,-0.0801453634679596,0.0748681501363215,-0.147833822078109,-0.344087287427842,-0.118646512339328,-0.599101846809669,-0.622735204173106,-0.627216129994414,-0.635017878506931,-0.897515353466948,-0.82359248718061,-1.11892015308247,-1.15289846310606,-0.904732298335285,-0.958436978800409,-1.18459563002736,-0.925898269517708,"Protein"
"PITPNA1",-1.38140333926127,-1.27043086155362,-1.12966219829781,0.0906161315244205,-0.110734393214727,0.0201182616903068,0.431977253497131,0.290345905267216,0.322402253290029,0.560221044057641,0.709124454474811,0.42743187774262,0.887942486248818,0.751922810374055,0.716377200520355,0.842462749675889,0.878778540628169,0.866564791437519,0.932693616159014,0.88571352805107,0.867921964005198,"Protein"
"PPP1R14B1",-0.306702025958019,-0.456003174338131,-0.444708858209554,-0.0385163024395769,0.0521528158533879,-0.0136365134138092,-0.577081347402396,-0.709223454416973,-0.70263085231756,-0.70599532608629,-0.662979403878365,-0.520341959457648,-1.29187545787416,-1.24645046682028,-1.01037144290647,-0.963293422765679,-1.49196697075172,-1.24633872822757,-1.79457657760768,-1.84438350976844,-1.63976171426796,"Protein"
"RRN31",1.11623778575222,1.06762031642472,1.8950052108929,-0.991186253540443,-0.217387113907343,1.20857336744779,-0.454101183256906,0.284112680387743,0.565892713150481,0.600258005396215,-0.369572525510941,-0.158802195185652,0.385810959350264,-0.728940426149807,0.517404962813822,0.303274328143788,-0.646756410815678,-0.84867264049333,-1.45932019377062,-1.2665399163068,-0.19976174029202,"Protein"
"GARNL31",0.902005409179964,1.41321482852543,1.50607154803402,-0.549986647233213,0.657041348515085,-0.10705470128187,0.53741510827418,1.08550048925541,0.258460612727928,1.2192510648741,0.223567357695908,0.239387821777852,0.841322894724756,1.48655003633434,1.0652432229024,0.954325501343154,1.2624581057817,1.16130647842332,1.19493705304343,1.3196902912437,0.80421595026043,"Protein"
"COL4A11",0.997515450562158,1.75240895524729,1.29899925443235,-0.244377084373795,0.180686643376102,0.0636904409976928,0.243180460379588,0.589274848752613,0.226723888126973,0.150173921515901,0.0886269249019662,-1.09481325778005,-1.21233719147937,0.176693390030326,-0.347432187907604,-1.59189345773454,-0.460619496915896,-0.423451319063219,0.178405554323749,0.300539940229168,-1.35926936105477,"Protein"
"TAGLN21",-3.16491011404063,-3.24600346346277,-3.10597638192506,-0.368865959094446,-0.036959380481111,0.405825339575554,-1.46968585786594,-0.703031930698689,-0.585237031497034,-1.72707493187623,-1.1006740393331,-0.77154779580675,-1.58327594440854,-1.20309334518858,-0.85382723397694,-0.912433240235888,-0.572249208098693,-0.470245745919872,-0.767146173853387,-0.277566312596438,-0.291746597590087,"Protein"
"SMPD31",-2.02482129118881,-3.29306245462974,-2.46289838870051,0.155563170275062,0.0221881084370175,-0.17775127871208,1.12614453648551,0.878498072955093,1.10122557333137,1.24808878556906,1.49766824758367,1.31354644881295,1.64811980226577,1.54982077362715,1.51247996672102,1.75421786223089,1.58863566685366,1.87433861277688,2.00288295509101,1.84363274970814,1.83972382938797,"Protein"
"QKI1",-1.89218199544277,-2.09989442582885,-2.01687500378869,0.174742446127869,0.147468625796389,-0.322211071924261,0.967517041169483,0.417602689654768,0.424786976846288,0.485409722617153,0.569038552449403,0.317581009615783,0.67634538949682,0.739287677183189,0.463983053602991,1.04129566446172,1.20184987256787,0.497093675562159,0.76201263881509,1.09458074043126,1.15432336243082,"Protein"
"TENM41",-1.49089285731806,1.13744357351069,-2.50435884024188,-0.0620175692024265,0.0940005466934917,-0.0319829774910669,0.783789438100102,0.789305495638741,0.795127126682635,1.02353527032367,1.19348811072495,1.17157045003548,1.11957994831448,1.1719247393376,1.23311440937093,1.05126065131022,1.17682054946123,1.20125936477331,1.41809504334934,1.13980760940896,1.36744522449112,"Protein"
"PEX5L1",-2.25750470149549,-3.15485023275027,-3.35124179346794,-0.00232403262829273,0.004883912909035,-0.0025598802807405,0.0403969913946529,-0.173032982052748,-0.0413639165895372,0.23478783324172,-0.0155631572844985,-0.111420121700613,0.378351763101859,0.141700006904175,0.144569020295412,0.22436650056399,0.375816535131959,0.567910425561424,0.724433768207922,0.533724049070562,0.313689737387788,"Protein"
"GNAI21",-0.887233409122805,-1.13477449757069,-0.705493677983776,0.163347898617603,-0.23771130669761,0.0743634080800089,-0.0619455090393348,-0.460907727814751,-0.247447329358698,-0.159094936336315,-0.377367751816655,-0.443891111716214,0.0278775581334845,-0.544025229517684,-0.235450622624784,-0.212197876154507,-0.451422087789171,-0.368310317273307,-0.355736954001033,-0.261150174829408,-0.20556466380352,"Protein"
"CXADR1",-2.1871407458573,-1.93595374415046,-2.26957001457181,0.0043757443257384,0.155480931432809,-0.159856675758551,0.757913659562231,0.672920856105595,0.562512770180756,0.565080360460104,0.757084411565206,0.708952833393173,0.579327024374695,0.623651856965051,0.329207643350426,0.631927580813265,0.315546537085648,0.562077575023562,0.759318144299993,0.293853784986158,0.314024064738394,"Protein"
"PLCD11",-1.20069386578243,-1.31216860634829,-1.59955097291757,0.108996513254523,-0.0643461339112807,-0.0446503793432438,0.23689165481934,0.152234951907991,0.0520997190507035,-0.0785878628976082,0.153402005673103,-0.225503254398211,0.060866821073537,-0.121823223942704,-0.207646725750687,-0.0109595776788307,0.0452042988989145,0.00400189785742988,0.0905590234741123,0.106279402600114,-0.0669957013733775,"Protein"
"PDZD71",-1.62354493252816,1.59153349427214,-1.3078213954319,-1.10280341645054,0.998539456390271,0.104263960060274,0.131684164304554,0.800612580823715,0.459557119037045,0.514566519598306,0.468752071040386,0.818777818158411,0.916973463062723,1.19941017058212,1.05755585277044,0.595630894080246,0.910092035920213,0.729378509468054,0.8980209568444,1.0243888848358,1.199297078283,"Protein"
"KIF26A1",-0.801230937596722,-2.39820037002596,-1.79303848264299,0.00146816851823139,0.141166801547579,-0.142634970065812,-0.444077223278645,-0.483509275443486,-0.816767162583792,-0.672701932606431,-0.504633529262014,-1.05876930905153,-0.916785352537692,-0.825785231278639,-1.51216797344945,-3.31951809734216,-0.817737961201685,-1.3721925392201,-1.17230255408715,-1.3378098680514,-2.03778770971165,"Protein"
"SQSTM11",1.2960724218014,1.39626651865293,1.40585695459726,-0.0806979338452312,0.191991539301428,-0.111293605456199,-0.355565473012005,-0.234446521014606,-0.290394316604678,0.101231059203082,-0.20441530503645,-0.224221894900202,0.0539814377553771,0.217849175927762,0.0499131811036708,0.0854804842027601,0.221548965793451,0.18206189112149,0.337379456467422,0.232960140429247,0.173902404807512,"Protein"
"ATP12A1",-1.70001542510586,-1.53994357108283,-1.8926055258899,0.122652946748651,0.184672700280622,-0.307325647029273,0.751219677585631,0.633964760712502,0.812494865438801,0.654055189734272,0.739427609829804,1.04314992073717,1.13519063328445,-0.167641491248766,0.834316549139352,1.33800518001798,1.20959117744455,1.02767180182379,1.7523791401626,1.53505497564461,1.25360413479976,"Protein"
"GFRA21",-2.06322273929521,-2.37474301103189,-3.02156775166158,0.15471957597738,-0.064091567313957,-0.0906280086634244,0.750945512897731,0.63605687028493,0.447196980058342,0.704069148903303,0.987093408617111,0.821587941941752,0.943101596223146,1.08682089319494,1.29860428115793,1.25093223176931,1.15048190656162,1.11080049722283,1.52379245602635,1.28072985296866,1.46868303129432,"Protein"
"RBM71",0.645587154149936,0.509209206520314,0.598337537477953,-0.0796963289660546,0.0966138548035644,-0.0169175258375098,0.102995163346108,0.39706397392635,0.371840319932048,-0.258055362192437,-0.142555944995912,-0.113505346526861,-1.16366280142102,-1.95061461278197,-0.886786366398869,-1.58216720659617,-2.29904942568642,-0.426722587992288,-2.8304317144765,-2.47673617971503,-0.262149742734447,"Protein"
