"","logFC.stage9","logFC.stage15","logFC.stage21","logFC.stage27","logFC.stage33","logFC.stage40","logCPM","LR","PValue","FDR"
"hsa_piR_000045",0.669716846122512,1.17756255123955,1.1820469272899,0.864411928299053,0.936193606448956,0.667325001882936,6.78593085967456,5.25656038197638,0.511353377489618,0.564275702848086
"hsa_piR_000686",5.73942104262983,6.5995180103404,5.33358496266977,6.54182868818321,5.93792415595797,5.82470199289536,3.17823977153163,20.0689216893735,0.0026922384743412,0.00473303594739641
"hsa_piR_000753",-3.25707117410146,-3.33725609380446,-3.27002397073561,-3.36941775398743,-2.9833594823115,-2.894124379061,7.71125766333612,45.2841361473242,4.10952853298368e-08,1.44803559037751e-07
"hsa_piR_000775",-3.55027558774393,-3.43873693168686,-5.84079268290063,-6.06927299049113,-4.3211084998875,-4.87027727758095,2.86262341187761,45.8010450998991,3.24320072884959e-08,1.15267004259113e-07
"hsa_piR_000796",-2.58084100863588,-3.47257884805807,-3.53164612223744,-2.98625850643627,-3.70849117915795,-3.46139925642832,4.59897649354137,101.6789020939,1.1198486162785e-19,8.28284426995181e-19
"hsa_piR_000805",0.138895546940588,-0.54641666235052,-0.0755901822972915,0.00380420067834243,-0.0351085409885562,0.384122957643654,6.8296186926672,3.00158050358411,0.808648434292022,0.836954868539985
"hsa_piR_000823",-0.152953024113635,-0.204121590587476,0.0579356091900116,0.384353230793137,0.413622301463526,1.35846216731335,6.5748229495155,21.8806815743254,0.00127265101560313,0.00236926640319766
"hsa_piR_001104",6.47679202627059,6.05781660523534,6.02773864993019,6.8447930128901,5.90762927047724,7.14776465727598,3.51854698927247,21.9045143748315,0.00126006946626481,0.00235484500489253
"hsa_piR_001168",1.27170304621056,0.870319753459915,0.086079344692009,0.7724098977575,1.50713026764708,1.9452080431634,6.46145961192487,27.3926166315293,0.000122225421524198,0.000271208300192882
"hsa_piR_001184",-2.33660111789903,-1.49762531262065,-2.69935088045082,-2.6149461055544,-1.41858978338788,-2.59347339140496,5.69621807484532,22.2822083090545,0.00107622383842332,0.0020265591085907
"hsa_piR_001318",-2.51212222412079,-2.23823350041131,-1.41972411454703,-1.95353022250924,-1.29993360518932,-2.03906291959987,4.22333943831898,15.8697379282882,0.0144704786457537,0.0224579640229939
"hsa_piR_001356",-1.34679318710247,-1.70573351110872,-1.77178395775255,-1.71871470327194,-0.605136485342172,-1.15948814467689,5.51260031686671,11.3098343140608,0.0792598205677814,0.105980965286887
"hsa_piR_001511",2.28638455087355,2.05597407912549,1.44758712725076,2.23369404198049,1.33109476125515,2.43757464399515,4.30084554036388,13.268433579353,0.0389658119746337,0.0552520408137725
"hsa_piR_001918",-0.580858754025711,-0.923448897385933,-0.511952480961866,-1.77593463754768,-1.88486830413852,-0.884873063580525,3.42057602864381,17.8878470829917,0.00651866888013299,0.0108998516305279
"hsa_piR_002177",6.11533302954695,6.18766153518914,5.18212048471464,6.99521281571008,5.73027178436031,5.94141295491679,3.24601094820647,23.4289740418587,0.000664827295845151,0.00130892856088458
"hsa_piR_002286",-0.0654437047666744,-0.793753142594912,-0.277917475539851,-0.0872834767099167,-0.658329254069374,-0.28466446828091,4.03700932373012,3.38193829309634,0.759605229980979,0.796469851614794
"hsa_piR_002320",-4.01143808733506,-3.45098750323131,-4.14092218695963,-4.11596092388675,-4.73626228536478,-3.97097280406042,3.0931374641167,63.0917991932257,1.05721242241765e-11,5.35784814077095e-11
"hsa_piR_002372",2.08245420942128,1.16536957349901,1.066468277498,2.01747632354694,1.5518061100854,1.93871672025953,3.74151672476872,10.487954187139,0.105550726448877,0.137989086647338
"hsa_piR_002441",-0.697771021928678,-0.913841602382062,-0.712611433064523,-0.388805826301001,-1.70274679057915,-0.205503077748663,4.96182620906145,10.1993035707543,0.116505955363088,0.150074054413945
"hsa_piR_002468",1.10898402448465,1.49224213249823,1.36662843359931,1.48810399465632,2.16280441217638,2.42057717037321,5.88713754631341,30.7794555590204,2.79288705397302e-05,6.96948410733084e-05
"hsa_piR_002485",-1.20907784779313,-1.46774025565186,-1.45919896849559,-1.76421728596833,-1.13082172062115,-1.15965457083127,5.28903161205639,11.2061911428167,0.0822090931168284,0.108860750724058
"hsa_piR_002536",6.20026620637029,5.65792105096402,5.03217684433741,6.36253295240964,4.99068900969719,6.65899918753779,3.07310620681814,18.0391891078037,0.00613500227868006,0.0103213870303204
"hsa_piR_002622",1.3809649689076,0.665850041209628,1.3174156731078,1.59436874756231,0.726616443307308,0.856314753519644,3.31559786992316,6.88249863697611,0.331850573864716,0.387001876623483
"hsa_piR_002852",-0.0969146758435048,0.0689665687933426,-0.153374000672371,-0.509886311006736,-0.156497704121748,-0.508198962661224,4.17323631746536,2.83897270856507,0.828769153034912,0.852655983260229
"hsa_piR_003231",-0.977597962675201,-0.951937965190055,-1.59569728653491,-0.273584327353794,-1.31419806476182,-0.581351487811755,3.37207809346923,9.1230966932877,0.166772638671985,0.206438601721142
"hsa_piR_003324",-0.221971425402621,-0.662820329324499,-0.454834945960517,-0.966689326129777,-0.58381299893715,-0.714054887300125,3.92982893952204,2.69957648179425,0.84549732190287,0.866883701691038
"hsa_piR_003384",4.37601069598633,4.19839070134325,3.63512701367525,4.61416024775632,3.65023520055712,4.90753724685839,6.00243547321191,30.4391500131828,3.24279290929014e-05,7.97105682193775e-05
"hsa_piR_003672",0.531801590275597,0.587745868035605,0.0881795693418036,0.221185887899414,-0.151826598626681,0.93051648900301,3.36642613973953,3.95015156687715,0.683422316582316,0.73249310954841
"hsa_piR_003778",6.18682837255365,5.83541514754052,5.70783232523705,6.83380362405319,5.59603784328927,6.91231187222365,3.36121869075096,27.71823319601,0.000106164826586136,0.000236851420182657
"hsa_piR_003782",3.60423444932858,3.20560009075961,3.14471609076384,3.86990493848451,2.2988505677141,3.55196085669498,3.53252027146733,19.3212311083077,0.00365415700103768,0.00632924661994078
"hsa_piR_003817",8.40584377057013,7.80570755616363,7.5718927111624,8.17232561193732,7.39183787571865,8.92649994316606,4.96772341778761,30.723261449111,2.8626680978465e-05,7.12197123736963e-05
"hsa_piR_003832",6.25941100571601,4.93296407689035,5.99980378790652,6.48882892873456,5.25309557176913,6.42279382118643,3.13970237551096,17.3946639619179,0.00793716004097407,0.0130851574169472
"hsa_piR_004014",1.64771739817243,1.59255433817766,1.0752949171866,1.1319827199054,0.183910286527414,1.85257145646399,3.45932127887964,7.10335507042597,0.311394721463156,0.365221523316074
"hsa_piR_004019",2.82377258448705,2.64713106621537,2.31377165984238,3.06459174029104,1.61745985617059,2.81046546151978,2.97768655424182,8.13943560791909,0.228064893587513,0.273744557946416
"hsa_piR_004262",0.789680511699199,0.162317661653955,0.53989407530817,0.796575034409246,-0.858945797275515,0.957884017819701,4.5177092260291,12.0557086142113,0.0607374904919074,0.0829708480762995
"hsa_piR_004271",-0.965892853930552,-1.0271625912856,-1.28356629840257,-0.798374293297655,-1.47508422547913,-0.239361064614623,7.31733494429429,15.6395879595905,0.0158248982755089,0.0243756875876037
"hsa_piR_004309",0.856907740116043,1.79627898857742,2.00187536879641,1.57527110727537,3.8627783315804,2.14239861879695,4.32871025445252,30.8017230906705,2.76570399932155e-05,6.92269202269205e-05
"hsa_piR_004420",5.78089499064896,5.3596268605348,5.08377131842018,5.84249036073896,4.70132737408782,5.85844232421482,7.50733881524788,52.3433867140482,1.5906302736257e-09,6.40150713062106e-09
"hsa_piR_004506",2.74915147448335,3.10849440571575,2.94988156486727,3.09644502399759,3.12616580924232,2.92631283168039,10.5578852521574,42.6337116855881,1.37820647457242e-07,4.5625303049353e-07
"hsa_piR_004530",2.73073971357694,2.56991490162936,2.12442631634007,2.75867467133491,1.37448683751381,2.44056972602842,3.45499358143099,13.9179310865051,0.0305664757790787,0.0444160648046436
"hsa_piR_004735",0.736739204792214,0.130860857724114,0.320692720181711,0.885024886921869,0.36373563107766,1.28818572486184,5.51246919643097,8.51035417562514,0.203045071526955,0.247696885176271
"hsa_piR_004918",0.112953559839408,-0.189688586993227,-0.0110646781032589,0.446585733252909,-0.278525417781288,0.398453947575715,4.43749025684343,3.3474530655404,0.764142208270465,0.800205042079147
"hsa_piR_004923",0.0227348837514631,0.402109213615056,0.340212492782789,0.917694470267182,0.684264310592464,0.81888013759714,3.47478344222267,4.32551985840656,0.632715396160585,0.684399657770541
"hsa_piR_004962",-1.49016749926412,-1.66628043124998,-1.38866393041657,-1.84587870434362,-1.56881715917819,-2.15667377344306,4.41980690167084,27.0910344499279,0.000139230000088734,0.000305635909285698
"hsa_piR_004993",0.373998436560467,0.1576514387958,0.513428544197346,0.551074260333473,0.790928997666073,0.569267074959539,5.79452290607924,3.85997794350486,0.695618465102332,0.742656384719135
"hsa_piR_005018",0.224273856843639,0.464414279311852,0.452032971990111,-0.104331916187117,0.649831183572663,-0.430528462865547,5.64682915208276,2.71387402548992,0.843805825493837,0.866883701691038
"hsa_piR_005019",-1.0994813749731,-0.655028590879187,-0.785100772157442,-1.46326310972009,-0.633229548388202,-1.63035826818231,9.7147662871734,11.5445339337924,0.0729360028592029,0.0980040234818422
"hsa_piR_005224",8.04669933031131,7.09085171983054,6.952700905152,7.79626048631817,6.52375469457446,7.69104352751616,4.33548813560112,17.3262004995684,0.00815629011166908,0.0133926283633606
"hsa_piR_005264",6.81657928070703,6.2769736914378,7.04042781785525,7.54168779878989,6.40638482533488,7.1440976235349,3.90845438454523,29.1188375878216,5.77659214818947e-05,0.000135890606122165
"hsa_piR_005367",7.92282789307789,7.96250960738372,7.84761442140278,8.48871511677319,7.88973314455313,8.4709643589047,4.95562296348124,30.2131571016685,3.58050064854452e-05,8.74878283468764e-05
"hsa_piR_005574",5.94594466960991,4.99000377496398,5.52038144436543,6.19864851044789,4.98474288936015,6.35550420987136,2.95157597872717,13.144394599485,0.0407994021511531,0.0575537958180356
"hsa_piR_005660",2.0322642246361,2.22104681248136,2.23544326445114,1.95951482023603,3.40081291761359,2.44271870646307,9.25686978245856,32.9696715797688,1.06276721528867e-05,2.80556875804502e-05
"hsa_piR_005691",8.33138620208601,7.73969444338141,7.54932304343022,8.39524451815668,7.05633179923513,8.85844596388937,7.91343512292789,59.1513785095458,6.6931132791272e-11,3.15807241503646e-10
"hsa_piR_005799",3.89947325753108,3.3302758448133,3.08459930725363,3.78267588465921,2.87812230169253,3.87587558413029,8.08008639200082,42.0327916505896,1.81156015962256e-07,5.90194798035762e-07
"hsa_piR_005870",4.55857165611909,4.1135876442954,3.87773500802057,4.57257097036553,3.07265631953922,4.7349920088933,4.30313104330869,18.4983154878483,0.00510038536055886,0.00868645795614427
"hsa_piR_006426",-2.37010218854808,-1.77579089448172,-1.43366780540812,-1.7344753532752,-1.30370507666531,-2.52266854445691,4.57146508412225,11.1932153091024,0.0825853148929633,0.109182839818233
"hsa_piR_006465",-0.206412475943554,-0.647264314047311,-0.332871202744104,-0.0358829287218822,-1.42681867230954,0.872195273589109,3.6000423777954,12.3838666308928,0.0539330648269581,0.0745438488601559
"hsa_piR_006933",6.23113312074929,5.24520085872312,5.8017233751409,6.63089731835309,5.47813434918105,6.37964756984657,3.18730080486232,12.5693342164281,0.0504081791365708,0.0699072889714943
"hsa_piR_007140",2.75934039883383,2.86532867652958,2.79356802315642,3.33859768201126,2.23314501293106,3.35381975830787,3.95022176350778,19.5504624476422,0.00332827128021579,0.00578921762935841
"hsa_piR_007525",6.2999892168202,5.80478416105735,5.33644399242895,6.23175031502208,4.28603169881819,5.97825934727981,2.9643752659377,15.2300757502201,0.0185407767385087,0.0282936388518878
"hsa_piR_007540",3.40515712066129,2.677486508364,2.60021455450113,2.95417660080733,2.19736219439116,3.57603228236242,4.02307817575345,15.5267924956108,0.0165323023189248,0.0253701312221257
"hsa_piR_007559",-2.03494764040874,-1.4706150124873,-0.903894135937904,-1.08461658024061,-0.897371672429104,-1.37528936124173,5.72067607824195,8.8476606184817,0.182328535172344,0.224089412240261
"hsa_piR_007832",-0.340746608028857,-0.630949392668758,-0.490772400799264,-0.993348153405101,-0.660161964649028,-1.45844195536296,3.95102151424228,9.13082294819262,0.166353259128225,0.206308195988327
"hsa_piR_007870",0.912617397219959,0.258649326835647,0.674543517788999,0.465404399621426,-0.0186103519395008,0.773407138988337,3.66932365530119,3.73625216307491,0.712317371743426,0.757324062489858
"hsa_piR_007972",3.28495747431159,2.98008834327811,2.43096977764201,3.41764782160521,1.84577445653678,3.00432275159637,3.17984423175643,14.1105606239351,0.0284252305225856,0.0415991341515914
"hsa_piR_007979",-0.505230274252118,-0.253343868921297,0.0436464152688626,0.229211316082432,0.194252680656927,0.282965502963162,5.29232515305331,1.76508391963228,0.939986908630261,0.951577376060967
"hsa_piR_008026",2.32771946678833,2.13604142091134,1.8731319512827,2.21574436004149,1.80278873451797,2.44396368207548,5.58751881435075,18.7472496002019,0.00461248168828988,0.00790573583734027
"hsa_piR_008033",1.12813739118863,0.958190259309206,1.54078970483586,1.54243408463276,2.32554893037245,2.37535335945931,6.88545572947944,29.1665786739778,5.65758281018798e-05,0.000133858083203583
"hsa_piR_008158",2.51230557490378,2.49814142675392,2.53107488155421,2.90604724892657,2.26774915779978,3.13380230054822,4.49605589080785,18.1195226640316,0.00594034185706708,0.0100350219437285
"hsa_piR_008252",2.91352335685129,2.81521933978625,2.01193671849136,3.27020350120205,1.57767504965682,3.26267938414906,4.27120956546596,12.9521869699029,0.0438015360578739,0.0613669984701612
"hsa_piR_008488",-1.54503576995112,-1.33077219130606,-0.916219388316501,-1.71503818453777,-1.01569029743471,-1.39728223283495,5.18948401509136,6.46545708950382,0.373115192540039,0.425454962604683
"hsa_piR_008624",2.0100183685953,2.17626031399583,1.46441882732391,0.443775949963684,0.0708976280497649,0.425871913772043,3.37459400400743,24.15115739086,0.000489854855513829,0.000976142806739936
"hsa_piR_008927",3.22768838949143,2.68150428904524,2.32703342518289,3.07073957410434,2.24437207646808,3.32949509944148,6.74804888517311,26.3110622483251,0.000194809325631386,0.000417593880792084
"hsa_piR_008967",-4.28969200551708,-3.68812977282013,-7.57066358002589,-7.57066358002589,-3.38795056230448,-7.57066358002589,2.25080449646716,49.2591135553986,6.61655986395697e-09,2.50331596696252e-08
"hsa_piR_008981",1.34283917311333,1.06062000503831,0.94971841572004,1.1757381997076,0.0928920098813893,1.20690956069588,3.45536299843675,6.89658562441315,0.330516948623543,0.385994900170596
"hsa_piR_008982",3.90182829975587,3.289544610248,3.1646783708686,3.64568963451749,2.90327135896569,3.88927450499629,5.91432263113415,24.6172294267078,0.000401899395279195,0.000810711065170072
"hsa_piR_008983",7.51933429478058,6.76275999635111,7.07323415958413,7.94903364781745,6.66869510135856,7.84337685041583,4.29700459372236,32.0695469478571,1.58242501212233e-05,4.08544319167432e-05
"hsa_piR_008990",3.2473718498472,2.86374573602529,3.00885516739805,3.31281914238413,3.01498585357785,3.60831517508895,3.35750277418495,9.66674205444386,0.139406067518425,0.176351897430859
"hsa_piR_009011",6.52044431701275,6.0596723654161,5.6105418090706,6.38560678576061,5.86477264069139,6.35421226881313,3.25123581783744,17.7616871149333,0.00685618290120159,0.0114177001255304
"hsa_piR_009051",1.05210135604374,1.1664601568415,1.11199003396133,1.46923322102785,1.65874502924971,2.0460424595062,9.74824149701542,32.5321442330651,1.28987045727144e-05,3.3858585494978e-05
"hsa_piR_009059",-1.71417712894721,-0.791144950935783,-0.731103813290665,-0.916893194181897,-0.224609840096265,-1.28453392370557,8.42285265434234,7.67773239536229,0.26267677472997,0.311763991921816
"hsa_piR_009154",0.368650306827335,0.701144104968739,0.594612463884201,-0.150061344385118,-0.0568614973801451,-0.13212256604181,5.31551347910385,5.33277990033977,0.501893291301439,0.555329369485824
"hsa_piR_009295",1.74078067248826,1.03093346899837,0.126491975530026,-0.114072775455991,0.297893785843066,0.619035733506714,6.37097128339701,12.0262285574611,0.0613862288971078,0.0837177639942284
"hsa_piR_009331",-1.87473017204306,-2.06900575678296,-2.16752657482108,-1.27915097697753,-1.7322535240142,-1.30479663551096,3.30989012648111,10.7982206678973,0.0948164706538625,0.124950758277401
"hsa_piR_009502",0.468614050758915,-0.135884541069484,0.122766920468467,0.0385947231023201,0.866393436891315,0.509665855036644,3.96364171743954,3.91869493856856,0.687678328917666,0.736093752335598
"hsa_piR_009584",3.35311409420631,2.93159119633086,2.26679376798924,2.81599178862983,2.04499878308345,3.07952256887348,3.83162788001471,13.1716798970077,0.0403892349538624,0.0571716584433121
"hsa_piR_009895",0.720934692623109,0.40481400561204,0.181369576297954,0.385342346240992,-0.666552395720179,0.320489052387245,3.72184083045508,4.05867393709851,0.668736327625927,0.719570806003783
"hsa_piR_009901",0.0147238631005044,-0.102145461528667,-0.105635023106767,0.228372758189665,-0.0841840232837415,-0.370090661061674,4.29558912700706,1.98746372929032,0.920847941004664,0.936822998221597
"hsa_piR_010023",3.26060132648632,2.3291950775244,2.42481620933301,3.23895161421327,2.04330677942624,3.52680302791365,5.84468749611589,25.638150688622,0.000259981558443425,0.000544502192556255
"hsa_piR_010024",3.95619390904218,3.51448128784534,3.64377878525223,4.31548942469834,3.58928520624389,4.48175365229918,7.37026210674714,34.2014197101193,6.15093040921395e-06,1.66663823959229e-05
"hsa_piR_010376",1.83010387283984,1.92449235731484,0.987693473496742,2.09938975607928,1.26881100865924,1.93658605702448,2.93141301277906,6.28552663421137,0.391976991960873,0.444971221249742
"hsa_piR_010580",6.5776306855038,6.25790836879772,6.04246351778242,6.82017719262922,6.38492364947564,7.51323671655572,3.67451817740361,16.4561671851502,0.0115040809018322,0.0182685694785382
"hsa_piR_010894",2.22249102924281,2.37490336793148,2.73560922342346,3.5117795700172,3.78868662118919,5.06472922522643,8.04877973571213,129.250997283271,1.84807084806754e-25,2.02302155501793e-24
"hsa_piR_011094",-0.410701792268369,-0.296601193939896,-0.468056667479095,-0.138569561962022,-1.07206766107252,0.174466112500833,4.8990872738681,6.54222463350477,0.365260932303912,0.418241597519542
"hsa_piR_011188",3.93146202638046,3.34689665191722,3.24662558960513,3.9103666433841,2.9512533363746,4.10121317126802,7.27790840887095,33.830895722787,7.25254899918134e-06,1.94586363670846e-05
"hsa_piR_011324",1.23038783185469,1.48127806249097,1.59105088808504,1.294726466058,1.19420827886034,0.768366189653243,8.46477459387404,14.2606932752181,0.0268558400839337,0.0395846404109686
"hsa_piR_011574",9.06591568754713,8.88500762261719,8.47381287118781,9.32096313090384,8.76249884471139,9.83057460954501,5.89764588253692,43.2875015919886,1.02317844514549e-07,3.48559959943753e-07
"hsa_piR_011681",1.82868030829437,1.35124963277787,1.61191159223427,2.08312082797582,1.79069759901821,2.45120602481424,3.53221513382017,7.58077110310428,0.270453112475094,0.320406934115516
"hsa_piR_011734",-4.18241465989027,-4.89158226287543,-4.79483705709804,-5.69204599777578,-6.62439236030839,-7.41175862850521,3.30751820609694,135.996518817012,7.00597605406693e-27,8.71500960664992e-26
"hsa_piR_012443",4.17752693045872,4.53654572254191,4.14812502123451,3.67649664188734,5.38018706663052,4.49407982281772,10.046506055957,35.5112955749283,3.42994468230809e-06,9.51346143302346e-06
"hsa_piR_012684",-4.42171597174253,-4.4507555656142,-4.92268157735962,-4.76922094082628,-5.33443065607265,-5.10275317176034,4.45435075208804,201.084385916347,1.11528432722434e-40,2.47472549365185e-39
"hsa_piR_012721",6.57740873008372,5.86231780465243,5.85722073662142,6.15881794109101,5.94397722565581,6.85789018601961,3.32678874414429,16.3036400397299,0.0122137500847776,0.0193207877063629
"hsa_piR_012734",-0.725289398644776,-0.596060735366353,-1.17899680383776,-2.13816941331976,-1.41168838690466,-2.43885840323402,3.98960779209678,23.5083522287449,0.000642928428756862,0.0012688563461764
"hsa_piR_012896",-4.30676504974691,-4.70200783987267,-6.00934407195884,-5.11868096034598,-4.52074853149435,-4.42499233312963,2.30629202107697,39.8553734264013,4.86316002148018e-07,1.48979640956538e-06
"hsa_piR_013041",5.70680721545135,5.68439852648093,5.85275594850503,6.42915101410407,5.81694737863396,6.62420411035977,3.18244892016405,17.3819158030864,0.00797752666876795,0.0131253494890952
"hsa_piR_013194",-0.480375792940265,-0.424554275962257,-0.318814280210959,-1.28484310137758,-1.52903560490939,-1.22897564215398,4.55951168162991,16.1675278476859,0.012882472175991,0.0203394416470935
"hsa_piR_013393",1.72512537422435,0.977343400202441,0.499422597245045,1.18944023886881,1.14924670940198,1.63742077702135,4.56135809496717,8.4626114254399,0.206131301833489,0.250716738970807
"hsa_piR_013704",2.93397238815249,2.38971682594905,2.20608478535288,2.84333486332063,1.8474376668187,2.63866344662289,3.62753232787222,12.2315760399607,0.0569975881394651,0.0785151339974846
"hsa_piR_013745",0.487228129467257,0.508562372630615,0.486520904850419,0.796456449273106,0.266835359118725,0.621052666743336,5.06184195134936,3.32631476437528,0.766915756916375,0.802086415832285
"hsa_piR_013755",-1.05608016200969,-1.06419222549609,-1.20304127210125,-0.756250926316845,-1.52901695915167,-0.909913572658338,3.80583188688005,8.61659292830742,0.196316278395734,0.240202182657076
"hsa_piR_014172",0.0992758512143035,-0.638120703833546,-1.22701150766768,-1.04456268236317,-1.29718410729903,-1.31799415687998,3.33158461260434,11.3211618145441,0.0789434234797853,0.10573009898353
"hsa_piR_014275",4.20851723373584,3.10393417646958,3.47508653623613,4.12034189400899,3.21212679438288,4.13290022395014,5.24351637681237,23.3550934955861,0.000685867361735313,0.00134390716941454
"hsa_piR_014539",3.38214487716803,2.59159123699179,2.34035274107797,3.5849788261768,2.76661267046372,3.54567648197695,3.36682237503232,11.9233884311134,0.0636999003977521,0.0862997000438193
"hsa_piR_014620",4.80342475224257,3.62299737550599,2.68510729618849,1.7255472166718,2.1241602069473,1.5473857409605,13.0285617708326,153.799655400021,1.21602843381657e-30,1.81519880756982e-29
"hsa_piR_014629",1.15592231120659,0.479094095953704,0.69542437269466,0.497834611390788,-0.236403277991978,0.508276456717112,4.81807942809146,9.1038852735333,0.167819381411658,0.207187537051085
"hsa_piR_014658",8.71125273287202,8.5337432948199,7.94445904532214,8.70711979942426,7.99782949810668,9.30320004689664,5.40516881014355,51.8997925099702,1.95337217087689e-09,7.74743261975808e-09
"hsa_piR_014923",-0.657364849682302,-0.0957977217257355,0.159052980604078,0.0162686726966187,1.07933327753915,0.156067314626756,5.11859043962454,8.39494927172419,0.210572215149021,0.255739332303767
"hsa_piR_014959",0.310633636482661,0.420557564100106,-0.0107823669808591,0.371763699272665,-0.165427807985668,-0.054193654893717,5.39441392943549,2.9054897277177,0.820612008004665,0.845323034594517
"hsa_piR_015026",-2.91959341215564,-4.37286660006159,-4.69461010976306,-4.23738910187753,-4.4931258128479,-4.14142730765381,4.62133644364801,230.305350124708,6.59005850430113e-47,2.25434918001301e-45
"hsa_piR_015149",4.49503544124274,3.90277878170088,3.5243007680672,4.35513524156461,3.57327311169637,4.38240352811021,5.9181562970012,29.7027660390013,4.47667558230849e-05,0.000107466393364774
"hsa_piR_015150",1.9719002727926,1.10470158996507,1.29281055693634,1.68233569048576,0.783872048345323,1.40011493210411,4.17302951320041,6.70276771202982,0.349211662557978,0.403806725295915
"hsa_piR_015151",7.00082445733448,6.41100134845939,6.52778043722327,6.82686554503039,6.05426907587302,6.87051203238777,3.64821880859078,16.7642528211965,0.0101898386085538,0.0163077144203172
"hsa_piR_015249",-0.417891520417857,0.142243835603436,0.367352679433586,-0.250350642936856,0.17613533181843,-0.358240900959696,9.00149935175746,3.53910310224883,0.738760140184716,0.779591356158936
"hsa_piR_015254",0.376019920338542,0.890004112942967,0.121411664213867,0.163638258696179,0.501011689654639,0.0414847628172003,6.24593334972958,2.13707171594401,0.906670165762651,0.923543680013817
"hsa_piR_016475",0,0,0,0,0,7.058642363502,1.78950295214885,42.0992116190434,1.75766606127828e-07,5.77217534523788e-07
"hsa_piR_016658",1.15707727815107,1.32341071112339,1.42003880242064,1.5325289407835,1.50177854967135,1.98937125781295,13.3190190586862,27.0666592675651,0.000140702289751392,0.000307224946505033
"hsa_piR_016659",1.09517171382754,0.943550543575198,0.870291904144437,0.886016807314747,0.288748994805608,0.770877678924121,3.55263675071509,3.6253247626147,0.727227969679106,0.76939969472493
"hsa_piR_016670",7.73852763730082,7.26569389539846,6.17104044758957,7.28187031920363,5.5692503865882,7.6692405634074,4.05084664505476,23.1479419286883,0.000748413158988846,0.0014560360273219
"hsa_piR_016735",-0.796998750324822,-0.745225633771335,-1.20238578639385,-2.00279906297528,-1.77637573680692,-2.50033168326333,8.4523629990898,35.3699636963677,3.65348640979704e-06,1.0065477659206e-05
"hsa_piR_016796",2.22831423837611,1.88949557602669,2.25178821445131,2.7366465702062,1.55629740736636,2.55960331151882,3.87131107146881,10.6780512077001,0.0988510338340911,0.129436521176697
"hsa_piR_016812",5.31993260193221,4.35739456296926,5.33890929964197,5.83273236294572,3.94672028783342,5.90283787792395,2.617321923054,15.101248432201,0.0194836800012197,0.0295676548632188
"hsa_piR_016945",2.23092414038876,3.17736764918293,3.09576641823804,2.57800712912863,2.65713744905049,1.88490791488205,4.52460701105057,18.8601475792947,0.00440645859070704,0.00756841527818092
"hsa_piR_016946",-0.834127400095842,-0.796328385055443,-0.338497950876279,-1.28777737225215,-1.08327551788603,-2.14044042226191,3.96594686136262,9.34098233167928,0.155290022833524,0.194349251137688
"hsa_piR_016970",6.42378454766513,6.60823576552924,5.73424408923805,5.32880945186737,6.43269048300434,6.18324171160697,3.25508459433545,22.6452903021495,0.000924413483997839,0.00177323240738838
"hsa_piR_016980",2.25417143527534,2.07204648398366,2.4720528054569,2.12576666188886,3.26599542677575,3.26475605524784,4.94222278271741,17.3179791485206,0.0081829943344606,0.0134096573824195
"hsa_piR_016984",-0.104384955161363,-0.353396011703428,-0.260205262314165,-0.543885221233042,-0.480482068661224,-0.897559183790765,7.51938267122549,6.28157327910505,0.392398494743987,0.444971221249742
"hsa_piR_017008",4.12950514626341,3.18547509298123,3.48928369727752,4.06435236636623,3.12513182323347,4.3213859191466,5.5703485438737,34.072155758876,6.51497272576304e-06,1.75370249437753e-05
"hsa_piR_017033",1.10523974451035,0.74046274356227,0.47375047894232,0.412804506087146,0.149473049263798,-0.333640095620953,6.67416212805125,16.3717761414195,0.0118916708866197,0.0188476096484841
"hsa_piR_017138",0.681142162140737,0.624366728515545,0.588110513094642,1.2208995223156,0.343336416754924,1.29918254047373,4.44225267425072,6.56463491026724,0.362989994369731,0.41622176728708
"hsa_piR_017656",4.10073178255182,3.8287158541988,3.18038043351361,3.84850534116291,2.78142587858914,3.82204781589418,5.17847561945714,20.4731462976389,0.00228021950983587,0.00406086815092245
"hsa_piR_017724",9.28930146866879,9.12302940792326,9.03255018925167,8.72786814210377,9.00422449496602,9.10366439291625,5.8301493569646,68.0868004456262,1.00849819270026e-12,5.30754497568532e-12
"hsa_piR_017848",2.70160278974064,2.54988184285224,2.3166653534336,2.64055677293915,2.31618924100329,3.03019969184579,5.25331892804437,20.5787781669085,0.00218313325929959,0.00390490720236375
"hsa_piR_017936",-0.766336239495392,0.123339647706463,0.603662781365975,0.161539736294443,0.229204312118268,-0.0779425025764415,8.43119903294221,3.64847322948821,0.724122547105323,0.7671027240948
"hsa_piR_018048",6.47740333105466,6.08356004983894,5.42122125575444,6.72380166531757,5.8628730348847,7.1555579085213,3.43644849754205,20.8999874880869,0.0019120795249529,0.00345774733477166
"hsa_piR_018105",5.0089430508154,4.35196411310428,4.23982755224709,4.77472261504719,4.34663843149009,4.7250158708056,4.59174425042457,31.8022015018526,1.78056325168643e-05,4.56825759260799e-05
"hsa_piR_018491",7.68137677590677,7.00530809558169,6.70074442383687,7.45854727164607,6.99192082142135,7.94187640372911,4.26696240091766,32.1658020605546,1.51657446263696e-05,3.92778433383264e-05
"hsa_piR_018570",-1.81909858239991,-2.06301071832347,-2.05907163659864,-2.57402669718101,-1.58524671120615,-2.17017311880097,8.84986348314169,77.6796302241066,1.07636802164255e-14,6.79767804437331e-14
"hsa_piR_018624",-3.73225046892778,-4.30576817963211,-5.13212814970898,-5.53788047910187,-3.79956424727951,-4.34712003549416,5.954012206577,73.3665273020424,8.3221160512767e-14,5.02386564566042e-13
"hsa_piR_018735",0.449164625608955,-0.565931799078045,-0.309031957488657,0.474900125272105,-0.212160233426145,0.581715657609218,4.61076844230998,6.23451556395615,0.397438956396105,0.44985912257653
"hsa_piR_018913",6.21081255087234,5.54142682879684,5.60094463894728,5.89126879775208,5.24881842485008,6.22097206862216,2.9886926488135,11.7867034182153,0.0668998944921499,0.0903368641086432
"hsa_piR_019068",-2.04742755380889,-1.62466271790301,-2.27019393650869,-2.4487860527825,-1.45387804171853,-1.0244380145297,4.50405896888491,18.000868962744,0.00623002389318826,0.0104598151662731
"hsa_piR_019179",-0.758427748195517,-0.618494858121137,-0.980510365465115,-1.33529116139725,-2.26220470475774,-1.04688128363039,3.18607342073833,9.17521624896564,0.163961181543626,0.203957772798965
"hsa_piR_019324",-0.175855887873047,-0.284251251114946,-0.0998542018854738,-1.26133016351257,-1.41481554920358,-1.23906340804212,3.17124695697675,5.97863933321805,0.425587176621203,0.476680862218292
"hsa_piR_019521",1.90061236933881,1.79240798578138,1.08748412264501,0.265814295277649,0.499331873991913,0.339914155701319,9.09801356056956,38.2582450086067,1.00004115720368e-06,2.96402090275893e-06
"hsa_piR_019544",0.118359680029421,0.180960469981022,-0.531174798879044,-0.224989293195922,-0.985974560971108,-0.69556368414981,4.54878671715181,12.0849042529122,0.0601012777508948,0.0822385817224744
"hsa_piR_019557",0.739663253755332,0.415738143176285,0.907995636662507,1.14163633575115,0.408678597152045,0.851846918259689,3.95537631590129,5.87561033782826,0.437267717855386,0.487767386357707
"hsa_piR_019565",2.47059932182351,2.47174150037187,1.8746375095741,2.66704478852349,1.89648017618973,2.6850600038863,5.50436679773551,16.7855176237236,0.010104677448067,0.0162030081735605
"hsa_piR_019675",-2.42707031451508,-1.56342178104714,-1.2675371289683,-1.61168955458685,-1.32939379790426,-1.56793412671994,9.01533234451479,11.2065035607955,0.0822000541917468,0.108860750724058
"hsa_piR_019725",6.31505876533267,5.87458541607586,6.14005576967262,6.30698061221236,5.8652348653546,6.33416514785803,3.25287669706685,14.5881326408239,0.0237137374986263,0.0350792405159859
"hsa_piR_019752",0.480075284714474,0.374725462788766,0.412143316905871,0.314790396629151,0.73876635812363,0.151579941821127,8.37259429473835,2.46517781683517,0.872344285477891,0.893010795981731
"hsa_piR_019787",-4.39148243666598,-3.63223733944343,-4.21016836423485,-4.54659984139117,-4.02176568784916,-3.03792250740257,2.96499198073409,46.6640502223275,2.18318071751515e-08,7.98762359182622e-08
"hsa_piR_019794",6.17337068678568,5.66430445611163,5.95441667370691,6.68325739674091,4.80656311265955,6.92800797649015,3.2797870675864,22.47820616354,0.000991467200257181,0.00189084430286152
"hsa_piR_019825",5.13312512271635,4.3159262348035,3.94654752882619,3.34260220073628,3.53149220826878,4.1078866668511,5.05178060943761,29.3268085059865,5.27561779877243e-05,0.000125181566843704
"hsa_piR_019912",4.1037412187918,4.31147870062198,3.79961417397578,4.70977518994016,4.60042913000045,5.97056689443418,10.9711186676051,34.0803594523611,6.49124652820467e-06,1.75306361830791e-05
"hsa_piR_019914",2.99031052679479,1.11156053244509,1.99671939730458,0.878055409191759,1.5042535134815,1.76013408584594,3.07090002478588,14.5886683096852,0.0237088962112828,0.0350792405159859
"hsa_piR_019949",-3.27211080884753,-3.24523904984786,-3.80848242641854,-4.023083617873,-3.47258733776765,-3.2739804185849,5.65571996046526,143.934750478151,1.48004551444906e-28,1.99199568420111e-27
"hsa_piR_019951",-0.935869728136717,-1.11532149548834,-0.889721597467999,-1.48998277980633,-1.68860537763874,-1.9801989353238,7.55662262420246,31.0460856489204,2.48408282720164e-05,6.25369779659332e-05
"hsa_piR_020008",-0.584083470517897,-0.967640057552277,-1.52465093645389,-2.1170975012208,-0.981594200671281,-1.40130054362205,6.59762369370699,13.1613286743353,0.0405443817358788,0.0572924912309062
"hsa_piR_020241",8.16209780196847,7.63182767157415,7.31685742023603,7.58278913829525,7.13324377310428,8.03168983162699,4.55337193984977,28.7873190641497,6.67414643843768e-05,0.000155225898752332
"hsa_piR_020364",-3.10445500351619,-0.917960854425436,-2.96496013280387,-3.18429855204767,-3.36147046228166,-3.50780774862051,4.13037727554679,29.1329695299225,5.74110821548766e-05,0.000135443961060786
"hsa_piR_020365",2.34412912534452,2.90576139705592,3.09441331101373,2.350499674243,3.14392553711805,2.85164505009306,5.38959618090624,27.9130796292235,9.75710871757354e-05,0.000219468116633641
"hsa_piR_020381",-2.10764290820497,-1.09056920477074,-0.733565121319755,-0.521382314582181,-0.0222135529395597,-1.04726026951186,7.64616942994279,9.11962633828772,0.16696130516789,0.206438601721142
"hsa_piR_020388",0.954703233592153,0.66680803474312,0.226436654427559,0.153214543549589,-0.0202643696277761,-1.17420412281003,8.14668082289361,10.3558043854753,0.110446039328381,0.143702374466879
"hsa_piR_020391",-1.66675372922289,-0.754929511922457,-0.86219276027626,-0.846241150609638,-0.871589089234836,-2.06955185275869,5.31754641836009,8.09240438352613,0.231411414477692,0.277355870490781
"hsa_piR_020401",0.605410722674509,0.566487824204811,0.532459776217743,0.323698836812643,-0.319441479949198,-0.140719797826043,5.11647272250459,7.06924007324022,0.314491387149608,0.368327287945546
"hsa_piR_020485",1.43109866672204,1.46491491709945,1.54688837541431,1.20119451116767,1.20021791678009,1.0560878690215,7.94840720366356,8.1445416712986,0.227703968683151,0.27371150554739
"hsa_piR_020490",0.423164396161866,1.18572389699033,1.59364982266787,1.0877515714886,1.39837288048644,0.897690159346054,8.00642527337365,11.2931620678075,0.0797276176069257,0.106260347492347
"hsa_piR_020492",4.55619765013939,2.96235841977028,3.4430727896595,2.58180289817942,1.73663848189445,2.91227548402234,7.15021407647306,12.7722328788039,0.0467989173452399,0.065232446757966
"hsa_piR_020496",-1.4005375144697,-2.3799710744999,-1.67398743534342,-2.70882878089946,-2.09672136868141,-2.92323590055096,3.51017045697639,17.9022927736628,0.00648106604314714,0.01085909228862
"hsa_piR_020499",0.509486927160533,1.25924283613662,1.39086650418593,0.952397341430592,0.863476036405174,0.700976945605811,6.43524622293184,7.56142682917081,0.272026034472411,0.321806014844163
"hsa_piR_020541",-0.515395935971833,-1.04889139673457,-0.911007339426813,-0.978020643770436,-0.800814832000982,-0.484932107928165,8.46670720227775,7.84173479997895,0.249929084226546,0.29781099876632
"hsa_piR_020548",-0.592634230132897,-0.219839424282199,-0.271030126797383,-0.58023142865678,-0.28133610477252,-0.58296216608104,8.39660123660765,1.45096649174159,0.9626848953909,0.969772146154514
"hsa_piR_020582",-0.278023228582431,0.329235240637788,0.249577731727459,-0.144067108662348,0.0978625445466685,-0.703403334404634,8.97230020536401,6.05733579631277,0.416798057130154,0.469398086287869
"hsa_piR_020614",2.52113645407263,2.08852451103076,1.89296947747347,2.65684958152145,1.57471337460263,2.39462265285063,3.38938076404802,9.82773935940389,0.132096251103,0.168141119621028
"hsa_piR_020641",7.40323756236765,6.8638645070468,6.75606466263407,7.47732275741832,4.97144603275671,7.5542685174458,3.9793436732749,29.3727042910994,5.17098924591567e-05,0.000123054555678167
"hsa_piR_020668",-2.03508204060248,-1.60897678715974,-1.90504807412792,-1.91923364928521,-2.02864634639569,-1.79463733879641,5.78070538936714,10.3132884462307,0.112063742565405,0.145346497071401
"hsa_piR_020786",0.171948263136746,-0.822501217511372,0.13054216257678,-0.52419341964913,-2.08215931509662,-0.148123514902211,3.274782442122,4.00801811756879,0.675591283422816,0.725046331621088
"hsa_piR_020813",1.6875257241004,2.55652860974525,2.3925698982219,2.36547101914327,2.50358823931656,1.94258339504265,7.02288276270086,24.7863944379568,0.000373986357779085,0.00076000693004116
"hsa_piR_020828",1.21798643153759,1.02547097954304,0.912127379925692,1.07307549836024,1.78850407908195,1.24004646067598,7.31458248707012,13.5042952954187,0.0356911751185423,0.0510495727740823
"hsa_piR_020829",3.0391287288941,2.60786707897086,2.35523518088555,2.08694679953525,2.17726487333998,2.6218410368703,9.31444175799128,41.6300262658693,2.17544067832174e-07,6.98288925859909e-07
"hsa_piR_020840",3.74791545068336,3.69838230196016,3.33281263937508,3.77098352370319,3.14174751968246,4.10165008711789,3.71855044474617,12.1085638735481,0.0595902404153697,0.0816754380317505
"hsa_piR_020851",3.39268590861383,2.71670983470046,3.11278439836563,3.91873147545536,2.43111199670271,3.68302053790665,5.4324163393849,23.1680424429334,0.000742106547082645,0.00145064160751155
"hsa_piR_021214",1.67075812320648,2.04082409517308,2.01378989150199,1.39904143509005,2.42496692742461,2.03997460361437,8.52835124044485,17.4641933655937,0.0077204520697746,0.0127792160267842
"hsa_piR_021496",6.34533238626112,6.03551906406267,5.67378629589689,6.39424114463415,5.83456870114413,6.62458088863497,8.23345870427048,83.3569673002684,7.22588207985198e-16,4.70829300599879e-15
"hsa_piR_021543",4.14705063909974,3.62985274617796,3.73827444424086,4.20098933693036,3.06498832681492,4.70692468206429,4.04058198739237,21.8359926750056,0.00129657547847251,0.00240290850525041
"hsa_piR_021650",0.401016643658041,-0.0912265963680765,0.430537963979448,0.573618314237964,0.0991904225416811,0.465825191769893,3.6496345290447,2.40534324278305,0.878907216116869,0.898079165296458
"hsa_piR_021696",6.77182667113454,6.7699967557951,5.94183897151055,7.12479804908466,6.01928975016536,7.16245853657634,3.6997678857265,25.374685371792,0.0002909895387921,0.000606351297838361
"hsa_piR_021720",5.17245995108855,6.31397807066019,5.69997654224305,6.61764839429439,5.04640984306175,7.34451275153156,3.32401681366021,25.1952568334241,0.000314165413193864,0.000647840565087891
"hsa_piR_021773",1.26057167845635,0.622136168878321,1.69031820851596,2.84024674078281,1.26928142064523,3.12519727671237,3.22280104281687,20.6295061778495,0.00213795685692175,0.00383245104701476
"hsa_piR_022017",0.994857397207027,1.03625811711686,1.32941796281094,1.42421580760618,0.859540077289773,1.28673575918586,5.33915399826032,8.19721458383771,0.224008045457533,0.269941154029538
"hsa_piR_022281",3.26603506243648,3.11940208236292,2.22469010976961,2.95988758725246,2.36633664609277,3.86800471244746,3.94813978751316,11.9787915418138,0.0624436148852643,0.0848778275178841
"hsa_piR_022294",3.527767451793,2.93336180145487,2.6354904573966,3.22102084114357,2.36738722524083,3.69041679710387,5.91068849622565,22.3481832179812,0.00104692907630855,0.00197592821068809
"hsa_piR_022295",2.67927906037221,2.1951746949703,1.86578558909937,2.66781697882579,1.33205937236219,3.0991618540092,5.49483257714244,16.0128624534135,0.0136850960322017,0.0213601974190829
"hsa_piR_022296",2.94122001401473,2.35050488601871,2.21727326519941,2.85946099126079,1.83279386392563,2.98184903046265,8.23422101631793,25.1769203955898,0.000316633883150964,0.000649891045167353
"hsa_piR_022298",4.0440210996494,2.98852809550919,3.3804765421814,3.85853175470249,3.0831704935321,3.67977085971793,3.70420615031698,14.2030535127629,0.0274483852735493,0.0403855274365305
"hsa_piR_022315",4.65397579441706,4.37686819961559,4.18824480477853,4.52615304793915,3.24998164865836,4.53875246877953,4.37042571236693,30.1230051463077,3.72473287315086e-05,9.04735410904396e-05
"hsa_piR_022421",2.36535858080448,1.7992961622719,1.96178747007608,2.48197341036722,1.36833820542062,2.47458092831559,5.19086176149614,18.5421361899418,0.00501100520630853,0.00855308788852246
"hsa_piR_022437",3.85230110358615,2.97155681117918,2.89011073355678,3.4789667463903,2.87207491375374,3.97976857326906,5.95467690227605,24.3760964215956,0.000445265297989589,0.000889447225424459
"hsa_piR_022628",0.0674169104079751,-0.0532219730330302,0.200466513293086,0.225061115286312,0.281930132770351,0.0385373473988591,6.61933500273285,1.19089400833756,0.97733209564942,0.982117075309882
"hsa_piR_022710",-6.91295295542398,-8.61907827305748,-7.74519898810289,-7.0828850252345,-6.64191543103456,-7.74623341299133,4.76070761472611,397.377023878049,1.02414795963647e-82,1.68165094972308e-80
"hsa_piR_022822",9.84257327393972,9.57851863280979,9.21871544730532,9.91605900531271,8.97143891574557,10.1535535218581,6.42575566683863,63.8442094178555,7.42594567979773e-12,3.78677105783474e-11
"hsa_piR_023077",6.94817189888975,6.27415129300875,4.36876955319427,4.47786765249498,5.25935761830605,4.1007761709464,2.84080136258158,31.8603343275407,1.73548688641438e-05,4.46656656346774e-05
"hsa_piR_023218",6.37640101930612,5.60036014627513,5.54021858355903,6.54678876213421,5.70725131354518,7.01644022992639,3.31124636357297,17.4056264052411,0.00790260591504819,0.0130544053445766
"hsa_piR_023338",4.26685314177119,3.66925550558516,3.44687981632207,4.23285744203624,3.3362921371026,4.43283713468642,8.16215432639245,47.7406344111205,1.33133447831077e-08,4.96829821224156e-08
"hsa-let-7a-5p",-2.06318405533553,-0.681557761326172,-0.0264675705519756,1.00713016492083,2.37060023832537,3.03105794233412,9.08381394772568,123.455429565282,3.06191680013731e-24,3.14229211614091e-23
"hsa-let-7b-5p",-3.1577567579113,-3.1577567579113,-0.495479056116268,-0.0753506092743514,2.20193230498999,3.89863986480549,2.4491165352194,68.981515585509,6.61301359671536e-13,3.50276397606665e-12
"hsa-let-7c-5p",0.323462283667256,0.447630825156584,1.84253818804275,2.43629890005023,4.3023781570084,4.7182892573613,3.49198845911152,81.1701124241776,2.04752726370492e-15,1.32363770354468e-14
"hsa-let-7e-5p",1.73429056834034,3.45885623617825,4.38818922229493,5.35138950474074,6.60376922696846,6.90069785517127,9.1835924957739,189.222211455921,3.72351447909051e-38,7.83847535213669e-37
"hsa-let-7f-5p",0.73197233217089,2.29691648954527,2.66274373845857,3.02953465302207,3.77827892030306,3.93641930041393,8.05976051981344,51.1395121119057,2.7768724661555e-09,1.0753831578838e-08
"hsa-let-7g-5p",-0.0598164517967172,0.747254462400267,1.28634932351148,2.08892842838973,2.81278703282192,3.28966419870425,4.97158897083707,54.2685570150831,6.51212110351342e-10,2.71393473400229e-09
"hsa-let-7i-5p",-1.01393455245698,-0.612661973206774,-1.08909737834431,-0.662544563914494,-0.249481888743297,-0.434888100297317,4.29539992983471,4.71053817427827,0.581437787822848,0.633104010348221
"hsa-miR-1-3p",-3.12577005865824,0.938131877050406,3.03959155507293,4.05693586324205,4.70661411436124,5.28222535363156,4.04175476649193,143.80094160363,1.57955468650688e-28,2.09163612519702e-27
"hsa-miR-100-5p",1.09116176317948,2.56660197108947,3.22966919713461,3.15290191563987,3.11302829219496,3.13347527891191,10.0332072724666,34.5766518926678,5.2046304398284e-06,1.42433386369971e-05
"hsa-miR-101-3p",0.39845450634624,1.20843837715643,1.50814695743106,1.16665792408362,1.17251487974757,0.472899765025263,11.5650204511155,12.7347713870647,0.0474465651246046,0.0660231016394922
"hsa-miR-101-5p",0.715650712115592,1.0469181701027,1.42387567794393,1.6914629990869,1.94579195377569,1.85172344506388,4.79512026083221,13.9932586678875,0.0297115590145614,0.0432503367924732
"hsa-miR-103a-2-5p",0.500343634908457,-0.586291644088295,0.647202083517645,1.09098449002989,0.146131611848701,1.18648475688982,4.53522185479222,8.19390840943988,0.224238571313209,0.269941154029538
"hsa-miR-105-3p",0.626589671232656,1.57424820916875,1.97417131569816,2.12405978812688,2.45457116058758,2.10281445211101,5.82310556869435,30.069854787325,3.81244688007172e-05,9.20593790746729e-05
"hsa-miR-105-5p",0.393850598306732,1.88671144647915,2.42678298646496,2.76809036532067,3.11220667125531,2.89257995841408,7.67597037627808,111.656208234006,9.1705048613453e-22,8.09568224856397e-21
"hsa-miR-106b-3p",-1.26611552287234,-1.35857600110098,-1.63919198634889,-1.89482064262301,-1.95081787666244,-2.79894137047757,7.62358485450703,61.6438003902061,2.08482550381294e-11,1.03110948110266e-10
"hsa-miR-106b-5p",-0.154747709387351,-0.495304308836207,-0.780761329293974,-1.02674539192504,-1.27758061359647,-1.50481126260145,7.08604884026462,19.6192645372403,0.00323611248564036,0.00565286883129944
"hsa-miR-107",1.1652574813824,0.693585825931482,0.851546851649289,1.04184452040425,1.83934510484063,0.668133128898953,4.79312996686364,12.1436514514739,0.0588397802876791,0.0807817050437869
"hsa-miR-10a-5p",-2.09923229666936,-0.300927656104517,0.230662642631613,-0.0210776434107713,1.10189540161928,0.969810832073748,7.72395247369679,14.1719854407359,0.0277728956810231,0.040789887932236
"hsa-miR-10b-3p",4.02085455973563,6.2054017260136,7.53472220194489,8.12070478063596,8.70406591965477,9.26522605959755,4.88760513518289,131.963497883491,4.9598699257063e-26,5.5781550808286e-25
"hsa-miR-10b-5p",5.30748154984534,7.98541212684409,8.79683054810669,9.40280382300316,10.2150506607103,10.4468215616968,18.4507479957534,210.761869824882,9.69119770693593e-43,2.48639791168575e-41
"hsa-miR-1179",6.69840416075311,6.77962719906311,7.55697418665795,7.56634729089055,7.5381464789356,7.62131592467648,4.25090221870022,30.1567820895787,3.67003217277226e-05,8.94093891348969e-05
"hsa-miR-1180-3p",-1.17416868391895,-0.183399302016592,0.628364572569221,0.835654801874817,1.28438546459096,1.14918494077579,8.21770721862134,51.5856348292754,2.25908756754577e-09,8.87421479882813e-09
"hsa-miR-1224-3p",6.81684087168303,6.79774023656393,6.3216586272146,6.44213767572766,6.89063972208659,7.04592171933708,3.72996863326358,27.0744071402777,0.000140232650147929,0.000307016015390533
"hsa-miR-1224-5p",7.0358904663911,6.71217463088926,6.60960139569273,7.03885271678175,7.13028859147058,7.66073613891532,7.81066177074314,120.511233243195,1.27261125802309e-23,1.25881185883971e-22
"hsa-miR-1226-3p",-0.0185115395731146,-0.122229939590741,0.674884075839836,0.503130172136411,0.84365224737208,1.22715082206224,4.65587192535371,13.274519990358,0.0388778661341092,0.0552227129690375
"hsa-miR-1229-3p",-0.810384544257778,0.119495508968171,1.54087748599094,1.72818293144632,2.04712292180181,2.08138159934624,2.7638051070137,20.0541832311375,0.00270855963322041,0.00475155439930333
"hsa-miR-124-3p",4.83991128996436,5.35398885489117,6.03529642639329,6.17743571218568,6.46670529559464,6.39693826978949,11.8879933064106,184.881776593077,3.11548718655373e-37,5.8132158640014e-36
"hsa-miR-124-5p",3.92249635129171,3.13731681125558,3.0896297526066,3.1445999854487,3.35046636710526,3.15881168319691,5.19036765286677,29.4629927143244,4.97111517706961e-05,0.0001186420221039
"hsa-miR-1243",1.15134603104309,1.43591014114599,1.45590342302604,1.24422698018458,1.14873067999347,0.164408883453918,4.56654638036264,11.2310887361893,0.0814915928298725,0.108435328546719
"hsa-miR-1246",2.72966293586992,2.21486707678034,2.3167214126085,2.03478327986412,2.30992901486963,1.92293063660923,11.3912389126418,57.1672266681589,1.68990714009299e-10,7.62315253855133e-10
"hsa-miR-1247-5p",1.84176351546181,2.98432787538753,4.46140770851922,5.88004501230716,6.75272275878524,7.05995120907903,7.15266179976362,256.678377514565,1.53269147126178e-52,5.71972589957236e-51
"hsa-miR-1249-3p",1.16532377996492,1.99688782432367,2.93059474864971,3.24545031475932,3.10016999157427,3.79721525720207,5.12740908372116,55.3874552532616,3.87113236153961e-10,1.68158712636191e-09
"hsa-miR-1251-5p",1.17429462675981,1.48643358952723,2.2327714709471,2.37942954713905,1.96365336585501,1.95787066951624,7.08310289789143,27.2343500159017,0.000130876242129994,0.000288842459109475
"hsa-miR-125a-3p",1.63119686007969,1.53667612080219,2.4423086049121,2.51323454080824,2.35188038214547,2.48387534319644,4.15310188951523,15.1288698406011,0.019277733748038,0.0293092951984059
"hsa-miR-125a-5p",1.74956305790005,2.67491137163449,3.08450087712902,3.5345037368963,3.41530833061516,4.07306238138391,14.7320609919508,107.207169234753,7.8309948679571e-21,6.42924678659278e-20
"hsa-miR-125b-1-3p",1.72902148618194,3.90641728826116,4.92153074769483,5.03077644208547,5.48217269099784,5.22108886947077,8.76991302917852,175.104191229291,3.71561807886558e-35,6.77893876166364e-34
"hsa-miR-125b-2-3p",4.75802428849387,6.88931177473958,7.42014874795037,7.49391997526189,7.85256586112328,7.11662988767024,7.94053806241246,111.16112584923,1.16441660827736e-21,1.01700642063374e-20
"hsa-miR-125b-5p",2.18363278910876,5.25664932888597,6.65141331851109,7.14248161112831,7.74390897533247,7.65267805630432,13.5163933887895,319.016503467477,6.86164182300888e-66,4.02386281192164e-64
"hsa-miR-126-3p",-1.15223852915519,-1.56447087648073,-0.708422817776057,-0.614184264720373,-0.354931193603014,0.676194469453112,4.9175336933684,21.9105856744996,0.00125688390930029,0.00235484500489253
"hsa-miR-126-5p",-0.971819892209774,-1.06867169047848,-0.737548911762839,-0.392060625126331,0.711441697327866,0.533606644782325,8.53516736557756,15.2842681135514,0.0181573166437289,0.0278118600083982
"hsa-miR-1260b",-3.52198370139929,-3.95956443496525,-3.61899509956102,-3.76274724387791,-3.74176345818786,-4.07041705507229,4.85274692255503,90.3701614661219,2.53831634076485e-17,1.73663142980662e-16
"hsa-miR-127-3p",2.05327868823898,0.9791726604352,-0.138464183453634,0.319337855137308,0.829639810299855,0.947202335789091,3.68134003278873,15.8298318678748,0.0146970642715357,0.0227665844659072
"hsa-miR-1270",-1.91619662860694,-2.15717602280206,-2.43310663497398,-3.03483163207226,-2.65106931032691,-3.69442269373876,4.26938382506819,72.3385544203136,1.35373908371445e-13,7.99582581100408e-13
"hsa-miR-1271-5p",0.62680396386641,0.197379252027174,0.921532811978195,0.778816803266707,0.00447035802050927,0.994409310576676,4.28498172795785,9.407102231634,0.151944043125831,0.190451999093598
"hsa-miR-1272",-6.64024816906875,-6.37219994646293,-6.67720229047405,-5.76727777930563,-6.80012103145358,-6.83230893787798,2.61980647492102,144.080270206026,1.37892735919296e-28,1.88683226982903e-27
"hsa-miR-1273e",-1.9553141810226,-1.87686335470881,-1.50906250470618,-1.17199430050175,-2.26178282445341,-1.38070108317522,4.20610933925514,25.2796732266466,0.000303043620548365,0.000626697260630247
"hsa-miR-1273g-3p",-0.413970487597773,-0.476441001647189,-0.573361355936792,-0.325813412369454,-0.851511362433634,-0.0677903805586869,7.53271334214918,5.98478970161819,0.424896110362988,0.476556976240455
"hsa-miR-1273h-3p",-2.72066287396614,-1.32238472154071,-0.324444396130849,0.466521900643683,0.392212253636225,-0.479783287658204,3.21359817623095,12.9555859283163,0.0437466925329199,0.0613669984701612
"hsa-miR-1275",-1.72585350369749,-1.69934048145964,-1.75254315042363,-1.85672667773551,-2.12912509794567,-2.05981512126461,4.49025417592809,25.3561723102735,0.000293300596937185,0.000609619721735263
"hsa-miR-1276",0.0892164194068415,-0.155668844526905,-0.167910974264383,-0.562651650947055,0.201818151271049,-0.933385833262774,3.94728059844401,3.56898845260715,0.734769609326247,0.776378184371749
"hsa-miR-1277-5p",2.49664954429145,2.00349722031398,2.75169093545453,3.24544572147369,3.01659338892541,3.06577416449052,3.11552144866181,10.0061336474316,0.124393955823333,0.159325175867326
"hsa-miR-128-1-5p",-0.991912657425776,-0.153114502569471,0.148666253018344,-0.0211097491732906,0.208023452715684,-0.706343232097461,7.3340205639698,6.76500246993711,0.343127516202741,0.39843740886331
"hsa-miR-128-3p",1.40569030736543,2.10265537133339,2.55457754773666,2.66718348928049,3.0488577038742,2.75130042680495,9.91384861656822,52.0950401626159,1.78453024410025e-09,7.11213267187525e-09
"hsa-miR-1283",-2.96298043185358,-4.7585386142637,-4.48999530357242,-3.79633452938679,-4.51701785879393,-4.03174022860289,3.57850388236184,93.1653252996095,6.65987256777101e-18,4.71358222253448e-17
"hsa-miR-1285-3p",0.235613599474654,0.0937636962075066,-0.299465975019319,0.307005569117749,-0.343404567580599,0.000908534116338785,5.0038617186188,1.80506978101508,0.936725022672838,0.949445979770865
"hsa-miR-1285-5p",1.03076068994088,1.05470308453844,1.23916591326215,1.71223563478637,0.605223993112228,1.97087638013763,3.19246442619351,6.63907236278349,0.355518141825492,0.409369417165117
"hsa-miR-1286",-1.27121855559186,-1.07871028751832,-1.35756875033036,-1.24178342990209,-1.58714966011335,-2.8506034615074,4.40450772337979,16.1042841868857,0.0132050436337667,0.0208087155917897
"hsa-miR-129-1-3p",7.47513841535428,7.32621252868036,8.09696475187472,8.78826894428071,9.7704398902837,10.1386038162644,5.7833013537618,102.839322317784,6.40975370592242e-20,4.91813812389001e-19
"hsa-miR-129-2-3p",0.101332069646454,0.565533346001923,1.50017331626129,2.32724274104145,3.61738762675307,3.71977808317106,5.09356335335844,72.1792762483861,1.4596881883799e-13,8.51467591328522e-13
"hsa-miR-129-5p",3.44392216565716,3.60621654375206,3.62325093779694,4.64267202970676,5.71644879746378,5.68262872639851,8.9799251441938,120.949420340529,1.02954412841398e-23,1.030799670034e-22
"hsa-miR-1296-5p",1.92942193361865,2.25841149592708,2.28691097847331,2.44822034402196,2.61225543325191,2.14912941522891,7.03022200940525,44.4667704031781,5.97258446680192e-08,2.07775078273067e-07
"hsa-miR-1298-5p",-5.34177392567454,-6.97471985501957,-7.0115635604175,-8.69627749313412,-7.80528828929065,-6.64089003525054,4.29967332579161,303.35769536102,1.56048576916878e-62,8.54105877658378e-61
"hsa-miR-1299",2.53530545663991,2.58905180495671,3.52848272705691,3.29453856878907,3.65468383431009,3.85927633372395,3.46500930786152,16.0332181016009,0.0135767789852253,0.0212314962797523
"hsa-miR-1301-3p",-0.159527791152641,1.21161256345,1.42399885863214,2.07503450154584,2.55093967246243,2.98836799258953,6.47612243305704,101.798607815728,1.05722507768539e-19,7.89074353436098e-19
"hsa-miR-1304-3p",-2.39069199146985,-2.29611155208968,-2.49352396552367,-3.59437670450934,-4.09410195508909,-5.23222407789937,6.28197719475513,96.7768263300432,1.1791724783591e-18,8.41826612811147e-18
"hsa-miR-1307-3p",-0.54780196351246,-0.676501139506805,-0.753049836956749,-0.587055565423785,-0.358152206822796,-0.0499124622107438,8.59918683597632,5.4663087180627,0.485538071876633,0.538684806771238
"hsa-miR-1307-5p",-1.25441217416214,-0.59151031031002,-0.551327126844901,-0.75520780369896,-0.783764289943926,-1.23113075795079,6.72558623413087,7.86289787026533,0.248320863468874,0.296324751319688
"hsa-miR-130a-3p",0.548551508910493,0.785160895731032,0.928067618443828,0.771053129022686,0.806467135389247,0.097562111462002,12.1756710840062,11.6076952718967,0.071315154892942,0.0959831838805006
"hsa-miR-130b-3p",0.105285291957853,0.285119071358533,0.313110502688558,0.169406214167186,0.28772195361434,-0.20905878088411,9.74173441304504,2.69730135803109,0.84576595012731,0.866883701691038
"hsa-miR-130b-5p",-0.561096796950153,-0.296593307553226,-0.169952029528949,-0.430262204679636,-0.496678478142391,-0.836591533736708,7.72142301560219,4.2996055059242,0.63620221064419,0.687265809130105
"hsa-miR-132-3p",6.71617509516199,7.40236086254501,8.46235365372719,9.85299572196518,10.6287272785779,10.9425074978695,9.58394571642473,333.255790224299,6.05483990904433e-69,4.51911233211399e-67
"hsa-miR-132-5p",2.29261693987845,2.90881733739878,4.70616856951465,6.04648120209978,6.68461894807187,6.70749871414495,5.64879873157245,134.984583915166,1.1450277217756e-26,1.36241704286633e-25
"hsa-miR-1323",-5.47718890049147,-5.3330868159335,-5.62587753760794,-5.46291285592643,-6.22248924658088,-10.2597346619126,4.33890957627405,221.717123590187,4.4779734592964e-45,1.36163563336383e-43
"hsa-miR-134-5p",4.02964355049053,4.77587224182176,7.02162404503356,7.47588595968829,7.65520823375853,6.52444906235314,3.75006164310746,66.489826670112,2.14017806933833e-12,1.09817887182923e-11
"hsa-miR-135a-3p",2.01207541264745,1.27584715676173,1.36815882249216,0.771491099977672,0.959860086109183,1.39448232636378,3.49721130869249,9.31293770771499,0.156728447319905,0.195850921232331
"hsa-miR-135a-5p",1.455400793994,1.82796804140517,2.05015555307286,2.1321453157195,2.07303330770429,2.19720564694824,8.11707295953826,23.7768513831665,0.000573982576136486,0.0011382601328697
"hsa-miR-135b-3p",-1.00391563229914,0.64074732407518,0.676984882139697,0.542849613228603,0.48435793455911,-0.585262523168841,5.23876333753453,15.2736554299376,0.018231808498856,0.0278739567552343
"hsa-miR-135b-5p",-0.828572039488084,0.730394885564627,1.39471077482384,1.46049248730505,1.64944238232148,1.18277199008829,6.97602454208497,27.3264537475817,0.000125770929924642,0.000278323270803587
"hsa-miR-137",10.6829794948331,11.1769388523149,11.278888937507,11.7574136417302,11.6180493204656,11.8131475896216,8.16228139937078,124.362583101782,1.97362203880328e-24,2.05106796690822e-23
"hsa-miR-138-1-3p",3.57917858181258,4.23144898662701,4.91339607838849,4.83480866016544,5.13493520308432,4.60980146098751,7.97794836940037,80.7071935655567,2.55214917536176e-15,1.63696443200938e-14
"hsa-miR-138-2-3p",4.53647692052368,5.98825068112742,7.11484887757758,7.36327985011788,7.45173285271308,7.8448857987123,3.99758495944873,51.3813914350004,2.48297076663208e-09,9.70723333049971e-09
"hsa-miR-138-5p",4.22647801425757,5.05768351593441,5.57284475697046,6.20960926982863,6.30550494894197,6.98757281809672,12.4783437269129,115.864077354257,1.20291029896039e-22,1.13516017867412e-21
"hsa-miR-139-3p",3.27373103688179,3.19580903927873,4.17879125148879,3.89500007542691,4.56326952978583,4.56037835465203,4.07546175288829,30.6870142654264,2.90859264324475e-05,7.21436422992127e-05
"hsa-miR-139-5p",5.79941811207148,5.97354057417306,6.09459674048283,6.19193496219797,5.49400164342988,6.12799832364415,8.24072489188008,108.638372174035,3.92953066219551e-21,3.32592234398197e-20
"hsa-miR-140-3p",0.745143237546027,0.560327681247452,0.737074324820477,0.79621495577859,0.846673524002101,0.729242818814637,9.84810702328303,5.60386774450382,0.468992823212796,0.521032622270237
"hsa-miR-140-5p",0.661890191624823,0.896183571628239,1.2050905423962,0.68450293447461,0.844704180170191,0.622463587968625,4.18158961544363,4.53501230096126,0.604673402979858,0.656662518315428
"hsa-miR-141-3p",-1.23054620793145,-1.59740508190091,-2.2022457093592,-2.55050035842076,-2.8593454908501,-3.26233129346253,5.55519385336093,52.3566014158315,1.58092261369193e-09,6.39378061990678e-09
"hsa-miR-143-3p",-0.734617054071294,-0.521952338884425,-1.10588486213316,-1.79195092130932,-1.75948503379136,-2.30695323842765,6.54504789590414,26.4740944546862,0.000181622912912689,0.000390346626966801
"hsa-miR-1468-5p",-0.158913421244913,0.290257881490541,0.199232129450931,0.262443069695484,0.106171004890278,0.0738089002085187,6.4463841349485,1.64925783220698,0.948971034777915,0.958309003139814
"hsa-miR-146b-5p",-0.777293439906119,-0.41827993016306,-0.194770687367405,-0.362377262956596,-0.0104544851562505,-0.53578036048735,10.5101103496211,3.77134417154116,0.707586948230507,0.754453096749671
"hsa-miR-148a-3p",-1.3795125432409,-1.86816912365777,-2.30325469889487,-2.39289390844349,-2.16775977476918,-2.66936563930214,13.5487936766964,74.282172104639,5.39368804935417e-14,3.30464021531326e-13
"hsa-miR-148a-5p",-2.84545839243895,-3.0898614289324,-3.40400501615153,-3.84348912989364,-4.09571779092827,-4.4867092386285,8.25564311081393,112.544588994183,5.97371594049291e-22,5.44935643016075e-21
"hsa-miR-148b-3p",0.789927641465237,0.975898267089783,0.995846222027448,1.10383945599087,1.29382270750814,1.06203826674281,9.48108963834455,12.9278512878789,0.0441960888083766,0.0617091648157775
"hsa-miR-148b-5p",-0.088121146967358,0.0051800020983045,0.200012730138415,0.0437866139886989,0.374675758622425,-0.325758820817823,5.09825631296309,3.03254334191869,0.804751355320722,0.834218261007971
"hsa-miR-149-5p",3.97976213788584,4.0223211665271,4.0828925327848,4.19938199935749,3.84686818576152,4.14700834842467,12.6434929200576,105.35528061239,1.91028882160651e-20,1.55281893320688e-19
"hsa-miR-151a-3p",0.0645782284508916,0.0766828292161918,-0.403217286883119,-0.413120945481732,0.0336915560546226,-0.922800709565573,13.2182592800862,7.11811520646908,0.310062050612626,0.364700492196226
"hsa-miR-151a-5p",-0.571533974210429,-0.232408070854194,-0.00139051892875795,0.221998066428727,0.288457560350899,0.320296510649477,12.5581250767425,7.02127028450015,0.318884615950688,0.372940555121816
"hsa-miR-152-3p",3.38236392615919,3.7122696091773,4.0719429573518,4.11033129448562,4.52395276966602,4.84644615644406,6.78016916112225,71.8975488830782,1.66776059145559e-13,9.57504507402123e-13
"hsa-miR-153-3p",4.21492080955247,5.18333959514502,5.97907559403151,6.34818362502695,6.94596589324995,7.18321739321804,8.60782747793483,152.218736446498,2.62650776422114e-30,3.85064799004564e-29
"hsa-miR-153-5p",2.19899800760359,2.0820358343422,2.48246764828262,2.84498002955486,2.75472395088182,3.21119726599801,4.88910012393778,26.1817168419436,0.000205939259577923,0.000440302427378841
"hsa-miR-155-5p",-4.83560965454694,-6.4161704690177,-4.79988560234859,-5.60786646028879,-4.66078439000561,-5.92474448120618,3.36152695304424,122.27165110717,5.4301888970484e-24,5.5039322030577e-23
"hsa-miR-15a-5p",2.18890564409246,2.25791156108249,2.09963926494082,1.88813221107559,2.04122971461798,1.2847424583981,6.44765329343942,21.8577256198545,0.00128488606244791,0.00238663225626637
"hsa-miR-15b-5p",-1.32840047532631,-2.58755538472618,-3.00120368977742,-3.1974086367709,-4.17597565048077,-3.59056516480212,8.72315512638302,91.2780232512748,1.64398323347102e-17,1.13421028124345e-16
"hsa-miR-16-2-3p",-1.94497370865049,-2.14405462217879,-2.89039103633735,-3.04865772768196,-2.9613999343639,-3.4710256072467,3.30606048264287,31.1888710476237,2.33287742113824e-05,5.91047609718954e-05
"hsa-miR-16-5p",0.299093755651972,-0.392906791272317,-0.777331508581745,-1.34469529486972,-1.30698051423908,-1.73335412310832,10.9473153098869,28.6313075433634,7.14297559895027e-05,0.000164268430440845
"hsa-miR-17-3p",-1.517740567381,-1.64883040960749,-2.00825718125919,-1.96735320193499,-2.10567230175575,-2.25187989068814,5.85308780195461,35.3792111467575,3.63842758648838e-06,1.00577409040638e-05
"hsa-miR-181a-2-3p",5.59558998917557,8.40092573266959,9.06004924739408,8.54948253107226,8.55073209134793,7.6470701831255,9.03920354507927,111.823859508759,8.45800868136762e-22,7.54785339935089e-21
"hsa-miR-181a-3p",6.27315871533533,8.80269433568582,9.39398058200604,9.17154750094022,9.35692936320463,8.39942834854321,10.1157715521697,135.506060508895,8.88952154896873e-27,1.0732789987799e-25
"hsa-miR-181a-5p",3.71255873145812,7.4986264638296,9.05191455407881,9.37028164472795,9.61565644355475,9.09137852285657,15.9761217469884,295.480304881647,7.60524340469638e-61,3.90244052203483e-59
"hsa-miR-181b-3p",4.97450648322194,7.73831007733206,8.12095737510921,7.78625153140305,7.92269802785902,6.66153563632559,4.35607601333597,36.4814104035741,2.22200943382047e-06,6.31235205940001e-06
"hsa-miR-181b-5p",4.3092191389386,6.85511202967195,7.7686409234869,7.75990192221855,7.88097042567604,7.47458920969399,12.4706328565752,364.772046234169,1.03865655661929e-75,1.06592129123054e-73
"hsa-miR-181c-3p",3.05461537560663,4.98209876495649,5.80233849168526,6.03579054546206,6.41172945771627,5.92910751355962,8.71437831130467,169.601749514063,5.46336803058686e-34,8.97085030622363e-33
"hsa-miR-181c-5p",2.13070232700643,5.53760247924954,7.18520614981824,7.69283606504884,8.17536087140586,7.64983477139086,10.7820167251459,169.835173085903,4.87476539119113e-34,8.16771915544473e-33
"hsa-miR-181d-5p",1.4948476345999,4.08437820346198,5.05027827055567,5.4782843496874,5.89142540181267,5.73297181009359,9.50538039385021,262.953382606915,6.97705526796148e-54,3.01482230262967e-52
"hsa-miR-182-5p",-0.432616831318061,0.467481678068874,0.141496136902106,0.0775059418151514,0.215125554776102,-0.391803006114731,16.5136283215822,3.4700483370043,0.747950277435573,0.786257589980289
"hsa-miR-183-3p",-0.293116235402389,-0.907026364232146,-0.804865163001893,-0.86775352043361,-0.885884011877276,-0.932900163895546,5.61615597733955,4.18350618660403,0.651858577967439,0.703253472419536
"hsa-miR-183-5p",0.766459434927906,0.253302539332416,-0.065420453737819,0.465074777088152,0.84909226333019,1.25323110292384,15.1613877629903,5.17603585883421,0.521441752379627,0.574635810340502
"hsa-miR-184",0.161601419144055,0.262253598292745,-0.196569716937017,-0.175470774840432,-0.534950807024743,-0.490473471057771,4.52723406261582,4.02021017080516,0.673941290208557,0.724222250341918
"hsa-miR-185-5p",0.69614508807778,0.285733431494654,1.20904475403477,1.20615356621126,1.58286503388316,1.36288157956868,4.27168527617132,10.4531108834436,0.106822153157114,0.139429233294103
"hsa-miR-186-3p",-1.02782811151588,-2.49491408032607,-2.30361882358107,-1.66080949377043,-2.52118993222685,-2.63297652909032,3.349655287462,15.728291872754,0.0152890677479037,0.02359459515231
"hsa-miR-186-5p",0.449612841013609,0.390537508064141,0.265581436336735,0.133841572436475,0.237860715285929,-0.220171190840946,11.5857757460793,3.73234059445221,0.712844305890427,0.757324062489858
"hsa-miR-187-3p",-0.407541953866702,-0.75954897438675,-1.73598093319189,-1.88932882824622,-2.12119623225193,-2.20280077230289,5.2445053747255,59.0265999871393,7.09498093299616e-11,3.32855962627991e-10
"hsa-miR-18a-3p",-2.24688695622796,-2.64337971636702,-3.59607262136684,-3.73979699943051,-4.4212215479884,-3.97060729325811,5.58684855020291,134.635456152122,1.35647576063007e-26,1.56854450630603e-25
"hsa-miR-18a-5p",-1.66146583832936,-1.8761191647634,-2.56240095159505,-2.57253908075406,-2.33726305815741,-3.21832220238881,6.23611130921241,55.3232664821641,3.98846276416142e-10,1.72343575230343e-09
"hsa-miR-18b-3p",-3.51215865055311,-5.33798116901352,-5.71347978251256,-5.59883851205783,-5.58957733831515,-7.66155596227766,3.63576689203713,172.44525028424,1.36230728392244e-34,2.43142234804418e-33
"hsa-miR-1908-5p",-2.58210270610929,-3.23361893483553,-2.15551103467985,-1.61450769574491,-1.35802220086398,-1.00817008542493,3.8540365652449,22.0989950531419,0.00116185793222349,0.00218280403285009
"hsa-miR-190a-5p",-0.0719406231559575,1.16514350419118,2.15655309504807,2.84998595846774,3.72516870468951,3.89865210965462,7.19178621745251,109.482052597105,2.61658004222038e-21,2.23772105694056e-20
"hsa-miR-191-3p",-1.28770108191219,-0.969345334891104,-1.15420933460482,-1.33002684806289,-0.912894381643808,-0.955220310965483,4.28636757050005,8.93380987900277,0.177334920132059,0.218606560703334
"hsa-miR-191-5p",-0.184978379613621,-0.407378580717653,-0.985071054308965,-0.950606610915446,-0.321638043674526,-0.439528528936705,15.399289407948,5.32605612046291,0.502724259901257,0.55550015797972
"hsa-miR-192-5p",0.679540732746151,1.07619271205667,1.07721977970988,1.1580377720447,1.4802482773322,1.09651301453635,12.1068641311732,14.0743542134496,0.0288165248092125,0.042096738199935
"hsa-miR-193a-3p",-1.57670928047135,-3.86679605558801,-2.86971765738345,-2.64206579514173,-3.10635848927341,-1.52527956068011,5.15833267602571,35.5905554434928,3.3105810559982e-06,9.21351541347296e-06
"hsa-miR-193b-3p",-0.815995899510878,-0.764044387885949,0.17835549674506,0.724618144982748,0.562428618132877,0.623809720597837,7.64925993667605,17.1819299726378,0.00863737407060857,0.0140845241186453
"hsa-miR-194-5p",1.17071171907712,1.45756107899823,1.6088812498356,1.6327570173366,2.21767897753315,1.83737985115639,5.78128124480422,20.3056405412662,0.00244288574213164,0.00432243360838378
"hsa-miR-197-3p",2.30298001838035,2.35453889407144,2.37854255128039,1.98214266637654,2.08001762920189,1.90064638373074,8.97295637408755,42.0563391812799,1.79226778040073e-07,5.86235795900001e-07
"hsa-miR-1972",-0.132358045649569,-1.01490208245992,-1.23531955401099,-1.12647545204668,-1.07870438738426,-0.404893862923884,3.66127263426756,7.19038750876949,0.303598736650355,0.358124371824629
"hsa-miR-199b-3p__hsa-miR-199a-3p",0.973143808517678,0.241933564828204,-0.467296828535837,-0.538682568467186,-0.877843377191384,-0.890400407128317,4.05131593882747,13.827341004692,0.0316254643463035,0.0457927799441184
"hsa-miR-199b-5p",2.35525280542011,1.12912955287474,0.838225395843605,0.763046765649275,-0.0117222937053155,-1.44286041495617,2.47113736667891,18.678006116206,0.00474344386739351,0.00811326544818765
"hsa-miR-19a-3p",-1.18855884785617,-1.21524138603327,-1.72273738628967,-2.28972122705173,-2.1428237112359,-3.0302288258886,6.77432306194636,55.9424811793535,2.98996338439955e-10,1.3268972641038e-09
"hsa-miR-19b-3p",-0.772113636930024,-0.67368671197679,-0.850152538631247,-1.23027440367282,-1.444662245025,-2.38537054603174,8.64336751978359,25.6700405256674,0.000256456771452691,0.000538493630083528
"hsa-miR-200b-3p",-6.74561341584767,-6.0953784965973,-4.63617951802509,-7.10483982181849,-5.75705891925413,-6.92977523209232,3.37374512434042,157.534579235193,1.97010189956189e-31,2.99528455470428e-30
"hsa-miR-200c-3p",-3.28578200745188,-4.11018092815208,-3.42754367414691,-3.98548885622589,-4.5323359504356,-4.14454243790647,4.39559017067642,103.652635484373,4.33453454688899e-20,3.45500277960763e-19
"hsa-miR-204-5p",-1.78998085404773,-1.11621695695021,-0.813920297091656,-1.1928297280325,-1.44366910841605,-1.81288084779619,10.7186849466394,37.9275785748682,1.16058039286125e-06,3.40298750906816e-06
"hsa-miR-205-5p",-4.26829237793811,-5.43598625807979,-6.57282115633189,-6.37726689948396,-9.62266312571241,-8.88238103216919,6.37413443180008,382.732425187154,1.4386302142355e-79,1.6873077226962e-77
"hsa-miR-20a-3p",-0.115532956157,-2.3026343387663,-1.1111078224508,-1.61353273931469,-3.36574871465542,-2.93217854028291,2.82315640050498,34.3749657061364,5.69373406967382e-06,1.54786611629212e-05
"hsa-miR-20a-5p",-1.85133777465055,-1.95012705005234,-1.96974697301595,-1.99195758162872,-1.84634550021026,-1.97092921220936,8.73218222035224,54.5679272158706,5.66654373967328e-10,2.38576021039578e-09
"hsa-miR-20b-5p",-3.14715210007698,-4.05746509250637,-5.02973475549989,-5.44941338576156,-5.9010418401249,-5.8990050328264,7.38026517273497,323.61221222059,7.09298016612773e-67,4.85278059699239e-65
"hsa-miR-21-3p",-2.80223164039869,-3.36460015972123,-2.98106788245117,-2.0271848842533,-1.70223059719538,-1.56262742094611,8.38217299613092,100.155375408967,2.32881750767939e-19,1.70710640518284e-18
"hsa-miR-21-5p",-1.57122868470639,-1.81978968609435,-1.29657870349496,-0.530737983738634,0.032342631909025,-0.0521144579512379,11.982921654471,45.8289437102262,3.20200225253154e-08,1.14297558666452e-07
"hsa-miR-210-3p",1.29023043973452,1.98384099466603,1.64635071135965,1.64037041966063,1.61847711040204,1.38579364781542,6.02566582574242,13.581971951884,0.034670782919217,0.0496766366085116
"hsa-miR-2110",-0.324006335352153,-0.715655192541957,0.461689398099915,0.781293193698885,1.38437912324829,2.06288317568209,3.36158405252375,40.2378708034816,4.09019548536259e-07,1.2719888232889e-06
"hsa-miR-212-3p",5.81969582608877,6.87387121899831,8.74514338621159,10.2379674567257,10.9301883919499,11.2819846408532,6.77419061414407,211.252754730065,7.61701266017718e-43,2.01727980451789e-41
"hsa-miR-212-5p",3.36941296249686,3.79171090374886,5.34595693537193,6.90906490804062,7.37017601235289,8.04243271262125,8.04349501690723,231.425469684794,3.80045984925844e-47,1.35659892880051e-45
"hsa-miR-215-5p",5.74581904003947,6.1504625585809,6.77102165315262,7.89052675508375,9.02013125764856,9.1726183531847,4.87294105472036,103.997481125254,3.67188946225027e-20,2.9555110279485e-19
"hsa-miR-216a-3p",9.25976191907377,9.0908184611285,8.91432539478303,8.76113477421151,9.0509331017292,8.57025137575714,8.82501015623871,102.928123349656,6.14177039696034e-20,4.75697499613626e-19
"hsa-miR-216a-5p",12.6060971087944,13.1182080839267,13.1434051025365,13.4149520572216,13.5760569573397,13.5803693879638,9.9907894970372,146.554784092069,4.13804295391292e-29,5.85747114683191e-28
"hsa-miR-216b-3p",8.21258614914845,8.09225477385455,8.60410499427739,8.71235113900832,8.17338161151495,8.45779485217957,5.20533006470648,46.4184859149642,2.44358050371938e-08,8.84868079620259e-08
"hsa-miR-216b-5p",11.9734840076943,12.9821370860647,13.1554630794664,13.2760830101334,13.1358859318805,12.5030762420231,9.61795605245627,171.368086808883,2.30567919996991e-34,3.94367213161519e-33
"hsa-miR-217",9.04375828509091,9.07576821585218,8.84916234319163,9.12569233885385,9.42349733031067,9.46420117141959,9.03480822652229,75.89912583706,2.50596841591777e-14,1.55863641626401e-13
"hsa-miR-218-1-3p",1.13176074165016,2.23963647345692,3.42753675760558,3.27486467368741,3.60422102186497,3.56718888239291,5.92218734806557,55.4169287005859,3.81841725474185e-10,1.6675109394378e-09
"hsa-miR-218-2-3p",5.64448125551253,7.29114781372315,7.83151988088681,7.70391896061018,7.80484097134036,7.24688610385857,4.30100024596865,53.8212635265922,8.01544431860111e-10,3.32357564927854e-09
"hsa-miR-218-5p",6.53502729338827,7.07177484856069,7.42343593178816,7.47874702273589,7.83247525878711,7.46435673848509,11.8675361824663,186.056644226939,1.75327298362734e-37,3.46644116942041e-36
"hsa-miR-219a-1-3p",1.14291559689263,1.30914456616773,1.23858735710433,-0.0644872382882068,0.303784125172062,-0.895221311621906,3.16043804928457,10.9927430196233,0.0886009772181508,0.116947592115919
"hsa-miR-219a-2-3p",8.2149142402142,7.32304844321335,7.34161085944016,7.00372473840411,6.46397291060521,6.04367284134338,4.14019617327231,41.7654470507415,2.04563034517778e-07,6.61205713933449e-07
"hsa-miR-22-3p",1.71440859838145,1.72487697892578,2.04985062678987,2.20614403674384,2.5763545860052,2.49248004268047,13.8270290009387,33.315860275114,9.11576407201795e-06,2.42202016282419e-05
"hsa-miR-221-3p",-0.825843007800126,-0.106417349659149,0.179602283436683,0.206091773783623,0.554335078329798,0.0648698729930884,9.08769034241824,11.9647393960647,0.0627600637695923,0.0851669625699756
"hsa-miR-221-5p",-2.69162216453813,-2.20198952024524,-1.33263349155073,-1.27906914394515,-1.22811778268394,-1.83083288297063,8.02705963238006,28.7347210507632,6.82870423991125e-05,0.000157713583910293
"hsa-miR-222-3p",-3.1388013180291,-1.87827802364046,-1.34111572363351,-1.55371439902659,-1.31316917670683,-2.10814737780255,10.5813898603224,41.6280761605536,2.17736863605526e-07,6.98288925859909e-07
"hsa-miR-2277-5p",1.06881847168666,1.37050429216054,1.39262905619253,2.11877364699077,3.04885791881354,2.36969828428,3.25034153667625,20.741137089617,0.00204173712346175,0.00367602232096951
"hsa-miR-2355-5p",1.94844909887097,1.37253043345958,2.05547307800387,1.53286717099843,1.52782253852796,1.40352628010859,5.90808507215167,15.934953941156,0.0141073869803511,0.021935918013008
"hsa-miR-23a-3p",-0.921883896489987,-1.68490901355226,-0.95680564744099,-0.193553400998197,0.352090255993998,1.73174483840251,6.27566471026904,60.1053979368855,4.28447423760896e-11,2.05704874215027e-10
"hsa-miR-23b-3p",3.44814351919733,3.51055570705521,3.91788033896156,4.351582612686,4.52895745612746,4.97056302940069,9.41459472943858,132.239871686983,4.33756683213269e-26,4.94603106830686e-25
"hsa-miR-24-1-5p",5.85419439439453,5.49798916462187,5.35959388647245,6.60803422752287,6.38658729633726,7.69124705281656,3.47445870078211,20.3381381251177,0.00241046521706855,0.00427428065488829
"hsa-miR-24-2-5p",-2.72993291031173,-3.12967842198084,-2.03256035135895,-0.574485581024818,-0.0140656842087796,1.37024835105762,3.83327935579478,69.6061365395395,4.92457394486334e-13,2.64253281616523e-12
"hsa-miR-24-3p",0.16532600453298,-0.401148896341729,0.320983202664669,0.614353530254352,1.32249097692686,0.950115532672193,4.26959371389536,14.8199222826029,0.0217045176699352,0.0325766161005792
"hsa-miR-2467-5p",-1.36981885076937,-0.449677041279099,-0.176830717903342,-0.50701112784366,-0.275895816940002,-1.09829388155827,5.67113854094554,4.3401250541518,0.630751726912419,0.683175683106986
"hsa-miR-25-3p",0.103409867262123,-0.149031589090737,-0.789115415853652,-1.48324840479415,-1.82896208401715,-2.89108953603778,12.0538383385564,57.5243272157234,1.43067199935179e-10,6.52545395259899e-10
"hsa-miR-25-5p",-4.08513560760648,-4.50263492139491,-4.87499272574343,-5.18201952132558,-4.9863795462577,-5.88402818633206,4.59464084534731,171.518383595908,2.14247085432529e-34,3.74248632212991e-33
"hsa-miR-2681-5p",4.99038642628933,5.04527371150913,6.06153367786134,6.54312931155619,6.52668176686396,6.78080769898431,3.25891793525067,22.398010693633,0.00102532417772776,0.00194409041550691
"hsa-miR-2682-5p",6.16008997035769,6.35384488666347,6.48879872657113,6.61895529724119,6.70208913357878,6.29336593364302,6.34820513896751,71.314380283835,2.1973058187201e-13,1.25276949803417e-12
"hsa-miR-26a-5p",0.726736762873916,0.954162680236828,1.14144396306436,1.08334153207055,1.19524805857785,0.918770929990762,14.3243360495607,11.7627456052518,0.0674758391294075,0.0909649653944886
"hsa-miR-26b-3p",1.41345101614568,0.594948862650721,0.210400948180608,-0.336735709362913,-0.998025492734603,-0.51874051506272,4.61820523260198,38.5136047083078,8.91345094875974e-07,2.67078220034005e-06
"hsa-miR-26b-5p",0.922572762660559,0.638170467113367,0.480114978847944,0.0529055303207028,0.00369311427417643,-0.359407991891775,8.93083369466238,10.7793342220673,0.0954405244021892,0.125571587394547
"hsa-miR-27a-3p",-1.60499527134864,-1.87651353532297,-1.67844153578314,-0.626731133036916,-0.0821141109919893,0.846725671797074,6.2340016953259,57.0273832906135,1.80375036464373e-10,8.09223524247268e-10
"hsa-miR-27b-3p",1.3689498508094,1.52085159022535,1.84643927609417,2.30900168172255,2.65649005391338,2.8822374628878,13.6758759645108,69.1884423808111,5.99780411722517e-13,3.19753063652069e-12
"hsa-miR-27b-5p",-1.39341785467925,-0.673766103440822,-0.522677982651852,-0.513029797486385,-0.33656597363819,-1.13062146256853,5.70860952207166,9.21517987510123,0.161833254103889,0.201616239179503
"hsa-miR-28-3p",0.191211088498625,0.146558461429607,0.00569686417501767,0.198838804805892,0.912208469909933,0.125538126567106,11.7823273256125,5.3843912463582,0.495538213254015,0.549037615494664
"hsa-miR-28-5p",0.101712422888076,-0.115284609535016,0.429455185768885,0.623802020596751,1.20717919138233,0.928707768225455,7.4487944616771,13.8018227338014,0.0319299801071525,0.0460712015254345
"hsa-miR-296-3p",-0.939076737631552,-2.81816307787186,-1.11340419309271,-2.40265949731395,-2.5996245642756,-4.02421203765272,2.98565537660392,21.6256063991204,0.00141526040816349,0.00261107594404995
"hsa-miR-296-5p",-1.04835068868982,-1.9209977927235,-0.960992841812422,-0.713202125421941,-1.27706698853486,-0.913460427411188,3.26651517274997,3.41579125795299,0.75513749952055,0.79279780959894
"hsa-miR-29a-3p",0.785779908847296,1.24040891173487,2.07943535073244,2.70069467246273,2.98266646450054,3.24855309590747,8.52066847931984,74.0752067607952,5.94935089657314e-14,3.61808673043448e-13
"hsa-miR-29b-3p",-0.614352597684906,-0.355376600457473,0.0938669704322706,0.762898255374933,0.868916628755127,2.29841953647703,3.5763977750168,41.1792976171797,2.66944536542442e-07,8.49463040702887e-07
"hsa-miR-29c-3p",4.3858778612323,4.33242433555903,5.15265647540526,5.66023767804307,5.74973686436429,6.56865569336671,6.91134764498624,97.9268373668986,6.79056148623561e-19,4.93367343380481e-18
"hsa-miR-29c-5p",5.18626164740822,6.01863687248384,6.1282481600375,6.81529754881632,6.38600554370081,7.21651728288363,3.46846023450243,28.2762604524553,8.33476860664857e-05,0.000189552493796634
"hsa-miR-301a-3p",1.36947628669636,1.48157632265975,1.49212290359908,1.2909508648413,1.42488641662784,0.714217162625519,10.3063352494187,17.8753137653903,0.00655146499664125,0.0109324243135009
"hsa-miR-301b-3p",2.08967272881843,2.02712621103554,1.88245034177042,1.69862004934815,1.96383052964414,1.72195192465337,9.34964404652864,19.0260828937689,0.0041198091057794,0.0071207647912524
"hsa-miR-302a-3p",-3.18582569238111,-4.39923581627717,-5.10783107952295,-5.92144228632448,-6.31015978052794,-6.71112722727861,11.004579550426,350.17660594266,1.41436402128986e-72,1.29021429053219e-70
"hsa-miR-302a-5p",-5.03730668529783,-6.26951151585092,-6.87475991220507,-7.94603595945423,-8.54581106364218,-9.44438505962246,12.5047793841684,765.501691354537,4.37010048408785e-162,3.58785249743613e-159
"hsa-miR-302b-3p",-3.73388044970687,-4.73992926652979,-4.9088601918007,-5.18043020942687,-6.14017946380072,-5.95941758427651,11.119540349261,394.29539338552,4.70763007439091e-82,6.44160715179156e-80
"hsa-miR-302b-5p",-3.7925343007228,-5.50736856891213,-5.2908010698253,-6.6624425344908,-6.40900997642453,-8.17194634593897,5.29274449058332,208.76246782723,2.58429308681847e-42,6.2403077184646e-41
"hsa-miR-302c-3p",-3.7046664334842,-4.91512960427257,-5.57070666741796,-6.10899666758087,-6.79932150248344,-6.70161510920853,10.0527083504125,506.438984203768,3.44799230156564e-106,1.4154008397927e-103
"hsa-miR-302c-5p",-3.97021133616899,-5.7010077985623,-6.59789098196269,-7.76700778543948,-7.57960635191895,-9.48115336040245,6.63802387297716,345.459324287181,1.45610674444412e-71,1.19546363718863e-69
"hsa-miR-302d-3p",-3.8952806289777,-5.21654418285437,-5.98509056026971,-6.79274634356248,-7.00794164406298,-7.44041959175471,11.6870771869117,442.371680496013,2.15090714949534e-92,4.41473692433918e-90
"hsa-miR-302d-5p",-3.62784168488938,-4.31051440217982,-5.20994351195866,-6.50025379589255,-5.98027699768074,-7.2841307154904,6.70317390255816,229.886166050814,8.09739467998779e-47,2.65918441290799e-45
"hsa-miR-3065-3p",4.08993774002935,2.95344496060426,2.97216834707058,2.36369953214384,2.22552178114512,1.97563494670615,5.61444392337561,55.1953414772381,4.23297713638825e-10,1.81951530312814e-09
"hsa-miR-3074-3p",0.597613052116548,0.324120615781664,0.591749000088631,-0.335142495126901,-0.0752124430223626,-1.01068681284395,2.9819312341692,8.22512119742845,0.222069995014116,0.268116861627338
"hsa-miR-30a-3p",2.94989792990862,3.3720952454076,3.39218334436047,2.89270358879638,2.95597618451302,2.17223855456601,7.96226834470876,29.6941328368564,4.49360271393563e-05,0.000107558245718401
"hsa-miR-30a-5p",2.4487917602495,3.1461163988608,3.33302143003447,3.10748844364156,3.23921404228188,2.664249545479,12.1249707570507,40.2985376048072,3.97937000498392e-07,1.24222919166989e-06
"hsa-miR-30b-3p",-2.38775710392579,-0.890967835043955,0.149798270404901,0.555951750969066,1.47166255423894,1.1451512663999,3.36781350307402,22.3566768586589,0.00104321496347359,0.00197345503458944
"hsa-miR-30b-5p",1.43211031881117,1.81211137251577,1.99299824599314,2.46267106497977,2.72792489043063,3.5697700302123,9.38381072503244,44.6668336157844,5.4505954198368e-08,1.90422929348341e-07
"hsa-miR-30c-1-3p",-0.74753160120001,-1.20397404860001,-1.38003405975583,-1.24589000592217,-0.938919967072169,-1.43622472252599,5.11287491183375,10.0802184566255,0.121314241832655,0.155866967988435
"hsa-miR-30c-5p",0.717126008605776,0.860805802128567,0.725398627219767,0.692923682093538,0.940920841945793,0.943712467257204,10.4063681049878,8.76140814524504,0.187447599196775,0.230036590344622
"hsa-miR-30d-3p",0.512295226372195,0.457548784314855,1.16188393161965,1.32216846132349,1.50167326888952,1.27684931815822,6.03292554025275,14.6745867020968,0.0229444441207636,0.0340639938935748
"hsa-miR-30d-5p",0.780493275369004,1.34162252802616,1.98248112559932,2.23535928269284,2.73542875351042,2.45820096748838,13.2033417060784,56.1019910731289,2.7759635332796e-10,1.23862285914269e-09
"hsa-miR-30e-3p",0.145181396899638,0.68396038128195,0.548453069533731,0.169417682481037,0.185831644787464,-0.474800716054033,9.71219259378176,5.0052732533369,0.54313695850064,0.596143640279446
"hsa-miR-30e-5p",-0.240817053087578,0.0146984012184576,-0.0128593977078866,-0.134803181513081,0.129990085426754,-0.504888510327688,11.3755892982463,2.38993127381611,0.880577013475821,0.898079165296458
"hsa-miR-31-5p",-3.74301758711857,-3.68996975595861,-4.08482802481098,-3.23358489812892,-2.78232720783676,-2.8480260147336,5.08597292903702,102.701975890014,6.84742840203638e-20,5.20531362784432e-19
"hsa-miR-3117-3p",7.40394545901268,8.02917065936764,8.0619774484931,7.88644974427518,8.10590826184499,7.77390296222475,4.72769880867556,43.0496802693803,1.14032665716645e-07,3.85270858244302e-07
"hsa-miR-3127-5p",1.25098909836918,0.87786895862572,1.47965868890664,1.60835726657138,1.65268219604909,1.58627094593123,3.57605111273248,6.23111571315682,0.397804778307626,0.44985912257653
"hsa-miR-3135b",1.74751228504353,2.64970709775493,2.3967006325674,2.82045066682064,3.09487922853349,3.99248632810268,3.16959105773979,20.7893882971644,0.00200147003473202,0.00361144373299997
"hsa-miR-3141",5.97493688903538,5.49355858982241,5.64661234462146,5.34785159791952,5.25031697969258,6.62227204018567,2.97323184143082,14.9962915157399,0.0202855783350277,0.0306711967091303
"hsa-miR-3151-3p",3.52094951410891,3.52808478343032,3.700893896747,4.03179467548656,3.96940654754885,5.05446312933473,6.18445900364048,72.1536468968119,1.47749323382175e-13,8.54240806315252e-13
"hsa-miR-3168",-2.24545463767678,-2.17661607557782,-4.94720773128962,-3.15153162598557,-2.60958750097663,-2.04121861342646,3.93796122362959,18.0605628800179,0.00608261448975721,0.0102542638523422
"hsa-miR-3176",-2.31778621282223,-2.35249578857709,-2.8172228592747,-3.22107236308054,-2.37556766648744,-3.51001675469627,3.9476835059091,38.4191183961071,9.30122528251763e-07,2.7768385297989e-06
"hsa-miR-3177-3p",0.329172124833607,0.263865500457105,0.019607615676602,0.113104362547046,0.331693566691387,-0.272989320174534,4.27933796460837,1.91292910867958,0.927529686082796,0.941522175625116
"hsa-miR-3180-3p",-3.0917040305211,-3.208593680727,-2.61045751952583,-2.23945269050635,-2.01095520353418,-1.93222093298681,3.96375864333553,43.7093358255322,8.44090103340259e-08,2.8995731164952e-07
"hsa-miR-3182",3.89499254617486,4.19314217530278,3.85820316529366,3.29413427845574,3.8616436504472,3.12244768857589,7.77400919853033,51.0444000263372,2.9017194711954e-09,1.11322975974366e-08
"hsa-miR-3195",2.3343316444252,2.4364538385771,2.93559372246393,2.48702759330474,2.38254487171725,2.46009358605571,5.52654210391245,8.0584707943854,0.233850817965403,0.279871022667049
"hsa-miR-3196",4.57899170868284,3.79710766823551,4.40393609490775,4.21647141487786,3.88765319164386,4.72215186493226,4.24813024204506,8.66377311169981,0.193388788214465,0.236973425558323
"hsa-miR-3200-3p",1.40610295507812,2.27547940061583,2.95247666752417,3.50749822732864,3.88818795935966,3.87491860855149,7.14851564239435,114.00137102383,2.95720991240172e-22,2.75894242963843e-21
"hsa-miR-3200-5p",-1.07641392202134,0.716543630113749,1.2317015869175,1.53557653154386,1.81871054682148,2.2796083934717,3.18704711068872,25.1901887574105,0.000314845780109706,0.000647840565087891
"hsa-miR-320a",-0.804143403148107,-0.2876568651977,0.0820987644732636,-0.014198453371241,0.00284467526022029,-0.406712596032523,9.73714673319244,6.05879360723513,0.416636339638901,0.469398086287869
"hsa-miR-323a-3p",3.12065997348901,4.26328610024907,6.15170864988228,7.28929769558737,7.15741026060706,7.60445118331641,3.65799838638408,69.7585561131192,4.58264942606136e-13,2.47523367026077e-12
"hsa-miR-323b-3p",1.88521484474044,3.5098538467134,5.44030091758751,6.09352477015064,6.96437689173841,6.76852330045744,3.07894080654517,54.9096009462453,4.83446918361876e-10,2.06723916653698e-09
"hsa-miR-324-3p",0.609155144827787,0.355801660407836,0.827109033436056,0.688339065800064,0.796815871558445,0.554653930647048,4.95817609153137,3.90899805784232,0.688990040814901,0.736537530610721
"hsa-miR-324-5p",2.29446081705085,2.05526482144319,2.18853006669796,2.35915712340681,2.27167534991682,2.37983968325855,4.25288983315705,9.51589716321827,0.146575169991895,0.184003386182486
"hsa-miR-326",7.87903258264562,8.48557506239172,8.99508831836043,9.1165890309841,9.49044088277822,8.9358290069116,5.6894344615192,55.8673003738788,3.09645509087875e-10,1.36676861807068e-09
"hsa-miR-328-3p",4.217234729861,4.46200523475827,4.71809791158325,4.45311010147512,4.79733084590588,4.28558155172477,7.58039730490743,88.211712783247,7.12392318693802e-17,4.71672656167428e-16
"hsa-miR-330-3p",2.79022823127045,2.84874270963699,3.11773860052968,3.44736609809509,3.83824152922892,4.09795995290167,7.8940998069365,58.8963428346038,7.54018989794552e-11,3.49745531424479e-10
"hsa-miR-330-5p",2.32932869076906,2.70331108249096,3.12557918526278,3.4864226990942,3.92327452336362,3.61810291111312,7.69964390592043,45.6142122305173,3.53303924538754e-08,1.25026949157895e-07
"hsa-miR-331-3p",1.98827838467348,1.48368985292253,2.07358697801931,2.05916277714907,1.69652561211829,2.15874127979638,8.76660033983288,15.1493812097081,0.0191261481739466,0.0291327785729317
"hsa-miR-331-5p",1.98966033965587,2.25834918517813,2.34215712880484,2.03611342005055,2.5540933254058,2.81980012075667,5.10406426452173,17.1793315997852,0.00864628520803563,0.0140845241186453
"hsa-miR-335-3p",-3.09606875855281,-3.48700528998442,-3.26931583659879,-2.77062193030667,-2.64909837450196,-2.58427716870251,7.09539005143053,102.399816333904,7.91828713517831e-20,5.96414104401962e-19
"hsa-miR-335-5p",0.467572205737181,-0.0277542332723011,0.239430471109611,0.441270358432005,-0.172533347851711,0.537310154329289,8.85350340651509,3.52901642825726,0.740105269900171,0.780008249792093
"hsa-miR-338-5p",3.45353901692552,3.15772446353956,2.81966741637326,2.9699067222075,3.15871962503207,4.00613477583078,5.45431911905811,28.3578908024192,8.04444953799628e-05,0.000183458140852637
"hsa-miR-339-3p",0.62195064455665,1.14559571866385,1.49772199276624,1.70215000714168,1.95006722397579,1.92765545366255,6.73008947888341,26.6262425710826,0.000170113327597963,0.000367534320941914
"hsa-miR-339-5p",-0.601459327983502,-0.778518375832222,-0.738685078965454,-0.701974274722403,-1.12051659236198,-1.90235102293565,3.50661454029153,6.81461947603658,0.338331980061235,0.393442713357328
"hsa-miR-33a-5p",-0.375223838382715,-1.18000295034523,-0.280097210374262,-0.152395798601178,-0.496046464124934,-0.285422548574122,6.68580155202423,4.06672913176851,0.667646441001174,0.719340850475019
"hsa-miR-33b-5p",-2.6641004553931,-3.8924143700881,-2.67318846171361,-2.4952486328881,-3.15696904685752,-2.08836992831566,5.40366113925773,54.8448575735653,4.98218840579855e-10,2.11243666815937e-09
"hsa-miR-340-3p",1.85105407777355,2.39857521770066,3.0241472747733,2.95279593107381,2.76948634383917,2.26814488815891,8.58386576716615,26.555339918295,0.000175384463661452,0.000377928201223234
"hsa-miR-340-5p",1.97248422685554,2.64486042989962,2.78594184147711,2.77010728688822,2.79414513276668,1.98045112999445,11.6970811585763,35.7046015688732,3.14603279147459e-06,8.78535007415184e-06
"hsa-miR-342-3p",2.70343438768073,2.57439187772835,2.69007878618685,3.61986038861475,2.48138020297528,4.28010970772202,15.0559906349446,21.5793506288529,0.00144274825688997,0.00265582134284005
"hsa-miR-342-5p",2.4959137736902,3.0413952581067,3.30614918097094,3.39111558481007,3.51366221337841,3.30875776432843,6.42973601293157,55.7302271060925,3.30044438359262e-10,1.44901863044361e-09
"hsa-miR-345-5p",0.300962313812876,0.277963880857131,0.322450758427601,0.0839878926883937,0.415693000407206,-0.325319075410497,8.77356982164962,3.1226711436064,0.793300352341184,0.825474764603437
"hsa-miR-346",3.6114340209948,4.38364095168033,4.67732270388097,4.44390396603012,4.63946452977084,4.9426944589174,4.5312848112625,36.0524054254798,2.6927246258197e-06,7.62319626826887e-06
"hsa-miR-34a-3p",-0.843020490916953,-2.14358717299174,-2.35611540848784,-3.94868375086155,-2.93252622051471,-3.77517310934181,2.602197951228,30.4135940481293,3.27934162408442e-05,8.03683424887555e-05
"hsa-miR-34a-5p",-0.659655661054295,-1.12296468876504,-1.32964583164103,-1.54692425259028,-1.4272934846883,-1.64868831240622,4.95574575079998,13.8752007637878,0.0310617367126697,0.0450559820514166
"hsa-miR-34c-5p",-0.631770437717845,-0.305457852566457,-0.512420834894371,-0.991915239879726,-0.514219149626756,-1.04067132677241,5.72880568013242,6.38582439838538,0.381384947888779,0.434281611951023
"hsa-miR-3605-3p",1.61760677890007,2.77681579613744,3.17545848878286,2.79360772812884,3.08823556428039,2.56925512855345,6.30249236402448,25.7925718210644,0.000243346363995104,0.000512275294461487
"hsa-miR-3605-5p",6.50461240596384,6.38066360588484,7.6888336592594,6.75672904043414,7.32144150457478,7.25300832814812,3.99047612461501,22.9082266322672,0.000827805749663247,0.00159912593052594
"hsa-miR-3607-3p",-2.51240553484998,0.332638977706722,-0.736360770839548,-1.32326347226565,-0.540909587702922,-2.75436843811241,3.39178032363806,9.58493118914081,0.143255102337566,0.180440408906462
"hsa-miR-361-3p",1.42343161936635,1.80965518135412,2.09986426396232,2.31939006697943,2.7863239167698,2.44073878309955,6.54266631105641,31.1822202859809,2.33971343676809e-05,5.91047609718954e-05
"hsa-miR-361-5p",0.937882993541795,1.05256455743501,1.22338116033923,1.56794121864737,1.56189359738544,2.11592126474259,10.3995041615019,22.7566983554774,0.000882198628110921,0.0016980512883883
"hsa-miR-3615",-0.427166675351366,-0.239251783910703,-0.408690351214321,-0.99856376561285,-1.06307555140261,-1.97745097748874,5.75445317375512,21.4722664271632,0.00150840629878115,0.00277047331386873
"hsa-miR-362-5p",0.0617677753193882,0.360525764998887,-0.523278935415567,-1.12419412271305,-0.196035120328975,0.534900874157585,4.12614054161744,14.8071268457465,0.0218110634661164,0.03267679398847
"hsa-miR-363-3p",-1.60304189907608,-2.38362902251889,-3.07626753701593,-3.60530339984621,-4.07185589424913,-4.53065404690224,10.5935367892521,210.617411402755,1.04029451685075e-42,2.58812666161959e-41
"hsa-miR-3656",1.39819561412998,0.873520266907249,1.37098023164831,1.48688639885551,1.02368498303039,1.69644322544165,3.42534591660933,1.60113797060343,0.952495557315742,0.960686551051872
"hsa-miR-365a-3p__hsa-miR-365b-3p",-1.5249621025132,-0.884252630210984,-0.141304616353025,0.249300324609923,0.215631425149754,0.429475752436423,5.13781645931661,14.6792654482951,0.0229034967742207,0.0340639938935748
"hsa-miR-367-3p",-3.13561273795804,-4.38713007016213,-5.08432396608486,-5.21974770773807,-5.61436262986226,-6.31399906610059,7.22634611581305,197.372054919733,6.87836341418014e-40,1.48608851658997e-38
"hsa-miR-3691-5p",-2.51813433783357,-1.87014321355173,-1.72106638773237,-2.17732546011212,-2.45106514739493,-3.6288632417816,3.84392662826581,26.1250202008764,0.000211013500253671,0.000449979438203283
"hsa-miR-373-3p",-1.30346346474346,-2.51800822893081,-3.83260100848723,-2.8471116926227,-3.49285174980649,-3.42196995998164,3.49218305127592,40.5918681439822,3.48423773413264e-07,1.09181648081027e-06
"hsa-miR-374a-3p",-0.894890657392816,-0.847516437095455,-1.11994158741481,-1.14007136867238,-1.18881161174056,-1.90148412987454,7.82591803916089,15.5847207721059,0.0161652980242119,0.0248533889098838
"hsa-miR-374a-5p",1.18991618882555,1.32127012139393,1.39187899039069,1.54810835448474,1.56409977563929,1.72454375342247,8.24897879083801,10.333896995383,0.111276968452726,0.144554416296975
"hsa-miR-374b-3p",0.0299618912183973,0.203433651072264,0.0857190560222405,0.353224592520288,0.322796338832995,-0.381317246665263,4.65560386785771,3.26134064893397,0.775402935614132,0.808151161428051
"hsa-miR-375",8.08397368842512,8.81469970731386,8.56189649357286,8.10334876521529,8.05785495989283,7.39928745163509,12.5003857326498,134.847264648303,1.22394961280035e-26,1.43551804587013e-25
"hsa-miR-378a-3p",-0.833543389247843,-1.55317511330889,-1.88988119990041,-2.06861610802074,-1.89893354007695,-2.34331338370983,10.4702610176256,62.0062839956556,1.75907993786669e-11,8.80612578651555e-11
"hsa-miR-381-3p",5.84664617530608,7.1593764849919,8.57482767184439,9.50889680201475,9.75400597990284,9.45903024323981,5.70366647374811,138.208907112677,2.39258141774384e-27,3.06923334994951e-26
"hsa-miR-382-5p",-0.518722594007599,0.254565238621434,2.43736213718877,3.01150227336124,2.67835674800415,3.73055977825396,2.89371871474846,47.8126042101118,1.28799140886787e-08,4.82849747342705e-08
"hsa-miR-383-5p",9.50876664479174,8.60061167985143,8.86707442889157,8.83117334752565,8.71991250209217,8.54928533983479,5.66904584773112,57.7886657411195,1.26469006688529e-10,5.83320530849899e-10
"hsa-miR-3909",-0.703223250935229,-0.972207662994856,-0.492147170065461,-1.06417470584119,-0.879964673229297,-2.01830733256259,3.05487313724602,6.47493883997684,0.37213881445761,0.424931803434906
"hsa-miR-3929",6.89722013452578,7.27386286538891,7.44524591014049,7.26068584307955,8.06278522573922,7.36097219777075,7.24846180187055,52.2628590613374,1.65108446330466e-09,6.61239192377133e-09
"hsa-miR-3938",-0.914706439574963,-0.843416305354383,-0.166834602480198,-0.662633198571413,-0.261855058930241,-1.19573982309649,4.50824300870381,6.7194310555684,0.347575099390038,0.402481179970693
"hsa-miR-3943",1.5878055941445,2.28560180713756,3.02369824436676,2.83620474583104,3.06062998072086,3.1597694710197,5.59409518363161,39.3391199339389,6.14138688711803e-07,1.86743653123107e-06
"hsa-miR-3960",-0.180063567269828,-0.429168229752859,0.404476061387974,-0.263828268361659,-1.77188843613463,0.195759006911208,3.85693694924127,1.7241336485937,0.943242940617147,0.953697603752067
"hsa-miR-409-3p",1.30387012465069,2.76963339390293,4.13277416201608,4.72099324919704,4.43714313282943,4.01184289937316,5.78026046073105,73.0542947120647,9.64785679685571e-14,5.78167184687484e-13
"hsa-miR-410-3p",6.53131168249151,8.44266636906058,9.77593858211457,11.0605778155161,11.3831931688051,11.080865009108,7.17481926603523,263.455663325491,5.44813989779378e-54,2.4849571422715e-52
"hsa-miR-411-5p",0.904672663813572,2.46981021328218,4.03370099850128,4.81437352142019,5.24909883218169,5.21795526288046,6.52960365850993,127.590578926731,4.13255000623775e-25,4.40626435730026e-24
"hsa-miR-412-5p",3.15076956097056,4.54642525892995,5.00149526231227,7.32016598234792,7.79707481238352,7.56269108241335,3.75001710633995,126.301957915771,7.7154348811425e-25,8.12098979156153e-24
"hsa-miR-421",0.199860742440115,0.347667650864753,0.63742124666788,0.701886890839085,0.847612649771445,0.573062302240389,10.9539442933133,7.11260442048974,0.310559108017596,0.364762557485617
"hsa-miR-423-3p",-1.11201594798516,-0.588638020134986,-0.330932995389774,-0.460518802621708,-0.279513456033449,-0.944676365234472,10.2367995656499,6.09792936281178,0.412309939610158,0.465620990949023
"hsa-miR-425-3p",0.0138390576004352,-0.760214393676962,-0.590635717449279,-1.00454808923643,-0.393228049150278,-0.860705905325568,4.45939912637993,4.98246782480311,0.546063717369304,0.598555823711881
"hsa-miR-425-5p",-0.252803563042354,-0.374602712963616,-0.256104672521653,-0.341467496751253,-0.140440217799086,-0.0559084879155878,9.09444237570771,1.12205352790106,0.980559636699616,0.98415582118629
"hsa-miR-4284",1.43286194932257,1.5682643716841,1.43080453522436,1.72668705052334,2.34114605824694,2.2289591978253,6.55550662523007,23.1487044872596,0.000748172945282629,0.0014560360273219
"hsa-miR-4286",1.48561731648397,1.14645342291903,0.920626714688265,1.2069056397718,1.09589970099997,1.40214799951548,7.18042062133823,6.67160831750404,0.352286708378505,0.406218240981394
"hsa-miR-4326",-1.85128181699803,-1.05607977693656,-1.78765738141528,-1.28333877391268,-0.668119025486807,-1.08306619132529,3.89789354428516,13.8081878614466,0.0318537649125233,0.0460421496358832
"hsa-miR-4448",1.53418761227959,0.970474098423765,0.618508230288061,0.249341020135527,0.109209288764108,-0.853664635067835,8.51273125126439,18.9669391078233,0.00421983360488799,0.00726306790275271
"hsa-miR-4449",1.77290370746827,1.94000458482786,1.02788447646382,0.127987798788661,0.390435614958528,-0.270622023853439,3.25786038603568,6.67413547115535,0.352036592353318,0.406218240981394
"hsa-miR-4454",-0.93859872390876,-1.01869246135937,-1.1951513105402,-0.583692495028482,-0.595317756836346,0.416541462724599,9.29638237255247,9.70882953877175,0.137461566553942,0.174160410711091
"hsa-miR-4461",-0.114447555371165,0.120142531582397,-0.292826007507537,-0.054357853572313,0.239380288920909,-0.138900669718566,3.88074596324061,0.765047270254245,0.992978263639081,0.99418921274108
"hsa-miR-4484",-0.678406749745228,-0.711241563272811,-0.610751963584975,-0.275029971282023,0.62201541033906,1.26913473775062,2.98218581756857,16.4900707709849,0.0113518202047529,0.0180967852196157
"hsa-miR-4485-3p",3.35472615350298,2.5611038088651,0.972652394512029,0.79760214780503,1.36787689488269,1.96270123433709,7.22903817365456,46.225569524025,2.66966129345968e-08,9.61312246460702e-08
"hsa-miR-4485-5p",1.13663861298443,0.677095744078178,0.458690679678032,0.0736700087075427,0.498885217246778,0.860371760710332,3.60471567777283,6.51279791746681,0.368257926246741,0.421086013159574
"hsa-miR-4488",3.20856265500319,2.72334812400904,2.7722390678486,1.91975969849363,0.661974221084379,1.9050825536758,5.56635510710906,7.29293346063923,0.294604371018456,0.348014659864967
"hsa-miR-4497",3.82699214128316,3.02981537061927,2.78245435835516,1.92925599360434,2.38020306359589,2.65088372939121,6.45987787325986,28.4980632154051,7.56906784229829e-05,0.000173097623914398
"hsa-miR-449a",2.23847469163284,1.80016232509204,0.473554631541952,1.03076764698791,0.642859423533732,0.334079796601938,2.66640218816154,9.74048385118598,0.136014860577121,0.172593818444848
"hsa-miR-449c-5p",3.20033476746112,1.99471791916964,1.00595493220498,0.882036181240006,0.497144405959565,-0.484076289140833,2.94962286679132,39.2082822609173,6.51524148122697e-07,1.97380562955252e-06
"hsa-miR-4508",0.586545625524842,1.80355214487172,0.786688580201248,-0.0873024072472977,0.372372349439785,0.725650509535089,2.3925090358269,3.04207777436313,0.803547402856451,0.834023284127872
"hsa-miR-4516",6.31618784596899,5.93444078738597,6.0026766433189,5.48003716627362,5.18144047639292,5.5643047272933,5.72127308902992,35.9797770523456,2.78168638376735e-06,7.84798804492439e-06
"hsa-miR-4532",3.57471597615435,3.5102234186702,3.12982958368064,2.30167384844438,1.84345396933684,2.20599969453032,6.2106245586624,6.31445381892538,0.388902026915152,0.442227928112659
"hsa-miR-454-3p",0.260072293129063,0.491614349104208,0.412100880795341,0.180013207193791,0.506225515043124,-0.108358247801022,6.84580054621401,2.9844788776009,0.81079236280548,0.837308842595345
"hsa-miR-454-5p",-0.229929430997468,0.468467474923285,0.23360756738258,0.036602279450508,-0.694684311757661,-1.08884526861348,4.71952463281496,7.90146670507208,0.245411378523921,0.293279100099184
"hsa-miR-455-3p",0.839992189487972,0.216582820215634,0.382725091259536,-0.627502767693024,-0.0967417153559737,0.609110681633271,3.52310536052149,5.75227364972489,0.451504853936849,0.502965380030059
"hsa-miR-455-5p",1.15011379196183,0.94910442906589,0.06987913822997,-0.0308168669881922,0.810177542418832,-0.0707214386572619,4.55851320082883,9.88579333779884,0.129544634389123,0.165149293219673
"hsa-miR-4662a-5p",5.45793847502853,6.40844932495663,6.64728095882067,6.18770894122626,6.25099734095642,7.1030416999123,3.45245810665603,25.8039896995559,0.000242158896064846,0.000511085999149713
"hsa-miR-4677-3p",-0.0245769973207489,0.0473478301303694,0.295975893952145,-0.234235777938327,-0.290277291563097,-0.859587101397598,4.98678667878266,5.06311283782517,0.535744317043715,0.589179848065404
"hsa-miR-4745-5p",-6.5380587631044,-3.67526229703501,-6.20185841924304,-6.89236227833543,-5.31431192722034,-6.2224115417341,3.29245598677515,158.783094726485,1.07188216450643e-31,1.6604061453958e-30
"hsa-miR-4791",-1.51425587071474,-1.63940704486319,-2.27922858470878,-2.33051770332386,-2.65438190268232,-2.12555108503839,4.76764881320825,37.2614784762488,1.56581905799229e-06,4.51065770740938e-06
"hsa-miR-484",-0.332837571819768,-0.117341065589032,0.114538592602536,0.264748759236022,0.217904888605187,0.249292522742472,11.9067444221169,4.57121267164311,0.599859339860482,0.652297374868153
"hsa-miR-485-3p",3.96488593482532,6.27719747906154,6.83448655790796,8.32321199620576,7.52426092184015,8.80093421837402,4.48795720055231,67.1809397707394,1.54557480940719e-12,8.03111973748927e-12
"hsa-miR-485-5p",0,3.85018545083489,4.90092030769077,5.88527165931145,6.05606244874866,6.14344132661175,2.67614207788872,36.7559009710157,1.96470896777652e-06,5.63391985099241e-06
"hsa-miR-486-5p",1.02980668126856,1.81921918195014,2.29836581245653,1.89494950451085,2.20605056161771,1.859424964284,13.9386452814981,17.5312367873048,0.00751692138849617,0.0124674595150613
"hsa-miR-487b-3p",3.51061868851318,5.14862943645573,6.15883369723685,7.23401289587562,7.29725475278814,7.75980872295179,3.7359820643156,85.9353607885932,2.1126872659494e-16,1.38761299627556e-15
"hsa-miR-488-3p",2.35328597411186,2.61620980317834,2.79233757310836,3.11492749700699,3.00972529532044,3.16073937467249,6.50954642491893,28.7712290871886,6.72105542006439e-05,0.000155875324855166
"hsa-miR-488-5p",2.34789514907163,2.67187061756088,3.34074295576488,2.94532458447035,2.95839438831502,2.6715109597872,3.91455804934483,14.5157320859855,0.0243768128073484,0.0359952577604911
"hsa-miR-490-3p",4.90667934533486,5.94510993833324,6.63897379187586,7.24966764432554,7.87134479194324,7.70820058666334,6.91888194480265,135.924878367826,7.25394447536868e-27,8.8887886780264e-26
"hsa-miR-490-5p",6.37569632970097,7.27158661377886,8.20892563703399,8.50182541373042,9.2835403157364,9.318380771248,5.30234629763015,72.9273946022907,1.02451440353822e-13,6.09511829931069e-13
"hsa-miR-5002-5p",6.75786559013089,7.0378278411342,6.99246880012834,7.03846413534628,7.36396687764486,6.50142375148172,3.90218629817969,29.7747045436645,4.33805764837498e-05,0.000104444144554717
"hsa-miR-500a-3p",0.179587834852244,-0.257949110468354,-0.806383066881366,-1.217870761871,-1.35763520602504,-1.89611395287877,8.57369170554152,48.8567879870702,7.96456922597315e-09,2.99950061216695e-08
"hsa-miR-501-3p",0.695579641113779,-0.317983842235916,-0.742921446054624,-0.901521751236436,-1.07346890597452,-1.06537543957374,6.60947687234612,28.9592282370112,6.19273396298392e-05,0.000144849988137031
"hsa-miR-5010-3p",5.27309637528052,6.04575915084487,5.1945026967131,6.01671450417357,6.9474060912792,6.420361896912,3.19972952711734,31.6960677081126,1.86587307255523e-05,4.77221742232973e-05
"hsa-miR-504-5p",0.510674232392105,1.75281955082939,3.48583471024917,4.19749830466137,4.70413935720438,4.65417212135298,6.90916653337573,147.620079031833,2.46419172805813e-29,3.54930071708022e-28
"hsa-miR-505-3p",1.05441967013889,0.935240165379926,1.20336840692326,1.50514153832429,0.961834718402305,1.35612327634361,7.14998855563033,7.73498145692918,0.258169293602044,0.30718404354678
"hsa-miR-505-5p",-0.5615151739354,-1.80334098877369,0.66914739235143,0.758868055045916,1.13055045826989,1.77339456634567,4.29215069106605,40.0462669505395,4.46077213876763e-07,1.37680222779257e-06
"hsa-miR-5096",-1.27251287977982,-1.46258950319965,-2.03164227683861,-2.14597223726085,-2.62147582179318,-2.71240420723002,5.20852452970751,52.6943802750778,1.3518747480765e-09,5.5218366575662e-09
"hsa-miR-5100",1.22634472939081,1.54558225243778,1.21808237824897,1.43976687324325,1.40307562224374,1.93548776026703,5.30429707641129,13.77661605348,0.0322334987805933,0.0464275482436265
"hsa-miR-512-3p",-5.02554761472798,-6.01236334127133,-6.72684506669804,-6.53250704138725,-7.54886056806861,-7.71743847505664,6.68566804946684,459.312997653256,4.85690249345419e-96,1.32917231570863e-93
"hsa-miR-515-5p",-6.02699628719624,-5.71286829785826,-7.91059373894226,-7.09104341567509,-7.86458590221747,-6.29927132903386,4.47050706886417,202.354041853875,5.98544148450298e-41,1.3650131829936e-39
"hsa-miR-516a-5p",-3.03313358703267,-2.93030878142973,-3.28466414466835,-3.59299419484365,-3.44864473571416,-2.79672036667781,4.68669255041799,69.8424932239552,4.40458042144858e-13,2.39480829537039e-12
"hsa-miR-516b-5p",-4.14732840132532,-4.64365578881691,-5.45353069686986,-5.64142145840003,-4.9261992534471,-6.05712576998097,5.73548705708961,220.701168449906,7.37462983283234e-45,2.1623468188412e-43
"hsa-miR-517-5p",-6.96130555538686,-5.14532210343045,-5.01742818164161,-5.99940162388854,-7.04132778208514,-7.04119485785234,2.78258256874102,116.561287751873,8.5892917937504e-23,8.19977739845242e-22
"hsa-miR-517b-3p__hsa-miR-517a-3p",-4.33013289379608,-5.35941895405612,-4.92880491653364,-5.16507150057166,-5.87614957565954,-6.16310030648359,3.6807259647244,165.287480445252,4.48929992972024e-33,7.08791392750061e-32
"hsa-miR-518a-3p",-4.19419231788089,-4.95806975489539,-6.90289149953487,-6.33627330385759,-6.90142627018004,-5.32240080938557,2.75518798086459,128.221883569469,3.04335168356015e-25,3.28762070026695e-24
"hsa-miR-518b",-2.68500220815459,-3.56400713864711,-4.25824830300732,-4.35486193188202,-5.64452159844231,-7.35766394963821,3.51198605103798,112.001038022513,7.7650611729942e-22,7.00562112420686e-21
"hsa-miR-518c-3p",-3.68153815287514,-6.65912910505076,-8.65999506847474,-6.30818461243581,-6.93159729804856,-5.74508178189642,2.71933992089719,97.6371696313339,7.80343338954483e-19,5.61984106387396e-18
"hsa-miR-518e-3p",-5.61070866006699,-5.64998158216905,-5.64448075380067,-5.49661036264823,-6.8939611410182,-5.6840604803672,2.71472571569321,108.17730998023,4.90719176439313e-21,4.11102493731302e-20
"hsa-miR-519c-3p",-4.0173132759702,-3.77855590227997,-5.30858199011699,-5.52317046708677,-5.68821370663109,-5.96841247372306,4.48889053428295,188.534749711748,5.2132136791975e-38,1.07001210765529e-36
"hsa-miR-520a-3p",-3.64002891665981,-3.01859749544306,-3.77878175343239,-5.86815939635812,-5.64777319232814,-5.23840145338452,3.68261149132329,145.768686286626,6.06577564856503e-29,8.44068102961338e-28
"hsa-miR-520a-5p",-4.66298594436597,-5.01904856074296,-5.59353153773536,-5.77927926801056,-7.71521949449622,-6.50311284933025,3.46804684582247,143.32234610385,1.99344859693036e-28,2.59781158425369e-27
"hsa-miR-522-3p",-5.71887223979546,-5.14496891369774,-4.74772255886971,-5.20184378300988,-5.79727279091387,-4.55889083672975,2.99687935528135,130.616432112407,9.53247336174339e-26,1.05758927432315e-24
"hsa-miR-522-5p__hsa-miR-523-5p__hsa-miR-519c-5p__hsa-miR-519b-5p__hsa-miR-519a-5p__hsa-miR-518e-5p",-4.85553054569194,-6.1092196297411,-5.36956668695624,-6.18876876355913,-7.53812287187152,-6.84420680786364,3.27032662404786,110.327040656784,1.7410202647476e-21,1.50460803932398e-20
"hsa-miR-525-5p",-4.23972663854954,-5.01421707206461,-4.47666735225163,-5.6451476590262,-6.29754443907097,-5.36192904098834,4.05465190472279,90.2911920895046,2.63603505865512e-17,1.78858246541806e-16
"hsa-miR-526b-5p",-4.67054274068128,-5.48785749558641,-6.34833496748837,-7.6741129885736,-9.20786268192097,-7.52486447821374,3.12121148748731,116.593685071511,8.45589562208371e-23,8.16740035968321e-22
"hsa-miR-532-5p",0.373792517256383,0.28171254075635,0.248305930999238,-0.318704072867769,-0.17310585618748,-1.26272146274761,6.67784891735159,10.1963603850523,0.116622712199875,0.150074054413945
"hsa-miR-545-3p",-0.152703264346632,-1.39754994778887,-0.812596090034172,-0.3319264391672,-1.2959199444463,-0.628288292798858,3.83337957089026,4.9113763775244,0.555229095647947,0.607790783369285
"hsa-miR-548g-3p",-2.11882219392483,-1.84394184229273,-2.12409331644777,-3.59636909172712,-4.27048349178128,-5.42673518425715,6.80464940375407,49.7528964965088,5.26893990574554e-09,2.01199984307772e-08
"hsa-miR-548k",-1.60205076452535,-1.55680084241064,-2.19729119042844,-2.46089476511463,-2.21125479875451,-3.48800443689396,5.10021345545396,45.015583156251,4.64696244885681e-08,1.63040861987669e-07
"hsa-miR-548o-3p",-0.897763619652868,-0.955304546067817,-1.61111856734159,-1.76187125774926,-1.79726245779354,-2.18958379021328,3.45222135644003,19.0191246743947,0.00413145605716926,0.00712589374566379
"hsa-miR-550a-5p",-3.16771819497574,-3.38556017647844,-2.22490525852943,-2.96746269352906,-2.72959341621582,-2.66348342736516,4.04976392420831,52.6052390128026,1.40889407619984e-09,5.72624770574289e-09
"hsa-miR-551b-3p",5.08446147635144,4.67153654671569,4.51143341114082,4.2229508574635,3.13509110922,3.2297157060537,6.16573030109039,57.6994532930496,1.31844124608731e-10,6.04715230747309e-10
"hsa-miR-556-5p",-3.5110419147537,-3.53937392629409,-4.09501273969812,-4.15196551985371,-5.10469617133517,-4.05444311885229,3.27656894201178,53.3821457848272,9.82720246375031e-10,4.05433830288392e-09
"hsa-miR-5585-3p",-0.593413181212881,-0.538114953362581,-0.186229043679313,-0.175223692354069,-0.21580573032274,-0.0319525034737733,6.02185031729945,3.28224931115939,0.772678253790249,0.807085046261825
"hsa-miR-561-5p",-3.65851801595701,-3.82349120050125,-4.85356957720156,-5.39405271785136,-5.45859076183971,-6.60321588279826,6.07300501602468,169.294885614408,6.34659357714651e-34,1.02167712290927e-32
"hsa-miR-5683",11.7454120340081,11.5688500240371,11.0429748217841,11.0174117744261,11.0039820066381,10.790405219142,7.96204126991744,113.858520193703,3.16834047390055e-22,2.92270508884534e-21
"hsa-miR-5701",-3.34650492365459,-2.21159463742023,-2.23109118263708,-2.88980395890928,-3.21676466068077,-4.14844537639133,6.13069198436123,27.0197210646652,0.000143580849948561,0.000312678720975514
"hsa-miR-574-3p",0.45105019553562,0.300969729320105,0.449266796729141,0.946432528241534,2.02048426286391,2.30071102209785,4.55174547677543,34.9414260939508,4.42358279643724e-06,1.21463594510869e-05
"hsa-miR-574-5p",-1.72374855729315,-1.76841759287752,-1.72008831653798,-1.12064839364897,-0.117111885989386,0.739294920407643,4.89482735325905,57.2982564075156,1.58975180742519e-10,7.21097366793416e-10
"hsa-miR-577",-2.78476772123618,-3.70619696966226,-4.68333916426161,-5.02900401885918,-5.03969019150271,-5.09344618490351,7.10247818969414,213.651143743786,2.34798061631203e-43,6.4256402866406e-42
"hsa-miR-582-3p",1.0547148670925,3.15927040381879,4.03969665241139,4.06437681693487,4.28299943084986,3.5526954287023,5.91170388335138,37.6859066211735,1.29387872475863e-06,3.76693061357033e-06
"hsa-miR-582-5p",4.49564474497178,5.03031989812946,6.58757171572521,7.67178669440885,7.68529686343821,8.31813865199651,4.12753445160264,71.2064408648117,2.31233341941963e-13,1.30925912920242e-12
"hsa-miR-589-5p",-2.05122038156028,-1.91233700920278,-2.0013072813503,-2.17953452066292,-2.12304497319832,-3.27069676588906,6.57730769704122,32.3957133046892,1.3700763975518e-05,3.5708975313969e-05
"hsa-miR-590-3p",-0.203007184104165,-0.669391277898387,-1.15893090546006,-0.640206449254136,-1.23932259187848,-0.812788838203176,3.16291920245059,4.50786531345772,0.608290296745312,0.659717745875695
"hsa-miR-592",1.6731545820273,2.56868053631975,2.93120165064443,3.08598517097453,3.26601755592815,2.45371154677309,7.00147009528862,51.846618642276,2.00205231188447e-09,7.90233148104401e-09
"hsa-miR-598-3p",1.59883681115852,2.51787817058622,3.02527242296847,3.23385868536405,3.52910759398616,2.92686814698501,8.07486512459406,46.7267017633353,2.12129331626059e-08,7.80978391322846e-08
"hsa-miR-6087",0.343479165319283,-0.200940889394815,0.56120969290575,-0.24574754569183,0.0976941263163385,0.5647216484171,4.0863038198612,0.711719002901294,0.994234656401284,0.994234656401284
"hsa-miR-618",0.169810830836503,0.242240857774197,0.854273084184404,1.1480333562477,1.10362346962118,1.04379303952933,4.14675039909279,10.4312714496589,0.10762607223078,0.140255563970588
"hsa-miR-619-5p",-0.0729493477810211,-0.556986131157096,-0.341070352576353,-0.170037502774557,-0.912037784950578,0.0395412949376237,5.93293633550772,4.84475801548714,0.563872893314815,0.616430952611802
"hsa-miR-625-3p",-1.79086494477038,0.0669796032264552,0.109142873787853,-1.79019366767723,-1.88773380084182,-3.34574040017177,3.29020782052453,12.2628230954883,0.0563559075861859,0.0777616808878296
"hsa-miR-628-3p",4.55767382579824,4.12639698716361,4.47260359869718,4.7012565919417,4.42191163239182,5.22241057803079,7.65320555204505,43.0738457097711,1.12783794999128e-07,3.82626015265637e-07
"hsa-miR-628-5p",5.29193055778178,5.58080986672712,5.74136251932732,5.77005999982823,6.02016259251626,5.51576629514504,6.47997078409703,61.9113762631009,1.83910657914314e-11,9.15094849379705e-11
"hsa-miR-629-5p",-1.4084529446105,-1.18961933498433,-1.51752849347881,-2.04768155182732,-1.83633425648857,-2.77257032528442,4.33711930677394,20.3399058655216,0.00240871377354982,0.00427428065488829
"hsa-miR-641",-1.97374611309375,-1.59703543114183,-2.08781341608561,-2.02405054512691,-1.64578912528994,-1.97210510150049,3.89861370650737,20.5434483851726,0.00221514643520014,0.00395355483325937
"hsa-miR-6511a-3p",0.246572259035176,0.926339288552221,0.798842036498168,0.957829269653984,0.522589406195485,1.64501570227535,3.5537120504646,10.046811924213,0.122694459889485,0.15739398682698
"hsa-miR-6511b-3p",0.251229051947855,0.285014686858994,1.22711628984693,0.871112153243767,1.44399570624089,1.70843457058042,4.02813200504006,21.9007733279585,0.0012620362998206,0.00235484500489253
"hsa-miR-652-3p",2.04649530688801,1.46304358304733,1.32243428050352,1.62915361107907,1.9591379775764,2.12375002043945,7.10018188153392,22.4203798130481,0.00101576791685166,0.00193042930494262
"hsa-miR-654-3p",2.23080615608231,4.17345191258523,4.91840079424321,5.56814531926007,5.76876953027748,4.96353879787564,4.90691621537423,71.1462297167919,2.37909059067392e-13,1.33783107872828e-12
"hsa-miR-660-5p",1.21076406903936,1.0027134178925,0.313034736320257,0.351890258426588,0.283699829905969,-0.1581130286466,5.82738142963682,15.9934940333072,0.0137889305136656,0.0214814268533577
"hsa-miR-664a-3p",2.50060569471165,2.69871595250299,2.11738384049751,2.04381406372302,2.745863478264,1.90770810041934,4.26392491571573,14.9690362638963,0.020498915171543,0.0309367819041117
"hsa-miR-664a-5p",2.78032364119359,3.10343470218972,3.81025202899791,3.79608389797318,4.55784244255539,4.56119460709644,4.00869492504996,43.4185861975374,9.63812040133291e-08,3.29704035395597e-07
"hsa-miR-665",7.02776765660942,6.52096541734847,6.75739784021962,7.0454843117885,5.86736327586279,7.73209660675909,3.89376546088738,24.542081467241,0.000414947937585774,0.000830907943312001
"hsa-miR-670-3p",0.636802918165427,1.32208398492415,1.85605881886713,3.61277630730369,4.87048314976058,4.81853831240148,5.77032005199737,117.442047489781,5.6121550098817e-23,5.48521340846771e-22
"hsa-miR-671-3p",-0.19121027615022,-0.0554540020302135,0.123125767045099,0.403811245073556,0.678227204470215,0.540482769630294,7.60376211656965,6.01338043029635,0.421692865781351,0.473611276069069
"hsa-miR-671-5p",-1.70919822102092,-1.71156139276223,-1.29016665499402,-1.17913050493674,-1.23753144906119,-0.78360056667217,4.18734294494853,14.0148848404265,0.0294703331978125,0.0429753881978758
"hsa-miR-6716-3p",5.26823092493145,5.43759385804526,5.99188911771414,6.31942985374092,6.8353608226579,6.32434667226983,3.24364011006972,21.3288525930979,0.00160094187926725,0.00292733470574256
"hsa-miR-6723-5p",1.56127821032791,1.17688238725007,1.06528408077632,1.45966730665119,1.96172888189584,2.26705096572568,4.57100131332396,22.7541247157781,0.000883152131719615,0.0016980512883883
"hsa-miR-6837-3p",2.90334127193398,3.29429392649749,2.87088105925828,3.10215307733456,3.52238894477233,3.04766156911411,4.15426529921045,17.7306936941987,0.00694165532431124,0.0115366376948573
"hsa-miR-7-1-3p",2.38690076448836,2.65292986520967,2.11483936513295,2.36886033456283,2.11450289027438,1.73350619932998,4.68676930775959,26.1004199701627,0.000213253356957778,0.000452405700419473
"hsa-miR-708-3p",0.895756182594095,1.71703732265513,2.19975820361359,2.29645996474517,2.44867048940529,1.83783456582558,8.36429337495557,35.9349688746148,2.83802108515526e-06,7.97950448942627e-06
"hsa-miR-708-5p",2.07726552755648,2.60800425320892,3.03177918217211,3.24936947690475,3.41303723229027,3.57255972749853,8.98710166436887,75.2307292309862,3.44061555118235e-14,2.12386869738399e-13
"hsa-miR-744-3p",2.14763176934043,1.96752243287823,2.45540924154807,2.31178929175253,3.18490333730909,2.67903272082469,3.59544396806949,20.2620487821218,0.0024870437460381,0.00439110304408018
"hsa-miR-744-5p",-1.80629761159538,-1.1635482159548,-0.38127164900573,-0.488374806272406,-0.0511458962515661,-0.591713812898635,8.6001460847811,16.0477072705866,0.0135001813137912,0.0211520016385928
"hsa-miR-758-3p",1.81842630537042,2.05921341318513,5.7016284896741,6.19149960598094,6.14213520613299,5.99698869733519,2.76586009328344,49.620909019341,5.59975790071254e-09,2.12842649837268e-08
"hsa-miR-760",1.84687702442087,3.15496131922939,3.52491458889479,3.73920914058397,4.22533661514558,4.31481053353148,5.74536712079625,63.0073846350505,1.09993379645992e-11,5.54015734290551e-11
"hsa-miR-7641",-0.609104824032363,0.361807675041821,0.321296523409926,-0.173384066832734,0.180913805864748,-0.589809975286919,7.5217090447225,2.9953505072019,0.809430165189706,0.836954868539985
"hsa-miR-766-3p",2.55146919785188,2.44772846287559,2.96352897981565,2.99705283198305,2.9931011727541,3.80410787153803,8.55546797219292,70.8331811659501,2.75845606252455e-13,1.54060709342358e-12
"hsa-miR-767-5p",-0.078087703615128,0.75527809782477,1.25207461734128,1.4484776016982,1.84254492246871,1.37087473921934,9.54875953107967,37.3642907143363,1.49514006074866e-06,4.33749113029911e-06
"hsa-miR-769-3p",4.9300453729782,4.13916043489376,4.18788562681673,4.16203637050286,4.8028843459951,4.58008576512222,4.53069456999621,24.6221855865464,0.000401053162940412,0.000810711065170072
"hsa-miR-769-5p",2.62925502396166,2.29445930374247,2.17309897741796,2.34315460479928,2.6996870113413,2.3569939466427,12.204823022001,46.658194208401,2.18905640458088e-08,7.98762359182622e-08
"hsa-miR-7704",-0.31197369691657,0.514728602085555,1.18256720574049,1.51434151714291,2.47515355622611,2.49221547528591,8.80773708420882,31.3058539573769,2.21582047778655e-05,5.63216288626241e-05
"hsa-miR-7706",0.800722453018378,0.285356823268366,-0.473774233765286,-0.649199340608128,-0.317702626725446,-0.953725415830793,6.84143344991788,18.2994376910503,0.00552587500454166,0.00937343673291054
"hsa-miR-7974",-7.99731363367046,-6.63355309411064,-7.24283592968229,-7.77810940624739,-11.9568442162253,-11.9568442162253,6.04762326360394,258.964719540098,4.97307220072531e-53,1.95852061199678e-51
"hsa-miR-873-3p",-0.946399328243871,1.24180504095848,1.87958005823943,1.91708418680866,2.3647205871544,1.60749108921429,9.50632153243037,41.5225876308369,2.28423203420202e-07,7.29709922210061e-07
"hsa-miR-873-5p",0.0510475103758778,1.16537070995941,2.01060609742836,2.63026826891993,3.00623378094168,3.15342873738472,8.60827766404661,103.572459084138,4.50498547033026e-20,3.55633949148187e-19
"hsa-miR-874-3p",-0.258567235943863,-0.308263506647719,-0.139901862100744,-0.104536496562461,0.24147178156613,0.370514806224611,9.51183652176404,3.48420599591519,0.746069820203912,0.785286310753092
"hsa-miR-874-5p",0.0780842318037193,0.469453525814709,1.21566940994841,0.835540351025207,1.27823406934599,1.46601624237245,4.76425605287273,19.5912703400487,0.00327330589727824,0.00570569881457629
"hsa-miR-876-3p",3.06920971875742,4.84358460975139,5.1325690035986,6.32142786982345,6.50743891753181,6.73202340570294,3.02404987908131,46.4158028063436,2.44659018360291e-08,8.84868079620259e-08
"hsa-miR-876-5p",-4.06207593893948,-2.02503970021103,1.45699023521362,1.60271271006293,2.0632537917596,0.727934296463202,2.51176834462098,33.3894729910697,8.82289517162214e-06,2.3518171869811e-05
"hsa-miR-877-5p",-0.533508190433009,-1.23105881331289,-1.219036692973,-1.01858875879526,-1.13440399896134,-0.595618866925153,7.52261048430239,14.7035687376739,0.0226919175203198,0.0338113689368104
"hsa-miR-885-5p",1.80236474737487,1.98374128645439,2.50974102204249,2.53582475571354,2.45389074244153,3.61660792168965,5.09418680107699,44.274624108628,6.52069434424053e-08,2.24936557000902e-07
"hsa-miR-887-3p",1.8870979993582,0.858466709766104,-0.383518692560481,-0.430652845209917,-0.998607205867173,-1.06762349174914,6.4448416784336,51.0512534509375,2.89253936682931e-09,1.11322975974366e-08
"hsa-miR-887-5p",0.503321851486803,0.283169453166345,-0.253926085612728,-0.211693811837342,-1.09280635681874,-1.22013274310606,3.65563477879863,10.6883183789772,0.0985003559669263,0.129183374199435
"hsa-miR-889-3p",4.70046701563469,5.629312438331,7.32628269745723,8.29308113549134,8.41346463277606,8.82621233392805,4.68629104822845,88.8506686141538,5.2492727654405e-17,3.50378287839565e-16
"hsa-miR-891a-5p",9.0871956171087,9.18252803228124,9.30937671303217,9.00497410692421,9.26100825559026,8.27398347807551,5.83175132598697,51.269812452375,2.61448276539619e-09,1.0172940049243e-08
"hsa-miR-9-3p",2.44267659343766,2.13568180201375,2.00152363237119,2.13005550362984,2.60802221712662,3.14611592651977,3.5416989701146,17.264868062017,0.00835755603909444,0.0136684332830608
"hsa-miR-9-5p",3.04488194959113,2.97103624308977,2.66517075497926,2.85703042961533,3.01175197210061,3.2569661634367,9.39300993959955,31.0399302513232,2.49081507854569e-05,6.25369779659332e-05
"hsa-miR-92a-1-5p",-4.94359205330026,-5.54647968388871,-4.90615035298905,-4.90105095082359,-5.92823947234483,-6.27821164913013,4.88232079600189,226.967125305962,3.39785126012654e-46,1.07293687867842e-44
"hsa-miR-92a-3p",-2.26681861780139,-3.03017744499275,-3.72080297469219,-4.40521123163826,-4.71190834982034,-5.50641838695217,15.2600887627561,272.520129757331,6.26739654901183e-56,3.02678386278748e-54
"hsa-miR-92b-3p",-3.57799426251532,-3.32794086584969,-3.60661057655302,-4.07686303090296,-4.01159301448587,-4.95278782246103,14.3635007142632,206.580139867376,7.53682518770026e-42,1.76792385117198e-40
"hsa-miR-92b-5p",-5.28855182264029,-5.73455750709599,-6.46598276648832,-7.29901929308944,-6.46667382743028,-5.9712206030958,4.10660049224203,258.949849392125,5.00961423287849e-53,1.95852061199678e-51
"hsa-miR-93-3p",-0.535233967691669,-0.66286004654576,-0.689825144752561,-1.21733540046993,-1.45882973471576,-1.85801349644807,6.19609370098348,24.5832222259901,0.000407753513984027,0.000820504007306093
"hsa-miR-93-5p",-0.185826426523689,-0.384506887712446,-0.597557128360745,-1.00902571856666,-1.07907614530415,-1.72354878110888,10.5920206380803,30.1117925442603,3.7430691731371e-05,9.06507313022288e-05
"hsa-miR-935",0.139883923581203,-0.0887086139628915,0.349347226979899,0.67446868618986,0.701663244176709,1.17251466333257,6.08399441514006,10.2531870947949,0.114386758372866,0.147892171061611
"hsa-miR-937-3p",-2.26033195932588,-1.53824062373231,-1.27819667855242,-2.03540287067219,-1.9710717818518,-2.62374626099799,4.86921005741389,23.0351921156749,0.000784777107895832,0.0015231725900295
"hsa-miR-940",-1.5659021132839,-1.4959884504527,-0.834897961506739,-1.21534134903508,-1.48108499918728,-0.85819484315941,3.48769677332791,9.53322054389945,0.145735765929737,0.183229806781492
"hsa-miR-941",-0.062151000472379,0.16635734548901,-0.127610650868877,-0.209575812308876,0.241780467206393,-0.115952276073081,9.66950270035977,1.91029979357698,0.927760584751181,0.941522175625116
"hsa-miR-943",-0.137513784583252,0.634241449123935,0.942804345505302,0.387629670513214,1.39230686198413,0.573260929971798,3.01591557052403,4.79269245320239,0.570663649631969,0.623025074930647
"hsa-miR-95-3p",4.42766854959982,5.0147137029707,6.24754792554326,6.28703288290531,6.633216640678,6.78891818467853,6.02838024406967,70.7875909853662,2.81852827711787e-13,1.5635214294012e-12
"hsa-miR-96-5p",-0.568548404802067,-0.699203688035747,-0.164379359489853,-0.15702260542507,-0.278187586172484,-0.244272873957257,8.07741759815143,3.25930690842034,0.775667619007678,0.808151161428051
"hsa-miR-98-5p",0.399724821212338,1.11880738889795,1.4849604562788,0.972378006895421,1.97428458031319,2.16753807892016,4.38803070703403,16.9064253671455,0.00963336749047308,0.0154774847547522
"hsa-miR-99a-5p",4.80362585260791,4.60781750962975,4.509487763132,4.80057291672286,5.27149621428238,5.66153167659567,6.74997607344797,76.3989413292368,1.97694064239588e-14,1.23898341023437e-13
"hsa-miR-99b-3p",0.86533559861796,1.29983799436068,1.5005982894687,1.20904720556119,1.5447930093218,0.695777840988974,6.06744152827488,12.9693734496591,0.0435248851167919,0.061293191562412
"hsa-miR-99b-5p",1.59018335974807,2.1083958595762,1.76830174991837,1.95784824244907,2.70666064875375,2.73329973298002,13.6387683307633,47.1745905409037,1.72693956482355e-08,6.38656478702764e-08
"p-hsa-miR-102-1__p-hsa-miR-102-2__p-hsa-miR-102-3",3.04494354610355,2.59540180387982,1.79204521876635,1.52733467570082,1.52544840237246,1.39290471636559,10.6145688566986,27.8233387010815,0.000101440190395395,0.00022754753091426
"p-hsa-miR-103",-0.760517290267865,0.0463707932913749,0.508960858115694,0.492853436480847,0.960326907179969,0.763522763955982,7.47143637844066,11.220794464959,0.0817875569767918,0.10865304899344
"p-hsa-miR-105",3.86910089402712,3.7045221328158,2.87193394623111,3.85939678488768,2.84373102269044,4.29711766939408,6.04831651729847,23.5406326680178,0.000634227121057583,0.00125469991900789
"p-hsa-miR-106",1.0031436114424,-0.339026656558523,0.206854360599371,0.207511292688762,-0.467572832321375,0.786216536064024,3.6704639316862,1.36328554878699,0.968053671139272,0.973985372555566
"p-hsa-miR-113",-1.09189238217746,0.077509658164682,0.0475035975618727,-0.657470041331934,-0.486533539097834,-1.51135088935394,7.27077039522341,4.74945214335551,0.576325688838342,0.628371036568763
"p-hsa-miR-114",8.50563477104453,8.8145193671805,8.1927730567082,9.00758589709435,8.38102695359471,9.37846485110308,5.56207380255532,52.973292516058,1.18791030185471e-09,4.87637178911357e-09
"p-hsa-miR-121",2.93830113858924,2.68824856740586,2.19837212022281,0.973971481912271,0.95889098353387,0.670860899294298,4.83518459061507,25.2805579065494,0.000302929143889616,0.000626697260630247
"p-hsa-miR-124",-1.27251214951247,-2.17538960567969,-1.44669642461411,-2.17037470806922,-1.80689365735748,-2.03923091776785,4.25400378425408,14.7306487628241,0.0224583587631429,0.0335242046264369
"p-hsa-miR-132",3.26978293952894,2.95461936715727,2.18845165459436,2.45564738142237,2.35828440934623,1.41289477172744,2.85990569182481,11.8247968751105,0.0659934650580382,0.0892596949137552
"p-hsa-miR-135",-0.681262560115637,-0.0690731087818832,-0.0554487433895095,0.00558258592006535,-0.00119648431928911,-0.289958919512762,3.7488600828035,3.04462190577106,0.803225838228679,0.834023284127872
"p-hsa-miR-139",4.93536514065082,4.7188832283712,4.23020682909907,4.95567749038977,4.33374620799641,4.53118969818645,4.6620982662187,28.0414475789853,9.22888793854106e-05,0.000208730495800061
"p-hsa-miR-225",1.09116752497048,0.47737163253865,-0.183360990689733,0.999057620066815,-0.396858531022177,0.467439907505583,3.48560656121452,8.47730724691888,0.205177169973374,0.249926493394867
"p-hsa-miR-232",2.59978577938763,1.93341349183132,1.37086552948964,0.638923072194449,0.0771483099122852,0.486722721724415,6.58285865027487,38.8911422983566,7.51799338442794e-07,2.26921785610858e-06
"p-hsa-miR-235-3__p-hsa-miR-235-2__p-hsa-miR-235-1",-2.45845883950754,-2.25999065468749,-1.71816885767887,-1.38866222083326,-0.804469373440013,-0.732568248195574,10.195361093029,28.7313473745758,6.83873762144512e-05,0.000157713583910293
"p-hsa-miR-247",-1.0922263915146,-1.04177707570095,-0.828526263010886,-0.952168760527734,-0.978199284084259,-1.26217798384277,13.7532691570371,8.27941146581601,0.218339267018709,0.264000792669161
"p-hsa-miR-256",1.70117077996403,1.87742669299581,1.71930760813486,1.95291300363568,1.42364298036647,1.83866264848743,8.37314252039021,25.0268034757506,0.000337574632615563,0.00068942480939646
"p-hsa-miR-317",1.67391225241364,1.07248538846985,0.4527690569942,0.0397608966051505,-0.808524467688337,-0.283186122427522,5.06172817958135,8.91506912732075,0.178411166831015,0.219603550177307
"p-hsa-miR-330",3.00570351478307,3.15048371097081,2.83656972438073,2.18212996644858,1.6531983348723,1.30876970344333,10.6216735745726,60.9299856695415,2.91263080848394e-11,1.42337493676507e-10
"p-hsa-miR-335",-1.33245753259276,-0.38152704596221,-0.102549167660263,-0.273611565421106,0.165955582799203,-0.604963768544801,9.42389912002991,12.1485094174604,0.0587365709525866,0.0807750833368067
"p-hsa-miR-336",-1.55822406003244,-2.16955226930225,-1.34949287545758,-1.3351567893298,-1.63133609675016,-1.36024877615198,9.03753640247737,28.7967998105487,6.64665787545131e-05,0.000155025741924589
"p-hsa-miR-338",3.80588322728069,2.2843785992666,2.27503492037985,1.35928618320781,0.344791632700188,1.09313828039371,6.17525070480827,14.1502438261636,0.0280021516916491,0.0410531545336498
"p-hsa-miR-6",1.79048698240717,1.20965989797793,1.27716924859415,1.89160140540889,1.04624626407069,2.1017057542425,6.24614588961282,15.0778862183816,0.0196595091691656,0.0297794410108578
"RNA5SP115",3.62273104617552,3.69066966795902,5.56904508515384,5.49580167515277,2.41199578804441,5.48160920773844,2.31615005424903,11.3423864691815,0.0783536928222807,0.105111734978909
"RNA5SP202",0.0932515200508891,1.30478253331397,2.05500266687038,1.51458824558013,1.17479337847466,0.366018863847468,3.8706872825952,10.2433972022884,0.114769206641296,0.148153331214629
"RNA5SP283_RNA5SP28",0.637720399833665,1.47645310711801,1.22020122470893,1.04509543778935,1.07733760122708,0.365148853676527,3.77380066847616,7.1417508822607,0.307936978142744,0.362720601226963
"RNA5SP355",-0.143595776495121,0.862233841934077,1.50946546958637,0.684418380842478,0.792011453062834,0.0776815869841433,4.53703545411586,6.86304331534752,0.33369890138604,0.388605387287856
"RNA5SP434",-4.05404278528255,-4.66029505805682,-5.10939597684054,-3.9026004421487,-6.14227513943355,-5.93277187594846,4.14902149159775,219.182872733413,1.55414820684763e-44,4.39984716490311e-43
"RNA5SP451",1.77201351500692,2.21524256686384,3.53726941606384,4.28120308204792,5.94309308152987,0,1.91610958518062,32.2252503451643,1.47726900541377e-05,3.83809447292629e-05
"RNA5SP473",1.07043684760127,0.691514079649326,0.943892594645465,1.53016898082999,0.668888087304628,1.3998089381709,4.60963436348236,7.67645658994544,0.262777932289765,0.311763991921816
"RNA5SP50_RNA5SP508",1.16734524036579,2.61355593331213,2.87138343471431,2.75116309995448,2.86233503703344,2.27629623524715,3.58060250881249,18.4934989485755,0.00511030352352946,0.00868645795614427
"RNA5SP71",4.10686955068864,3.62443426821879,3.51517612107823,4.10058126360513,3.27990992876894,4.38948532382909,6.37202088796187,25.6177965407272,0.000262256231743414,0.000547868616441076
"RNU1-42P",-5.94648445838605,-4.19850867312912,-6.96722291539939,-6.12968193613232,-6.1766096022411,-5.345542069652,2.91837579475628,37.3172547632959,1.52707298535784e-06,4.41453141189714e-06
"RNU1-65P",2.3719155734579,1.6954948546613,0.727502481774404,-0.101369406201506,-0.52870794822763,-0.680760713049169,8.28671723116215,136.509211743232,5.46209405387764e-27,6.89904495112853e-26
"RNU11_RNU11-6P",1.49689502126415,1.28282539185998,0.760162857441405,-0.0260475002857182,-0.455243688809962,-1.45986263459403,5.90344675588148,38.0410279714867,1.10280403424167e-06,3.25155584598328e-06
"RNU12-2P_RNU12",2.66518167424205,2.04414115606221,1.22321480353008,0.194787605932026,-0.734093959773582,-0.0760671747443347,5.42031557809462,60.894079840828,2.9620136849818e-11,1.43894274282252e-10
"RNU2-18P",2.9416905190616,2.72650396895256,2.05224872933205,3.05275677264555,1.81977781569702,3.17642254221565,2.97732494652847,9.94960964242025,0.126790169251398,0.162141322360433
"RNU2-24P",3.92234286950708,3.5601327618525,3.44288140592677,4.16084671587228,3.22975242645498,4.46077435541497,8.50190638754679,40.1412338584101,4.27310369118299e-07,1.32385589828726e-06
"RNU2-30P",2.13985139146871,1.8140585528189,1.42605112757587,2.24739277583465,1.2933841255062,2.68552381007036,4.68600126801591,17.1595124017414,0.00871454827961759,0.0141676121535961
"RNU4-1_RNU4-10P",-3.71409549200516,-0.452702837091289,-2.71807877034207,-1.88494056041158,-2.26601304921008,-2.77864563057252,2.85441872713276,10.2657352849072,0.113898222191874,0.147492808232695
"RNU4-78P",0.249367609538451,-0.569193050540043,-1.2380834822924,-1.29243788425171,-2.09951391407235,-1.10741524613137,4.9916817081328,27.5136844389274,0.000115991449170329,0.000258073115904715
"RNU4-86P",-2.19842946819693,-2.80882659011869,-2.08171717423125,-1.61793055435429,-0.712374683516094,-1.29480677921133,3.84341348573196,27.9876505959702,9.44672544530819e-05,0.000213070373368078
"RNU4ATAC10P",1.25487555289125,1.17990098302676,0.60052666855399,0.0677037465341732,-0.258633509522115,-0.740877754546245,4.95386880011095,33.083746824629,1.01038446556489e-05,2.67588918138314e-05
"RNU5A-1",-2.09720132501849,-1.0007302795768,-3.16088572148197,-2.48243285176917,-2.37131634281771,-3.40488876457767,4.3608744713851,23.4050321350263,0.000671575147295658,0.00131905070796587
"RNU5A-8P",-0.115304295775835,-0.93028179837206,-1.22414176391785,-1.64372879518285,-2.42646192851726,-1.68790192655572,4.68075159611067,24.7728080386405,0.000376155817315044,0.000762528212384323
"RNU5B-1",1.22248560287689,1.09074332450685,0.793904815701499,0.450236445165648,0.208166995693915,0.222002197587141,6.776953420929,5.06052037325277,0.536074721686793,0.589179848065404
"RNU5D-1",1.40655375755606,-0.668924844180867,-0.184217492700764,-0.643949968539765,-2.20349815867781,-1.65209363680056,5.03000808720974,38.5362362990941,8.82298185191562e-07,2.65335827854312e-06
"RNU5E-1_RNU5E-10P",-1.15402610088088,-2.6129323429442,-2.88121037695601,-3.11476951587094,-3.70188758036399,-3.89415628629198,5.9415700490921,59.3609409730997,6.06862943093392e-11,2.87996807098078e-10
"RNU5F-4P",3.08760507088401,2.47852527174414,2.42881776902514,3.35642641176105,2.20394037393198,2.77805982375503,3.74171880097052,9.63978391482701,0.14066423840992,0.177669753437761
"RNU6-1059P",0.803746907334088,-0.400664545971207,-1.16773218630643,-0.916081899713377,-1.54454445902561,-0.411882549832774,3.04177375698284,22.9500380154189,0.000813386015921914,0.00157497622422616
"RNU6-1069P",1.72207657680163,1.04501378210708,1.50569082033267,1.05069339060744,1.13470848196985,1.95158155417663,7.07092387735883,5.91691209095154,0.432561802600666,0.48383275195524
"RNU6-1163P",0.647521830166141,0.901188991504862,0.0304624607769708,0.113628856938716,0.0548489708340937,0.106388362545438,4.54998144435262,2.95401213521938,0.814596283724963,0.840180337862054
"RNU6-1256P",2.78488360873872,4.08197603136171,3.80974550482222,3.54942171128736,2.89979022016791,2.15787424570807,3.3875803852052,12.4839531188466,0.052003318696308,0.0719978493249054
"RNU6-233P",3.30558581399695,2.92076943057484,2.56555388248681,3.33999957810887,2.76384716061128,3.66359708454819,7.6711342540298,26.7877667690451,0.000158681923137331,0.000344650420359123
"RNU6-510P",0.127094781795466,-0.809796040388765,-0.589617864703054,0.122095134109186,0.579939297062408,-0.069666226008303,3.70664847526643,9.13451209566047,0.166153333814423,0.206308195988327
"RNU7-147P_RNU7-1",2.23232151896399,1.27554625977813,0.576071919480879,-0.344529683674204,-0.426090459465255,-2.05898128751654,3.37136080768751,30.6452970366085,2.96235136529426e-05,7.32557370754996e-05
"RNU7-179P",-0.220324388345552,0.0365775437828842,-0.539106641686016,0.130604302878836,-0.63103717708143,-0.0877621116569043,3.30723474447907,2.39987565670503,0.879500581037276,0.898079165296458
"SCARNA12",-0.722709709019047,-0.787811154680027,-1.03422618589409,-2.95870361843431,-1.95621397374227,-2.7434317924627,3.10112977400984,22.4753939527676,0.000992635681526571,0.00189084430286152
"snoMe28S-Am2634_snoMe28S-Am2634",2.25635329068566,1.88078482175121,1.57846931487919,2.30276391377129,1.65523226545006,2.38643785003366,4.54603952874326,13.3797182742835,0.037387007895873,0.0531971117547863
"SNORA1_SNORA11_SNORA11_SNORA11C",4.90015179637029,6.01129969938584,5.87307430613192,6.56035561324399,6.25011623831711,6.4487084991479,3.20843781021588,21.4175368284327,0.0015430846074853,0.00282784031862819
"SNORA2B",1.18058105954284,1.151099350624,1.07104445530066,1.79396012631914,2.19824228284951,2.96116165798438,3.54338893417089,21.0005947825336,0.00183416456814878,0.00332417022174426
"SNORA45A",0.573901851713374,-0.242258519044834,-0.410626466155019,-1.71326251986803,-2.38510466080906,-1.82460059097794,2.94877999948619,24.5727547377925,0.000409572264476272,0.000822148726491489
"SNORA45B",0.00639709535112233,-0.291437673815794,-1.30982152518533,-1.48708333021317,-1.78206236577583,-0.236109083779841,3.92945138954009,13.4612522322511,0.0362687367523572,0.0516955431834814
"SNORA48_SNORA48",0.0732204109249582,-0.877699102535145,-1.3829674933986,-1.84377311040713,-1.3206209942537,-3.1997293767897,4.28137322874367,24.8844661212992,0.000358687749645648,0.000730726159948082
"SNORA60",0.668708980309098,1.64761757904125,2.17849914955908,2.52651478629569,2.21486762346577,2.80322381186495,3.30716131918482,14.9583683622879,0.0205829986606303,0.0310066823860138
"SNORA61",-1.79251726783621,-2.47162429116768,-3.29796759033975,-3.87432813716286,-3.91494764236733,-3.75982915887259,3.84915319640422,66.5004689808098,2.12948115722745e-12,1.09817887182923e-11
"SNORA65",-1.1864898859997,-1.38588643464741,-2.78803352060018,-2.18665183855972,-3.66654527438871,-2.95522845283535,4.04035677410324,32.5304579611377,1.29083279658077e-05,3.3858585494978e-05
"SNORA73A",0.237107725400621,-1.17647037427198,-2.37530566465503,-2.7482247602245,-3.55583377973378,-3.30807842488795,2.98754348338198,39.6334052285225,5.37663239833128e-07,1.64097219294795e-06
"SNORA74A",-1.20188472031027,-1.57977350315417,-1.77206025986629,-2.29605947540538,-1.91072544664835,-2.78254135108169,5.60865816592664,38.259791113319,9.99344937427644e-07,2.96402090275893e-06
"SNORA74B",1.40718666238151,1.93082857520622,1.43243314171913,0.930992638476172,0.369748680839634,0.61057224201839,2.61277824653949,5.72274515403337,0.454953774781177,0.506120662730821
"SNORD100",0.208314005389491,-0.0547929395104193,-0.777911938956092,-0.589130949387825,-0.694764734308884,-0.242045191683771,6.15837872127132,6.76016510079096,0.343597668057519,0.39843740886331
"SNORD101_SNORD10",1.26002563084717,1.34455009278253,0.891293625838743,0.652734975612209,0.870945967434312,-0.15175112752879,5.30201382009585,12.6352837098708,0.0492074548844162,0.0683575642302973
"SNORD102",0.417374936715959,0.298668979809116,0.429117742680748,-0.742512606373477,-0.736004101107935,-1.47549774888776,5.20135057944908,15.7529868039208,0.015143019074595,0.0234132178158992
"SNORD104",-0.116103159656305,0.0433467996283464,-0.251736081750401,-0.655141920256019,-0.777791907574477,-1.4553705362942,9.99371051352559,12.0072015511086,0.0618083393681536,0.084153642821317
"SNORD105",0.212501603348114,0.89183186296899,1.18180013851407,1.24097126275194,1.11209749535729,1.08908995555206,7.20075485735682,9.8927695780977,0.129240965150623,0.165018401848619
"SNORD105B",-2.56997166554388,-1.65492854737987,-2.03361768823605,-2.98425749817268,-2.34615749480563,-3.21492534892189,3.5970548809897,17.0747860835371,0.00901228861900952,0.014622705447049
"SNORD111_SNORD111",-0.422360013499126,-1.31143603572899,-1.26068640573844,-2.63983078723951,-2.2627675462854,-2.84065939944011,3.1520851461064,37.9176275433675,1.16578941413201e-06,3.40609647331807e-06
"SNORD111B",1.40274860881903,1.87463020270944,1.714843749876,1.49616770943154,1.57163548969696,0.844451929399472,6.92836242195099,16.7346240003689,0.0103096512753709,0.0164673612783648
"SNORD114-26",2.6550926194893,3.74052751571227,3.30317305846881,4.90629427746445,6.41057253170407,6.75023759229361,2.65708237553556,42.8811059066725,1.2313594212016e-07,4.10953693010777e-07
"SNORD115-10",5.82034501046148,7.8254689831233,8.15983514213923,8.56153229347887,8.22002590585885,7.73586760661921,4.76351923444544,35.9243776844381,2.85150147017433e-06,7.99004336864549e-06
"SNORD115-15",4.91575448643916,6.83692841725882,7.31338266331587,7.47070863999245,7.80596634526997,7.28704219367444,4.10277662114067,42.9807851842889,1.17669230080016e-07,3.95928024162678e-07
"SNORD115-2_SNORD115-23",2.69306573986188,4.24968865016955,4.95781999248676,4.78672785592672,4.49011092290838,4.5464027061851,4.43171097459969,40.7457813086517,3.2494677617116e-07,1.02215058711311e-06
"SNORD115-21",3.88729314065344,5.47555562836084,6.67237789859013,6.77603597367692,6.62293374882923,6.42516207766513,3.30351366641115,21.0107755920056,0.00182645536041825,0.00331752179403403
"SNORD115-32",6.57255890423271,9.03052075324082,9.59941199388054,9.16703550139043,9.42231010013206,9.79483932093831,5.97072380660512,70.256180274922,3.6229046973199e-13,1.98293650433309e-12
"SNORD115-33",3.97757816242108,6.60776920557172,6.27351801964836,6.69327506267321,6.23239999753069,6.69290839628935,3.3627766130702,26.1009910342044,0.000213201096508455,0.000452405700419473
"SNORD115-39",4.41769010486072,5.85488236209765,5.74008102986278,5.95472483251937,5.62370706813178,7.11845370027305,3.13336628279724,26.7616024361704,0.000160480759789108,0.000347637740862421
"SNORD115-5",-1.1588914143469,2.66146556913584,2.63708425101665,3.08414483665379,3.48597067457514,3.55510068358079,3.13359593839613,27.7622970732174,0.000104158192221056,0.000233007836004051
"SNORD116-1_SNORD116-14",-2.24444042546895,-1.12707085398565,-0.770642914395065,-1.10991898905556,-1.42814073444245,-1.81421489824266,3.58213969178319,6.60163063433648,0.359262753414504,0.412524084689941
"SNORD116-10",-2.31403921054141,-2.45384296175384,-1.77257833163123,-2.18592605172031,-1.48510906342114,-2.19099368036618,4.43453648355802,41.853202913142,1.96565590044066e-07,6.37866993779361e-07
"SNORD116-23",0.235852133218498,0.46682673836387,0.276800780369387,0.410119077866207,0.33946010623717,0.478710300096576,5.19364289715443,1.07617480890339,0.982559086835868,0.984958498525333
"SNORD116-24",-1.10251222599675,1.13071563612451,1.33203584104724,0.783546922374544,0.417169092708318,-0.332695022437893,5.21272020130931,9.58404340280452,0.143297377109639,0.180440408906462
"SNORD116-26",0.146518685728365,1.44796034905039,0.828276886687997,1.34702824370211,1.50832725566817,-0.277864652643449,3.20067594628021,8.38653876613206,0.211129755370602,0.25603770924559
"SNORD116-29",-1.89386677673423,-1.37387245825846,-1.54482295132049,-1.22164730043512,-1.29194899139019,-1.57134961734129,5.25099527869767,14.7630868400856,0.0221816038162607,0.0331713965995447
"SNORD116-8",0.316002991698282,-0.429441463500497,0.527318102240312,0.620190139829991,0.929932980393859,1.82267735435883,3.54667915999458,13.6496192160368,0.0338046325652515,0.0485202855525726
"SNORD118",-2.15180245633473,-1.95755625201569,-3.77608281817647,-3.22464149358582,-3.58353803976951,-5.38427220137618,2.34401650140242,20.206784641261,0.00254414763449176,0.00448228585390073
"SNORD11B",-0.431870135513838,0.196970703964938,-0.358583840102883,-0.372480829461393,-0.452882462702533,-1.17736591459114,3.94392249338716,3.67109266212784,0.721084746591866,0.764871546449511
"SNORD121B",0.770905816632929,2.48861173701642,1.4567342413842,1.56042472965697,1.42647151801904,0.911644329898342,3.61433510314049,16.9681322935047,0.00940107915125663,0.01513389408467
"SNORD123_SNORD12",-3.01379879644565,-2.3867215811446,-2.53682274142119,-3.26077245392348,-3.64891236504629,-3.9831863446555,6.97876167280995,42.9153065865362,1.21232366114309e-07,4.06252132978971e-07
"SNORD126",-2.03520227661648,-2.40050327857526,-3.07207866811498,-3.31898711375389,-3.635395990099,-4.34743232014563,3.93767462678697,61.1414567776391,2.63800776952136e-11,1.29688884956709e-10
"SNORD12B",-1.07018226552874,-1.17658412110105,-2.47021314792256,-3.05428360561394,-3.24448213321745,-4.87496919036395,4.24515860648513,41.0602270189368,2.81762713304835e-07,8.93155164568608e-07
"SNORD12C",-3.87000633039441,-2.2361715799428,-2.74701531007893,-3.31751494914493,-4.15963948471724,-5.38125318681717,5.40079030498974,29.0505491836844,5.95113840144991e-05,0.000139596703645439
"SNORD13_SNORD13P1",-1.52371467433205,-1.27317601677252,-1.34048838019665,-1.56376928677404,-1.38426437680878,-1.77407570561128,7.12483686707527,21.8112681215661,0.00131000075188631,0.00242232121013213
"SNORD14C",-2.80305785676664,-3.32666275904114,-3.54640121725389,-4.09985971355286,-4.2245744567284,-5.1524133974504,6.85658271185643,70.2686494814035,3.60162937887106e-13,1.98293650433309e-12
"SNORD14D",-1.04798720138427,-1.99232389008782,-2.06413040301237,-3.24688080824195,-3.81168679616882,-3.59802685992479,5.72325841889397,67.7945052188897,1.157495174657e-12,6.05288877957579e-12
"SNORD14E",1.84398357599232,0.623609296020558,0.026660898582924,-0.853691545113611,-1.27287271381547,-1.58365091633132,5.05329058855365,92.9881289638793,7.24979162557124e-18,5.08724694409743e-17
"SNORD18A",-1.77759940396357,-0.6082384033823,-1.14951081097666,-1.65245454567589,-1.57698127926863,-3.07796658209372,6.04908693590047,17.06104389432,0.00906149786519088,0.0146735497974787
"SNORD19B",-2.33340394337439,-2.03350785415575,-3.93698690574288,-3.95051241041356,-3.76888216962782,-4.1536233823896,3.38988527110758,44.3580490351165,6.27682384475569e-08,2.17437653018752e-07
"SNORD1A",-0.993216472852697,-0.419851994238194,-0.861132614076524,-0.866517743570802,-1.10648240573742,-2.18476313888286,4.23208374040863,16.0492021021418,0.0134923024958765,0.0211520016385928
"SNORD1C",-1.48716025834943,-1.3865830516464,-2.14380918383578,-2.1413357748183,-1.95292481360257,-1.91955103801226,4.7037635166472,33.6455315203519,7.87500651800051e-06,2.10598708510698e-05
"SNORD20",3.52358948319881,3.58532315156821,3.71218194850718,3.08605987426317,2.78744907251219,2.68038219821495,9.47790067598828,92.7761035322444,8.02465106353214e-18,5.58325298572872e-17
"SNORD21",-0.851972084755769,-1.6191740623524,-1.57709889578216,-1.83772866643184,-2.06092344393833,-2.24036295741291,5.35518880363435,38.0366602764385,1.10497452013317e-06,3.25155584598328e-06
"SNORD22",-0.437821073513447,-1.20298537536951,-1.43737888869813,-2.2060303323536,-2.31646952032999,-3.61891266091743,4.40579657718331,78.4183389419863,7.578143117544e-15,4.82298875930513e-14
"SNORD24",-0.629875170634094,-0.706574796379993,-1.40244646205931,-1.96158298828118,-1.92013720136859,-1.78931524568084,4.79855042086344,18.1557558076367,0.00585451707725171,0.00991042993901785
"SNORD25",1.07729709252099,0.815452203287166,0.612264119901012,0.381633397441142,0.350240277875207,-0.461868191145663,8.56002975585949,17.0329264621779,0.00916299342392504,0.0147796023596119
"SNORD26",-0.677494810443116,-0.56579757171888,-0.674389485770066,-1.08637959145945,-1.11365359937004,-1.85457426343392,8.27789114841601,24.0759517618714,0.000505721256944265,0.00100531998051148
"SNORD30_SNORD30",-0.625426053326481,-0.914026221864089,-1.76728660523959,-1.9233817771652,-1.95946925906741,-1.76611023297561,11.3518406994034,21.060742393436,0.00178907632271729,0.00325683295111063
"SNORD31",-0.334873210679123,-0.676483044381795,-0.879355103844119,-1.10610590678363,-1.00970338081821,-1.38759292480972,4.449969831367,12.9639910558781,0.0436113488541005,0.0613097900842748
"SNORD32A",-1.22965749829096,-0.738429957971394,-0.854028377788841,-1.89498741265595,-2.19038427851736,-3.1052085520766,5.90541259797821,19.9152217571239,0.00286726840570951,0.00501924810466419
"SNORD34",-2.69295901467329,-2.2772390687799,-3.69265916066189,-4.39095608513734,-5.48677273784558,-4.87157294525496,2.83227767538526,42.7451205510007,1.3100358702912e-07,4.35441072675739e-07
"SNORD36B",-2.87628525755404,-3.02695287314774,-3.77663445299953,-3.90192559993462,-3.68973380731208,-3.8688987561443,6.89215706786979,186.033398302338,1.77333165792518e-37,3.46644116942041e-36
"SNORD38A",1.42686901666708,1.16422863408205,0.0969149350083997,-0.877277807604524,-1.48993075027837,-2.18079606323718,5.62614990515504,60.4600519753152,3.62932850596679e-11,1.75275217846984e-10
"SNORD42A",-4.5035255341727,-3.87181479945446,-3.31028218646021,-4.27008518268508,-4.68732354571344,-4.70098808220555,6.86963522633003,103.186487235682,5.42407755449496e-20,4.24111206880034e-19
"SNORD43",-0.510659300721777,-0.821859464912787,-1.78818686106577,-2.2811789242389,-1.86364684662333,-2.6374648366188,5.37246487442754,39.9410433000984,4.67829456029664e-07,1.43853177303503e-06
"SNORD44",-5.21747157036421,-5.43336882434452,-5.53503600913391,-5.95313896612905,-6.36216729231079,-7.19963125553033,10.8801165196229,319.687001337257,4.92769155982269e-66,3.11202674662648e-64
"SNORD45A",-1.29211495997695,-2.03684848293844,-2.84992053027257,-3.16257811475518,-2.45918488747418,-2.52170832433732,3.61938655212819,28.6004796544897,7.23939828463241e-05,0.000166020837756514
"SNORD45C",-0.951976824972293,-1.3416468467031,-2.3476915722239,-2.92629290501528,-2.05701910386435,-2.60756611468176,4.08820895436943,45.8750517888734,3.13505284467747e-08,1.12396436047171e-07
"SNORD48",-2.37455778710553,-2.49963870028744,-2.80172523811524,-2.69682054923465,-2.58286522467423,-2.57050681129385,11.0183153495003,107.541908979292,6.66479121827377e-21,5.52706423252805e-20
"SNORD49A",-0.800225898803225,-0.43808600167547,-2.02593094569595,-2.05451041150949,-2.75042435685744,-2.29895404973957,3.08998415807745,14.9157907712474,0.0209218825941331,0.0314594608237788
"SNORD4A",-0.406591286984422,-0.4324335964085,-1.21777263177986,-1.15839196931894,-0.90498592541103,-1.31813794558685,5.04274408527471,12.9464432736497,0.0438943593771952,0.0613922811732152
"SNORD50_SNORD50_SNORD50A",-3.21064903263487,-2.58528099543774,-2.81267932152616,-3.42662164072384,-3.72599874701715,-4.43103608290935,9.570645916526,89.0631125588314,4.74236819006215e-17,3.19138056068936e-16
"SNORD50B",-0.355643799108668,-0.471663609417173,-1.27801886479533,-1.19215094557684,-1.63555738713946,-1.7318855659013,6.12610092594,27.1159526782822,0.000137740635961312,0.000303177110252646
"SNORD52",1.75550787681113,1.95899500545814,1.88852607013688,1.80391763709822,1.97730868726156,1.50443465353217,9.44009701250997,22.5531187698969,0.000960832956162295,0.00183879686948542
"SNORD55",1.40453615308869,0.646715151909356,-0.358890109169623,-1.01193405322101,-1.22261231352224,-1.33279250766864,4.31341590052489,58.9226812480266,7.44797412894928e-11,3.47431065901554e-10
"SNORD57",-0.692770353361708,0.289095379307595,0.368051539752915,-0.740481990884304,-0.57411424062412,-1.58445186233008,5.02347249763359,8.54562755035935,0.200789836733306,0.245310202318519
"SNORD58A",-2.44214323988311,-1.42306161342686,-1.67250480544002,-2.57412709858316,-2.26842855964256,-4.20314435419527,3.47779215320081,19.5268726232551,0.00336045441941524,0.00583283948909072
"SNORD58B",-2.20368910359585,-2.68019641045834,-2.40572341783596,-2.59206329552551,-2.59063791175957,-3.06369733752942,4.49538686415877,54.5378131111203,5.74639530862408e-10,2.40703599407162e-09
"SNORD59A",1.77532458475136,1.58742510529505,1.61339461989049,1.78419446181196,2.15282122358578,1.87574064458576,4.06606834415348,8.34345690554524,0.214004976557196,0.25914171940038
"SNORD61",1.88913580915232,2.41946631873796,3.26068014616499,1.82387658400911,1.45007830256372,0.197200252938536,5.25368974369234,21.2942990150454,0.00162405495551447,0.00296299804106084
"SNORD63_SNORD6",1.93291598183227,0.558842521523986,-0.314984778066626,-1.01093779984984,-2.08175745940014,-1.63714048721133,4.52343561415497,54.8407853487006,4.99162866775782e-10,2.11243666815937e-09
"SNORD65_SNORD65",0.508075006614599,-0.418019680790106,-1.71151711696911,-1.74050352450965,-2.10852435369594,-1.83045878268661,5.00707124676534,25.0532109376472,0.000333794480408386,0.000683404659389738
"SNORD68",-1.62550953149922,-1.09297070877584,-0.412673402329744,-2.11105155510742,-1.74133308405197,-2.68228686754351,5.16894836555146,13.7049273126499,0.0331116984220893,0.0476089394124961
"SNORD69",-1.51454057682087,-1.0901085412206,-1.45648540176066,-1.75003877492248,-1.74284355085319,-2.40768355006091,7.05318387624668,32.4819948496235,1.31879652889384e-05,3.44819092427339e-05
"SNORD71",2.31655035866243,2.01769731808237,2.23652017977685,2.13516184917538,2.16694791660153,1.86332590206865,4.05316443977687,10.7330022249018,0.0969872280760788,0.127402422800737
"SNORD72",-4.48691090773278,-4.82707339434636,-5.17908147130715,-5.53924243432006,-6.49333793810068,-6.63027282161082,4.34806240195774,185.956730134192,1.84112832916096e-37,3.51527060056081e-36
"SNORD74_SNORD74",1.64599020582096,0.954090942648167,0.373324421244372,0.124412511522476,0.0383938954518814,-0.144136780453916,5.44104327751953,36.7196104155348,1.99694943188825e-06,5.69269265132032e-06
"SNORD77_SNORD77_SNORD7",-0.125686613992849,-0.252673681079524,-0.687235253022936,-0.738667234871079,-1.65026808736183,-1.70214306328486,3.59689638563078,9.25016842809687,0.159989883929225,0.199622636331146
"SNORD82_SNORD8",1.66173657400832,1.30293017377365,0.749479249727577,0.293927819280693,0.420288726441168,-0.334491564423835,8.48318944804761,34.5271506569606,5.32066798150309e-06,1.45125196439005e-05
"SNORD83A",-1.31498704713713,-0.829045140985868,-0.821177287984914,-1.77832184313776,-2.82959637423371,-3.3249923774119,5.78709437770024,16.0804260860419,0.0133287368722075,0.0209633964982421
"SNORD83B",-1.89756564860935,-2.7211325293148,-2.92234808543708,-5.70515930694065,-3.28935942550236,-3.56663021953606,3.03178799435383,40.980149093174,2.92185670553048e-07,9.2263244432328e-07
"SNORD87",-2.20359261681706,-1.51349750685215,-3.19068024373348,-2.59263883840899,-3.61315515064009,-2.24239751096541,4.28658842945889,36.7505046057774,1.96947015497542e-06,5.63391985099241e-06
"SNORD88_SNORD88A",-1.21880769646115,-1.49683579216629,-1.56855734665134,-2.21507452187836,-2.99082564457111,-2.54196508573365,5.04091444691305,47.4776274341713,1.50245330333462e-08,5.58151204541956e-08
"SNORD88C",-1.43349992351217,-1.0301628078258,-1.83245022956732,-2.35074023551529,-2.49022696421323,-2.73485812054961,4.2941446585194,42.6093661996287,1.39356711497143e-07,4.59485382084958e-07
"SNORD90",-1.58366542653523,-0.0476936293178498,0.434206667452808,-0.608300245246056,-0.614316024223922,-1.55699802306628,4.74720056338815,6.02099860693104,0.420841919185561,0.47330303513883
"SNORD92",1.41450497357583,0.991226409553319,0.011489406024259,-0.837156461220425,-0.928580514039982,-1.56153615945617,7.02071336593446,59.6439830534465,5.31645267514538e-11,2.53767886412463e-10
"SNORD93",-1.32623767569153,-1.24420811265841,-1.82633688472991,-2.78192769519189,-2.96802349383826,-4.04876945271969,10.8598942208457,72.1754602397037,1.46232558315861e-13,8.51467591328522e-13
"SNORD94_SNORD9",1.05017732549201,0.656856348864347,0.0657125624045021,-0.780304265394856,-0.971760238001978,-2.08306739577154,3.80855534147938,28.0609354212417,9.15120801223116e-05,0.00020754535298458
"SNORD96A",-0.325076905077958,-0.932707215455497,-0.992630800976635,-1.88988085971292,-1.77641621946636,-2.59943652543032,4.12536959047803,30.5066718566997,3.14815632694421e-05,7.76167070396757e-05
"SNORD97",0.672598848770655,0.705241581029048,-0.325565789482851,-1.20427554472717,-0.277980857195457,-1.17386667987062,2.88678797634663,13.4823362709177,0.0359847339291598,0.0513799418362438
"SNORD99",-1.5295468765302,-1.5710640460585,-1.29615803300961,-2.17943948073603,-2.36806805693472,-3.05868166516296,7.27146526287953,31.6622839410105,1.89386895202803e-05,4.82877766961185e-05
"snoU2_snoU2_snoU2-30_snoU2-30",0.971166448174857,0.819948430287579,1.1060853470409,1.42019959009978,1.30977236674128,1.54192079373692,5.27259168644119,5.88036277590877,0.436724636260072,0.487767386357707
