"","TimePoint","Cond","DendriteArea","SomaArea","Count_MaskPSDbySYNdend","Count_MaskedNuclei","Count_MaskedRotSynbyPSDDend","SynapseCounts","Count_PSDMaskByDEND","Count_SynMaskByDend","FileName_MAP2","ImageNumber","Synapses_by_length","Math_RandomParticlesPerCell","Synapses_by_area","Synapses_by_Cell","Mean_IntegrIntensity_PSD95inDend","Mean_Intensity_PSD95inDend","Mean_IntegrIntensity_SyninDend","Mean_Intensity_SyninDend","CVS","Image","Length","Length_um","CVSi","DendriteArea_um2","Synapses_perArea_um2","Synapses_perLength_um","PSD_per_length_micron","PSD_per_area","PSD_per_area_um2","Syn_per_length_micron","Syn_per_area","Syn_per_area_um2","Differentiation","Day","Condition","Blinding","day","isEmpty","isEmpty2"
"1","A","1",13918,22419,4,1,0,4,12,9,"A_1_CS-L_1.tif",1,0.00307455803228286,0,0.000287397614599799,4,1.62176953814924,0.140518095844228,14.4690979454252,0.30480816364274,"CS-L","1.tif",1301,91.9220252520614,"A_1_CS-L",69.4802556270499,0.0575703120821957,0.043515142198309,0.130545426594927,0.000862192843799396,0.172710936246587,0.0979090699461952,0.000646644632849547,0.12953320218494,"p1","Day21","pLNA-1229","A_1",21,"p6","p8"
"2","A","1",57846,43855,24,2,0,23,55,72,"A_1_CS-L_2.tif",2,0.00482079228673234,0,0.00039760744044532,11.5,3.25672666471113,0.186106222400708,15.8685636455193,0.30938542794083,"CS-L","2.tif",4771,337.094529191072,"A_1_CS-L",288.77388037091,0.0796470926333714,0.0682301194718088,0.16315898134563,0.000950800401064896,0.190460438905888,0.213589939216097,0.00124468416139405,0.249330029113163,"p1","Day21","pLNA-1229","A_1",21,"p6","p8"
"3","A","1",54380,49825,4,2,2,4,40,31,"A_1_CS-L_3.tif",3,0.000894054537326777,1,7.35564545788893e-05,2,1.98582513481379,0.175537840678202,15.2798017407617,0.343776684498537,"CS-L","3.tif",4474,316.110023810701,"A_1_CS-L",271.471210015733,0.0147345274652446,0.0126538220831471,0.126538220831471,0.000735564545788893,0.147345274652446,0.0980671211443898,0.000570062522986392,0.114192587855645,"p1","Day21","pLNA-1229","A_1",21,"p6","p8"
"4","A","1",44390,51822,7,2,0,7,25,50,"A_1_CS-L_4.tif",4,0.00265957446808511,0,0.000157693174138319,3.5,2.41614587783813,0.200970575670856,14.4731786218286,0.310151658244622,"CS-L","4.tif",2632,185.963697512241,"A_1_CS-L",221.59998184256,0.0315884502417211,0.0376417553191489,0.134434840425532,0.000563189907636855,0.112815893720433,0.268869680851064,0.00112637981527371,0.225631787440865,"p1","Day21","pLNA-1229","A_1",21,"p6","p8"
"5","A","1",32057,41838,2,2,0,2,26,3,"A_1_CS-L_5.tif",5,0.00072463768115942,0,6.23888698256231e-05,1,1.89978696807073,0.11592748423005,8.2875816822052,0.260918865900357,"CS-L","5.tif",2760,195.007524746879,"A_1_CS-L",160.032228383125,0.0124974826646286,0.0102560144927536,0.133328188405797,0.0008110553077331,0.162467274640172,0.0153840217391304,9.35833047384347e-05,0.0187462239969429,"p1","Day21","pLNA-1229","A_1",21,"p6","p8"
"6","A","1",38762,24479,3,1,0,3,22,36,"A_1_CS-L_6.tif",6,0.000997340425531915,0,7.73953872349208e-05,3,1.9379290796139,0.158033248210286,14.2549236077401,0.388007269226582,"CS-L","6.tif",3008,212.52994001399,"A_1_CS-L",193.504359003859,0.0155035267186936,0.0141156582446808,0.10351482712766,0.000567566173056086,0.113692529270419,0.16938789893617,0.00092874464681905,0.186042320624323,"p1","Day21","pLNA-1229","A_1",21,"p6","p8"
"7","A","1",39782,47887,5,2,0,3,26,37,"A_1_CS-L_7.tif",7,0.000939555277168807,0,7.54109898949274e-05,1.5,2.25781173602893,0.171017684927563,11.8021247088909,0.302190882127124,"CS-L","7.tif",3193,225.601096564052,"A_1_CS-L",198.596316234754,0.0151060203778091,0.0132978077043533,0.115247666771062,0.000653561912422704,0.130918843274345,0.164006295020357,0.000930068875370771,0.186307584659645,"p1","Day21","pLNA-1229","A_1",21,"p6","p8"
"8","A","1",24990,24067,11,1,0,9,25,45,"A_1_CS-L_8.tif",8,0.00425330812854442,0,0.000360144057623049,9,2.645352255404,0.185681542194233,19.4729127248128,0.352693739330042,"CS-L","8.tif",2116,149.505768972607,"A_1_CS-L",124.752952156918,0.0721425813529412,0.0601983459357278,0.167217627599244,0.00100040016006403,0.200396059313726,0.300991729678639,0.00180072028811525,0.360712906764706,"p1","Day21","pLNA-1229","A_1",21,"p6","p8"
"9","A","1",19482,24512,3,1,0,3,19,12,"A_1_CS-R_1.tif",9,0.00156821745948772,0,0.000153988296889436,3,1.46998349969324,0.121698561388822,15.351302108417,0.363550918503296,"CS-R","1.tif",1913,135.162824217674,"A_1_CS-R",97.2563831100867,0.0308463044179242,0.0221954521693675,0.140571197072661,0.000975259213633097,0.195359927980187,0.0887818086774699,0.000615953187557746,0.123385217671697,"p1","Day21","pLNA-1229","A_1",21,"p6","p8"
"10","A","1",26453,18856,6,1,0,7,29,28,"A_1_CS-R_2.tif",10,0.00303555941023417,0,0.000264620269912675,7,1.79485665981112,0.137470446834392,10.3904304142509,0.284812942920254,"CS-R","2.tif",2306,162.930200024023,"A_1_CS-R",132.056416302799,0.0530076477613125,0.0429631830008673,0.177990329575022,0.00109628397535251,0.219603112154009,0.171852732003469,0.0010584810796507,0.21203059104525,"p1","Day21","pLNA-1229","A_1",21,"p6","p8"
"11","A","1",28890,17130,6,1,1,6,38,8,"A_1_CS-R_3.tif",11,0.00234466588511137,1,0.000207684319833853,6,2.72278935521057,0.174004039267524,18.9111714754254,0.336561364766321,"CS-R","3.tif",2559,180.805889792487,"A_1_CS-R",144.222200392691,0.0416024716282451,0.0331847596717468,0.21017014458773,0.0013153340256144,0.263482320312219,0.0442463462289957,0.000276912426445137,0.0554699621709934,"p1","Day21","pLNA-1229","A_1",21,"p6","p8"
"12","A","1",43652,32120,11,1,1,14,28,58,"A_1_CS-R_4.tif",12,0.00496630010642072,1,0.00032071840923669,14,2.11578709605549,0.149504864123198,24.1065145476625,0.434517480118938,"CS-R","4.tif",2819,199.176163862845,"A_1_CS-R",217.91580102256,0.0642449970782553,0.0702895352962043,0.140579070592409,0.00064143681847338,0.128489994156511,0.291199503369989,0.001328690552552,0.266157845038486,"p1","Day21","pLNA-1229","A_1",21,"p6","p8"
"13","A","1",9491,20385,1,1,0,1,4,2,"A_1_CS-R_5.tif",13,0.00140252454417952,0,0.000105362975450427,1,1.75482185743749,0.142528674046717,9.34483862668276,0.290172584147917,"CS-R","5.tif",713,50.3769438929437,"A_1_CS-R",47.380162821981,0.0211058793478032,0.019850350631136,0.0794014025245442,0.000421451901801707,0.0844235173912127,0.0397007012622721,0.000210725950900853,0.0422117586956064,"p1","Day21","pLNA-1229","A_1",21,"p6","p8"
"14","A","1",40386,28935,12,1,1,12,23,30,"A_1_CS-R_6.tif",14,0.00450958286358512,1,0.000297132669737038,12,3.12557113850894,0.168690379491477,24.8182782838742,0.336951168300386,"CS-R","6.tif",2661,188.012689620089,"A_1_CS-R",201.611553653832,0.0595203984222255,0.0638254791431793,0.12233216835776,0.000569504283662655,0.114080763642599,0.159563697857948,0.000742831674342594,0.148800996055564,"p1","Day21","pLNA-1229","A_1",21,"p6","p8"
"15","A","1",40590,25187,12,1,1,11,36,56,"A_1_CS-R_7.tif",15,0.00428182172051382,1,0.0002710027100271,11,2.57841695679559,0.169949966156091,18.0516703006412,0.393373191982829,"CS-R","7.tif",2569,181.512438795193,"A_1_CS-R",202.629945100011,0.05428615200271,0.0606019073569482,0.198333514986376,0.000886917960088692,0.177663770190687,0.308518801089918,0.00137965016013797,0.276365864741069,"p1","Day21","pLNA-1229","A_1",21,"p6","p8"
"16","A","1",41974,47675,5,2,1,5,41,26,"A_1_CS-R_8.tif",16,0.00151975683890578,0.5,0.000119121360842426,2.5,2.86118012085194,0.187351933351637,10.5809403073329,0.29057065038065,"CS-R","8.tif",3290,232.454621890301,"A_1_CS-R",209.539032166245,0.0238619027123934,0.0215095744680851,0.176378510638298,0.000976795158907895,0.195667602241626,0.111849787234043,0.000619431076380617,0.124081894104446,"p1","Day21","pLNA-1229","A_1",21,"p6","p8"
"17","A","2",31596,40333,0,2,0,0,33,2,"A_2_CS-L_1.tif",17,0,0,0,0,1.66639616633907,0.118192653857165,11.29125662148,0.296060963836977,"CS-L","1.tif",2832,200.094677566363,"A_2_CS-L",157.730863399358,0,0,0.164921927966102,0.00104443600455754,0.209217139174896,0.00999526836158192,6.3299151791366e-05,0.0126798266166603,"p1","Day21","Empty","A_2",21,"p5","p7"
"18","A","2",35822,25494,4,1,0,4,28,18,"A_2_CS-L_2.tif",18,0.00169133192389006,0,0.000111663223717269,4,2.03290607939873,0.132846177120462,10.0902952609791,0.27367773096862,"CS-L","2.tif",2365,167.098839139989,"A_2_CS-L",178.827541103045,0.0223679192552063,0.0239379281183932,0.167565496828753,0.000781642566020881,0.156575434786444,0.10772067653277,0.000502484506727709,0.100655636648428,"p1","Day21","Empty","A_2",21,"p5","p7"
"19","A","2",14151,31195,1,1,0,2,10,8,"A_2_CS-L_3.tif",19,0.00196656833824975,0,0.000141332768002261,2,3.10171664766967,0.146386103584529,11.1714751739055,0.296761525109441,"CS-L","3.tif",1017,71.8560335752086,"A_2_CS-L",70.6434184062641,0.0283112007476503,0.0278334316617502,0.139167158308751,0.000706663840011307,0.141556003738252,0.111333726647001,0.000565331072009045,0.113244802990601,"p1","Day21","Empty","A_2",21,"p5","p7"
"20","A","2",11823,27586,0,1,0,0,10,0,"A_2_CS-L_4.tif",20,0,0,0,0,1.3242755793035,0.113535640655852,0,0,"CS-L","4.tif",1024,72.3506178771029,"A_2_CS-L",59.021774843987,0,0,0.1382158203125,0.000845809016324114,0.16942899508585,0,0,0,"p1","Day21","Empty","A_2",21,"p5","p7"
"21","A","2",22513,24665,3,1,0,3,23,5,"A_2_CS-L_5.tif",21,0.0016025641025641,0,0.000133256340780882,3,1.94555182593024,0.114768631929069,9.01282369494438,0.283303630511455,"CS-L","5.tif",1872,132.265973306579,"A_2_CS-L",112.387483469735,0.0266933639528273,0.0226815705128205,0.173892040598291,0.00102163194598676,0.204649123638342,0.0378026175213675,0.00022209390130147,0.0444889399213788,"p1","Day21","Empty","A_2",21,"p5","p7"
"22","A","2",51335,51057,22,2,0,21,59,44,"A_2_CS-L_6.tif",22,0.00523429710867398,0,0.000409077627349761,10.5,1.75682239979506,0.116888626820904,16.5672579742968,0.305088222663026,"CS-L","6.tif",4012,283.46745988568,"A_2_CS-L",256.270220047033,0.0819447534565111,0.0740825772681954,0.208136764705882,0.00114931333398266,0.230225735901627,0.155220638085743,0.000857115028732833,0.171693769146976,"p1","Day21","Empty","A_2",21,"p5","p7"
"23","A","2",42219,72558,6,3,0,5,29,16,"A_2_CS-L_7.tif",23,0.00149655791679138,0,0.000118430090717449,1.66666666666667,1.33702970141995,0.102015093287532,8.43763256352395,0.270188728459273,"CS-L","7.tif",3341,236.058021804102,"A_2_CS-L",210.762100324646,0.0237234303145503,0.0211812331637234,0.122851152349596,0.000686894526161207,0.137595895824392,0.067779946123915,0.000378976290295838,0.075914977006561,"p1","Day21","Empty","A_2",21,"p5","p7"
"24","A","2",28823,54414,2,2,0,1,21,7,"A_2_CS-L_8.tif",24,0.000465766185374942,0,3.46945147972106e-05,0.5,2.08526596604359,0.137192957387986,4.11088295706681,0.233295103511389,"CS-L","8.tif",2147,151.696070880996,"A_2_CS-L",143.88772869223,0.00694986298754467,0.00659212855146716,0.13843469958081,0.000728584810741422,0.145947122738438,0.0461448998602701,0.000242861603580474,0.0486490409128127,"p1","Day21","Empty","A_2",21,"p5","p7"
"25","A","2",37755,30589,11,1,0,12,40,46,"A_2_CS-R_1.tif",25,0.00522193211488251,0,0.000317838696861343,12,2.41511978432536,0.150854836586408,18.0460056108625,0.332571282091529,"CS-R","1.tif",2298,162.364960821858,"A_2_CS-R",188.477299267084,0.0636681448994835,0.0739075718015666,0.246358572671889,0.00105946232287114,0.212227149664945,0.283312358572672,0.00121838167130181,0.244061222114687,"p1","Day21","Empty","A_2",21,"p5","p7"
"26","A","2",22121,22992,4,1,0,3,23,9,"A_2_CS-R_2.tif",26,0.00197628458498024,0,0.000135617738800235,3,1.73935201926076,0.131046125319555,11.5403507815467,0.292622307292639,"CS-R","2.tif",1518,107.254138610783,"A_2_CS-R",110.430574416293,0.0271663895244338,0.0279709486166008,0.214443939393939,0.00103973599746847,0.208275653020659,0.0839128458498024,0.000406853216400705,0.0814991685733014,"p1","Day21","Empty","A_2",21,"p5","p7"
"27","A","2",72837,48683,19,2,0,19,59,50,"A_2_CS-R_3.tif",27,0.00336045277679519,0,0.000260856432856927,9.5,1.68817025056835,0.118760833829769,16.4612493950129,0.364897467702852,"CS-R","3.tif",5654,399.482806130019,"A_2_CS-R",363.610675320264,0.0522536913506872,0.0475614962858154,0.14769096215069,0.000810027870450458,0.162261462615292,0.125161832331093,0.000686464296991914,0.137509714080756,"p1","Day21","Empty","A_2",21,"p5","p7"
"28","A","2",18795,21305,2,1,0,2,11,8,"A_2_CS-R_4.tif",28,0.00120264582080577,0,0.000106411279595637,2,2.44036982411688,0.142945317759147,17.7058652713895,0.397339922129946,"CS-R","4.tif",1663,117.499099150022,"A_2_CS-R",93.8268001516312,0.0213158713370577,0.0170214070956103,0.0936177390258569,0.000585262037776004,0.117237292353817,0.0680856283824414,0.000425645118382549,0.0852634853482309,"p1","Day21","Empty","A_2",21,"p5","p7"
"29","A","2",51426,30594,6,1,0,4,41,35,"A_2_CS-R_5.tif",29,0.00140696447414703,0,7.77816668611208e-05,4,1.66354303752504,0.116090291047236,14.7641365144934,0.316758011529342,"CS-R","5.tif",2843,200.871881469339,"A_2_CS-R",256.724502505868,0.0155809046700113,0.0199131902919451,0.204110200492438,0.000797262085326489,0.159704272867616,0.17424041505452,0.000680589585034807,0.136332915862599,"p1","Day21","Empty","A_2",21,"p5","p7"
"30","A","2",24929,32014,4,1,0,4,10,9,"A_2_CS-R_6.tif",30,0.003003003003003,0,0.000160455694171447,4,1.73172350898385,0.112009660881013,23.4645236531893,0.354258525201756,"CS-R","6.tif",1332,94.1123271604502,"A_2_CS-R",124.44843314605,0.0321418269308837,0.0425024024024024,0.106256006006006,0.000401139235428617,0.0803545673272093,0.0956304054054054,0.000361025311885756,0.0723191105944884,"p1","Day21","Empty","A_2",21,"p5","p7"
"31","A","2",11333,26479,0,1,0,0,11,1,"A_2_CS-R_7.tif",31,0,0,0,0,1.15890745818615,0.112577367586252,2.8326695561409,0.20233353972435,"CS-R","7.tif",957,67.6167395589721,"A_2_CS-R",56.5756385271847,0,0,0.162681609195402,0.000970616782846554,0.194429975274861,0.014789237199582,8.82378893496868e-05,0.0176754522977146,"p1","Day21","Empty","A_2",21,"p5","p7"
"32","A","2",44393,20666,2,1,0,2,17,15,"A_2_CS-R_8.tif",32,0.000586166471277843,0,4.50521478611493e-05,2,1.34133713692427,0.11182987724986,6.60026957690716,0.254413925905422,"CS-R","8.tif",3412,241.074519723315,"A_2_CS-R",221.614958187357,0.00902466158583561,0.00829618991793669,0.0705176143024619,0.000382943256819769,0.0767096234796026,0.0622214243845252,0.00033789110895862,0.067684961893767,"p1","Day21","Empty","A_2",21,"p5","p7"
"49","A","4",49477,28716,12,1,0,12,43,47,"A_4_CS-L_1.tif",49,0.00278099652375435,0,0.000242536936354266,12,2.90290258720864,0.212623888510406,20.8521374800104,0.548735251685622,"CS-L","1.tif",4315,304.875894667675,"A_4_CS-L",246.994870502913,0.0485840049049053,0.0393602780996524,0.141040996523754,0.000869090688602785,0.174092684242577,0.154161089223638,0.000949936334054207,0.190287352544212,"p1","Day21","pLNA-181c","A_4",21,"p6","p8"
"50","A","4",80661,48167,15,2,1,12,49,75,"A_4_CS-L_2.tif",50,0.00164158686730506,0.5,0.000148770781418529,6,2.77130431712282,0.21284643395996,14.4369085301956,0.341678928717858,"CS-L","2.tif",7310,516.487320978146,"A_4_CS-L",402.668982550185,0.029801153105962,0.0232338714090287,0.0948716415868673,0.000607480690792328,0.121688041849345,0.14521169630643,0.000929817383865809,0.186257206912262,"p1","Day21","pLNA-181c","A_4",21,"p6","p8"
"51","A","4",31875,27007,16,1,0,16,33,46,"A_4_CS-L_3.tif",51,0.0066006600660066,0,0.000501960784313725,16,2.9655418987527,0.2189420591174,18.4150805693606,0.364323891222585,"CS-L","3.tif",2424,171.267478255954,"A_4_CS-L",159.123663465456,0.100550726721255,0.0934211221122112,0.192681064356436,0.00103529411764706,0.207385873862588,0.268585726072607,0.00144313725490196,0.289083339323608,"p1","Day21","pLNA-181c","A_4",21,"p6","p8"
"52","A","4",40289,43467,11,2,0,7,39,27,"A_4_CS-L_4.tif",52,0.00214658080343453,0,0.000173744694581648,3.5,3.02279736693853,0.210495892465177,19.0600442621443,0.36113269668,"CS-L","4.tif",3261,230.405629782454,"A_4_CS-L",201.127318505404,0.0348038250199806,0.0303812020852499,0.169266697332107,0.000968006155526322,0.193907025111321,0.117184636614535,0.000670158107672069,0.134243325077068,"p1","Day21","pLNA-181c","A_4",21,"p6","p8"
"53","A","4",66893,48924,9,2,0,8,64,30,"A_4_CS-L_5.tif",53,0.00119904076738609,0,0.000119593978443185,4,2.65747644717339,0.192518867507422,15.4223203971982,0.407540798271489,"CS-L","5.tif",6672,471.409494605498,"A_4_CS-L",333.937544162973,0.0239565755328659,0.0169703836930456,0.135763069544365,0.000956751827545483,0.191652604262927,0.0636389388489209,0.000448477419161945,0.0898371582482472,"p1","Day21","pLNA-181c","A_4",21,"p6","p8"
"54","A","4",48895,32732,16,1,0,17,37,54,"A_4_CS-L_6.tif",54,0.00350443207586065,0,0.000347683812250741,17,3.26991848506638,0.227092031997778,20.8231216539387,0.476031855857036,"CS-L","6.tif",4851,342.746921212721,"A_4_CS-L",244.089459612344,0.0696465960758769,0.0495992784992785,0.107951370851371,0.000756723591369261,0.15158376792985,0.157550649350649,0.00110440740362,0.221230364005727,"p1","Day21","pLNA-181c","A_4",21,"p6","p8"
"55","A","4",44177,27807,15,1,0,15,36,54,"A_4_CS-L_7.tif",55,0.00377263581488934,0,0.000339543201213301,15,3.00879767392245,0.215461614584187,22.076015084706,0.420831422161091,"CS-L","7.tif",3976,280.923883475938,"A_4_CS-L",220.536661361991,0.0680159022421169,0.0533952464788732,0.128148591549296,0.000814903682911923,0.163238165381081,0.192222887323944,0.00122235552436788,0.244857248071621,"p1","Day21","pLNA-181c","A_4",21,"p6","p8"
"56","A","4",45447,21810,27,1,0,26,51,80,"A_4_CS-L_8.tif",56,0.00774501042597557,0,0.000572094967764649,26,4.60729650627164,0.253310025485971,24.4200539667159,0.58348778413342,"CS-L","8.tif",3357,237.188500208432,"A_4_CS-L",226.876647325948,0.114599718862411,0.10961745606196,0.215018856121537,0.00112218628292297,0.224791756230114,0.337284480190646,0.00176029220850661,0.35261451957665,"p1","Day21","pLNA-181c","A_4",21,"p6","p8"
"57","A","4",39799,22504,2,1,1,2,22,13,"A_4_CS-R_1.tif",57,0.00078125,1,5.02525189075102e-05,2,2.01775387437506,0.136371180949029,14.2007218748331,0.325827385666718,"CS-R","1.tif",2560,180.876544692757,"A_4_CS-R",198.681182188602,0.0100663785969497,0.011057265625,0.121629921875,0.000552777707982613,0.110730164566446,0.0718722265625,0.000326641372898817,0.0654314608801729,"p1","Day21","pLNA-181c","A_4",21,"p6","p8"
"58","A","4",32720,45015,3,2,0,3,42,12,"A_4_CS-R_2.tif",58,0.00122799836266885,0,9.16870415647922e-05,1.5,2.30736938314069,0.153917859265088,14.8270135732989,0.325247637799666,"CS-R","2.tif",2443,172.609921361096,"A_4_CS-R",163.342000583207,0.0183663723309902,0.017380229226361,0.243323209169054,0.00128361858190709,0.257129212633863,0.0695209169054441,0.000366748166259169,0.0734654893239609,"p1","Day21","pLNA-181c","A_4",21,"p6","p8"
"59","A","4",19074,26694,0,1,0,0,17,3,"A_4_CS-R_3.tif",59,0,0,0,0,1.78750645456945,0.156452674739712,5.96339869002501,0.282236186388444,"CS-R","3.tif",1445,102.096330891029,"A_4_CS-R",95.2196002177289,0,0,0.166509411764706,0.00089126559714795,0.178534671024955,0.0293840138408304,0.000157282164202579,0.0315061184161686,"p1","Day21","pLNA-181c","A_4",21,"p6","p8"
"60","A","4",45043,29731,2,1,0,2,53,17,"A_4_CS-R_4.tif",60,0.000558815311539536,0,4.44020158515197e-05,2,2.18462006185415,0.154550079916383,11.6551155535614,0.362273574919791,"CS-R","4.tif",3579,252.873888068507,"A_4_CS-R",224.859832893319,0.00889442980662922,0.00790908074881252,0.209590639843532,0.00117665342006527,0.235702389875674,0.0672271863649064,0.000377417134737917,0.0756026533563484,"p1","Day21","pLNA-181c","A_4",21,"p6","p8"
"61","A","4",56569,35151,16,1,0,15,52,52,"A_4_CS-R_5.tif",61,0.0038961038961039,0,0.000265162898407255,15,2.38981665971761,0.148445680763723,18.2789645412794,0.355468809758671,"CS-R","5.tif",3850,272.021366041842,"A_4_CS-R",282.398949602428,0.0531163448770528,0.0551427272727273,0.191161454545455,0.00091923138114515,0.18413666224045,0.191161454545455,0.00091923138114515,0.18413666224045,"p1","Day21","pLNA-181c","A_4",21,"p6","p8"
"62","A","4",105246,71930,14,3,0,14,61,67,"A_4_CS-R_6.tif",62,0.00202869149398638,0,0.000133021682534253,4.66666666666667,3.19821494597881,0.187363121371829,9.99287904354174,0.273884433066764,"CS-R","6.tif",6901,487.589466767468,"A_4_CS-R",525.400128159541,0.0266463581747525,0.0287126793218374,0.125105245616577,0.000579594473899246,0.116101989189993,0.13741067961165,0.000636603766413926,0.127521856979173,"p1","Day21","pLNA-181c","A_4",21,"p6","p8"
"63","A","4",24575,26658,3,1,0,3,18,15,"A_4_CS-R_7.tif",63,0.00148001973359645,0,0.000122075279755849,3,2.25091511963142,0.182057297858984,10.1422700266043,0.284434136130625,"CS-R","7.tif",2027,143.217482848523,"A_4_CS-R",122.681224460034,0.0244536196406918,0.0209471632955106,0.125682979773064,0.000732451678535097,0.146721717844151,0.104735816477553,0.000610376398779247,0.122268098203459,"p1","Day21","pLNA-181c","A_4",21,"p6","p8"
"64","A","4",65751,30407,13,1,0,11,33,74,"A_4_CS-R_8.tif",64,0.00270403146509341,0,0.000167297835774361,11,2.78886507361224,0.177144783670824,16.8130897708439,0.366989574852848,"CS-R","8.tif",4068,287.424134300834,"A_4_CS-R",328.236548910343,0.0335124166900884,0.0382709685349066,0.11481290560472,0.000501893507323083,0.100537250070265,0.25745924287119,0.00112545816793661,0.225447166824231,"p1","Day21","pLNA-181c","A_4",21,"p6","p8"
"65","A","5",49768,53584,19,2,1,20,53,43,"A_5_CS-L_1.tif",65,0.00471475719000472,0.5,0.000401864651985211,10,2.63317772057259,0.153857770116954,18.5499223689007,0.356939178807779,"CS-L","1.tif",4242,299.71808694792,"A_5_CS-L",248.447575948198,0.0804998797982639,0.0667293729372937,0.176832838283828,0.00106494132776081,0.213324681465399,0.143468151815182,0.000864009001768205,0.173074741566267,"p1","Day21","pLNA-Ctrl","A_5",21,"p6","p8"
"66","A","5",54018,30296,4,1,1,5,39,22,"A_5_CS-L_2.tif",66,0.00130684788290643,1,9.25617386796994e-05,5,1.80123832611701,0.122646166497438,11.7686489434405,0.292814773152821,"CS-L","2.tif",3826,270.325648435347,"A_5_CS-L",269.664064410259,0.0185415880715687,0.0184962101411396,0.144270439100889,0.000721981561701655,0.144624386958236,0.0813833246210141,0.000407271650190677,0.0815829875149024,"p1","Day21","pLNA-Ctrl","A_5",21,"p6","p8"
"67","A","5",37557,43420,11,2,0,12,27,37,"A_5_CS-L_3.tif",67,0.0036979969183359,0,0.000319514338205927,6,2.28447169037881,0.135185044728903,16.5032924490201,0.31477046297444,"CS-L","3.tif",3245,229.275151378124,"A_5_CS-L",187.488860510498,0.0640038025049924,0.0523388597842835,0.117762434514638,0.000718907260963336,0.144008555636233,0.161378151001541,0.000985169209468275,0.197345057723727,"p1","Day21","pLNA-Ctrl","A_5",21,"p6","p8"
"68","A","5",21423,23393,3,1,0,3,13,23,"A_5_CS-L_4.tif",68,0.0014292520247737,0,0.000140036409466461,3,2.06222277593154,0.132897455834748,12.6122284453848,0.304073090739084,"CS-L","4.tif",2099,148.304635668007,"A_5_CS-L",106.946078193583,0.0280515195196751,0.0202286326822296,0.0876574082896617,0.000606824441021332,0.121556584585259,0.155086183897094,0.0010736124725762,0.215061649650843,"p1","Day21","pLNA-Ctrl","A_5",21,"p6","p8"
"69","A","5",19112,24524,3,1,0,2,13,7,"A_5_CS-L_5.tif",69,0.00113830392714855,0,0.000104646295521139,2,1.68040212931541,0.123916480387681,10.6190606717552,0.259069798484313,"CS-L","5.tif",1757,124.140659775459,"A_5_CS-L",95.4093005851544,0.020962316962118,0.0161107569721116,0.104719920318725,0.000680200920887401,0.136255060253767,0.0563876494023904,0.000366262034323985,0.0733681093674131,"p1","Day21","pLNA-Ctrl","A_5",21,"p6","p8"
"70","A","5",53069,56388,6,2,0,6,39,16,"A_5_CS-L_6.tif",70,0.00153061224489796,0,0.000113060355386384,3,2.07453171545878,0.149046813629545,11.8372615799308,0.304624685003297,"CS-L","6.tif",3920,276.967209060784,"A_5_CS-L",264.926547339554,0.022647786944167,0.0216632142857143,0.140810892857143,0.000734892310011494,0.147210615137086,0.0577685714285714,0.000301494281030357,0.0603940985177787,"p1","Day21","pLNA-Ctrl","A_5",21,"p6","p8"
"71","A","5",32972,45654,3,2,1,3,38,20,"A_5_CS-L_7.tif",71,0.00100806451612903,0.5,9.09862913987626e-05,1.5,1.62932904564628,0.120224259691425,7.85078353956342,0.242569709186065,"CS-L","7.tif",2976,210.26898320533,"A_5_CS-L",164.600013546134,0.0182260009301832,0.014267439516129,0.180720900537634,0.00115249302438433,0.230862678448987,0.0951162634408602,0.000606575275991751,0.121506672867888,"p1","Day21","pLNA-Ctrl","A_5",21,"p6","p8"
"72","A","5",23671,27764,6,1,0,4,22,22,"A_5_CS-L_8.tif",72,0.00227014755959137,0,0.000168983143931393,4,1.6502687683837,0.136507882776911,13.7513445250013,0.29400200640804,"CS-L","8.tif",1762,124.493934276812,"A_5_CS-L",118.16835256128,0.0338500107118415,0.0321300794551646,0.176715437003405,0.000929407291622661,0.186175058915128,0.176715437003405,0.000929407291622661,0.186175058915128,"p1","Day21","pLNA-Ctrl","A_5",21,"p6","p8"
"73","A","5",39765,25490,13,1,0,15,38,23,"A_5_CS-R_1.tif",73,0.00617030028794735,0,0.000377216144851,15,2.02974946894928,0.130429196422474,11.2392939828012,0.287737912625051,"CS-R","1.tif",2431,171.762062557849,"A_5_CS-R",198.511450280905,0.0755623918860807,0.0873301110654052,0.221236281365693,0.000955614233622532,0.191424726111404,0.133906170300288,0.000578398088771533,0.115862334225324,"p1","Day21","pLNA-Ctrl","A_5",21,"p6","p8"
"74","A","5",16782,25836,0,1,0,0,10,6,"A_5_CS-R_2.tif",74,0,0,0,0,1.53371939137578,0.104017508160854,11.0778286407391,0.34911082375996,"CS-R","2.tif",1647,116.368620745692,"A_5_CS-R",83.7776727930128,0,0,0.0859338190649666,0.000595876534382076,0.119363544803957,0.05156029143898,0.000357525920629246,0.071618126882374,"p1","Day21","pLNA-Ctrl","A_5",21,"p6","p8"
"75","A","5",29121,53992,11,2,0,10,35,30,"A_5_CS-R_3.tif",75,0.00401606425702811,0,0.000343394801002713,5,2.41273125835827,0.145574681040722,14.3262277081609,0.316201728964857,"CS-R","3.tif",2490,175.930701673815,"A_5_CS-R",145.375378942041,0.0687874389238007,0.056840562248996,0.198941967871486,0.00120188180350949,0.240756036233302,0.170521686746988,0.00103018440300814,0.206362316771402,"p1","Day21","pLNA-Ctrl","A_5",21,"p6","p8"
"76","A","5",34436,24434,2,1,0,4,22,18,"A_5_CS-R_4.tif",76,0.00194269062651773,0,0.000116157509582995,4,1.84533525088971,0.125070584111141,10.2616973204745,0.295490879023191,"CS-R","4.tif",2059,145.478439657182,"A_5_CS-R",171.908469806947,0.0232681961772564,0.0274954832442933,0.151225157843613,0.00063886630270647,0.12797507897491,0.12372967459932,0.000522708793123475,0.104706882797654,"p1","Day21","pLNA-Ctrl","A_5",21,"p6","p8"
"77","A","5",34094,53765,3,2,0,3,31,21,"A_5_CS-R_5.tif",77,0.00125838926174497,0,8.79920220566669e-05,1.5,1.79456680652595,0.122699486929799,12.258767587798,0.362867955513997,"CS-R","5.tif",2384,168.44128224513,"A_5_CS-R",170.201166500118,0.017626201169414,0.017810360738255,0.184040394295302,0.000909250894585558,0.182137412083944,0.124672525167785,0.000615944154396668,0.123383408185898,"p1","Day21","pLNA-Ctrl","A_5",21,"p6","p8"
"78","A","5",46334,74994,1,3,0,1,26,11,"A_5_CS-R_6.tif",78,0.00030229746070133,0,2.15824232744853e-05,0.333333333333333,1.87685910182504,0.131801652777788,10.8682133961808,0.296169172046007,"CS-R","6.tif",3308,233.726410095172,"A_5_CS-R",231.304653270853,0.00432330256161782,0.00427850665054414,0.111241172914148,0.000561143005136617,0.112405866602063,0.0470635731559855,0.000237406656019338,0.047556328177796,"p1","Day21","pLNA-Ctrl","A_5",21,"p6","p8"
"79","A","5",19777,25395,0,1,0,0,15,7,"A_5_CS-R_7.tif",79,0,0,0,0,1.3622563029329,0.113865712919699,8.98686198677335,0.312390408425926,"CS-R","7.tif",1466,103.580083796712,"A_5_CS-R",98.7290570151004,0,0,0.14481548431105,0.000758456793244678,0.151930955824948,0.0675805593451569,0.000353946503514183,0.0709011127183092,"p1","Day21","pLNA-Ctrl","A_5",21,"p6","p8"
"80","A","5",30509,23836,7,1,1,7,28,12,"A_5_CS-R_8.tif",80,0.00219092331768388,1,0.000229440492969288,7,1.55619570639517,0.0960578723107962,16.8018844872713,0.305665499676623,"CS-R","8.tif",3195,225.742406364593,"A_5_CS-R",152.304434468003,0.0459605790497886,0.0310087949921753,0.124035179968701,0.000917761971877151,0.183842316199154,0.0531579342723005,0.000393326559375922,0.0787895640853519,"p1","Day21","pLNA-Ctrl","A_5",21,"p6","p8"
"161","C","1",88916,30978,41,1,0,41,97,92,"C_1_CS-L_1.tif",161,0.00629703578559361,0,0.000461109361644698,41,2.01849755395165,0.112194165466118,19.1189444068333,0.328064016802711,"CS-L","1.tif",6511,460.03405566193,"C_1_CS-L",443.878891315905,0.0923675371866706,0.089123836584242,0.210853954845646,0.00109091727023258,0.218528075783099,0.199985194286592,0.00103468442125152,0.207263741979846,"p1","Day33","pLNA-181c","C_1",33,"p6","p8"
"162","C","1",143964,58789,35,2,5,36,110,120,"C_1_CS-L_2.tif",162,0.00346620450606586,2.5,0.000250062515628907,18,1.73837796740911,0.101952493386481,13.9451665790131,0.301451997007833,"CS-L","2.tif",10386,733.821794210538,"C_1_CS-L",718.684834106381,0.0500914980970243,0.0490582322357019,0.149900154053534,0.000764079908866105,0.153057355296463,0.163527440785673,0.000833541718763024,0.166971660323414,"p1","Day33","pLNA-181c","C_1",33,"p6","p8"
"163","C","1",84890,33603,16,1,0,18,53,93,"C_1_CS-L_3.tif",163,0.00304878048780488,0,0.00021203910943574,18,1.8214400796536,0.106399821030244,17.3326271519225,0.321007398967563,"CS-L","3.tif",5904,417.146531197671,"C_1_CS-L",423.780636598669,0.0424748052305336,0.0431503048780488,0.127053675474255,0.000624337377783013,0.125064704289905,0.222943241869919,0.00109553539875133,0.219453160357757,"p1","Day33","pLNA-181c","C_1",33,"p6","p8"
"164","C","1",43701,24010,10,1,0,11,47,21,"C_1_CS-L_4.tif",164,0.0021564399137424,0,0.000251710487174207,11,1.98020385554496,0.116330109646336,9.54545409480731,0.268084947274724,"CS-L","4.tif",5101,360.410646280373,"C_1_CS-L",218.16041465424,0.050421613001762,0.0305207410311704,0.130406802587728,0.0010754902633807,0.215437801007528,0.0582668692413252,0.000480538202787122,0.0962594430033638,"p1","Day33","pLNA-181c","C_1",33,"p6","p8"
"165","C","1",39310,26119,17,1,0,16,43,38,"C_1_CS-L_5.tif",165,0.00500469189865499,0,0.0004070211142203,16,1.73785994314524,0.109562675404664,19.6004794702718,0.312693075693771,"CS-L","5.tif",3197,225.883716165135,"C_1_CS-L",196.240037986732,0.081532801176291,0.0708329058492337,0.190363434469815,0.00109386924446706,0.219119403161282,0.16822815139193,0.000966675146273213,0.193640402793691,"p1","Day33","pLNA-181c","C_1",33,"p6","p8"
"166","C","1",115724,49032,54,2,1,49,121,98,"C_1_CS-L_6.tif",166,0.00621590764937207,0.5,0.000423421243648681,24.5,2.40613387749831,0.121687002781951,13.8598771820567,0.29074582267295,"CS-L","6.tif",7883,556.972578833205,"C_1_CS-L",577.707508419653,0.0848180078774498,0.0879756057338577,0.217245883546873,0.00104559123431613,0.209448550064723,0.175951211467715,0.000846842487297363,0.1696360157549,"p1","Day33","pLNA-181c","C_1",33,"p6","p8"
"167","C","1",118776,59569,38,2,0,34,91,84,"C_1_CS-L_7.tif",167,0.00401796265658237,0,0.000286253115107429,17,2.05451612776289,0.112876658456623,14.1810215963494,0.377688323984156,"CS-L","7.tif",8462,597.881766089887,"C_1_CS-L",592.943443192879,0.0573410506353135,0.0568674308674072,0.152204006145119,0.000766148043375766,0.153471635523927,0.140496005672418,0.000707213578500707,0.14166612509901,"p1","Day33","pLNA-181c","C_1",33,"p6","p8"
"168","C","1",147346,42705,49,1,0,45,162,100,"C_1_CS-L_8.tif",168,0.00384549649632541,0,0.000305403607834621,45,2.23614532783352,0.115473135760512,12.5232822132111,0.312354974546518,"CS-L","8.tif",11702,826.803642966658,"C_1_CS-L",735.56816680725,0.0611771988384483,0.0544264655614425,0.195935276021193,0.00109945298820463,0.220237915818414,0.12094770124765,0.000678674684076935,0.135949330752107,"p1","Day33","pLNA-181c","C_1",33,"p6","p8"
"169","C","1",74076,33001,17,1,0,21,34,64,"C_1_CS-R_1.tif",169,0.003781058696435,0,0.000283492629191641,21,2.0897634433692,0.109022128850684,20.0947787975892,0.321627306080976,"CS-R","1.tif",5554,392.417316102958,"C_1_CS-R",369.795905721321,0.0567880814121983,0.0535144580482535,0.0866424558876485,0.000458988066310276,0.091942608000702,0.163091681670868,0.000863977536584049,0.173068438589557,"p1","Day33","pLNA-181c","C_1",33,"p6","p8"
"170","C","1",90335,34933,40,1,0,39,71,102,"C_1_CS-R_2.tif",170,0.00633631194151097,0,0.000431726351912326,39,2.18003969508368,0.111611486263468,15.4794519241242,0.301532909125788,"CS-R","2.tif",6155,434.880911165594,"C_1_CS-R",450.962702404768,0.0864816531212708,0.0896797238017872,0.163263086921202,0.00078596335860962,0.157440958246416,0.234546969943136,0.00112913045884762,0.226182785086401,"p1","Day33","pLNA-181c","C_1",33,"p6","p8"
"171","C","1",133753,41445,34,1,0,32,99,102,"C_1_CS-R_3.tif",171,0.00326430684484342,0,0.000239246970161417,32,1.8735723796517,0.106124928571129,14.1940871344185,0.362725686902899,"CS-R","3.tif",9803,692.629987352773,"C_1_CS-R",667.710348533181,0.0479249723630872,0.0462007140671223,0.14293345914516,0.000740170313936884,0.148267883248301,0.147264776088952,0.000762599717389516,0.15276084940734,"p1","Day33","pLNA-181c","C_1",33,"p6","p8"
"172","C","1",98066,32998,57,1,0,55,118,95,"C_1_CS-R_4.tif",172,0.00784817351598173,0,0.000560846776660616,55,2.35599078462159,0.12297537568507,16.7349901287179,0.393707281864586,"CS-R","4.tif",7008,495.149541096423,"C_1_CS-R",489.556742945989,0.112346527328024,0.111077554223744,0.238311843607306,0.00120327126629005,0.241034367721942,0.191861230022831,0.000968735341504701,0.194053092657496,"p1","Day33","pLNA-181c","C_1",33,"p6","p8"
"173","C","1",86267,31701,36,1,1,35,80,108,"C_1_CS-R_5.tif",173,0.00549623115577889,1,0.000405717134014165,35,1.79942969717085,0.109192856271592,11.8426714375339,0.273652720387355,"CS-R","5.tif",6368,449.930404923233,"C_1_CS-R",430.654778860376,0.0812715932065564,0.0777898084170854,0.17780527638191,0.000927353449175235,0.185763641614986,0.240037123115578,0.00125192715638657,0.250780916180231,"p1","Day33","pLNA-181c","C_1",33,"p6","p8"
"174","C","1",110482,34041,17,1,0,17,79,71,"C_1_CS-R_6.tif",174,0.00217753298322019,0,0.000153871218841078,17,1.69932773737591,0.101363630403802,16.0954365919174,0.479837089132558,"CS-R","6.tif",7807,551.602806412639,"C_1_CS-R",551.5388419448,0.0308228518231929,0.0308192775714103,0.143218995773024,0.000715048605202657,0.143235605531308,0.128715806327655,0.000642638619865679,0.1287307340851,"p1","Day33","pLNA-181c","C_1",33,"p6","p8"
"175","C","1",67923,35890,26,1,0,23,66,65,"C_1_CS-R_7.tif",175,0.00471118394100778,0,0.000338618730032537,23,1.59863131177245,0.106893863188618,16.0309762954712,0.299982273349665,"CS-R","7.tif",4882,344.93722312111,"C_1_CS-R",339.07942254319,0.0678307159646953,0.0666787996722655,0.191339164276936,0.000971688529658584,0.194644663203039,0.188440086030315,0.000956965976178908,0.191695501639356,"p1","Day33","pLNA-181c","C_1",33,"p6","p8"
"176","C","1",64980,30614,25,1,1,24,51,103,"C_1_CS-R_8.tif",176,0.0060560181680545,1,0.000369344413665743,24,1.69990530588171,0.101908865429002,17.6064575198785,0.316201906977709,"CS-R","8.tif",3963,280.005369772421,"C_1_CS-R",324.387628297579,0.0739855589621422,0.0857126419379258,0.182139364118092,0.000784856879039705,0.157219312794552,0.367850088316932,0.00158510310864882,0.317521357212527,"p1","Day33","pLNA-181c","C_1",33,"p6","p8"
"177","C","2",42109,27097,24,1,0,24,36,65,"C_2_CS-L_1.tif",177,0.00636098595282269,0,0.000569949416989242,24,1.84542399044666,0.103053606396464,18.5364450005385,0.330340167309999,"CS-L","1.tif",3773,266.580938721005,"C_2_CS-L",210.212967682098,0.11416993092593,0.0900289424860853,0.135043413729128,0.000854924125483863,0.171254896388895,0.243828385899814,0.00154361300434586,0.309210229591061,"p1","Day33","Empty","C_2",33,"p5","p7"
"178","C","2",146679,60614,27,2,2,24,143,59,"C_2_CS-L_2.tif",178,0.00212747096888574,1,0.000163622604462807,12,2.62877894307558,0.127157180284113,13.0362422441022,0.423830004795806,"CS-L","2.tif",11281,797.057929952732,"C_2_CS-L",732.238426147439,0.0327762094189352,0.0301107348639305,0.179409795230919,0.000974918018257556,0.195291581121156,0.0740222232071625,0.000402238902637733,0.0805748481548824,"p1","Day33","Empty","C_2",33,"p5","p7"
"179","C","2",93407,31979,38,1,1,32,73,122,"C_2_CS-L_3.tif",179,0.00458190148911798,1,0.000342586744034173,32,1.51105223647127,0.100650601767191,17.8826903908468,0.350774766876496,"CS-L","3.tif",6984,493.453823489928,"C_2_CS-L",466.298479476638,0.0686255722641772,0.0648490263459336,0.147936841351661,0.000781526009827957,0.156552086727654,0.247236912943872,0.00130611196163028,0.261634994257176,"p1","Day33","Empty","C_2",33,"p5","p7"
"180","C","2",49063,35702,22,1,2,21,50,84,"C_2_CS-L_4.tif",180,0.00603274920999713,2,0.000428021115708375,21,1.66972793422639,0.104941914724227,18.1087457875588,0.322736459466949,"CS-L","4.tif",3481,245.949707841987,"C_2_CS-L",244.928134920962,0.0857394353930661,0.0853833093938523,0.203293593794887,0.00101909789454375,0.204141512840633,0.341533237575409,0.0017120844628335,0.342957741572264,"p1","Day33","Empty","C_2",33,"p5","p7"
"181","C","2",68507,32085,28,1,0,24,60,66,"C_2_CS-L_5.tif",181,0.00483189047714918,0,0.000350329163443152,24,2.37336690581093,0.125029957856355,17.4646515624993,0.320342117358977,"CS-L","5.tif",4967,350.942889644111,"C_2_CS-L",341.994817663623,0.070176501983155,0.0683871954902356,0.170967988725589,0.00087582290860788,0.175441254957888,0.188064787598148,0.000963405199468667,0.192985380453676,"p1","Day33","Empty","C_2",33,"p5","p7"
"182","C","2",84267,25466,38,1,2,36,79,99,"C_2_CS-L_6.tif",182,0.00602308850593943,2,0.000427213499946598,36,1.91958321800715,0.117220658944923,13.689971828852,0.304125996224241,"CS-L","6.tif",5977,422.304338917426,"C_2_CS-L",420.670548995877,0.0855776571141728,0.0852465785511126,0.187068880709386,0.00093749629154948,0.187795414222768,0.23442809101556,0.00117483712485315,0.235338557063975,"p1","Day33","Empty","C_2",33,"p5","p7"
"183","C","2",105513,30781,37,1,1,37,95,95,"C_2_CS-L_7.tif",183,0.00548554484803558,1,0.000350667690237222,37,1.69564483750023,0.102945166809144,14.7734162136128,0.348062326501072,"CS-L","7.tif",6745,476.567302325253,"C_2_CS-L",526.733022846452,0.0702443142828846,0.077638561897702,0.199342253521127,0.000900362988446921,0.180357023158758,0.199342253521127,0.000900362988446921,0.180357023158758,"p1","Day33","Empty","C_2",33,"p5","p7"
"184","C","2",43678,32155,15,1,0,13,35,61,"C_2_CS-L_8.tif",184,0.00628322861285645,0,0.000297632675488804,13,1.65427939050964,0.106091526736478,14.8803880273319,0.307153543067644,"CS-L","8.tif",2069,146.184988659889,"C_2_CS-L",218.045596010798,0.0596205575248409,0.0889284195263412,0.239422667955534,0.000801318741700627,0.160516885643802,0.417279507008216,0.00139658409267824,0.279758000693484,"p1","Day33","Empty","C_2",33,"p5","p7"
"185","C","2",126939,51226,28,1,0,27,83,95,"C_2_CS-R_1.tif",185,0.00340178908907648,0,0.000212700588471628,27,1.76483439317489,0.10621523070497,11.1672849835534,0.297457799674131,"CS-R","1.tif",7937,560.787943447818,"C_2_CS-R",633.694077384832,0.0426073099995273,0.0481465415144261,0.148006035025828,0.000653857364560931,0.130978027035584,0.169404497921129,0.00074839095943721,0.149914609257596,"p1","Day33","Empty","C_2",33,"p5","p7"
"186","C","2",52733,35490,23,1,0,19,33,88,"C_2_CS-R_2.tif",186,0.00574365175332527,0,0.000360305690933571,19,2.02467569076654,0.110608339059586,15.6348888924853,0.302673041564558,"CS-R","2.tif",3308,233.726410095172,"C_2_CS-R",263.249196722318,0.0721749590751522,0.0812916263603386,0.141190719467956,0.00062579409477936,0.12535650786737,0.376508585247884,0.00166878425274496,0.334284020979652,"p1","Day33","Empty","C_2",33,"p5","p7"
"187","C","2",46749,31741,41,1,1,36,64,78,"C_2_CS-R_3.tif",187,0.0100362419849456,1,0.000770069948020279,36,1.83680023252964,0.105728625367858,15.8933486351982,0.288368592247594,"CS-R","3.tif",3587,253.439127270672,"C_2_CS-R",233.376380967737,0.154257255385998,0.142045943685531,0.252526122107611,0.00136901324092494,0.274235120686218,0.307766211318651,0.00166848488737727,0.334224053336328,"p1","Day33","Empty","C_2",33,"p5","p7"
"188","C","2",117121,28746,34,1,0,35,76,197,"C_2_CS-R_4.tif",188,0.00418960976777592,0,0.00029883624627522,35,1.47407452350384,0.0997306018027438,16.65293989947,0.321510166056453,"CS-R","4.tif",8354,590.251036860661,"C_2_CS-R",584.681492980005,0.0598616518912065,0.0592968039262629,0.128758774239885,0.000648901563340477,0.129985301249477,0.333756296384965,0.00168202115760624,0.336935583501934,"p1","Day33","Empty","C_2",33,"p5","p7"
"189","C","2",83740,37177,31,1,1,34,72,132,"C_2_CS-R_5.tif",189,0.00557103064066852,1,0.000406018629090041,34,1.27986063652982,0.0976508450168379,14.8295478357962,0.368676504030731,"CS-R","5.tif",6103,431.206856351522,"C_2_CS-R",418.039704426582,0.0813319874642942,0.0788484679665738,0.166973226282156,0.000859804155720086,0.172232444042035,0.306117581517287,0.00157630761882016,0.315759480743731,"p1","Day33","Empty","C_2",33,"p5","p7"
"190","C","2",34015,32746,37,1,0,38,61,76,"C_2_CS-R_6.tif",190,0.0133333333333333,0,0.00111715419667794,38,2.2220670488037,0.114406091525279,17.0690763984856,0.328644337597359,"CS-R","6.tif",2850,201.366465771234,"C_2_CS-R",169.80678942047,0.223783749340585,0.188710666666667,0.302930280701754,0.00179332647361458,0.359231808151992,0.377421333333333,0.00223430839335587,0.44756749868117,"p1","Day33","Empty","C_2",33,"p5","p7"
"191","C","2",52792,33597,10,1,0,10,26,59,"C_2_CS-R_7.tif",191,0.00257599175682638,0,0.000189422639793908,10,1.45400108726552,0.096628505423613,12.1084171533585,0.27978109374417,"CS-R","7.tif",3882,274.282322850501,"C_2_CS-R",263.543731503321,0.0379443667392787,0.0364587841318908,0.094792838742916,0.000492498863464161,0.0986553535221246,0.215106826378156,0.00111759357478406,0.223871763761744,"p1","Day33","Empty","C_2",33,"p5","p7"
"192","C","2",43573,29595,25,1,0,22,51,61,"C_2_CS-R_8.tif",192,0.00554994954591322,0,0.000504899823285062,22,1.68822317548534,0.111468565487584,16.0792871249504,0.296026182204649,"CS-R","8.tif",3964,280.076024672691,"C_2_CS-R",217.521423942912,0.101139462960549,0.0785501009081736,0.182093415741675,0.00117044959034264,0.234459664135818,0.217798007063572,0.00139994951001767,0.280432147299704,"p1","Day33","Empty","C_2",33,"p5","p7"
"193","C","3",62506,33590,14,1,0,13,34,107,"C_3_CS-L_1.tif",193,0.00430036387694343,0,0.000207980033916744,13,1.62031649129794,0.102765023296332,14.2903419776219,0.302444816561241,"CS-L","1.tif",3023,213.589763518049,"C_3_CS-L",312.037135955194,0.0416617078611653,0.0608643400595435,0.159183658617268,0.000543947781013023,0.10896138979074,0.500960337413166,0.00171183566377628,0.342907903164976,"p1","Day33","pLNA-Ctrl","C_3",33,"p6","p8"
"194","C","3",53659,31150,22,1,0,22,51,63,"C_3_CS-L_2.tif",194,0.00563524590163934,0,0.000409996459121489,22,1.67308712611888,0.102840495057104,15.9742761973351,0.304662365188236,"CS-L","2.tif",3904,275.836730656455,"C_3_CS-L",267.871895149581,0.0821288100706312,0.0797573258196721,0.184891982581967,0.000950446337054362,0.190389514254645,0.228395978483607,0.00117408076930245,0.235187047020444,"p1","Day33","pLNA-Ctrl","C_3",33,"p6","p8"
"195","C","3",63053,43696,47,1,0,45,79,86,"C_3_CS-L_3.tif",195,0.0092459420587631,0,0.000713685312356272,45,2.70837672139648,0.137289585628118,16.8542820242948,0.30795858941404,"CS-L","3.tif",4867,343.87739961705,"C_3_CS-L",314.767822823134,0.142962516296608,0.130860591740292,0.229733038832957,0.00125291421502545,0.250978639720711,0.250089130881446,0.00136393193028087,0.27321725336685,"p1","Day33","pLNA-Ctrl","C_3",33,"p6","p8"
"196","C","3",110085,33262,48,1,0,47,88,127,"C_3_CS-L_4.tif",196,0.00579031661944068,0,0.000426942816914203,47,1.79433838582852,0.10486534177502,16.1002491321855,0.303337754668017,"CS-L","4.tif",8117,573.505825496527,"C_3_CS-L",549.556972316697,0.0855234349986828,0.0819520882099298,0.153442207712209,0.000799382295498933,0.160128984678385,0.221445004311938,0.00115365399464051,0.23109523925176,"p1","Day33","pLNA-Ctrl","C_3",33,"p6","p8"
"197","C","3",84904,37540,60,1,1,54,81,149,"C_3_CS-L_5.tif",197,0.00867748674272859,1,0.000636012437576557,54,2.51320178599821,0.125307357162949,16.7447042786235,0.30751407300481,"CS-L","5.tif",6223,439.685444383995,"C_3_CS-L",423.85052620772,0.127403404410393,0.122815073115861,0.184222609673791,0.000954018656364836,0.191105106615589,0.338878627671541,0.00175492320738717,0.351539023280529,"p1","Day33","pLNA-Ctrl","C_3",33,"p6","p8"
"198","C","3",94535,56569,7,2,0,6,76,45,"C_3_CS-L_6.tif",198,0.000997838017628472,0,6.34685566192416e-05,3,1.91115554917212,0.116145311272206,14.9955704583062,0.473354276279975,"CS-L","6.tif",6013,424.847915327168,"C_3_CS-L",471.929585120216,0.0127137610973713,0.014122700814901,0.178887543655413,0.000803935050510393,0.161040973900037,0.105920256111758,0.000476014174644312,0.0953532082302851,"p1","Day33","pLNA-Ctrl","C_3",33,"p6","p8"
"199","C","3",92745,31990,25,1,0,22,87,82,"C_3_CS-L_7.tif",199,0.00331075996990218,0,0.000237209553075638,22,1.47168214918896,0.0971628966168538,17.0003537435721,0.396981675024466,"CS-L","7.tif",6645,469.501812298192,"C_3_CS-L",462.993699391489,0.0475168453240606,0.0468581790820166,0.185302799097065,0.000938055959890021,0.187907524690603,0.174653212942062,0.000884144697827376,0.177108241662408,"p1","Day33","pLNA-Ctrl","C_3",33,"p6","p8"
"200","C","3",66470,28055,24,1,1,21,55,84,"C_3_CS-L_8.tif",200,0.00445198219207123,1,0.000315931999398225,21,1.88209631266919,0.104176336797409,15.7641672837947,0.311996249176114,"CS-L","8.tif",4717,333.279164576459,"C_3_CS-L",331.825879546631,0.0632862030794343,0.0630102395590418,0.165026817892728,0.000827440950804874,0.165749579493757,0.252040958236167,0.0012637279975929,0.253144812317737,"p1","Day33","pLNA-Ctrl","C_3",33,"p6","p8"
"201","C","3",76227,31350,22,1,0,21,83,49,"C_3_CS-R_1.tif",201,0.00326644890340644,0,0.000275492935574009,21,2.28559502393725,0.12661806020877,17.8070450035893,0.542127550785816,"CS-R","1.tif",6429,454.240353839741,"C_3_CS-R",380.53394494059,0.0551856155783384,0.0462310312645824,0.182722647379064,0.00108885303107823,0.218114575857242,0.107872406284026,0.000642816849672688,0.128766436349456,"p1","Day33","pLNA-Ctrl","C_3",33,"p6","p8"
"202","C","3",111844,38291,20,1,2,18,68,141,"C_3_CS-R_2.tif",202,0.00252560684720079,2,0.000160938449983906,18,1.84679852491793,0.116514153195501,14.7297397786421,0.301286502707307,"CS-R","2.tif",7127,503.557474228625,"C_3_CS-R",558.338102482524,0.0322385305963664,0.0357456713904869,0.135039203030728,0.000607989699939201,0.121790004475162,0.280007759225481,0.00126068452487393,0.252535156338203,"p1","Day33","pLNA-Ctrl","C_3",33,"p6","p8"
"203","C","3",53951,33700,29,1,0,31,42,80,"C_3_CS-R_3.tif",203,0.0109773371104816,0,0.000574595466256418,31,3.66826087254144,0.151415722683657,14.4962781412527,0.29980371968141,"CS-R","3.tif",2824,199.529438364198,"C_3_CS-R",269.329592709798,0.115100608470464,0.155365545325779,0.210495254957507,0.00077848418008934,0.155942759863209,0.400943342776204,0.00148282700969398,0.297033828310875,"p1","Day33","pLNA-Ctrl","C_3",33,"p6","p8"
"204","C","3",157100,25034,16,1,2,16,124,95,"C_3_CS-R_4.tif",204,0.00133455667695387,2,0.000101845957988542,16,2.03659876658311,0.121446516899657,16.8775199987386,0.468981293176434,"CS-R","4.tif",11989,847.081599344323,"C_3_CS-R",784.261255856412,0.0204013648264799,0.0188883810159313,0.146384952873467,0.000789306174411203,0.15811057740522,0.112149762282092,0.00060471037555697,0.121133103657225,"p1","Day33","pLNA-Ctrl","C_3",33,"p6","p8"
"205","C","3",154017,28796,19,1,1,17,113,87,"C_3_CS-R_5.tif",205,0.00129356262364937,1,0.000110377425868573,17,1.84204036112776,0.112269869156718,14.5280577423929,0.410775437912413,"CS-R","5.tif",13142,928.546699356334,"C_3_CS-R",768.870565520287,0.0221103535007824,0.0183081798812966,0.121695548622736,0.000733685242538161,0.14696882032873,0.0936948029219297,0.000564872708856815,0.113152985562827,"p1","Day33","pLNA-Ctrl","C_3",33,"p6","p8"
"206","C","3",181625,26472,28,1,0,27,179,57,"C_3_CS-R_6.tif",206,0.00179940019993336,0,0.000148657949070888,27,1.81057484658154,0.106319194414231,15.4460198941984,0.490528592319187,"CS-R","6.tif",15005,1060.17677856048,"C_3_CS-R",906.692874569834,0.0297785509925946,0.0254674508497168,0.168839766744419,0.00098554714384033,0.197420763987942,0.0537646184605132,0.000313833448038541,0.0628658298732553,"p1","Day33","pLNA-Ctrl","C_3",33,"p6","p8"
"207","C","3",127530,74610,22,2,0,19,85,72,"C_3_CS-R_7.tif",207,0.00288271885905022,0,0.000148984552654277,9.5,1.68668704269563,0.102834217551787,19.1066196635365,0.449466299760205,"CS-R","7.tif",6591,465.686447683579,"C_3_CS-R",636.644417309791,0.0298439748836352,0.0407999848277955,0.182526247913822,0.000666509840821767,0.133512519216263,0.15461046882112,0.000564573041637262,0.113092957453776,"p1","Day33","pLNA-Ctrl","C_3",33,"p6","p8"
"208","C","3",83406,27101,23,1,0,23,65,95,"C_3_CS-R_8.tif",208,0.00328196347031963,0,0.00027575953768314,23,1.54141826686951,0.109097371658617,15.8416377042469,0.312573140549401,"CS-R","8.tif",7008,495.149541096423,"C_3_CS-R",416.37233803921,0.0552390202200082,0.0464506135844749,0.131273473173516,0.000779320432582788,0.156110274534806,0.191861230022831,0.00113900678608254,0.228161170473947,"p1","Day33","pLNA-Ctrl","C_3",33,"p6","p8"
"209","C","4",81209,34421,32,1,0,30,74,118,"C_4_CS-L_1.tif",209,0.00563274502440856,0,0.000369417182824564,30,1.70556191480844,0.102369229298021,16.857812824517,0.302822837852949,"CS-L","1.tif",5326,376.30799884126,"C_4_CS-L",405.404661533058,0.0740001357817483,0.0797219301539617,0.196647427713106,0.000911229050967257,0.182533668261646,0.313572925272249,0.00145304091910995,0.291067200741543,"p1","Day33","pLNA-1229","C_4",33,"p6","p8"
"210","C","4",97645,29874,24,1,0,24,77,91,"C_4_CS-L_2.tif",210,0.0035288928098809,0,0.000245788314813867,24,2.07137219259491,0.11098619879479,17.2178658009558,0.30754567451646,"CS-L","2.tif",6801,480.523976740407,"C_4_CS-L",487.455062559512,0.0492353077101746,0.0499454786060873,0.160241743861197,0.000788570843361155,0.157963278903477,0.189376606381414,0.000931947360335911,0.186683875067745,"p1","Day33","pLNA-1229","C_4",33,"p6","p8"
"211","C","4",53761,54828,47,2,0,49,69,119,"C_4_CS-L_3.tif",211,0.0127471383975026,0,0.000911441379438626,24.5,2.28770090110492,0.129079171208281,19.6620617808164,0.325288602731304,"CS-L","3.tif",3844,271.597436640218,"C_4_CS-L",268.381090872671,0.182576201030673,0.180414073881374,0.254052471383975,0.00128345826900541,0.257097099410539,0.438148465140479,0.00221350049292238,0.443399345360205,"p1","Day33","pLNA-1229","C_4",33,"p6","p8"
"212","C","4",126622,66734,38,2,1,38,121,159,"C_4_CS-L_4.tif",212,0.004739336492891,0.5,0.000300105826791553,19,1.74747781538643,0.102955111208747,14.4775434802726,0.309177057637543,"CS-L","4.tif",8018,566.510990369737,"C_4_CS-L",632.111576951309,0.0601159690560882,0.0670772511848341,0.213588089299077,0.000955600132678365,0.19142190146807,0.280665340483911,0.00125570595946992,0.251537870524159,"p1","Day33","pLNA-1229","C_4",33,"p6","p8"
"213","C","4",78070,30076,24,1,1,22,48,101,"C_4_CS-L_5.tif",213,0.00497287522603978,1,0.000281798386063789,22,2.16848821379244,0.107702213332062,17.2849294370649,0.311529481184129,"CS-L","5.tif",4424,312.577278797171,"C_4_CS-L",389.734412760726,0.0564486975737159,0.0703825949367089,0.153562025316456,0.000614832842320994,0.123160794706289,0.323120094936709,0.00129371077238376,0.25915083886115,"p1","Day33","pLNA-1229","C_4",33,"p6","p8"
"214","C","4",99052,45199,39,1,0,36,76,122,"C_4_CS-L_6.tif",214,0.00666173205033309,0,0.000363445462989137,36,2.03708885977731,0.119422782502478,15.8114625288815,0.308131007568689,"CS-L","6.tif",5404,381.819081062367,"C_4_CS-L",494.478968269187,0.0728039053430521,0.0942854922279793,0.199047150259067,0.000767273755199289,0.153697133501999,0.319523056994819,0.00123167629124096,0.246724345884788,"p1","Day33","pLNA-1229","C_4",33,"p6","p8"
"215","C","4",92535,31846,30,1,1,27,65,103,"C_4_CS-L_7.tif",215,0.00406871609403255,1,0.000291781488085589,27,1.40553292179337,0.0941739364082432,16.7832358178583,0.301130849913466,"CS-L","7.tif",6636,468.865918195756,"C_4_CS-L",461.945355255717,0.0584484716488896,0.0575857594936709,0.138632383966245,0.000702436915761604,0.140709283599179,0.219679008438819,0.00111309234343762,0.222970095549468,"p1","Day33","pLNA-1229","C_4",33,"p6","p8"
"216","C","4",161332,59003,13,2,0,13,115,69,"C_4_CS-L_8.tif",216,0.0010469517596843,0,8.05791783403169e-05,6.5,3.17164449147556,0.13907479204876,13.337866137857,0.481764202506515,"CS-L","8.tif",12417,877.321896660143,"C_4_CS-L",805.387886249693,0.0161412907022165,0.0148178223403399,0.131080736087622,0.000712815808395111,0.1427883408273,0.0786484416525731,0.000427689485037066,0.0856730044963801,"p1","Day33","pLNA-1229","C_4",33,"p6","p8"
"217","C","4",70858,36790,24,1,0,26,51,93,"C_4_CS-R_1.tif",217,0.00607192900513779,0,0.00036693104518897,26,1.6767145845966,0.105860137581074,14.3013587933715,0.290157132714583,"CS-R","1.tif",4282,302.544282958745,"C_4_CS-R",353.731279869342,0.0735021228815377,0.0859378327884166,0.16857036431574,0.000719749357870671,0.144177241036862,0.307393017281644,0.00131248412317593,0.262911439537808,"p1","Day33","pLNA-1229","C_4",33,"p6","p8"
"218","C","4",121865,36385,18,1,0,17,86,54,"C_4_CS-R_2.tif",218,0.00175077239958805,0,0.000139498625528248,17,1.57468705658996,0.102842683676132,13.1731836906186,0.420182829307132,"CS-R","2.tif",9710,686.059081627606,"C_4_CS-R",608.364086218598,0.0279437928456078,0.0247792070030896,0.125353635427394,0.000705698929142904,0.141362716748369,0.0787104222451081,0.00044311328108973,0.0887626360978132,"p1","Day33","pLNA-1229","C_4",33,"p6","p8"
"219","C","4",66019,24838,23,1,0,23,65,74,"C_4_CS-R_3.tif",219,0.00420706054508871,0,0.000348384555961163,23,2.59563944225128,0.127926372507596,13.1536579458295,0.286972926132033,"CS-R","3.tif",5467,386.270339779415,"C_4_CS-R",329.574435712186,0.0697869661835229,0.0595437900128041,0.168275928297055,0.00098456504945546,0.197224034866478,0.191575672215109,0.00112088944091852,0.224531978155682,"p1","Day33","pLNA-1229","C_4",33,"p6","p8"
"220","C","4",68750,28484,26,1,1,22,53,81,"C_4_CS-R_4.tif",220,0.00530376084860174,1,0.00032,22,1.63146237579157,0.102743186590876,15.273594253777,0.299965517245626,"CS-R","4.tif",4148,293.076526322483,"C_4_CS-R",343.20790159216,0.0641010882848,0.0750657184185149,0.180840139826422,0.000770909090909091,0.154425349049745,0.276378326904532,0.00117818181818182,0.236008552321309,"p1","Day33","pLNA-1229","C_4",33,"p6","p8"
"221","C","4",74023,32701,10,1,0,10,41,78,"C_4_CS-R_5.tif",221,0.00174794616325817,0,0.000135093146724667,10,1.31599052622914,0.0947496972309003,13.1304748123273,0.274771090326148,"CS-R","5.tif",5721,404.21668444815,"C_4_CS-R",369.531323629912,0.0270613053902166,0.0247392064324419,0.101430746373012,0.000553881901571133,0.110951352099888,0.192965810173047,0.0010537265444524,0.211078182043689,"p1","Day33","pLNA-1229","C_4",33,"p6","p8"
"222","C","4",48305,24593,8,1,0,8,35,46,"C_4_CS-R_6.tif",222,0.00225733634311512,0,0.000165614325639168,8,1.59515504177128,0.104818322617595,11.2911421400697,0.273954878301214,"CS-R","6.tif",3544,250.400966559036,"C_4_CS-R",241.144111802317,0.0331751828406997,0.0319487584650113,0.139775818284424,0.000724562674671359,0.145141424928061,0.183705361173815,0.000952282372425215,0.190757301334023,"p1","Day33","pLNA-1229","C_4",33,"p6","p8"
"223","C","4",41021,30731,20,1,1,20,41,47,"C_4_CS-R_7.tif",223,0.00872219799389446,1,0.000487555154676873,20,1.90926315871681,0.120961734129858,15.6543120618196,0.2884196420408,"CS-R","7.tif",2293,162.011686320505,"C_4_CS-R",204.781546635811,0.0976650500426611,0.123447884866986,0.253068163977322,0.000999488067087589,0.200213352587455,0.290102529437418,0.00114575461349065,0.229512867600254,"p1","Day33","pLNA-1229","C_4",33,"p6","p8"
"224","C","4",86359,54971,9,2,0,9,71,42,"C_4_CS-R_8.tif",224,0.00134952766531714,0,0.000104216121075974,4.5,1.76639469545072,0.111423001895664,9.29051434958265,0.265416998888008,"CS-R","8.tif",6669,471.197529904687,"C_4_CS-R",431.114053434143,0.020876146180595,0.0191002699055331,0.150679907032539,0.000822149399599347,0.164689597646916,0.0891345928924876,0.000486341898354543,0.0974220155094431,"p1","Day33","pLNA-1229","C_4",33,"p6","p8"
"241","D","1",85424,73317,13,3,0,12,52,90,"D_1_CS-L_1.tif",241,0.00186915887850467,0,0.000140475744521446,4,1.88052772974166,0.142282142637535,17.5214696175522,0.370576166628435,"CS-L","1.tif",6420,453.604459737305,"D_1_CS-L",426.44642597249,0.0281395253170069,0.0264547663551402,0.114637320872274,0.000608728226259599,0.121937943040363,0.198410747663551,0.00105356808391084,0.211046439877552,"p2","Day21","pLNA-181c","D_1",21,"p6","p8"
"242","D","1",32410,30322,5,1,1,4,36,12,"D_1_CS-L_2.tif",242,0.00186480186480186,1,0.000123418697932737,4,2.62032714361946,0.160896679953261,13.5702716285984,0.313530632717488,"CS-L","2.tif",2145,151.554761080455,"D_1_CS-L",161.79444495421,0.024722727663067,0.0263931002331002,0.237537902097902,0.00111076828139463,0.222504548967603,0.0791793006993007,0.00037025609379821,0.0741681829892009,"p2","Day21","pLNA-181c","D_1",21,"p6","p8"
"243","D","1",51215,50553,18,2,0,16,44,46,"D_1_CS-L_3.tif",243,0.00449185850645705,0,0.000312408474079859,8,2.57617720114914,0.169890140731776,16.6745021706042,0.354165319300251,"CS-L","3.tif",3562,251.672754763907,"D_1_CS-L",255.671166255163,0.0625803849309773,0.0635746209994385,0.174830207748456,0.000859123303719613,0.172096058560187,0.182777035373386,0.000898174362979596,0.17991860667656,"p2","Day21","pLNA-181c","D_1",21,"p6","p8"
"244","D","1",15133,23934,3,1,0,2,6,14,"D_1_CS-L_4.tif",244,0.00155642023346304,0,0.000132161501354655,2,2.5645889043808,0.159085090505205,18.0258291906544,0.34091240363183,"CS-L","4.tif",1285,90.7915468477316,"D_1_CS-L",75.5456752697332,0.0264740502068327,0.0220284824902724,0.0660854474708171,0.000396484504063966,0.0794221506204982,0.154199377431907,0.000925130509482588,0.185318351447829,"p2","Day21","pLNA-181c","D_1",21,"p6","p8"
"245","D","1",30363,23604,5,1,0,5,26,30,"D_1_CS-L_5.tif",245,0.00208507089241034,0,0.000164674109936436,5,1.72916351459347,0.144168645129953,10.8636733690898,0.281737329837428,"CS-L","5.tif",2398,169.430450848919,"D_1_CS-L",151.575585687895,0.032986842685176,0.0295106338615513,0.153455296080067,0.000856305371669466,0.171531581962915,0.177063803169308,0.000988044659618615,0.197921056111056,"p2","Day21","pLNA-181c","D_1",21,"p6","p8"
"246","D","1",14469,17787,0,1,1,0,15,6,"D_1_CS-L_6.tif",246,0,1,0,0,1.36224612941345,0.126786826603027,15.6168917566538,0.321959904927228,"CS-L","6.tif",1396,98.6342407777692,"D_1_CS-L",72.2309109547195,0,0,0.152077005730659,0.0010366991499067,0.207667324165457,0.0608308022922636,0.000414679659962679,0.0830669296661829,"p2","Day21","pLNA-181c","D_1",21,"p6","p8"
"247","D","1",59449,42891,5,2,0,6,36,25,"D_1_CS-L_7.tif",247,0.0010932944606414,0,0.000100926844858618,3,2.10012843108012,0.135573027257002,17.0040509617329,0.307320130062362,"CS-L","7.tif",5488,387.754092685098,"D_1_CS-L",296.776240607306,0.0202172518518394,0.0154737244897959,0.0928423469387755,0.00060556106915171,0.121303511111036,0.0644738520408163,0.000420528520244243,0.0842385493826641,"p2","Day21","pLNA-181c","D_1",21,"p6","p8"
"248","D","1",45439,22371,17,1,0,16,61,39,"D_1_CS-L_8.tif",248,0.00497203231821007,0,0.000352120425185413,16,2.11886552965543,0.156461051767559,13.7386540495432,0.335036202484265,"CS-L","8.tif",3218,227.367469070817,"D_1_CS-L",226.83671040649,0.0705353201927859,0.0703706650093226,0.268288160348042,0.00134245912101939,0.268915908234996,0.171528495960224,0.000858293536389445,0.171929842969916,"p2","Day21","pLNA-181c","D_1",21,"p6","p8"
"249","D","1",35268,52202,12,2,1,11,45,21,"D_1_CS-R_1.tif",249,0.0035426731078905,0.5,0.000311897470795055,5.5,2.20319965200292,0.144876083910606,21.7244279072398,0.441831111082877,"CS-R","1.tif",3105,219.383465340239,"D_1_CS-R",176.061909430579,0.0624780228476239,0.0501405152979066,0.205120289855072,0.00127594419870704,0.255591911649371,0.0957228019323672,0.000595440626063287,0.119276225436373,"p2","Day21","pLNA-181c","D_1",21,"p6","p8"
"250","D","1",33965,45184,4,2,0,4,25,31,"D_1_CS-R_2.tif",250,0.00170940170940171,0,0.000117768290887678,2,1.83299000382423,0.143610153986035,11.4176994744808,0.319775109915763,"CS-R","2.tif",2340,165.332466633223,"D_1_CS-R",169.557183673858,0.0235908612854409,0.0241936752136752,0.15121047008547,0.000736051818047991,0.147442883034006,0.187500982905983,0.000912704254379508,0.182829174962167,"p2","Day21","pLNA-181c","D_1",21,"p6","p8"
"251","D","1",77463,52732,11,2,0,10,57,57,"D_1_CS-R_3.tif",251,0.001822821728035,0,0.000129093889986187,5,1.78923061124065,0.136957795574447,16.1592522396853,0.381428074545256,"CS-R","3.tif",5486,387.612782884557,"D_1_CS-R",386.704198996851,0.0258595588719776,0.0257989427633977,0.147053973751367,0.000735835172921266,0.147399485570272,0.147053973751367,0.000735835172921266,0.147399485570272,"p2","Day21","pLNA-181c","D_1",21,"p6","p8"
"252","D","1",36527,24119,14,1,0,15,41,25,"D_1_CS-R_4.tif",252,0.00672645739910314,0,0.000410655131820297,15,2.03954654295997,0.138209186641571,15.0590811038017,0.330100193658456,"CS-R","4.tif",2230,157.560427603456,"D_1_CS-R",182.346982130281,0.0822607526856846,0.0952015695067265,0.260217623318386,0.00112245736030881,0.224846057340871,0.158669282511211,0.000684425219700496,0.137101254476141,"p2","Day21","pLNA-181c","D_1",21,"p6","p8"
"253","D","1",23198,23064,1,1,0,1,25,9,"D_1_CS-R_5.tif",253,0.00040048057669203,0,4.31071644107251e-05,1,1.36839368075132,0.116658288878969,6.02365996109115,0.251573554267105,"CS-R","5.tif",2497,176.425285975709,"D_1_CS-R",115.807082198326,0.00863505047374774,0.00566812174609531,0.141703043652383,0.00107767911026813,0.215876261843693,0.0510130957148578,0.000387964479696526,0.0777154542637296,"p2","Day21","pLNA-181c","D_1",21,"p6","p8"
"254","D","1",29734,24008,4,1,0,4,33,23,"D_1_CS-R_6.tif",254,0.00203873598369011,0,0.000134526131701083,4,2.04914052490935,0.144417492043311,22.1688012765801,0.416335867181572,"CS-R","6.tif",1962,138.624914330933,"D_1_CS-R",148.43554539551,0.0269477232649492,0.0288548419979613,0.23805244648318,0.00110984058653393,0.222318716935831,0.165915341488277,0.000773525257281227,0.154949408773458,"p2","Day21","pLNA-181c","D_1",21,"p6","p8"
"255","D","1",31917,39570,2,2,0,2,22,4,"D_1_CS-R_7.tif",255,0.00066577896138482,0,6.26625309396247e-05,1,1.74635968425057,0.135529447794045,12.095262054354,0.270649765506994,"CS-R","7.tif",3004,212.247320412907,"D_1_CS-R",159.33333229261,0.0125523013372184,0.00942296937416778,0.103652663115846,0.000689287840335871,0.138075314709403,0.0188459387483356,0.000125325061879249,0.0251046026744368,"p2","Day21","pLNA-181c","D_1",21,"p6","p8"
"256","D","1",29995,38283,2,2,1,2,27,27,"D_1_CS-R_8.tif",256,0.000736648250460405,0.5,6.66777796299383e-05,1,1.67633014972563,0.128386169689861,10.0126757274071,0.275089402520958,"CS-R","8.tif",2715,191.828054234701,"D_1_CS-R",149.738487392827,0.013356619495916,0.0104260036832413,0.140751049723757,0.000900150025004167,0.180314363194866,0.140751049723757,0.000900150025004167,0.180314363194866,"p2","Day21","pLNA-181c","D_1",21,"p6","p8"
"257","D","2",33505,26802,3,1,0,3,44,7,"D_2_CS-L_1.tif",257,0.00121457489878543,0,8.95388747948067e-05,3,1.66474923254414,0.121105264941893,14.0480092636177,0.376363596926716,"CS-L","1.tif",2470,174.517603668402,"D_2_CS-L",167.260810805023,0.0179360603691986,0.0171902429149798,0.252123562753036,0.00131323683032383,0.263062218748247,0.0401105668016194,0.000208924041187882,0.0418508075281301,"p2","Day21","Empty","D_2",21,"p5","p7"
"258","D","2",20028,28591,3,1,0,3,20,8,"D_2_CS-L_2.tif",258,0.00223214285714286,0,0.000149790293588975,3,1.85638513751328,0.139896389887389,19.4931867979467,0.450184322784226,"CS-L","2.tif",1344,94.9601859636975,"D_2_CS-L",99.982077863095,0.0300053776048532,0.0315921875,0.210614583333333,0.000998601957259836,0.200035850699021,0.0842458333333333,0.000399440782903934,0.0800143402796085,"p2","Day21","Empty","D_2",21,"p5","p7"
"259","D","2",22354,64300,0,3,0,0,31,5,"D_2_CS-L_3.tif",259,0,0,0,0,1.66287554247725,0.127923615588864,9.7196703851223,0.313770129133793,"CS-L","3.tif",2009,141.945694643652,"D_2_CS-L",111.593737195508,0,0,0.218393379790941,0.00138677641585399,0.277793367074796,0.0352247386759582,0.00022367361546032,0.0448053817862575,"p2","Day21","Empty","D_2",21,"p5","p7"
"260","D","2",46762,73155,12,3,0,9,41,23,"D_2_CS-L_4.tif",260,0.00238853503184713,0,0.0001924639664685,3,1.90764421388143,0.127954883010884,20.03745756849,0.501116091747358,"CS-L","4.tif",3768,266.227664219652,"D_2_CS-L",233.441278461856,0.0385535928320003,0.033805652866242,0.154003529723992,0.000876780291689834,0.175633034012446,0.0863922239915074,0.000491852358752834,0.0985258483484453,"p2","Day21","Empty","D_2",21,"p5","p7"
"261","D","2",35606,23483,2,1,0,0,19,21,"D_2_CS-L_5.tif",261,0,0,0,0,1.17465235724261,0.106838184392826,16.7659266051792,0.430593918958768,"CS-L","5.tif",2714,191.757399334431,"D_2_CS-L",177.749244277679,0,0,0.0990835298452469,0.000533617929562433,0.106892156291355,0.109513375092115,0.000589788237937426,0.118143962216761,"p2","Day21","Empty","D_2",21,"p5","p7"
"262","D","2",31076,46214,1,2,1,1,25,5,"D_2_CS-L_6.tif",262,0.000491159135559921,0.5,3.2179173638821e-05,0.5,1.51589044421911,0.114750191307659,6.339040184021,0.340788938084957,"CS-L","6.tif",2036,143.853376950958,"D_2_CS-L",155.134963634589,0.00644600015735616,0.00695152259332023,0.173788064833006,0.000804479340970524,0.161150003933904,0.0347576129666012,0.000160895868194105,0.0322300007867808,"p2","Day21","Empty","D_2",21,"p5","p7"
"263","D","2",25908,19374,3,1,1,2,24,6,"D_2_CS-L_7.tif",263,0.0010487676979549,1,7.71962328238382e-05,2,1.32069632178172,0.108088618624081,9.23762873311838,0.403920609332538,"CS-L","7.tif",1907,134.73889481605,"D_2_CS-L",129.335713664723,0.0154636329234213,0.0148435238594651,0.178122286313582,0.000926354793886058,0.185563595081056,0.0445305715783954,0.000231588698471515,0.046390898770264,"p2","Day21","Empty","D_2",21,"p5","p7"
"264","D","2",53575,21053,9,1,0,7,51,27,"D_2_CS-L_8.tif",264,0.00153879973620576,0,0.000130657956136258,7,1.4250825405413,0.115005418990543,18.3537374425817,0.402687160528489,"CS-L","8.tif",4549,321.409141330997,"D_2_CS-L",267.452557495272,0.0261728661918805,0.021779094306441,0.158676258518356,0.000951936537564162,0.190688025112273,0.0840050780391295,0.000503966402239851,0.100952483882968,"p2","Day21","Empty","D_2",21,"p5","p7"
"265","D","2",44085,30477,15,1,2,14,39,41,"D_2_CS-R_1.tif",265,0.00620017714791851,2,0.00031756833390042,14,3.35229247254439,0.176968486961771,15.7496779786377,0.459426575103619,"CS-R","1.tif",2258,159.538764811033,"D_2_CS-R",220.077386788224,0.0636139868993989,0.0877529672276351,0.244454694419841,0.000884654644436883,0.177210392076897,0.256990832595217,0.0009300215492798,0.186298104491097,"p2","Day21","Empty","D_2",21,"p5","p7"
"266","D","2",60192,51815,24,2,0,21,47,70,"D_2_CS-R_2.tif",266,0.00515590473852197,0,0.000348883572567783,10.5,2.71162234801561,0.138704609963432,20.3554521605372,0.395074143519271,"CS-R","2.tif",4073,287.777408802187,"D_2_CS-R",300.485382001968,0.0698869271446372,0.0729730665357231,0.163320672722809,0.00078083466241361,0.156413598847521,0.243243555119077,0.00116294524189261,0.232956423815457,"p2","Day21","Empty","D_2",21,"p5","p7"
"267","D","2",27125,79305,0,3,0,0,16,3,"D_2_CS-R_3.tif",267,0,0,0,0,1.65273995324969,0.125985692845889,15.6263166815042,0.372999562019119,"CS-R","3.tif",1912,135.092169317403,"D_2_CS-R",135.41111753727,0,0,0.118437656903766,0.000589861751152074,0.118158688082581,0.0222070606694561,0.000110599078341014,0.0221547540154839,"p2","Day21","Empty","D_2",21,"p5","p7"
"268","D","2",17878,25537,2,1,1,1,11,6,"D_2_CS-R_4.tif",268,0.000643086816720257,1,5.59346683074169e-05,1,1.08220451257446,0.0955044235242154,13.9772411435843,0.282882976462374,"CS-R","4.tif",1555,109.868369920796,"D_2_CS-R",89.2490307587584,0.0112046034729836,0.00910180064308682,0.100119807073955,0.000615281351381586,0.123250638202819,0.0546108038585209,0.000335608009844502,0.0672276208379013,"p2","Day21","Empty","D_2",21,"p5","p7"
"269","D","2",31854,23100,13,1,0,12,38,30,"D_2_CS-R_5.tif",269,0.00468201326570425,0,0.000376718779431155,12,1.66403488873651,0.119841317479956,18.0819373846054,0.374396789079644,"CS-R","5.tif",2563,181.088509393569,"D_2_CS-R",159.018829051879,0.0754627616839329,0.066265938353492,0.209842138119391,0.00119294280153199,0.238965411999121,0.16566484588373,0.000941796948577887,0.188656904209832,"p2","Day21","Empty","D_2",21,"p5","p7"
"270","D","2",11993,16292,0,1,0,0,0,10,"D_2_CS-R_6.tif",270,0,0,0,0,0,0,6.16068055778742,0.245197288173431,"CS-R","6.tif",1050,74.1876452841387,"D_2_CS-R",59.8704343824695,0,0,0,0,0,0.134793333333333,0.000833819728174769,0.167027350029184,"p2","Day21","Empty","D_2",21,"p5","p7"
"271","D","2",40563,39503,1,2,0,1,38,12,"D_2_CS-R_7.tif",271,0.000309310238168883,0,2.46530088997362e-05,0.5,1.71712664799079,0.11858194005389,12.8287886865437,0.320058759461508,"CS-R","7.tif",3233,228.427292574877,"D_2_CS-R",202.495157996841,0.00493838968739985,0.00437776059387566,0.166354902567275,0.000936814338189976,0.187658808121194,0.0525331271265079,0.000295836106796835,0.0592606762487982,"p2","Day21","Empty","D_2",21,"p5","p7"
"272","D","2",16365,20067,4,1,0,3,14,4,"D_2_CS-R_8.tif",272,0.00235478806907378,0,0.000183318056828598,3,1.87480081511395,0.119278969743445,24.152178209275,0.375178880365985,"CS-R","8.tif",1274,90.0143429447549,"D_2_CS-R",81.6959608662647,0.0367215217030247,0.033328021978022,0.155530769230769,0.000855484265200122,0.171367101280782,0.0444373626373626,0.000244424075771464,0.0489620289373663,"p2","Day21","Empty","D_2",21,"p5","p7"
"273","D","3",82167,74657,13,3,1,12,59,52,"D_3_CS-L_1.tif",273,0.00233599377068328,0.333333333333333,0.000146044032275731,4,3.33078559551199,0.220842913944442,20.918998950376,0.530063410530972,"CS-L","1.tif",5137,362.954222690115,"D_3_CS-L",410.187107638153,0.0292549418949213,0.0330620206346116,0.162554934786841,0.000718049825355678,0.14383679765003,0.143268756083317,0.000632857473194835,0.126771414877992,"p2","Day21","pLNA-1229","D_3",21,"p6","p8"
"274","D","3",36759,24809,1,1,0,1,25,20,"D_3_CS-L_2.tif",274,0.000372717107715244,0,2.72042220952692e-05,1,2.92708383917809,0.226114457255704,18.3017723254859,0.514765213748944,"CS-L","2.tif",2683,189.567097426042,"D_3_CS-L",183.505152794563,0.00544943825702549,0.00527517704062616,0.131879426015654,0.00068010555238173,0.136235956425637,0.105503540812523,0.000544084441905384,0.10898876514051,"p2","Day21","pLNA-1229","D_3",21,"p6","p8"
"275","D","3",51659,56694,30,2,0,32,57,71,"D_3_CS-L_3.tif",275,0.00748013090229079,0,0.000619446756615498,16,3.72515021918113,0.238109760952364,24.0738332389106,0.595209608541537,"CS-L","3.tif",4278,302.261663357662,"D_3_CS-L",257.887665285082,0.124085035104822,0.105868536699392,0.188578330995792,0.00110338953522136,0.221026468780464,0.234895815801777,0.00137439749124064,0.275313671638824,"p2","Day21","pLNA-1229","D_3",21,"p6","p8"
"276","D","3",10302,23422,0,1,0,0,4,2,"D_3_CS-L_4.tif",276,0,0,0,0,1.91237124428153,0.195983561398905,7.43086898326874,0.308654521945222,"CS-L","4.tif",905,63.9426847449005,"D_3_CS-L",51.4287680320354,0,0,0.0625560220994475,0.0003882741215298,0.0777774804465152,0.0312780110497238,0.0001941370607649,0.0388887402232576,"p2","Day21","pLNA-1229","D_3",21,"p6","p8"
"277","D","3",33530,41954,6,2,2,7,38,27,"D_3_CS-L_5.tif",277,0.00213544844417328,1,0.000208768267223382,3.5,2.71408809466582,0.206211176182907,14.0220673680305,0.397578387355574,"CS-L","5.tif",3278,231.606763087054,"D_3_CS-L",167.385613678329,0.041819603526096,0.0302236424649176,0.16407120195241,0.00113331345064122,0.22702070485595,0.116576906650397,0.000805249030718759,0.161304185029228,"p2","Day21","pLNA-1229","D_3",21,"p6","p8"
"278","D","3",30933,23385,6,1,0,6,21,26,"D_3_CS-L_6.tif",278,0.00225309800976342,0,0.000193967607409563,6,3.17573161813475,0.232251824738454,21.5061088823355,0.448635083466927,"CS-L","6.tif",2663,188.15399942063,"D_3_CS-L",154.421091199277,0.0388547960217244,0.0318887720615847,0.111610702215546,0.000678886625933469,0.135991786076035,0.138184678933534,0.000840526298774771,0.168370782760806,"p2","Day21","pLNA-1229","D_3",21,"p6","p8"
"279","D","3",24696,46304,4,2,0,2,21,30,"D_3_CS-L_7.tif",279,0.000931966449207828,0,8.09847748623259e-05,1,3.15164561214901,0.232098202024374,21.5032084455093,0.478364039079687,"CS-L","7.tif",2146,151.625415980725,"D_3_CS-L",123.285270366836,0.0162225381349206,0.0131904007455732,0.138499207828518,0.000850340136054422,0.170336650416667,0.197856011183597,0.00121477162293489,0.24333807202381,"p2","Day21","pLNA-1229","D_3",21,"p6","p8"
"280","D","3",35804,27579,4,1,0,4,28,16,"D_3_CS-L_8.tif",280,0.0010866612333605,0,0.000111719360965255,4,2.42920903675258,0.186971729168953,12.6045548170805,0.404615093586042,"CS-L","8.tif",3681,260.080687896109,"D_3_CS-L",178.737683034265,0.0223791644386102,0.0153798424341212,0.107658897038848,0.000782035526756787,0.156654151070271,0.0615193697364846,0.000446877443861021,0.0895166577544408,"p2","Day21","pLNA-1229","D_3",21,"p6","p8"
"281","D","3",55341,87048,6,4,0,6,54,32,"D_3_CS-R_1.tif",281,0.00138888888888889,0,0.000108418713069876,1.5,2.42490215709916,0.185078371875073,15.068807227537,0.400780311600721,"CS-R","1.tif",4320,305.229169169028,"D_3_CS-R",276.268632465625,0.0217179921819266,0.0196573611111111,0.17691625,0.000975768417628883,0.195461929637339,0.104839259259259,0.000578233136372671,0.115829291636942,"p2","Day21","pLNA-1229","D_3",21,"p6","p8"
"282","D","3",48704,51187,8,2,0,8,33,23,"D_3_CS-R_2.tif",282,0.00214534727809064,0,0.000164257555847569,4,3.17960700799118,0.194917255141138,14.664637249449,0.320984550524262,"CS-R","2.tif",3729,263.472123109098,"D_3_CS-R",243.135965660285,0.0329034002775953,0.0303637436310003,0.125250442477876,0.000677562417871222,0.13572652614508,0.0872957629391258,0.000472240473061761,0.0945972757980864,"p2","Day21","pLNA-1229","D_3",21,"p6","p8"
"283","D","3",43695,46793,11,2,0,10,39,25,"D_3_CS-R_3.tif",283,0.00285795941697628,0,0.000228859137201053,5,2.88352827880627,0.183393972961377,23.6231588816643,0.431687816791957,"CS-R","3.tif",3499,247.221496046858,"D_3_CS-R",218.130461964646,0.045844124245337,0.0404495570162904,0.157753272363532,0.000892550635084106,0.178792084556814,0.101123892540726,0.000572147843002632,0.114610310613342,"p2","Day21","pLNA-1229","D_3",21,"p6","p8"
"284","D","3",17503,24828,2,1,0,2,12,5,"D_3_CS-R_4.tif",284,0.00131492439184747,0,0.000114266125807005,2,1.74360138426224,0.173348842957359,15.0483313977718,0.337828075128567,"CS-R","4.tif",1521,107.466103311595,"D_3_CS-R",87.3769876591648,0.0228893219322402,0.0186105193951348,0.111663116370809,0.000685596754842027,0.137335931593441,0.046526298487837,0.000285665314517511,0.0572233048306005,"p2","Day21","pLNA-1229","D_3",21,"p6","p8"
"285","D","3",39694,47406,1,2,0,2,31,19,"D_3_CS-R_5.tif",285,0.00065167807103291,0,5.03854486824205e-05,1,2.30619885195648,0.165558446501332,6.68465223673143,0.246645440231607,"CS-R","5.tif",3069,216.839888930497,"D_3_CS-R",198.157010120716,0.0100930065445659,0.00922339524275008,0.142962626262626,0.000780974454577518,0.156441601440772,0.0876222548061258,0.000478661762482995,0.0958835621733763,"p2","Day21","pLNA-1229","D_3",21,"p6","p8"
"286","D","3",113207,88262,23,4,0,22,110,48,"D_3_CS-R_6.tif",286,0.00236228927305916,0,0.000194334272615651,5.5,2.94067403321916,0.168769147223423,12.1721745341395,0.353039596754364,"CS-R","6.tif",9313,658.009086220175,"D_3_CS-R",565.142355135181,0.038928244892807,0.0334341887683883,0.167170943841941,0.000971671363078255,0.194641224464035,0.0729473209492108,0.000424002049343239,0.0849343524933971,"p2","Day21","pLNA-1229","D_3",21,"p6","p8"
"287","D","3",33465,30625,8,1,0,7,30,28,"D_3_CS-R_7.tif",287,0.00216986980781153,0,0.000209173763633647,7,1.85051753893495,0.136874969613879,12.5923792075898,0.30044549122694,"CS-R","7.tif",3226,227.932708272982,"D_3_CS-R",167.061126207733,0.0419008309048259,0.0307108183508989,0.131617792932424,0.000896458987001345,0.179574989592111,0.122843273403596,0.000836695054534588,0.167603323619304,"p2","Day21","pLNA-1229","D_3",21,"p6","p8"
"288","D","3",28452,29000,4,1,0,6,18,18,"D_3_CS-R_8.tif",288,0.00247015232606011,0,0.000210881484605652,6,2.45472394136919,0.152366631284433,11.7771547014515,0.292720698758774,"CS-R","8.tif",2429,171.620752757307,"D_3_CS-R",142.035654052366,0.0422429145698018,0.0349608069164265,0.10488242074928,0.000632644453816955,0.126728743709405,0.10488242074928,0.000632644453816955,0.126728743709405,"p2","Day21","pLNA-1229","D_3",21,"p6","p8"
"305","D","5",42907,19319,3,1,1,3,33,23,"D_5_CS-L_1.tif",305,0.000715819613457409,1,6.99186612906985e-05,3,2.56254834749482,0.196929117353264,19.2245491017466,0.496315603073273,"CS-L","1.tif",4191,296.114687034119,"D_5_CS-L",214.196675398034,0.014005819625469,0.0101312097351467,0.111443307086614,0.000769105274197683,0.154064015880159,0.0776726079694584,0.000536043069895355,0.107377950461929,"p2","Day21","pLNA-Ctrl","D_5",21,"p6","p8"
"306","D","5",65205,62176,13,2,1,12,57,50,"D_5_CS-L_2.tif",306,0.00235849056603774,0.5,0.000184034966643662,6,3.14579299288361,0.202120360226643,21.1811514353752,0.569553291772872,"CS-L","2.tif",5088,359.492132576855,"D_5_CS-L",325.510854157335,0.0368651301384863,0.0333804245283019,0.158557016509434,0.000874166091557396,0.17510936815781,0.139085102201258,0.00076681236101526,0.15360470891036,"p2","Day21","pLNA-Ctrl","D_5",21,"p6","p8"
"307","D","5",21735,44844,4,2,0,4,24,13,"D_5_CS-L_3.tif",307,0.00200300450676014,0,0.000184034966643662,2,3.09204496443272,0.209828481316188,16.1685464794819,0.412134117738413,"CS-L","3.tif",1997,141.097835840405,"D_5_CS-L",108.503618052445,0.0368651301384863,0.0283491236855283,0.17009474211317,0.00110420979986197,0.221190780830918,0.092134651977967,0.000598113641591902,0.119811672950081,"p2","Day21","pLNA-Ctrl","D_5",21,"p6","p8"
"308","D","5",19386,25363,5,1,0,5,18,7,"D_5_CS-L_4.tif",308,0.00352609308885755,0,0.000257918085216135,5,2.86869781009025,0.17687128604003,19.5264733391149,0.485706994688435,"CS-L","4.tif",1418,100.188648583723,"D_5_CS-L",96.7771400765908,0.0516650935958939,0.0499058533145275,0.179661071932299,0.000928505106778087,0.185994336945218,0.0698681946403385,0.000361085319302589,0.0723311310342515,"p2","Day21","pLNA-Ctrl","D_5",21,"p6","p8"
"309","D","5",61033,26390,11,1,2,13,60,58,"D_5_CS-L_5.tif",309,0.00226717823508894,2,0.000212999524847214,13,2.51239820706348,0.190501226034726,24.5386263717865,0.594012553008251,"CS-L","5.tif",5734,405.135198151668,"D_5_CS-L",304.68375065999,0.0426671917089116,0.0320880537146843,0.148098709452389,0.000983074730064064,0.196925500194976,0.143162085803976,0.000950305572395262,0.190361316855144,"p2","Day21","pLNA-Ctrl","D_5",21,"p6","p8"
"310","D","5",18474,26765,2,1,0,2,18,11,"D_5_CS-L_6.tif",310,0.00102669404517454,0,0.000108260257659413,2,2.62240957551532,0.200540147163829,12.4698890962384,0.389725212792579,"CS-L","6.tif",1948,137.635745727145,"D_5_CS-L",92.2243312583791,0.0216862510436289,0.0145311088295688,0.130779979466119,0.000974342318934719,0.19517625939266,0.0799210985626283,0.000595431417126773,0.119274380739959,"p2","Day21","pLNA-Ctrl","D_5",21,"p6","p8"
"311","D","5",60987,51403,4,2,1,4,72,16,"D_5_CS-L_7.tif",311,0.000867302688638335,0.5,6.55877482086346e-05,2,2.94242537973656,0.199342176654755,14.8198643736541,0.478086607114076,"CS-L","7.tif",4612,325.860400048045,"D_5_CS-L",304.454113373106,0.0131382688697591,0.0122751951431049,0.220953512575889,0.00118057946775542,0.236488839655664,0.0491007805724198,0.000262350992834538,0.0525530754790365,"p2","Day21","pLNA-Ctrl","D_5",21,"p6","p8"
"312","D","5",61937,48139,29,2,0,28,64,49,"D_5_CS-L_8.tif",312,0.00556770729767349,0,0.000452072266980965,14,3.97517667349894,0.219715623139626,23.165250249055,0.445728496703555,"CS-L","8.tif",5029,355.323493460889,"D_5_CS-L",309.196622558744,0.0905572634276765,0.0788014316961623,0.180117558162657,0.00103330803881363,0.206988030691832,0.137902505468284,0.000791126467216688,0.158475210998434,"p2","Day21","pLNA-Ctrl","D_5",21,"p6","p8"
"313","D","5",18077,29821,7,1,0,7,15,27,"D_5_CS-R_1.tif",313,0.00441083805923125,0,0.000387232394755767,7,2.43410595059395,0.184561490904893,15.8733439086764,0.393419080392681,"CS-R","1.tif",1587,112.129326729455,"D_5_CS-R",90.242461630276,0.0775688060092936,0.0624279143037177,0.133774102079395,0.000829783703048072,0.166218870019915,0.240793383742911,0.00149361066548653,0.299193966035847,"p2","Day21","pLNA-Ctrl","D_5",21,"p6","p8"
"314","D","5",8869,21887,0,1,0,0,6,0,"D_5_CS-R_2.tif",314,0,0,0,0,2.55140510449807,0.200816538029661,0,0,"CS-R","2.tif",721,50.9421830951086,"D_5_CS-R",44.2750673341217,0,0,0.117780582524272,0.000676513699402413,0.135516451160221,0,0,0,"p2","Day21","pLNA-Ctrl","D_5",21,"p6","p8"
"315","D","5",25952,19008,5,1,0,6,31,36,"D_5_CS-R_3.tif",315,0.00288322921672273,0,0.000231196054254007,6,2.12425027547344,0.178726050904384,9.9086929899123,0.310608748087885,"CS-R","3.tif",2081,147.032847463136,"D_5_CS-R",129.555366721742,0.0463122458901048,0.0408072080730418,0.210837241710716,0.00119451294697904,0.239279937098875,0.244843248438251,0.00138717632552404,0.277873475340629,"p2","Day21","pLNA-Ctrl","D_5",21,"p6","p8"
"316","D","5",28071,24250,0,1,0,0,18,6,"D_5_CS-R_4.tif",316,0,0,0,0,2.22426777333021,0.194024047969933,7.6375448256731,0.338245428865747,"CS-R","4.tif",2213,156.359294298856,"D_5_CS-R",140.133658263179,0,0,0.115119475824672,0.000641231163834562,0.128448798262264,0.0383731586082241,0.000213743721278187,0.0428162660874212,"p2","Day21","pLNA-Ctrl","D_5",21,"p6","p8"
"317","D","5",14050,16454,1,1,0,1,10,12,"D_5_CS-R_5.tif",317,0.000925069380203515,0,7.11743772241993e-05,1,1.89003280028701,0.180501718144211,10.5567483045161,0.334993256786706,"CS-R","5.tif",1081,76.3779471925275,"D_5_CS-R",70.1392147981069,0.0142573594939502,0.0130927844588344,0.130927844588344,0.000711743772241993,0.142573594939502,0.157113413506013,0.000854092526690391,0.171088313927402,"p2","Day21","pLNA-Ctrl","D_5",21,"p6","p8"
"318","D","5",20352,24915,3,1,0,2,17,8,"D_5_CS-R_6.tif",318,0.00133779264214047,0,9.82704402515723e-05,2,1.94257401631159,0.178027792166849,8.29465935006738,0.336919388127806,"CS-R","6.tif",1495,105.629075904559,"D_5_CS-R",101.599523101144,0.0196851317698506,0.0189341806020067,0.160940535117057,0.000835298742138365,0.16732362004373,0.0757367224080268,0.000393081761006289,0.0787405270794025,"p2","Day21","pLNA-Ctrl","D_5",21,"p6","p8"
"319","D","5",59658,23135,23,1,0,18,49,86,"D_5_CS-R_7.tif",319,0.00380308472427636,0,0.000301719802876395,18,2.95816505867608,0.189086826630649,14.848846793348,0.320551308764024,"CS-R","7.tif",4733,334.409642980789,"D_5_CS-R",297.819592628147,0.0604392741295384,0.0538261990281006,0.146526875132052,0.000821348352274632,0.16452913513041,0.257169617578703,0.00144155016929833,0.288765420841128,"p2","Day21","pLNA-Ctrl","D_5",21,"p6","p8"
"320","D","5",16682,22912,0,1,1,0,13,12,"D_5_CS-R_8.tif",320,0,1,0,0,2.38900998234749,0.184023314632478,14.444968316704,0.335560593438875,"CS-R","8.tif",1160,81.9596843139056,"D_5_CS-R",83.2784612997878,0,0,0.158614568965517,0.000779283059585182,0.156102788129121,0.146413448275862,0.00071933820884786,0.144094881349958,"p2","Day21","pLNA-Ctrl","D_5",21,"p6","p8"
"401","F","1",113015,66197,39,2,0,43,95,184,"F_1_CS-L_1.tif",401,0.004657712305026,0,0.00038048046719462,21.5,2.63753189436699,0.183664701678418,19.3495645329518,0.455761200127365,"CS-L","1.tif",9232,652.286039298256,"F_1_CS-L",564.183869068189,0.0762162875571384,0.0659219995667244,0.14564162694974,0.00084059638101137,0.168384821347166,0.282084835355286,0.00162810246427465,0.326134811872406,"p2","Day33","pLNA-181c","F_1",33,"p6","p8"
"402","F","1",40630,23930,11,1,0,11,42,63,"F_1_CS-L_2.tif",402,0.00251141552511416,0,0.000270735909426532,11,2.32152976024719,0.154683771326696,13.9406784895867,0.292610658949858,"CS-L","2.tif",4380,309.468463185264,"F_1_CS-L",202.829629697301,0.0542327076000492,0.0355448173515982,0.135716575342466,0.0010337189269013,0.207070338109279,0.203574863013699,0.00155057839035196,0.310605507163918,"p2","Day33","pLNA-181c","F_1",33,"p6","p8"
"403","F","1",78518,29247,55,1,2,51,76,136,"F_1_CS-L_3.tif",403,0.00773078672123693,2,0.000649532591252961,51,4.16507109333026,0.231764779208489,17.4337950319271,0.3104642313013,"CS-L","3.tif",6597,466.110377085203,"F_1_CS-L",391.970880250374,0.130111706174253,0.109416143701683,0.163051508261331,0.00096793092029853,0.193891954298887,0.291776383204487,0.0017320869100079,0.346964549798008,"p2","Day33","pLNA-181c","F_1",33,"p6","p8"
"404","F","1",118736,56009,63,2,4,63,151,184,"F_1_CS-L_4.tif",404,0.00535896563456958,2,0.000530588869424606,31.5,3.15048720756706,0.194670210009391,15.6356053546719,0.303585873954542,"CS-L","4.tif",11756,830.619007581271,"F_1_CS-L",592.743758595589,0.106285387380997,0.0758470483157536,0.181792131677441,0.00127172887750977,0.254747515786198,0.221521537938074,0.00154965638054171,0.310420813938148,"p2","Day33","pLNA-181c","F_1",33,"p6","p8"
"405","F","1",91986,34193,33,1,0,30,78,153,"F_1_CS-L_5.tif",405,0.00408830744071954,0,0.000326136586002218,30,2.70884142749203,0.187158000713884,16.2530366726755,0.326937726757533,"CS-L","5.tif",7338,518.465658185723,"F_1_CS-L",459.204684157912,0.0653303440382232,0.0578630417007359,0.150443908421913,0.000847955123605766,0.16985889449938,0.295101512673753,0.00166329658861131,0.333184754594938,"p2","Day33","pLNA-181c","F_1",33,"p6","p8"
"406","F","1",107537,35700,52,1,1,46,114,165,"F_1_CS-L_6.tif",406,0.0049218917183822,1,0.000427759747807731,46,2.8778394837782,0.191327420652969,18.0026089233883,0.38434232032845,"CS-L","6.tif",9346,660.340697929105,"F_1_CS-L",536.837063469325,0.0856870792465849,0.0696610100577787,0.172638155360582,0.00106010024456699,0.212354935524145,0.249871014337685,0.00153435561713643,0.307355827732315,"p2","Day33","pLNA-181c","F_1",33,"p6","p8"
"407","F","1",53216,28702,34,1,0,33,54,87,"F_1_CS-L_7.tif",407,0.00858927641853201,0,0.000620114251352977,33,3.29984007044523,0.226009524955849,16.2157041733635,0.316371305748606,"CS-L","7.tif",3842,271.456126839677,"F_1_CS-L",265.660388234595,0.124218744914499,0.121566605934409,0.198927173347215,0.00101473241130487,0.203267037132817,0.320493779281624,0.00163484666265785,0.327485782047317,"p2","Day33","pLNA-181c","F_1",33,"p6","p8"
"408","F","1",85856,24835,35,1,0,32,72,109,"F_1_CS-L_8.tif",408,0.00441075120606478,0,0.000372717107715244,32,3.89678309950978,0.231128812026261,17.2795902158416,0.337369694585336,"CS-L","8.tif",7255,512.601301463263,"F_1_CS-L",428.603019623222,0.0746611632090943,0.0624266850447967,0.140460041350793,0.000838613492359299,0.167987617220462,0.212640895933839,0.00126956764815505,0.254314587180977,"p2","Day33","pLNA-181c","F_1",33,"p6","p8"
"409","F","1",102455,27186,72,1,2,63,128,158,"F_1_CS-R_1.tif",409,0.00745650372825186,2,0.000614904104240886,63,3.81614928756608,0.215703431882145,21.0560451353653,0.413538580751221,"CS-R","1.tif",8449,596.963252386369,"F_1_CS-R",511.467135383633,0.123175069601972,0.105534134217067,0.214418558409279,0.00124932897369577,0.250260458873847,0.264672908036454,0.00154214045190571,0.308915253922405,"p2","Day33","pLNA-181c","F_1",33,"p6","p8"
"410","F","1",79526,28035,18,1,2,18,73,72,"F_1_CS-R_2.tif",410,0.00230120173868576,2,0.000226341070844755,18,2.88424903113548,0.196286891771075,14.3016789114724,0.356846508778212,"CS-R","2.tif",7822,552.662629916698,"F_1_CS-R",397.002932102082,0.0453397155146744,0.0325695985681411,0.132087816415239,0.00091793878731484,0.183877735142846,0.130278394272565,0.000905364283379021,0.181358862058698,"p2","Day33","pLNA-181c","F_1",33,"p6","p8"
"411","F","1",70501,27959,47,1,1,51,74,110,"F_1_CS-R_3.tif",411,0.00777794723196584,1,0.000723393994411427,51,4.73622429733341,0.246911773701965,22.919161576439,0.396972176059251,"CS-R","3.tif",6557,463.284181074378,"F_1_CS-R",351.949094838529,0.144907319688941,0.110083620558182,0.159729174927558,0.00104963050169501,0.210257679548659,0.237435260027452,0.00156026155657367,0.312545199329088,"p2","Day33","pLNA-181c","F_1",33,"p6","p8"
"412","F","1",121418,37230,25,1,2,24,87,149,"F_1_CS-R_4.tif",412,0.00279037321241716,2,0.000197664267242089,24,5.13547240762875,0.317980739141762,19.8389843290284,0.471792162565927,"CS-R","4.tif",8601,607.702797227502,"F_1_CS-R",606.132610843882,0.0395952957663608,0.0394929891873038,0.143162085803976,0.000716532968752574,0.143532947153058,0.245185641204511,0.00122716565912797,0.24582079454949,"p2","Day33","pLNA-181c","F_1",33,"p6","p8"
"413","F","1",65189,34258,47,1,0,45,67,111,"F_1_CS-R_5.tif",413,0.00801710315339391,0,0.000690300510822378,45,4.59573339581934,0.241754200620808,18.6684405670778,0.373280204279808,"CS-R","5.tif",5613,396.585955218924,"F_1_CS-R",325.430980318419,0.138278168710212,0.11346846606093,0.168941938357385,0.00102778076055776,0.205880828968538,0.279888882950294,0.00170274126002853,0.341086149485189,"p2","Day33","pLNA-181c","F_1",33,"p6","p8"
"414","F","1",86039,24860,17,1,2,17,55,131,"F_1_CS-R_6.tif",414,0.00265915845455967,2,0.000197584816188008,17,2.61609494144266,0.199238616925744,18.4098521959008,0.389829880301346,"CS-R","6.tif",6393,451.696777429999,"F_1_CS-R",429.516576655823,0.0395793804568858,0.0376358673549194,0.121763100265916,0.000639244993549437,0.128050936772278,0.290017566087909,0.0015225653482723,0.304994049403061,"p2","Day33","pLNA-181c","F_1",33,"p6","p8"
"415","F","1",90795,31261,55,1,0,57,86,161,"F_1_CS-R_7.tif",415,0.00672169811320755,0,0.000627787873781596,57,3.73260427422302,0.224615558484109,22.6896517793214,0.48067158927295,"CS-R","7.tif",8480,599.153554294758,"F_1_CS-R",453.259075273602,0.125755893504378,0.0951342099056604,0.143535825471698,0.000947188721845917,0.189736962129412,0.26871241745283,0.00177322539787433,0.355205243056226,"p2","Day33","pLNA-181c","F_1",33,"p6","p8"
"416","F","1",91617,23991,28,1,1,26,94,123,"F_1_CS-R_8.tif",416,0.00290405450686921,1,0.000283790126286606,26,2.73468359472587,0.200516623769796,16.2674427627306,0.348735364980347,"CS-R","8.tif",8953,632.573322122756,"F_1_CS-R",457.362593747912,0.0568476748107884,0.0411019546520719,0.148599374511337,0.00102601045657465,0.205526208931312,0.194443862392494,0.00134254559743279,0.268933230835653,"p2","Day33","pLNA-181c","F_1",33,"p6","p8"
"417","F","2",88212,37464,24,1,0,24,66,153,"F_2_CS-L_1.tif",417,0.00292290829375228,0,0.000272071826962318,24,2.78746771778573,0.194880250154319,15.2963689958153,0.343978634959052,"CS-L","1.tif",8211,580.147386121964,"F_2_CS-L",440.364442403602,0.0545003131247449,0.0413687979539642,0.113764194373402,0.000748197524146375,0.149875861093049,0.263726086956522,0.00173445789688478,0.347439496170249,"p2","Day33","pLNA-1229","F_2",33,"p6","p8"
"418","F","2",133351,52312,70,2,0,63,144,223,"F_2_CS-L_2.tif",418,0.00492803504380476,0,0.000472437402044229,31.5,4.37805191204987,0.237584545655983,16.8628020346699,0.401912318124022,"CS-L","2.tif",12784,903.252245059456,"F_2_CS-L",665.703518330417,0.0946367238046209,0.0697479583854819,0.159423904881101,0.00107985691895824,0.216312511553419,0.246885630475595,0.00167227842310894,0.334983958863975,"p2","Day33","pLNA-1229","F_2",33,"p6","p8"
"419","F","2",120627,32175,74,1,3,75,121,215,"F_2_CS-L_3.tif",419,0.00678610206297503,3,0.000621751349200428,75,4.80893749657495,0.257372198052745,15.1596366193405,0.300813456057332,"CS-L","3.tif",11052,780.877957790763,"F_2_CS-L",602.183847932473,0.124546681644657,0.0960457383279045,0.154953791169019,0.00100309217671002,0.200935313053379,0.275331116539993,0.00178235386770789,0.357033820714682,"p2","Day33","pLNA-1229","F_2",33,"p6","p8"
"420","F","2",76993,25407,55,1,2,52,92,148,"F_2_CS-L_4.tif",420,0.00673139158576052,2,0.000675386074058681,52,4.99670023835548,0.266336607993945,17.4246720714948,0.342569408138767,"CS-L","4.tif",7725,545.809104590449,"F_2_CS-L",384.357904978694,0.135290569873625,0.0952714045307443,0.168557100323625,0.00119491382333459,0.239360239007182,0.271157074433657,0.00192225267232086,0.385057775794163,"p2","Day33","pLNA-1229","F_2",33,"p6","p8"
"421","F","2",55397,25049,48,1,0,48,86,129,"F_2_CS-L_5.tif",421,0.00764574705320166,0,0.000866472913695688,48,5.58284583913032,0.283361234509793,15.8853851078555,0.306538434120603,"CS-L","5.tif",6278,443.571463898879,"F_2_CS-L",276.548190901831,0.173568302303735,0.108212551768079,0.193880821917808,0.00155243063703811,0.310976541627525,0.290821232876712,0.00232864595555716,0.466464812441287,"p2","Day33","pLNA-1229","F_2",33,"p6","p8"
"422","F","2",166050,59850,70,2,5,65,190,191,"F_2_CS-L_6.tif",422,0.00395906931416738,2.5,0.000391448358928034,32.5,3.52853501431252,0.204774600175284,17.7047013390751,0.375947369921507,"CS-L","6.tif",16418,1160.01215264285,"F_2_CS-L",828.940684500046,0.0784133306705811,0.0560338957242051,0.163791387501523,0.00114423366455887,0.229208197344776,0.164653447435741,0.00115025594700391,0.230414556278169,"p2","Day33","pLNA-1229","F_2",33,"p6","p8"
"423","F","2",62471,28567,27,1,5,25,58,88,"F_2_CS-L_7.tif",423,0.00430737422467264,5,0.000400185686158377,25,3.84311384617769,0.208458496815189,20.8080271108245,0.394854644242164,"CS-L","7.tif",5804,410.08104117061,"F_2_CS-L",311.862411932565,0.0801635562460982,0.0609635596140593,0.141435458304618,0.000928430791887436,0.185979450490948,0.214591729841489,0.00140865361527749,0.282175717986266,"p2","Day33","pLNA-1229","F_2",33,"p6","p8"
"424","F","2",92267,27663,53,1,2,53,109,146,"F_2_CS-L_8.tif",424,0.0060516099566111,2,0.000574419890101553,53,4.40025464219785,0.241402884522379,15.2832263623403,0.327891806213618,"CS-L","8.tif",8758,618.795616569987,"F_2_CS-L",460.607468453874,0.115065437774827,0.0856502511989039,0.176148629824161,0.00118135411360508,0.236644013536909,0.235942201415848,0.00158236422556277,0.316972715379713,"p2","Day33","pLNA-1229","F_2",33,"p6","p8"
"425","F","2",86034,26786,30,1,0,31,89,135,"F_2_CS-R_1.tif",425,0.00383615889122633,0,0.00036032266313318,31,3.24067661023877,0.202588418219585,15.0142972509066,0.322405897300371,"CS-R","1.tif",8081,570.962249086785,"F_2_CS-R",429.491616081162,0.0721783588766069,0.0542943076351937,0.155877205791362,0.00103447474254365,0.207221740000581,0.236442952604876,0.00156914708138643,0.314325111236837,"p2","Day33","pLNA-1229","F_2",33,"p6","p8"
"426","F","2",96276,40095,44,1,2,47,79,160,"F_2_CS-R_2.tif",426,0.00581611186734315,2,0.000488179816361295,47,2.75464902837065,0.178921130197016,21.5966283181682,0.438032796481559,"CS-R","2.tif",8081,570.962249086785,"F_2_CS-R",480.620857217263,0.0977901797107275,0.0823171760920678,0.138362913005816,0.000820557563671112,0.164370727598882,0.280228684568742,0.00166188873654909,0.332902739440774,"p2","Day33","pLNA-1229","F_2",33,"p6","p8"
"427","F","2",113743,59984,37,2,0,34,94,190,"F_2_CS-R_3.tif",427,0.00340204122473484,0,0.00029891949394688,17,3.4938145749905,0.224886954622317,17.4676699931684,0.373884189918904,"CS-R","3.tif",9994,706.125073304459,"F_2_CS-R",567.818128738866,0.0598783277235522,0.0481501100660396,0.133120892535521,0.000826424483264904,0.165545964882762,0.269074144486692,0.00167043246617374,0.334614184337498,"p2","Day33","pLNA-1229","F_2",33,"p6","p8"
"428","F","2",91423,26574,32,1,0,30,66,131,"F_2_CS-R_4.tif",428,0.00415915707749896,0,0.000328144996335714,30,3.77579410441897,0.23041481789738,15.3472651739157,0.297851228065336,"CS-R","4.tif",7213,509.633795651897,"F_2_CS-R",456.394123451055,0.0657326605635343,0.058865797864966,0.129504755302925,0.000721918991938571,0.144611853239776,0.257047317343685,0.00143289981733262,0.2870326177941,"p2","Day33","pLNA-1229","F_2",33,"p6","p8"
"429","F","2",101316,24711,52,1,0,55,102,183,"F_2_CS-R_5.tif",429,0.00640428504890545,0,0.000542856014844644,55,4.86353048813694,0.241631002356322,16.0609274402342,0.320387847350275,"CS-R","5.tif",8588,606.784283523984,"F_2_CS-R",505.781116475801,0.10874269166716,0.0906417675826735,0.168099278062413,0.0010067511548028,0.20166826454637,0.301589881229623,0.00180623001302854,0.361816592274369,"p2","Day33","pLNA-1229","F_2",33,"p6","p8"
"430","F","2",58270,30222,41,1,3,42,79,106,"F_2_CS-R_6.tif",430,0.00824175824175824,3,0.000720782563926549,42,3.71663552239726,0.234314892846916,19.5147367583693,0.32550890307348,"CS-R","6.tif",5096,360.05737177902,"F_2_CS-R",290.890537102184,0.144384208638751,0.116648076923077,0.219409478021978,0.0013557576797666,0.271579821010983,0.294397527472528,0.00181911789943367,0.36439824085018,"p2","Day33","pLNA-1229","F_2",33,"p6","p8"
"431","F","2",74414,35050,41,1,1,41,76,93,"F_2_CS-R_7.tif",431,0.00725022104332449,1,0.000550971591367216,41,3.88187449190177,0.215998353371568,17.5427745742503,0.307776179975664,"CS-R","7.tif",5655,399.55346103029,"F_2_CS-R",371.483240568422,0.110368370689521,0.102614553492485,0.19021234305924,0.00102131319375386,0.204585272497648,0.232759840848806,0.00124976482919881,0.250347767661596,"p2","Day33","pLNA-1229","F_2",33,"p6","p8"
"432","F","2",93962,28124,46,1,1,44,83,149,"F_2_CS-R_8.tif",432,0.00586666666666667,1,0.000468274408803559,44,3.53414371519922,0.217475202151662,15.2842457806504,0.303020226284872,"CS-R","8.tif",7500,529.911752029562,"F_2_CS-R",469.069103264037,0.093802810063217,0.0830326933333333,0.156629853333333,0.000883335816606713,0.176946209891978,0.281178893333333,0.00158574742981205,0.317650424986803,"p2","Day33","pLNA-1229","F_2",33,"p6","p8"
"433","F","3",67315,34203,24,1,0,23,53,76,"F_3_CS-L_1.tif",433,0.00458898643256185,0,0.000341677189333729,23,3.35605315133086,0.189289481609636,20.2965902046938,0.487672473630957,"CS-L","1.tif",5012,354.122360156289,"F_3_CS-L",336.044216664382,0.0684433739949491,0.0649493016759776,0.149665782122905,0.000787343088464681,0.157717340075318,0.214615083798883,0.00112902027779841,0.226160714070267,"p2","Day33","pLNA-Ctrl","F_3",33,"p6","p8"
"434","F","3",129050,53917,44,2,3,39,89,195,"F_3_CS-L_2.tif",434,0.00426322693484915,1.5,0.000302208446338628,19.5,3.14360402499357,0.204978075194946,17.5608368143821,0.404986124699638,"CS-L","2.tif",9148,646.351027675524,"F_3_CS-L",644.232432006811,0.0605371571848896,0.0603387297770004,0.13769607564495,0.000689655172413793,0.138148897165517,0.301693648885002,0.00151104223169314,0.302685785924448,"p2","Day33","pLNA-Ctrl","F_3",33,"p6","p8"
"435","F","3",98668,33636,60,1,1,55,91,122,"F_3_CS-L_3.tif",435,0.00689482261501818,1,0.000557424899663518,55,4.03223678371408,0.223175275892352,20.7592915546943,0.41309863863482,"CS-L","3.tif",7977,563.614139458642,"F_3_CS-L",492.561996135204,0.111661070954615,0.0975844929171368,0.161457979190172,0.00092228483398873,0.184748317397637,0.216460147925285,0.00123646977743544,0.247684557390238,"p2","Day33","pLNA-Ctrl","F_3",33,"p6","p8"
"436","F","3",58318,24995,25,1,0,26,52,106,"F_3_CS-L_4.tif",436,0.00565955594253374,0,0.000445831475702185,26,2.67203314745655,0.188941925840963,24.0548257916322,0.416761806930434,"CS-L","4.tif",4594,324.588611843174,"F_3_CS-L",291.130158618932,0.0893071337004012,0.0801013931214628,0.160202786242926,0.000891662951404369,0.178614267400802,0.326567218110579,0.00181762063170891,0.36409831431702,"p2","Day33","pLNA-Ctrl","F_3",33,"p6","p8"
"437","F","3",71386,23258,30,1,0,30,68,115,"F_3_CS-L_5.tif",437,0.00596184419713832,0,0.000420250469279691,30,3.13464829763945,0.205611658723436,21.5367031985003,0.397939499975977,"CS-L","5.tif",5032,355.535458161701,"F_3_CS-L",356.36711655357,0.0841828513532065,0.0843797694753577,0.191260810810811,0.000952567730367299,0.190814463067268,0.323455782988871,0.00161096013223881,0.322700930187292,"p2","Day33","pLNA-Ctrl","F_3",33,"p6","p8"
"438","F","3",86826,26123,49,1,2,47,106,116,"F_3_CS-L_6.tif",438,0.00555424249586386,2,0.000541312510077626,47,2.9043915760967,0.191205581654278,20.7096294898154,0.401860740238535,"CS-L","6.tif",8462,597.881766089887,"F_3_CS-L",433.445371107504,0.108433503119227,0.07861086031671,0.177292578586623,0.00122083246953677,0.244552155971023,0.194018293547625,0.00133600534402138,0.267623114081496,"p2","Day33","pLNA-Ctrl","F_3",33,"p6","p8"
"439","F","3",65756,32924,21,1,1,19,55,81,"F_3_CS-L_7.tif",439,0.00398239362817019,1,0.000288947016241864,19,2.52402949035168,0.17739865502337,19.1739577444983,0.342584586006526,"CS-L","7.tif",4771,337.094529191072,"F_3_CS-L",328.261509485005,0.0578806818679664,0.0563640117375812,0.16315898134563,0.000836425573331711,0.167549342249376,0.240288681618109,0.00123182675345216,0.246754485858173,"p2","Day33","pLNA-Ctrl","F_3",33,"p6","p8"
"440","F","3",102264,37457,42,1,0,44,75,162,"F_3_CS-L_8.tif",440,0.00674329501915709,0,0.000430258937651568,44,3.23716080486774,0.190522678749757,22.7165229779519,0.444260709018139,"CS-L","8.tif",6525,461.023224265719,"F_3_CS-L",510.513641431573,0.0861877067116483,0.095439877394636,0.162681609195402,0.000733395916451537,0.146910863713037,0.351392275862069,0.00158413517953532,0.31732746562016,"p2","Day33","pLNA-Ctrl","F_3",33,"p6","p8"
"441","F","3",96971,27783,39,1,0,33,81,133,"F_3_CS-R_1.tif",441,0.00399080904583384,0,0.000340307927112229,33,2.7314641992619,0.177029800564382,19.5547420904601,0.371706608813906,"CS-R","1.tif",8269,584.24537033766,"F_3_CS-R",484.090377095176,0.0681690889994947,0.0564831176684,0.138640379731527,0.000835301275639109,0.167324127544214,0.227644080299915,0.00137154406987656,0.27474208596766,"p2","Day33","pLNA-Ctrl","F_3",33,"p6","p8"
"442","F","3",59336,34076,41,1,0,43,67,98,"F_3_CS-R_2.tif",442,0.00835275835275835,0,0.00072468653094243,43,4.33795545227937,0.220123280712286,12.5600112398364,0.283776751050433,"CS-R","2.tif",5148,363.731426593091,"F_3_CS-R",296.212131619962,0.145166235308582,0.118219094794095,0.184201845376845,0.00112916273425913,0.226189250364534,0.269429564879565,0.00165161116354321,0.33084397814514,"p2","Day33","pLNA-Ctrl","F_3",33,"p6","p8"
"443","F","3",81673,31354,34,1,2,33,85,100,"F_3_CS-R_3.tif",443,0.00403275082488085,2,0.000404050298140144,33,2.15339463835253,0.150296045507909,11.2538014768064,0.278753190173917,"CS-R","3.tif",8183,578.169048914387,"F_3_CS-R",407.721002861622,0.0809376994768161,0.0570767322497861,0.147015825491873,0.00104073561642158,0.208475892591799,0.172959794696322,0.00122439484284892,0.245265755990352,"p2","Day33","pLNA-Ctrl","F_3",33,"p6","p8"
"444","F","3",56079,31443,36,1,1,31,76,101,"F_3_CS-R_4.tif",444,0.00655668358714044,1,0.000552791597567717,31,3.31537868572693,0.198528913972456,14.9010973503389,0.29276387066635,"CS-R","4.tif",4728,334.056368479436,"F_3_CS-R",279.952813285625,0.1107329468712,0.0927987098138748,0.227506514382403,0.00135523101339182,0.271474321361651,0.30234418358714,0.00180103068884966,0.360775084967457,"p2","Day33","pLNA-Ctrl","F_3",33,"p6","p8"
"445","F","3",97547,32942,52,1,0,49,126,139,"F_3_CS-R_5.tif",445,0.00549388944948985,0,0.000502321957620429,49,3.26493792099849,0.185376355274018,15.268264911372,0.336348097246263,"CS-R","5.tif",8919,630.171055513555,"F_3_CS-R",486.965835296152,0.100623075477565,0.0777566655454647,0.199945711402624,0.0012916850338811,0.258745051228023,0.220575030833053,0.00142495412467836,0.285440969211867,"p2","Day33","pLNA-Ctrl","F_3",33,"p6","p8"
"446","F","3",85598,28054,34,1,0,33,88,127,"F_3_CS-R_6.tif",446,0.00476740826350766,0,0.000385523026238931,33,2.61614889981733,0.172625869134213,13.2944881958286,0.28508463206837,"CS-R","6.tif",6922,489.07321967315,"F_3_CS-R",427.315053970701,0.0772263923148905,0.0674745593759029,0.179932158335741,0.00102806140330382,0.205937046173041,0.259674819416354,0.00148367952522255,0.297204600727003,"p2","Day33","pLNA-Ctrl","F_3",33,"p6","p8"
"447","F","3",72356,29311,26,1,0,24,56,110,"F_3_CS-R_7.tif",447,0.00548446069469835,0,0.000331693294267234,24,2.46686612601791,0.178888782752064,14.5387856599959,0.298876984492617,"CS-R","7.tif",4376,309.185843584182,"F_3_CS-R",361.209468037852,0.0664434410603129,0.0776232175502742,0.18112084095064,0.00077395101995688,0.155034695807397,0.355773080438757,0.00152026093205816,0.304532438193101,"p2","Day33","pLNA-Ctrl","F_3",33,"p6","p8"
"448","F","3",120845,23795,49,1,4,47,102,184,"F_3_CS-R_8.tif",448,0.00474603655457942,4,0.000388927965575738,47,3.11134643275656,0.1842748664027,17.0048406789808,0.345317048873014,"CS-R","8.tif",9903,699.695477379834,"F_3_CS-R",603.272128987703,0.0779084558056188,0.0671720791679289,0.145777703726144,0.000844056435930324,0.169077925365385,0.262971543976573,0.00152261160991353,0.305003316345401,"p2","Day33","pLNA-Ctrl","F_3",33,"p6","p8"
"465","F","5",92772,37115,19,1,1,16,38,153,"F_5_CS-L_1.tif",465,0.00266001662510391,1,0.00017246583020739,16,2.7912903108487,0.198582826657518,17.4870354621823,0.379193149466261,"CS-L","1.tif",6015,424.989225127709,"F_5_CS-L",463.12848649466,0.0345476481507351,0.0376480133000831,0.0894140315876974,0.000409606346742552,0.0820506643579959,0.360009127182045,0.00164920450135817,0.330361885441405,"p2","Day33","Empty","F_5",33,"p5","p7"
"466","F","5",115563,33906,38,1,0,39,81,144,"F_5_CS-L_2.tif",466,0.00399508297480025,0,0.000337478258612186,39,3.60095622951602,0.218429946831768,19.4693237478948,0.440521016232974,"CS-L","2.tif",9762,689.733136441678,"F_5_CS-L",576.903777915561,0.0676022614046883,0.0565436078672403,0.117436724031961,0.000700916383271462,0.140404696763583,0.208776398279041,0.00124607357026038,0.249608349801926,"p2","Day33","Empty","F_5",33,"p5","p7"
"467","F","5",53440,29312,27,1,0,23,53,73,"F_5_CS-L_3.tif",467,0.00545152879829343,0,0.000430389221556886,23,3.05569428163317,0.205511418491142,16.5654826386742,0.345152831985385,"CS-L","3.tif",4219,298.093024241696,"F_5_CS-L",266.778621979419,0.0862138046495135,0.0771571225408865,0.177796847594217,0.000991766467065868,0.198666593322792,0.24488999762977,0.00136601796407186,0.273635119104978,"p2","Day33","Empty","F_5",33,"p5","p7"
"468","F","5",79833,58704,32,2,0,28,59,77,"F_5_CS-L_4.tif",468,0.00690165146660094,0,0.00035073215337016,14,4.22843763952033,0.249134909114138,14.0895256781346,0.324239409339294,"CS-L","4.tif",4057,286.646930397858,"F_5_CS-L",398.535511386282,0.0702572272734333,0.097681143702243,0.205828124229726,0.000739042751744266,0.148042014611877,0.268623145181168,0.000964513421767941,0.193207375001942,"p2","Day33","Empty","F_5",33,"p5","p7"
"469","F","5",148360,62211,52,2,1,48,115,168,"F_5_CS-L_5.tif",469,0.00435650753312761,0.5,0.00032353734160151,24,3.06678714512483,0.216349334818738,16.9447370909509,0.369639911516595,"CS-L","5.tif",11018,778.475691181562,"F_5_CS-L",740.630171348551,0.0648096740544621,0.061658958068615,0.14772458703939,0.000775141547586951,0.155273177422149,0.215806353240152,0.00113238069560528,0.226833859190617,"p2","Day33","Empty","F_5",33,"p5","p7"
"470","F","5",44446,22063,28,1,0,28,43,79,"F_5_CS-L_6.tif",470,0.00932711525649567,0,0.000629977950771723,28,3.53189330963894,0.228650437998079,17.714924395273,0.381783341071265,"CS-L","6.tif",3002,212.106010612366,"F_5_CS-L",221.879540278766,0.126194600749674,0.13200946035976,0.202728814123917,0.000967466138685146,0.193798851151285,0.372455263157895,0.00177743778967736,0.356049052115151,"p2","Day33","Empty","F_5",33,"p5","p7"
"471","F","5",125324,55925,28,2,8,28,91,130,"F_5_CS-L_7.tif",471,0.00294426919032597,4,0.000223420893045227,14,3.78919192100619,0.223300627909991,16.4229057929837,0.37123937166438,"CS-L","7.tif",9510,671.928101573485,"F_5_CS-L",625.631811769249,0.0447547574680029,0.0416711251314406,0.135431156677182,0.000726117902396987,0.14545296177101,0.193473080967403,0.00103731128913855,0.207789945387157,"p2","Day33","Empty","F_5",33,"p5","p7"
"472","F","5",191618,74209,38,2,0,35,165,126,"F_5_CS-L_8.tif",472,0.00215809594277963,0,0.00018265507415796,17.5,3.28304181667891,0.228206674562375,17.2959281433196,0.498355897615584,"CS-L","8.tif",16218,1145.88117258872,"F_5_CS-L",956.579079087804,0.0365887157320815,0.0305441793069429,0.143993988161302,0.000861088206744669,0.172489659879813,0.109959045504994,0.000657558266968656,0.131719376635494,"p2","Day33","Empty","F_5",33,"p5","p7"
"473","F","5",69433,27831,54,1,0,51,94,134,"F_5_CS-R_1.tif",473,0.00760739856801909,0,0.000734521049068887,51,3.37915309685025,0.221284274964599,16.9479994230084,0.340219994738232,"CS-R","1.tif",6704,473.670451414158,"F_5_CS-R",346.617516090887,0.147136245666902,0.107669794152745,0.198450208830549,0.00135382311004854,0.271192295935074,0.282897106205251,0.00192991805049472,0.386593272928723,"p2","Day33","Empty","F_5",33,"p5","p7"
"474","F","5",59682,28014,18,1,1,20,39,95,"F_5_CS-R_2.tif",474,0.0044612982377872,1,0.000335109413223417,20,3.6994727867154,0.197579870154238,13.5453489366331,0.323046467163476,"CS-R","2.tif",4483,316.745917913137,"F_5_CS-R",297.939403386521,0.0671277440065681,0.0631420923488735,0.123127080080303,0.000653463355785664,0.130899100812808,0.299924938657149,0.00159176971281123,0.318856784031199,"p2","Day33","Empty","F_5",33,"p5","p7"
"475","F","5",78759,58936,33,2,1,32,77,106,"F_5_CS-R_3.tif",475,0.00514717709506193,0.5,0.000406302771746721,16,4.01473783962912,0.226067901896422,15.4666789043343,0.301182157774418,"CS-R","3.tif",6217,439.261514982372,"F_5_CS-R",393.173979949046,0.0813889057565484,0.07284954157954,0.175294209425768,0.000977666044515547,0.195842054476695,0.241314106482226,0.00134587793141101,0.269600750318567,"p2","Day33","Empty","F_5",33,"p5","p7"
"476","F","5",106296,35032,19,1,0,23,102,54,"F_5_CS-R_4.tif",476,0.00269541778975741,0,0.000216376909761421,23,2.78882875008618,0.187580896076796,16.8925067026306,0.521901772848873,"CS-R","4.tif",8533,602.8982640091,"F_5_CS-R",530.641848838404,0.0433437356106533,0.0381490566037736,0.169182772764561,0.000959584556333258,0.192220044882028,0.0895673502871206,0.000508015353352901,0.101763553172838,"p2","Day33","Empty","F_5",33,"p5","p7"
"477","F","5",83914,42302,23,1,1,21,90,101,"F_5_CS-R_5.tif",477,0.0034443168771527,1,0.000250256214695998,21,2.19425056998928,0.15839335416188,16.3129531680652,0.358462505494957,"CS-R","5.tif",6097,430.782926949899,"F_5_CS-R",418.908332424793,0.0501302991001502,0.0487484500574053,0.208921928817451,0.00107252663441142,0.214844139000644,0.234456831228473,0.00120361322306171,0.241102867100722,"p2","Day33","Empty","F_5",33,"p5","p7"
"478","F","5",32495,23800,15,1,0,15,31,64,"F_5_CS-R_6.tif",478,0.00503186850050319,0,0.000461609478381289,15,3.15204827775878,0.210041708818481,12.7699256588239,0.283529087904116,"CS-R","6.tif",2981,210.622257706683,"F_5_CS-R",162.218774723451,0.092467718521311,0.0712175444481718,0.147182925192888,0.000953992921987998,0.191099951610709,0.303861522978866,0.00196953377442684,0.394528932357594,"p2","Day33","Empty","F_5",33,"p5","p7"
"479","F","5",94778,34037,32,1,1,33,85,149,"F_5_CS-R_7.tif",479,0.00370079623191656,1,0.000348182067568423,33,2.81418640674914,0.189449147580314,15.4044124189039,0.392855935941439,"CS-R","7.tif",8917,630.029745713014,"F_5_CS-R",473.142669048753,0.0697464045387115,0.0523784793091847,0.134914264887294,0.000896832598282302,0.179649829872439,0.236496770214198,0.00157209478993015,0.314915584129334,"p2","Day33","Empty","F_5",33,"p5","p7"
"480","F","5",100024,32602,29,1,2,29,91,176,"F_5_CS-R_8.tif",480,0.00349523924309992,2,0.000289930416699992,29,2.38696728360194,0.180407912522499,22.2161509830674,0.383026469770976,"CS-R","8.tif",8297,586.223707545237,"F_5_CS-R",499.331303983334,0.058077672616672,0.049469169579366,0.155230842473183,0.000909781652403423,0.182243731314385,0.300226684343739,0.00175957770135168,0.352471392432216,"p2","Day33","Empty","F_5",33,"p5","p7"
"481","G","1",17566,27737,1,1,0,1,16,4,"G_1_CS-L_1.tif",481,0.00075187969924812,0,5.69281566662871e-05,1,2.12153715174645,0.160909916496541,13.9893071576953,0.533664252825493,"CS-L","1.tif",1330,93.971017359909,"G_1_CS-L",87.6914908998965,0.0114036149886144,0.0106415789473684,0.170265263157895,0.000910850506660594,0.18245783981783,0.0425663157894737,0.000227712626665149,0.0456144599544575,"p3","Day21","pLNA-181c","G_1",21,"p6","p8"
"482","G","1",25149,21746,0,1,0,0,23,3,"G_1_CS-L_2.tif",482,0,0,0,0,1.78567310617022,0.129317125021371,9.2539762655894,0.365408057224128,"CS-L","2.tif",1857,131.20614980252,"G_1_CS-L",125.546698431145,0,0,0.175296661281637,0.000914549286253927,0.183198764184262,0.0228647819063005,0.000119289037337469,0.0238954909805559,"p3","Day21","pLNA-181c","G_1",21,"p6","p8"
"483","G","1",17283,20833,1,1,0,1,6,4,"G_1_CS-L_3.tif",483,0.000697350069735007,0,5.78603251750275e-05,1,2.53824164966742,0.175796619143672,11.4746738709509,0.399748213365332,"CS-L","3.tif",1434,101.319126988052,"G_1_CS-L",86.2787223740698,0.011590343163224,0.00986980474198047,0.0592188284518828,0.000347161951050165,0.0695420589793439,0.0394792189679219,0.00023144130070011,0.0463613726528959,"p3","Day21","pLNA-181c","G_1",21,"p6","p8"
"484","G","1",20404,31546,1,1,0,1,20,2,"G_1_CS-L_4.tif",484,0.000664451827242525,0,4.90099980396001e-05,1,1.57536125257611,0.142570151942357,19.5340046882629,0.459188195876777,"CS-L","4.tif",1505,106.335624907265,"G_1_CS-L",101.859113077621,0.00981748190991962,0.00940418604651163,0.188083720930233,0.000980199960792001,0.196349638198392,0.0188083720930233,9.80199960792002e-05,0.0196349638198392,"p3","Day21","pLNA-181c","G_1",21,"p6","p8"
"485","G","1",23574,22977,6,1,0,7,31,33,"G_1_CS-L_5.tif",485,0.00292153589315526,0,0.000296937303809281,7,1.93714809057213,0.149760285620488,15.3345929041053,0.458809880043117,"CS-L","5.tif",2396,169.289141048377,"G_1_CS-L",117.684117412852,0.0594812635204038,0.0413493739565943,0.183118656093489,0.00131500805972682,0.263417024161788,0.19493276293823,0.00139984728938661,0.280411670881904,"p3","Day21","pLNA-181c","G_1",21,"p6","p8"
"486","G","1",19875,25964,4,1,1,4,16,8,"G_1_CS-L_6.tif",486,0.003125,1,0.00020125786163522,4,2.44188410276547,0.156325828844761,11.4812962710857,0.374561831711758,"CS-L","6.tif",1280,90.4382723463786,"G_1_CS-L",99.2182842784608,0.0403151498646541,0.0442290625,0.17691625,0.000805031446540881,0.161260599458616,0.088458125,0.00040251572327044,0.0806302997293082,"p3","Day21","pLNA-181c","G_1",21,"p6","p8"
"487","G","1",25584,29204,2,1,0,2,20,6,"G_1_CS-L_7.tif",487,0.000885739592559787,0,7.81738586616635e-05,2,1.83651788905263,0.148540190082062,15.6934284667174,0.434251179616943,"CS-L","7.tif",2258,159.538764811033,"G_1_CS-L",127.718268426674,0.0156594669238587,0.0125361381753764,0.125361381753764,0.000781738586616635,0.156594669238587,0.0376084145261293,0.000234521575984991,0.046978400771576,"p3","Day21","pLNA-181c","G_1",21,"p6","p8"
"488","G","1",18367,30725,1,1,0,1,14,9,"G_1_CS-L_8.tif",488,0.000534473543559594,0,5.44454728589318e-05,1,1.57659702588405,0.143051836366777,13.7820146911674,0.515165694069981,"CS-L","8.tif",1871,132.195318406308,"G_1_CS-L",91.6901749606284,0.010906293945119,0.007564564404062,0.105903901656868,0.000762236620025045,0.152688115231665,0.068081079636558,0.000490009255730386,0.0981566455060707,"p3","Day21","pLNA-181c","G_1",21,"p6","p8"
"489","G","1",16473,27203,6,1,0,6,21,9,"G_1_CS-R_1.tif",489,0.00462962962962963,0,0.000364232380258605,6,3.31213927801166,0.182799738852927,18.9053448703554,0.388992411529477,"CS-R","1.tif",1296,91.5687507507083,"G_1_CS-R",82.2351092789477,0.0729615373848115,0.065524537037037,0.22933587962963,0.00127481333090512,0.25536538084684,0.0982868055555556,0.000546348570387907,0.109442306077217,"p3","Day21","pLNA-181c","G_1",21,"p6","p8"
"490","G","1",23400,29580,12,1,0,13,28,24,"G_1_CS-R_2.tif",490,0.00682773109243697,0,0.000555555555555556,13,2.74495580765818,0.151285260285066,18.8842889138808,0.458978925341268,"CS-R","2.tif",1904,134.526930115238,"G_1_CS-R",116.815489414641,0.111286611605556,0.0966349264705882,0.208136764705882,0.0011965811965812,0.239694240381197,0.178402941176471,0.00102564102564103,0.205452206041026,"p3","Day21","pLNA-181c","G_1",21,"p6","p8"
"491","G","1",25773,27561,6,1,0,7,24,18,"G_1_CS-R_3.tif",491,0.00381056069678824,0,0.000271602064175688,7,1.72684951964766,0.126362911663056,12.1675415130125,0.316298510449395,"CS-R","3.tif",1837,129.793051797107,"G_1_CS-R",128.661778148869,0.0544062121689365,0.053932008709853,0.184909744148068,0.000931207077173787,0.186535584579211,0.138682308111051,0.00069840530788034,0.139901688434408,"p3","Day21","pLNA-181c","G_1",21,"p6","p8"
"492","G","1",14157,24725,2,1,0,2,14,4,"G_1_CS-R_4.tif",492,0.00177304964539007,0,0.000141272868545596,2,2.55852489705597,0.165665683708183,6.07666514441371,0.28462159964256,"CS-R","4.tif",1128,79.6987275052461,"G_1_CS-R",70.6733710958576,0.0282992019340256,0.0250945035460993,0.175661524822695,0.000988910079819171,0.198094413538179,0.0501890070921986,0.000282545737091192,0.0565984038680511,"p3","Day21","pLNA-181c","G_1",21,"p6","p8"
"493","G","1",17415,25446,0,1,0,1,12,2,"G_1_CS-R_5.tif",493,0.000683994528043776,0,5.74217628481194e-05,1,1.61527046995858,0.12885891550221,9.93290609866381,0.267398301015298,"CS-R","5.tif",1462,103.297464195629,"G_1_CS-R",86.9376815451268,0.011502492155613,0.00968077975376197,0.116169357045144,0.000689061154177433,0.138029905867356,0.0193615595075239,0.000114843525696239,0.023004984311226,"p3","Day21","pLNA-181c","G_1",21,"p6","p8"
"494","G","1",13976,24830,0,1,0,0,11,2,"G_1_CS-R_6.tif",494,0,0,0,0,1.38905373689803,0.11670578570527,12.1666742786765,0.353562083933502,"CS-R","6.tif",1256,88.742554739884,"G_1_CS-R",69.7697982931204,0,0,0.123954060509554,0.000787063537492845,0.15766134157055,0.022537101910828,0.000143102461362335,0.0286656984673726,"p3","Day21","pLNA-181c","G_1",21,"p6","p8"
"495","G","1",43813,24146,0,1,1,0,35,8,"G_1_CS-R_7.tif",495,0,1,0,0,1.48206258299095,0.109707032589478,8.2435359004885,0.318614952456983,"CS-R","7.tif",2935,207.372132294235,"G_1_CS-R",218.719531526652,0,0,0.16877870528109,0.000798849656494648,0.160022288616392,0.0385779897785349,0.000182594207198777,0.0365765231123183,"p3","Day21","pLNA-181c","G_1",21,"p6","p8"
"496","G","1",10513,32439,0,1,0,0,6,1,"G_1_CS-R_8.tif",496,0,0,0,0,1.50479641929269,0.100177781808156,13.5087968558073,0.385965624451637,"CS-R","8.tif",826,58.3609476235224,"G_1_CS-R",52.48210428274,0,0,0.102808474576271,0.000570721963283554,0.114324684232855,0.0171347457627119,9.51203272139256e-05,0.0190541140388091,"p3","Day21","pLNA-181c","G_1",21,"p6","p8"
"497","G","2",31445,70744,1,2,0,1,21,18,"G_2_CS-L_1.tif",497,0.000464037122969838,0,3.18015582763555e-05,0.5,5.11903634951228,0.337086397346282,17.1024447944429,0.528799163939306,"CS-L","1.tif",2155,152.261310083161,"G_2_CS-L",156.977054044589,0.006370357795834,0.006567656612529,0.137920788863109,0.000667832723803466,0.133777513712514,0.118217819025522,0.0005724280489744,0.114666440325012,"p3","Day21","Empty","G_2",21,"p5","p7"
"498","G","2",25647,77215,0,3,0,0,15,13,"G_2_CS-L_2.tif",498,0,0,0,0,4.35951476593812,0.35248293717352,14.7497778271253,0.408680941432194,"CS-L","2.tif",1707,120.607914761928,"G_2_CS-L",128.032771667406,0,0,0.124369947275923,0.000584863726751667,0.117157504322143,0.107787287639133,0.000506881896518111,0.101536503745857,"p3","Day21","Empty","G_2",21,"p5","p7"
"499","G","2",15407,23171,3,1,0,3,13,13,"G_2_CS-L_3.tif",499,0.00234192037470726,0,0.000194716687220095,3,4.60498148432145,0.311262838173005,9.48723580287053,0.34256147597645,"CS-L","3.tif",1281,90.5089272466492,"G_2_CS-L",76.9135147611696,0.0390048486188096,0.0331459016393443,0.143632240437158,0.000843772311287077,0.169021010681508,0.143632240437158,0.000843772311287077,0.169021010681508,"p3","Day21","Empty","G_2",21,"p5","p7"
"500","G","2",52549,55987,0,2,0,0,11,8,"G_2_CS-L_4.tif",500,0,0,0,0,7.8549408045682,0.604256276515946,12.8359311707318,0.431075526955797,"CS-L","4.tif",4008,283.184840284598,"G_2_CS-L",262.330647574784,0,0,0.0388438872255489,0.000209328436316581,0.0419318143026509,0.0282500998003992,0.000152238862775695,0.0304958649473824,"p3","Day21","Empty","G_2",21,"p5","p7"
"501","G","2",17373,23842,0,1,0,0,8,14,"G_2_CS-L_5.tif",501,0,0,0,0,4.62174603156745,0.39278169635802,15.0934713333845,0.426027197287288,"CS-L","5.tif",1416,100.047338783181,"G_2_CS-L",86.7280127179723,0,0,0.0799621468926554,0.00046048466010476,0.0922423995349105,0.139933757062147,0.00080584815518333,0.161424199186093,"p3","Day21","Empty","G_2",21,"p5","p7"
"502","G","2",37319,24582,2,1,0,2,13,27,"G_2_CS-L_6.tif",502,0.000669792364367046,0,5.35920040729923e-05,2,4.73543555346819,0.337139153870053,17.6529448484933,0.501155662235178,"CS-L","6.tif",2986,210.975532208036,"G_2_CS-L",186.300737156623,0.010735330576382,0.00947977227059611,0.0616185197588747,0.00034834802647445,0.069779648746483,0.127976925653048,0.000723492054985396,0.144926962781157,"p3","Day21","Empty","G_2",21,"p5","p7"
"503","G","2",8207,26061,4,1,0,4,5,9,"G_2_CS-L_7.tif",503,0.00856531049250535,0,0.000487388814426709,4,3.86870527565479,0.292176548153342,20.9887541002697,0.486976132281027,"CS-L","7.tif",467,32.9958384263741,"G_2_CS-L",40.9702872489725,0.0976317294455952,0.121227408993576,0.15153426124197,0.000609236018033386,0.122039661806994,0.272761670235546,0.0010966248324601,0.219671391252589,"p3","Day21","Empty","G_2",21,"p5","p7"
"504","G","2",21108,28030,0,1,0,0,4,7,"G_2_CS-L_8.tif",504,0,0,0,0,7.1596017703414,0.645969409457963,9.07527058678014,0.358213516272179,"CS-L","8.tif",1580,111.634742427561,"G_2_CS-L",105.373561989925,0,0,0.0358311392405063,0.000189501610763691,0.037960185880235,0.0627044936708861,0.00033162781883646,0.0664303252904112,"p3","Day21","Empty","G_2",21,"p5","p7"
"505","G","2",20275,22586,4,1,1,4,22,18,"G_2_CS-R_1.tif",505,0.00230149597238205,1,0.000197287299630086,4,1.55017027631402,0.1187689181932,11.2982570926348,0.29849903085493,"CS-R","1.tif",1738,122.798216670317,"G_2_CS-R",101.215130251361,0.0395197831595561,0.0325737629459148,0.179155696202532,0.00108508014796547,0.217358807377559,0.146581933256617,0.000887792848335388,0.177839024218002,"p3","Day21","Empty","G_2",21,"p5","p7"
"506","G","2",22773,23286,2,1,0,1,16,8,"G_2_CS-R_2.tif",506,0.000581395348837209,0,4.39116497606815e-05,1,1.39186217146926,0.108819372835123,15.7265640515834,0.321682094301986,"CS-R","2.tif",1720,121.526428465446,"G_2_CS-R",113.68543335212,0.00879620168137707,0.00822866279069767,0.131658604651163,0.000702586396170904,0.140739226902033,0.0658293023255814,0.000351293198085452,0.0703696134510166,"p3","Day21","Empty","G_2",21,"p5","p7"
"507","G","2",10149,19878,0,1,0,0,8,1,"G_2_CS-R_3.tif",507,0,0,0,0,0.997209511231631,0.0909532789080186,2.87563894689083,0.221202995914679,"CS-R","3.tif",867,61.2577985346174,"G_2_CS-R",50.6649744474012,0,0,0.130595617070358,0.000788255000492659,0.157900010554734,0.0163244521337947,9.85318750615824e-05,0.0197375013193418,"p3","Day21","Empty","G_2",21,"p5","p7"
"508","G","2",15014,25460,1,1,0,1,13,3,"G_2_CS-R_4.tif",508,0.000837520938023451,0,6.66045024643666e-05,1,1.40397204344089,0.111365437665672,18.7179115613302,0.425241924277525,"CS-R","4.tif",1194,84.3619509231063,"G_2_CS-R",74.9516135927955,0.0133419409144798,0.0118536850921273,0.154097906197655,0.000865858532036766,0.173445231888238,0.0355610552763819,0.0001998135073931,0.0400258227434395,"p3","Day21","Empty","G_2",21,"p5","p7"
"509","G","2",35759,25365,11,1,0,9,36,31,"G_2_CS-R_5.tif",509,0.00330396475770925,0,0.000251684890517073,9,1.80235073818929,0.118081820341816,11.1721818197158,0.288467284831559,"CS-R","5.tif",2724,192.463948337137,"G_2_CS-R",178.513037862313,0.0504164855843284,0.0467620044052863,0.187048017621145,0.00100673956206829,0.201665942337314,0.161069126284875,0.000866914622892139,0.173656783679353,"p3","Day21","Empty","G_2",21,"p5","p7"
"510","G","2",28491,26758,0,1,0,0,22,3,"G_2_CS-R_6.tif",510,0,0,0,0,1.00675627978688,0.0889811006951322,9.27036440869172,0.29436868340702,"CS-R","6.tif",2536,179.180827086263,"G_2_CS-R",142.230346534723,0,0,0.122780993690852,0.000772173668877891,0.154678664124811,0.0167428627760252,0.00010529640939244,0.0210925451079288,"p3","Day21","Empty","G_2",21,"p5","p7"
"511","G","2",17564,23460,2,1,1,2,21,3,"G_2_CS-R_7.tif",511,0.00138121546961326,1,0.000113869278068777,2,2.22061639385564,0.119847450949059,9.41519296169281,0.348774103892414,"CS-R","7.tif",1448,102.308295591841,"G_2_CS-R",87.681506670032,0.022809827020041,0.0195487569060773,0.205261947513812,0.00119562741972216,0.23950318371043,0.029323135359116,0.000170803917103166,0.0342147405300615,"p3","Day21","Empty","G_2",21,"p5","p7"
"512","G","2",18376,24162,5,1,0,5,10,6,"G_2_CS-R_8.tif",512,0.0034794711203897,0,0.000272094035698737,5,2.05552300475538,0.113958072844636,25.7119630873203,0.438082189475808,"CS-R","8.tif",1437,101.531091688864,"G_2_CS-R",91.7351039950187,0.0545047618877884,0.0492459986082115,0.0984919972164231,0.000544188071397475,0.109009523775577,0.0590951983298539,0.000326512842838485,0.0654057142653461,"p3","Day21","Empty","G_2",21,"p5","p7"
"529","G","4",17565,25018,2,1,0,2,19,6,"G_4_CS-L_1.tif",529,0.00154083204930663,0,0.000113862795331625,2,1.89421561713281,0.150083083171815,16.4906741579374,0.45051513839638,"CS-L","1.tif",1298,91.7100605512495,"G_4_CS-L",87.6864987849642,0.0228085284247082,0.0218078582434515,0.207174653312789,0.00108169655565044,0.216681020034728,0.0654235747303544,0.000341588385994876,0.0684255852741247,"p3","Day21","pLNA-Ctrl","G_4",21,"p6","p8"
"530","G","4",8408,23391,0,1,0,0,9,1,"G_4_CS-L_2.tif",530,0,0,0,0,2.38159252868758,0.195355342126426,14.6664988100529,0.385960495001391,"CS-L","2.tif",812,57.3717790197339,"G_4_CS-L",41.9737023503546,0,0,0.156871551724138,0.00107040913415794,0.214419970029734,0.0174301724137931,0.000118934348239772,0.0238244411144148,"p3","Day21","pLNA-Ctrl","G_4",21,"p6","p8"
"531","G","4",22831,33892,1,1,1,1,26,5,"G_4_CS-L_3.tif",531,0.000547945205479452,1,4.3800096360212e-05,1,2.05548884175145,0.158055028217966,9.71123821735382,0.437422235461972,"CS-L","3.tif",1825,128.94519299386,"G_4_CS-L",113.974976018191,0.00877385576146467,0.00775523287671233,0.201636054794521,0.00113880250536551,0.228120249798082,0.0387761643835616,0.00021900048180106,0.0438692788073234,"p3","Day21","pLNA-Ctrl","G_4",21,"p6","p8"
"532","G","4",28768,27171,9,1,2,8,34,28,"G_4_CS-L_4.tif",532,0.00309957380860132,2,0.000278086763070078,8,2.07685296193642,0.153300168050877,13.1763795795185,0.389328817742517,"CS-L","4.tif",2581,182.36029759844,"G_4_CS-L",143.613162370957,0.0557052004699666,0.043869197985277,0.186444091437427,0.00118186874304783,0.236747101997358,0.15354219294847,0.000973303670745272,0.194968201644883,"p3","Day21","pLNA-Ctrl","G_4",21,"p6","p8"
"533","G","4",51926,48833,6,2,1,6,52,32,"G_4_CS-L_5.tif",533,0.00149290868375218,0.5,0.000115549050571968,3,1.73133733710991,0.143340683473144,17.3047999092378,0.393739669338195,"CS-L","5.tif",4019,283.962044187575,"G_4_CS-L",259.220559971993,0.0231463121623079,0.0211295844737497,0.183123065439164,0.00100142510495705,0.200601372073335,0.112691117193332,0.000616261603050495,0.123446998198975,"p3","Day21","pLNA-Ctrl","G_4",21,"p6","p8"
"534","G","4",41459,27323,15,1,1,16,46,41,"G_4_CS-L_6.tif",534,0.0042350449973531,1,0.000385923442437107,16,3.00152225112138,0.168903933970448,20.3505615017763,0.501383104925834,"CS-L","6.tif",3778,266.934213222358,"G_4_CS-L",206.968092976136,0.077306602046359,0.0599398623610376,0.172327104287983,0.00110952989700668,0.222256480883282,0.153595897300159,0.000988928821245085,0.198098167743795,"p3","Day21","pLNA-Ctrl","G_4",21,"p6","p8"
"535","G","4",33731,32148,2,1,0,1,18,21,"G_4_CS-L_7.tif",535,0.000483091787439614,0,2.96463194094453e-05,1,1.97104346338246,0.1587499088873,9.97003346042974,0.365738994612883,"CS-L","7.tif",2070,146.255643560159,"G_4_CS-L",168.389028779711,0.00593862918057573,0.00683734299516908,0.123072173913043,0.000533633749370016,0.106895325250363,0.143584202898551,0.000622572707598352,0.12471121279209,"p3","Day21","pLNA-Ctrl","G_4",21,"p6","p8"
"536","G","4",17687,26436,1,1,0,1,15,3,"G_4_CS-L_8.tif",536,0.000876424189307625,0,5.6538700740657e-05,1,2.22219068408012,0.17621285757364,10.2502276698748,0.549487338118228,"CS-L","8.tif",1141,80.617241208764,"G_4_CS-L",88.2955368066987,0.0113256007740148,0.0124042944785276,0.186064417177914,0.000848080511109855,0.169884011610222,0.0372128834355828,0.000169616102221971,0.0339768023220444,"p3","Day21","pLNA-Ctrl","G_4",21,"p6","p8"
"537","G","4",49346,50413,9,2,0,8,52,25,"G_4_CS-R_1.tif",537,0.00224215246636771,0,0.000162120536618976,4,1.73342664840703,0.131559922897766,20.5470365393162,0.500023549199394,"CS-R","1.tif",3568,252.09668416553,"G_4_CS-R",246.340903446789,0.0324753213456005,0.0317338565022421,0.206270067264574,0.00105378348802335,0.211089588746403,0.0991683015695067,0.000506626676934301,0.101485379205001,"p3","Day21","pLNA-Ctrl","G_4",21,"p6","p8"
"538","G","4",42198,30890,11,1,0,10,56,26,"G_4_CS-R_2.tif",538,0.00294464075382803,0,0.00023697805583203,10,1.89569750508027,0.129332410052714,17.7157174142507,0.495682329168001,"CS-R","2.tif",3396,239.944041318986,"G_4_CS-R",210.657265911069,0.0474704727451538,0.0416763839811543,0.233387750294464,0.00132707711265937,0.265834647372861,0.108358598351001,0.000616142945163278,0.1234232291374,"p3","Day21","pLNA-Ctrl","G_4",21,"p6","p8"
"539","G","4",22492,29008,2,1,0,2,24,5,"G_4_CS-R_3.tif",539,0.00119260584376863,0,8.89205050684688e-05,2,2.16557310366382,0.161824450089881,12.7790036022663,0.412668954840837,"CS-R","3.tif",1677,118.48826775381,"G_4_CS-R",112.282649056158,0.0178121910803841,0.0168793082886106,0.202551699463327,0.00106704606082163,0.21374629296461,0.0421982707215265,0.000222301262671172,0.0445304777009603,"p3","Day21","pLNA-Ctrl","G_4",21,"p6","p8"
"540","G","4",23594,22458,2,1,0,1,18,7,"G_4_CS-R_4.tif",540,0.000564334085778781,0,4.2383656861914e-05,1,1.28685774447189,0.105065082115833,12.9427481208529,0.34062386967954,"CS-R","4.tif",1772,125.200483279518,"G_4_CS-R",117.783959711497,0.00849012040730694,0.00798718961625282,0.143769413092551,0.000762905823514453,0.152822167331525,0.0559103273137697,0.000296685598033398,0.0594308428511486,"p3","Day21","pLNA-Ctrl","G_4",21,"p6","p8"
"541","G","4",30095,25330,6,1,3,6,34,17,"G_4_CS-R_5.tif",541,0.00219699743683632,3,0.000199368665891344,6,2.59627141737763,0.135726918336776,12.408234473537,0.348565320562963,"CS-R","5.tif",2731,192.958532639031,"G_4_CS-R",150.237698886052,0.039936713917262,0.0310947638227755,0.176203661662395,0.00112975577338428,0.226308045531151,0.0881018308311974,0.000564877886692142,0.113154022765576,"p3","Day21","pLNA-Ctrl","G_4",21,"p6","p8"
"542","G","4",11200,27645,0,1,0,0,10,5,"G_4_CS-R_6.tif",542,0,0,0,0,1.91116349622607,0.143868316238979,11.3942259907722,0.451630638327447,"CS-R","6.tif",841,59.4207711275816,"G_4_CS-R",55.9116872411955,0,0,0.168291319857313,0.000892857142857143,0.1788534829375,0.0841456599286564,0.000446428571428571,0.08942674146875,"p3","Day21","pLNA-Ctrl","G_4",21,"p6","p8"
"543","G","4",15263,28918,0,1,0,0,16,4,"G_4_CS-R_7.tif",543,0,0,0,0,1.77973983762786,0.138245889423153,8.48005647212267,0.392520237325598,"CS-R","7.tif",1141,80.617241208764,"G_4_CS-R",76.1946502109257,0,0,0.198468711656442,0.0010482867064142,0.209988495986372,0.0496171779141104,0.000262071676603551,0.0524971239965931,"p3","Day21","pLNA-Ctrl","G_4",21,"p6","p8"
"544","G","4",19599,19303,3,1,0,4,18,3,"G_4_CS-R_8.tif",544,0.0029520295202952,0,0.000204092045512526,4,1.52553343152006,0.119187326841466,27.705246557792,0.600879679988921,"CS-R","8.tif",1355,95.7373898666742,"G_4_CS-R",97.8404605571599,0.0408828819613246,0.0417809594095941,0.188014317343173,0.000918414204806368,0.183972968825961,0.0313357195571956,0.000153069034134395,0.0306621614709934,"p3","Day21","pLNA-Ctrl","G_4",21,"p6","p8"
"545","G","5",39146,58037,9,2,0,7,35,20,"G_5_CS-L_1.tif",545,0.00255661066471877,0,0.000178817759158024,3.5,1.72927748582193,0.117747131898004,14.9497062511742,0.315997263865572,"CS-L","1.tif",2738,193.453116940925,"G_5_CS-L",195.421331137843,0.0358200405208706,0.0361844777209642,0.180922388604821,0.000894088795790119,0.179100202604353,0.103384222059898,0.000510907883308639,0.102342972916773,"p3","Day21","pLNA-1229","G_5",21,"p6","p8"
"546","G","5",14662,25241,0,1,0,0,12,2,"G_5_CS-L_2.tif",546,0,0,0,0,1.73813102704783,0.137436054300667,5.5082932561636,0.248567967551199,"CS-L","2.tif",1065,75.2474687881978,"G_5_CS-L",73.1943891366436,0,0,0.159473802816901,0.000818442231619152,0.163946992953212,0.0265789671361502,0.000136407038603192,0.0273244988255354,"p3","Day21","pLNA-1229","G_5",21,"p6","p8"
"547","G","5",35151,28834,10,1,0,11,29,27,"G_5_CS-L_3.tif",547,0.00432559968541093,0,0.000312935620608233,11,1.66527230729317,0.127381153425431,16.5277977105644,0.327730800597464,"CS-L","3.tif",2543,179.675411388157,"G_5_CS-L",175.477831983506,0.0626859807627095,0.0612215100275266,0.161402162799843,0.000825012090694433,0.165263040192598,0.150270979158474,0.000768114705129299,0.153865589144832,"p3","Day21","pLNA-1229","G_5",21,"p6","p8"
"548","G","5",47768,50116,3,2,0,2,34,10,"G_5_CS-L_4.tif",548,0.000539811066126856,0,4.18690336627031e-05,1,1.86363146629404,0.130115589359279,12.7204287797213,0.294426248327433,"CS-L","4.tif",3705,261.776405502604,"G_5_CS-L",238.463346083699,0.0083870331975381,0.00764010796221323,0.129881835357625,0.000711773572265952,0.142579564358148,0.0382005398110661,0.000209345168313515,0.0419351659876905,"p3","Day21","pLNA-1229","G_5",21,"p6","p8"
"549","G","5",17306,23463,6,1,0,8,21,15,"G_5_CS-L_5.tif",549,0.00495970241785493,0,0.000462267421703455,8,1.53791613096283,0.120689434851546,12.9481437464555,0.320135070085045,"CS-L","5.tif",1613,113.966354136491,"G_5_CS-L",86.3935410175116,0.0925995150306252,0.0701961562306262,0.184264910105394,0.00121345198197157,0.243073726955391,0.131617792932424,0.000866751415693979,0.173624090682422,"p3","Day21","pLNA-1229","G_5",21,"p6","p8"
"550","G","5",25900,29410,5,1,0,4,27,11,"G_5_CS-L_6.tif",550,0.00227531285551763,0,0.000154440154440154,4,1.63420168834704,0.125802166922177,8.96813082965937,0.275850713757547,"CS-L","6.tif",1758,124.211314675729,"G_5_CS-L",129.295776745265,0.0309368186702703,0.0322031854379977,0.217371501706485,0.00104247104247104,0.208823526024324,0.0885587599544937,0.000424710424710425,0.0850762513432432,"p3","Day21","pLNA-1229","G_5",21,"p6","p8"
"551","G","5",20135,21981,0,1,0,0,33,6,"G_5_CS-L_7.tif",551,0,0,0,0,1.20682217112996,0.098696786758239,10.2261768678824,0.330528274269869,"CS-L","7.tif",1802,127.320130287636,"G_5_CS-L",100.516234160846,0,0,0.259189178690344,0.00163893717407499,0.328305176526943,0.0471253052164262,0.000297988577104544,0.059691850277626,"p3","Day21","pLNA-1229","G_5",21,"p6","p8"
"552","G","5",30025,41517,3,2,0,2,24,14,"G_5_CS-L_8.tif",552,0.000803535556448373,0,6.66111573688593e-05,1,1.4336219856826,0.101548898058563,12.6832510254213,0.293326627792721,"CS-L","8.tif",2489,175.860046773544,"G_5_CS-L",149.888250840794,0.0133432739976686,0.0113726797910808,0.136472157492969,0.000799333888426311,0.160119287972023,0.0796087585375653,0.000466278101582015,0.0934029179836803,"p3","Day21","pLNA-1229","G_5",21,"p6","p8"
"553","G","5",30325,25275,9,1,0,8,26,24,"G_5_CS-R_1.tif",553,0.00282885431400283,0,0.000263808738664468,8,1.49486240543998,0.102749645326757,22.6355242518087,0.521312982378236,"CS-R","1.tif",2828,199.81205796528,"G_5_CS-R",151.385885320469,0.0528450851482275,0.0400376237623762,0.130122277227723,0.000857378400659522,0.171746526731739,0.120112871287129,0.000791426215993405,0.158535255444683,"p3","Day21","pLNA-1229","G_5",21,"p6","p8"
"554","G","5",41975,33256,27,1,0,25,53,71,"G_5_CS-R_2.tif",554,0.00853242320819113,0,0.000595592614651578,25,1.96664234011803,0.12511224077128,19.5088565672787,0.475198974772653,"CS-R","2.tif",2930,207.018857792882,"G_5_CS-R",209.544024281177,0.119306671167362,0.120761945392491,0.256015324232082,0.00126265634306135,0.252930142874806,0.342963924914676,0.00169148302561048,0.338830946115307,"p3","Day21","pLNA-1229","G_5",21,"p6","p8"
"555","G","5",18023,28208,1,1,0,1,15,8,"G_5_CS-R_3.tif",555,0.000571428571428571,0,5.5484658491927e-05,1,1.29608911176523,0.103523630284181,7.1210269369185,0.275970545166995,"CS-R","3.tif",1750,123.646075473564,"G_5_CS-R",89.9728874239346,0.0111144593513843,0.0080876,0.121314,0.000832269877378905,0.166716890270765,0.0647008,0.000443877267935416,0.0889156748110747,"p3","Day21","pLNA-1229","G_5",21,"p6","p8"
"556","G","5",26510,29405,8,1,0,6,15,27,"G_5_CS-R_4.tif",556,0.00267379679144385,0,0.0002263296869106,6,1.48019429892302,0.0986467276902528,13.7209780321077,0.312771277448103,"CS-R","4.tif",2244,158.549596207245,"G_5_CS-R",132.340966853937,0.0453374351316484,0.0378430481283422,0.0946076203208556,0.000565824217276499,0.113343587829121,0.17029371657754,0.0010184835910977,0.204018458092418,"p3","Day21","pLNA-1229","G_5",21,"p6","p8"
"557","G","5",16504,27675,0,1,1,0,17,1,"G_5_CS-R_5.tif",557,0,1,0,0,1.52288090393824,0.0973294408104531,6.23570612072945,0.36680624239585,"CS-R","5.tif",1786,126.189651883306,"G_5_CS-R",82.3898648418474,0,0,0.134717861142217,0.00103005332040717,0.206336058842099,0.00792458006718925,6.05913717886573e-05,0.0121374152260058,"p3","Day21","pLNA-1229","G_5",21,"p6","p8"
"558","G","5",19285,22642,0,1,0,0,15,5,"G_5_CS-R_6.tif",558,0,0,0,0,1.87373159428438,0.108939135360478,6.91321583688259,0.307861184580952,"CS-R","6.tif",1295,91.4980958504377,"G_5_CS-R",96.2729364684335,0,0,0.163937837837838,0.00077780658542909,0.155807026878403,0.0546459459459459,0.000259268861809697,0.0519356756261343,"p3","Day21","pLNA-1229","G_5",21,"p6","p8"
"559","G","5",18132,26699,1,1,0,2,15,4,"G_5_CS-R_7.tif",559,0.00137362637362637,0,0.000110302228105008,2,1.39184862822294,0.106444479740919,19.8201800026,0.473931604194518,"CS-R","7.tif",1456,102.873534794006,"G_5_CS-R",90.5170279515497,0.0220952901930289,0.0194413461538462,0.145810096153846,0.000827266710787558,0.165714676447717,0.0388826923076923,0.000220604456210015,0.0441905803860578,"p3","Day21","pLNA-1229","G_5",21,"p6","p8"
"560","G","5",10083,23174,2,1,0,2,12,2,"G_5_CS-R_8.tif",560,0.00313479623824451,0,0.000198353664583953,2,1.29831642781695,0.110525196519986,8.13955134153366,0.325582053661346,"CS-R","8.tif",638,45.0778263726481,"G_5_CS-R",50.3354948618727,0.0397333930159675,0.0443677115987461,0.266206269592477,0.00119012198750372,0.238400358095805,0.0443677115987461,0.000198353664583953,0.0397333930159675,"p3","Day21","pLNA-1229","G_5",21,"p6","p8"
"641","J","1",94589,40511,26,1,1,27,73,122,"J_1_CS-L_1.tif",641,0.00331004045605002,1,0.000285445453488249,27,1.71381014575289,0.113638189140442,20.2210569420799,0.49720719481623,"CS-L","1.tif",8157,576.332021507352,"J_1_CS-L",472.199159326557,0.0571792631704532,0.0468479955866127,0.12666309917862,0.000771759929801563,0.154595785609003,0.211683535613583,0.00128979056761357,0.258365559510937,"p3","Day33","pLNA-1229","J_1",33,"p6","p8"
"642","J","1",130065,80821,77,2,0,78,159,150,"J_1_CS-L_2.tif",642,0.00595920238368095,0,0.000599700149925037,39,3.20064164712182,0.148558573320024,22.5433896394571,0.545051563117212,"CS-L","2.tif",13089,924.801989641992,"J_1_CS-L",649.299428663044,0.120129475796102,0.0843423790969516,0.171928695851478,0.00122246569023181,0.2448793160459,0.162196882878753,0.00115326951908661,0.231018222684811,"p3","Day33","pLNA-1229","J_1",33,"p6","p8"
"643","J","1",18375,26970,9,1,0,9,24,26,"J_1_CS-L_3.tif",643,0.00554870530209618,0,0.000489795918367347,9,1.87335647207995,0.148350840253002,15.728544953924,0.323872109933671,"CS-L","3.tif",1622,114.602248238927,"J_1_CS-L",91.7301118800864,0.09811391064,0.0785324907521578,0.209419975339088,0.00130612244897959,0.26163709504,0.226871639950678,0.00141496598639456,0.283440186293333,"p3","Day33","pLNA-1229","J_1",33,"p6","p8"
"644","J","1",55411,32640,42,1,1,41,59,96,"J_1_CS-L_4.tif",644,0.010379746835443,1,0.000739925285593113,41,2.88134274619111,0.153687030843257,19.4908296465874,0.411850937953759,"CS-L","4.tif",3950,279.086856068903,"J_1_CS-L",276.618080510883,0.148218800174875,0.146907670886076,0.211403721518987,0.00106477053292668,0.213290468544332,0.343978936708861,0.001732507985779,0.347048897970439,"p3","Day33","pLNA-1229","J_1",33,"p6","p8"
"645","J","1",80507,36591,35,1,0,32,79,155,"J_1_CS-L_5.tif",645,0.00479688202668266,0,0.00039748096438819,32,2.13794696736562,0.13468056605543,19.1672442989003,0.428369027310913,"CS-L","5.tif",6671,471.338839705228,"J_1_CS-L",401.900196850619,0.0796217574680463,0.0678917103882477,0.167607660020986,0.000981281130833344,0.196566213749239,0.328850472193075,0.00192529842125529,0.385667887735849,"p3","Day33","pLNA-1229","J_1",33,"p6","p8"
"646","J","1",81688,36998,46,1,1,42,89,109,"J_1_CS-L_6.tif",646,0.00666349357448834,1,0.000514151405347175,42,1.99245175480675,0.122165755900475,19.7017730531889,0.425150564027261,"CS-L","6.tif",6303,445.337836405644,"J_1_CS-L",407.795884585605,0.102992701955979,0.0943104236078058,0.199848278597493,0.00108951131133092,0.218246439859098,0.24475800412502,0.00133434531387719,0.267290583647659,"p3","Day33","pLNA-1229","J_1",33,"p6","p8"
"647","J","1",79172,41576,38,1,0,32,59,122,"J_1_CS-L_7.tif",647,0.00549450549450549,0,0.000404183297125246,32,2.39469762007564,0.147084317406,18.5833373849021,0.382589979782405,"CS-L","7.tif",5824,411.494139176023,"J_1_CS-L",395.235723416065,0.0809643412883343,0.0777653846153846,0.143379927884615,0.000745212954074673,0.149278004250366,0.296480528846154,0.00154094882029,0.308676551161774,"p3","Day33","pLNA-1229","J_1",33,"p6","p8"
"648","J","1",71585,44036,25,1,0,23,78,78,"J_1_CS-L_8.tif",648,0.00340236686390533,0,0.000321296360969477,23,2.10877941615689,0.136314483444445,18.2278508326182,0.444098504798349,"CS-L","8.tif",6760,477.627125829312,"J_1_CS-L",357.360547425088,0.0643607700002794,0.0481547189349112,0.163307307692308,0.00108961374589649,0.218266959131382,0.163307307692308,0.00108961374589649,0.218266959131382,"p3","Day33","pLNA-1229","J_1",33,"p6","p8"
"649","J","1",38610,30085,28,1,0,26,50,53,"J_1_CS-R_1.tif",649,0.00803212851405622,0,0.000673400673400673,26,1.74415991544724,0.105782722376595,13.8621105520793,0.299059365594504,"CS-R","1.tif",3237,228.709912175959,"J_1_CS-R",192.745557534157,0.134892862552189,0.113681124497992,0.218617547111523,0.00129500129500129,0.259409351061901,0.231734599938214,0.00137270137270137,0.274973912125615,"p3","Day33","pLNA-1229","J_1",33,"p6","p8"
"650","J","1",80533,68979,26,2,0,26,66,68,"J_1_CS-R_2.tif",650,0.00453514739229025,0,0.000322849018414811,13,1.48242368724084,0.0954371729282665,16.7582113723106,0.360431009519031,"CS-R","2.tif",5733,405.064543251397,"J_1_CS-R",402.029991838857,0.0646717919752151,0.0641873015873016,0.162936996336996,0.000819539815976059,0.164166856552469,0.167874481074481,0.000844374355854122,0.169141609781332,"p3","Day33","pLNA-1229","J_1",33,"p6","p8"
"651","J","1",73307,36987,44,1,3,42,108,102,"J_1_CS-R_3.tif",651,0.00552704303197789,3,0.000572933007761878,42,1.65703257294027,0.103672217506556,16.7683577223444,0.309163248701503,"CS-R","3.tif",7599,536.906587156352,"J_1_CS-R",365.956969338421,0.114767591599438,0.0782258981444927,0.20115230951441,0.0014732563056734,0.29511666411284,0.189977181208054,0.00139140873313599,0.278721293884349,"p3","Day33","pLNA-1229","J_1",33,"p6","p8"
"652","J","1",83978,53259,33,1,0,33,74,96,"J_1_CS-R_4.tif",652,0.00537459283387622,0,0.000392960060968349,33,2.08325487606831,0.111851856236341,19.8564989175647,0.402475549828244,"CS-R","4.tif",6140,433.821087661535,"J_1_CS-R",419.227827780457,0.0787161486266641,0.0760682247557003,0.170577231270358,0.000881183167019934,0.176514999950701,0.221289381107492,0.00114315654099883,0.228992432368477,"p3","Day33","pLNA-1229","J_1",33,"p6","p8"
"653","J","1",43299,39296,50,1,0,49,62,95,"J_1_CS-R_5.tif",653,0.0156749840051184,0,0.00113166585833391,49,3.05926628867465,0.144173014414329,20.99839089105,0.347329804311169,"CS-R","5.tif",3126,220.867218245921,"J_1_CS-R",216.153584451475,0.226690665918612,0.221852751119642,0.280711644273832,0.00143190373911638,0.286833087488857,0.430122680742163,0.00219404605187187,0.439502311474861,"p3","Day33","pLNA-1229","J_1",33,"p6","p8"
"654","J","1",54729,34306,32,1,1,26,73,75,"J_1_CS-R_6.tif",654,0.0050251256281407,1,0.000475068062635897,26,1.77340436201185,0.112766354113661,18.8901877431075,0.345704058778041,"CS-R","6.tif",5174,365.568454000127,"J_1_CS-R",273.213458127088,0.0951636869509766,0.0711221105527638,0.199689002705837,0.00133384494509309,0.267190351823896,0.205159934286819,0.00137038864221893,0.27451063543551,"p3","Day33","pLNA-1229","J_1",33,"p6","p8"
"655","J","1",44321,28149,14,1,0,10,40,52,"J_1_CS-R_7.tif",655,0.00302114803625378,0,0.000225626678098418,10,2.09735789857805,0.124938438215764,13.1424183169237,0.283532961740381,"CS-R","7.tif",3310,233.867719895713,"J_1_CS-R",221.255525912235,0.0451966112881027,0.0427592145015106,0.171036858006042,0.000902506712393673,0.180786445152411,0.222347915407855,0.00117325872611178,0.235022378698134,"p3","Day33","pLNA-1229","J_1",33,"p6","p8"
"656","J","1",43891,29616,16,1,0,16,45,82,"J_1_CS-R_8.tif",656,0.00615148019992311,0,0.000364539427217425,16,1.60374625879857,0.117654954943582,20.3984162331354,0.358520268942678,"CS-R","8.tif",2601,183.773395603852,"J_1_CS-R",219.108916491367,0.0730230437729831,0.0870637447135717,0.24486678200692,0.00102526713904901,0.205377310611515,0.446201691657055,0.0018682645644893,0.374243099336538,"p3","Day33","pLNA-1229","J_1",33,"p6","p8"
"657","J","2",73206,39587,38,1,0,35,93,111,"J_2_CS-L_1.tif",657,0.00693069306930693,0,0.000478102887741442,35,1.69163879587926,0.103267732543254,15.5838408388265,0.328694899119958,"CS-L","1.tif",5050,356.807246366572,"J_2_CS-L",365.452765730264,0.0957716106760375,0.0980921782178218,0.260644930693069,0.00127038767314155,0.2544788512249,0.311092336633663,0.00151626915826572,0.303732822429719,"p3","Day33","pLNA-Ctrl","J_2",33,"p6","p8"
"658","J","2",43579,41178,27,1,3,28,57,63,"J_2_CS-L_2.tif",658,0.00646352723915051,3,0.000642511301314854,28,1.9199744633546,0.1097403442933,14.8232675916146,0.315349134385245,"CS-L","2.tif",4332,306.077027972275,"J_2_CS-L",217.551376632505,0.128705230154891,0.0914802400738689,0.186227631578947,0.00130796943481952,0.262007075672457,0.205830540166205,0.00144565042795842,0.289586767848505,"p3","Day33","pLNA-Ctrl","J_2",33,"p6","p8"
"659","J","2",80159,43333,50,1,1,46,101,79,"J_2_CS-L_3.tif",659,0.00705088902513795,1,0.00057385945433451,46,1.95379840080986,0.10802132890457,16.2350016796513,0.411201312907263,"CS-L","3.tif",6524,460.952569365448,"J_2_CS-L",400.162940854196,0.114953173579261,0.099793347639485,0.219111480686695,0.00125999575843012,0.252397185467508,0.171384227467811,0.000985541236791876,0.197419580712209,"p3","Day33","pLNA-Ctrl","J_2",33,"p6","p8"
"660","J","2",32231,31626,25,1,0,23,38,40,"J_2_CS-L_4.tif",660,0.00855654761904762,0,0.000713598709317117,23,3.60166925721263,0.148590253978161,12.4213435485959,0.294665761445894,"CS-L","4.tif",2688,189.920371927395,"J_2_CS-L",160.900856381337,0.1429451683308,0.121103385416667,0.200083854166667,0.00117898917191524,0.236170278111756,0.210614583333333,0.00124104123359499,0.248600292749217,"p3","Day33","pLNA-Ctrl","J_2",33,"p6","p8"
"661","J","2",74582,76043,10,2,0,12,38,60,"J_2_CS-L_5.tif",661,0.00195822454308094,0,0.000160896731114746,6,1.61003400944173,0.10224738512149,15.761633464694,0.412184472550788,"CS-L","5.tif",6128,432.973228858287,"J_2_CS-L",372.32191587704,0.0322301736435065,0.0277153394255875,0.0877652415143603,0.000509506315196696,0.102062216537771,0.138576697127937,0.000804483655573731,0.161150868217532,"p3","Day33","pLNA-Ctrl","J_2",33,"p6","p8"
"662","J","2",73890,34783,37,1,1,28,81,72,"J_2_CS-L_6.tif",662,0.00382304751501912,1,0.000378941670050074,28,1.69492242315117,0.102468979417047,14.9485804873208,0.353464669260329,"CS-L","6.tif",7324,517.476489581935,"J_2_CS-L",368.867372343923,0.0759080420208418,0.05410873839432,0.156528850354997,0.00109622411693057,0.219591121560292,0.139136755871109,0.00097442143727162,0.195192108053593,"p3","Day33","pLNA-Ctrl","J_2",33,"p6","p8"
"663","J","2",69028,32667,38,1,0,38,87,94,"J_2_CS-L_7.tif",663,0.00664335664335664,0,0.000550501245871241,38,1.69611657928975,0.102584927432739,15.449452700133,0.301365291068851,"CS-L","7.tif",5720,404.146029547879,"J_2_CS-L",344.595709543325,0.110274153007765,0.0940254195804196,0.215268723776224,0.00126035811554731,0.252469771359883,0.232589195804196,0.00136176623978675,0.272783431124471,"p3","Day33","pLNA-Ctrl","J_2",33,"p6","p8"
"664","J","2",57174,36943,15,1,0,15,43,47,"J_2_CS-L_8.tif",664,0.00296267035354533,0,0.000262357015426593,15,1.54851925407731,0.100408710733528,9.22505727061566,0.264079570993755,"CS-L","8.tif",5063,357.72576007009,"J_2_CS-L",285.419179136439,0.0525542818999895,0.0419315623148331,0.120203811969188,0.000752090110889565,0.150655608113303,0.13138556191981,0.00082205198166999,0.164670083286634,"p3","Day33","pLNA-Ctrl","J_2",33,"p6","p8"
"665","J","2",126807,81946,25,2,1,24,85,91,"J_2_CS-R_1.tif",665,0.0024367956137679,0.5,0.000189263999621472,12,1.69719656127341,0.101639014643816,11.0366986159767,0.357498739405034,"CS-R","1.tif",9849,695.880112765221,"J_2_CS-R",633.035118213775,0.0379125885902198,0.0344886993603412,0.122147476901208,0.00067030999865938,0.134273751257028,0.130769651741294,0.000717625998564748,0.143751898404583,"p3","Day33","pLNA-Ctrl","J_2",33,"p6","p8"
"666","J","2",59702,39997,3,1,0,3,35,69,"J_2_CS-R_2.tif",666,0.000450856627592426,0,5.02495728786305e-05,3,0.999615038292749,0.0901084623036206,10.0546412359977,0.268172590431243,"CS-R","2.tif",6654,470.137706400627,"J_2_CS-R",298.039245685166,0.0100657884605206,0.00638110910730388,0.0744462729185452,0.000586245016917356,0.117434198706073,0.146765509467989,0.0011557401762085,0.231513134591973,"p3","Day33","pLNA-Ctrl","J_2",33,"p6","p8"
"667","J","2",60300,37756,23,1,0,22,61,81,"J_2_CS-R_3.tif",667,0.00429939417627516,0,0.000364842454394693,22,1.64590839406506,0.104664199420872,10.986150091261,0.303191469969117,"CS-R","3.tif",5117,361.541124684703,"J_2_CS-R",301.024530414651,0.0730837449349917,0.0608506155950752,0.168722161422709,0.00101160862354892,0.202641292774295,0.224040902872777,0.00134328358208955,0.269081060897015,"p3","Day33","pLNA-Ctrl","J_2",33,"p6","p8"
"668","J","2",74561,46347,19,1,0,20,37,97,"J_2_CS-R_4.tif",668,0.00279602963791416,0,0.000268236745751801,20,1.37784431482086,0.0985952529780934,12.716131847083,0.294833991327775,"CS-R","4.tif",7153,505.394501635661,"J_2_CS-R",372.217081463462,0.0537320853770738,0.0395730462742905,0.0732101356074374,0.000496237979640831,0.0994043579475865,0.191929274430309,0.00130094821689623,0.260600614078808,"p3","Day33","pLNA-Ctrl","J_2",33,"p6","p8"
"669","J","2",48972,36860,15,1,0,16,35,68,"J_2_CS-R_5.tif",669,0.00468795780837972,0,0.000326717307849383,16,2.99486207142472,0.117264205555756,14.4626165122232,0.303242471865164,"CS-R","5.tif",3413,241.145174623586,"J_2_CS-R",244.473852462127,0.0654466718582047,0.0663500732493408,0.145140785232933,0.000714694110920526,0.143164594689823,0.281987811309698,0.00138854855835988,0.27814835539737,"p3","Day33","pLNA-Ctrl","J_2",33,"p6","p8"
"670","J","2",26632,29433,4,1,1,4,22,22,"J_2_CS-R_6.tif",670,0.00144822592324403,1,0.000150195253829979,4,1.34351665391163,0.0965277605900443,14.1184717288071,0.301675266723854,"CS-R","6.tif",2762,195.14883454742,"J_2_CS-R",132.950004875671,0.0300864975803545,0.0204971759594497,0.112734467776973,0.000826073896064884,0.16547573669195,0.112734467776973,0.000826073896064884,0.16547573669195,"p3","Day33","pLNA-Ctrl","J_2",33,"p6","p8"
"671","J","2",40433,25935,9,1,0,8,17,40,"J_2_CS-R_7.tif",671,0.00289330922242315,0,0.000197858185145797,8,1.18657744653961,0.0929538930039148,12.0503337930888,0.286769614602937,"CS-R","7.tif",2765,195.360799248232,"J_2_CS-R",201.846183055648,0.0396341406059407,0.0409498734177215,0.0870184810126582,0.000420448643434818,0.084222548787624,0.204749367088608,0.000989290925728984,0.198170703029703,"p3","Day33","pLNA-Ctrl","J_2",33,"p6","p8"
"672","J","2",42597,31859,19,1,0,17,32,60,"J_2_CS-R_8.tif",672,0.00519083969465649,0,0.000399089137732704,17,1.47312790970318,0.0989493747765342,14.4410610154271,0.293079848575093,"CS-R","8.tif",3275,231.394798386242,"J_2_CS-R",212.649119769036,0.0799439001603399,0.0734675114503817,0.138291786259542,0.000751226612202737,0.150482635595934,0.259297099236641,0.00140854989788013,0.282154941742376,"p3","Day33","pLNA-Ctrl","J_2",33,"p6","p8"
"689","J","4",75686,42561,55,1,1,51,93,104,"J_4_CS-L_1.tif",689,0.00786066584463625,1,0.000673836640858283,51,3.27098890938746,0.173198129402761,18.9167485360343,0.341901607559039,"CS-L","1.tif",6488,458.408992955706,"J_4_CS-L",377.833210762243,0.134980193766218,0.11125436189889,0.202875601109741,0.00122876093332981,0.246140353338398,0.226871639950678,0.00137409824802473,0.275253728464445,"p3","Day33","pLNA-181c","J_4",33,"p6","p8"
"690","J","4",76347,36087,40,1,0,39,91,101,"J_4_CS-L_2.tif",690,0.00611476952022578,0,0.000510825572714056,39,2.6782574899249,0.152367880862644,16.1464180185063,0.411473583097581,"CS-L","2.tif",6378,450.63695392594,"J_4_CS-L",381.13299873246,0.102326484795866,0.0865441674506115,0.201936390718093,0.0011919263363328,0.238761797857021,0.224127202884917,0.00132290725241332,0.264999358061089,"p3","Day33","pLNA-181c","J_4",33,"p6","p8"
"691","J","4",55272,39014,41,1,1,36,71,97,"J_4_CS-L_3.tif",691,0.00770218228498074,1,0.000651324359531046,36,2.46692628969609,0.145579996965013,17.1679719419209,0.377125102471225,"CS-L","3.tif",4674,330.241003864823,"J_4_CS-L",275.9241765353,0.130470625851064,0.109011296534018,0.214994501497647,0.00128455637574179,0.257317067650709,0.293724882327771,0.00175495730206976,0.351545852987589,"p3","Day33","pLNA-181c","J_4",33,"p6","p8"
"692","J","4",77448,65814,32,2,0,28,94,84,"J_4_CS-L_4.tif",692,0.00451467268623025,0,0.000361532899493854,14,2.26280515997651,0.1299832525798,15.3790987581015,0.438101281461167,"CS-L","4.tif",6202,438.201691478313,"J_4_CS-L",386.629317272867,0.0724207884634852,0.0638975169300226,0.21451309255079,0.00121371759115794,0.243126932698843,0.191692550790068,0.00108459869848156,0.217262365390456,"p3","Day33","pLNA-181c","J_4",33,"p6","p8"
"693","J","4",48504,36866,39,1,0,33,63,59,"J_4_CS-L_5.tif",693,0.0087117212249208,0,0.000680356259277585,33,6.08177745708871,0.259206637297008,22.4781339481726,0.490572479927684,"CS-L","5.tif",3788,267.640762225064,"J_4_CS-L",242.137542673835,0.13628617700334,0.123299604012672,0.2353901531151,0.00129886194952994,0.260182701551831,0.22044474656811,0.00121639452416296,0.243663164945365,"p3","Day33","pLNA-181c","J_4",33,"p6","p8"
"694","J","4",49425,32249,33,1,0,31,69,76,"J_4_CS-L_6.tif",694,0.00848385331143952,0,0.000627212948912494,31,2.26625732764386,0.129157378117235,16.5506487027987,0.362366397893829,"CS-L","6.tif",3654,258.173005588803,"J_4_CS-L",246.735280526436,0.12564072691128,0.120074521072797,0.267262643678161,0.00139605462822458,0.279651940544461,0.294376245210728,0.00153768335862418,0.308022427266363,"p3","Day33","pLNA-181c","J_4",33,"p6","p8"
"695","J","4",44295,31274,44,1,0,46,58,84,"J_4_CS-L_7.tif",695,0.0136014192785334,0,0.00103849192911164,46,2.99771298737875,0.14636883666265,23.1579276032391,0.476943930995343,"CS-L","7.tif",3382,238.954872715197,"J_4_CS-L",221.125730923996,0.208026446346992,0.192504967474867,0.242723654642224,0.00130940286714076,0.26229421495925,0.351530810171496,0.00189637656620386,0.379874380285811,"p3","Day33","pLNA-181c","J_4",33,"p6","p8"
"696","J","4",47810,36271,30,1,0,28,53,47,"J_4_CS-L_8.tif",696,0.00731834814427601,0,0.000585651537335285,28,3.04392611249438,0.15088556682772,24.6109069439959,0.453173558984257,"CS-L","8.tif",3826,270.325648435347,"J_4_CS-L",238.673014910853,0.117315315308931,0.103578776790382,0.196059827496079,0.00110855469567036,0.222061132549048,0.173864375326712,0.000983057937669943,0.19692213641142,"p3","Day33","pLNA-181c","J_4",33,"p6","p8"
"697","J","4",34676,33388,6,1,0,3,12,48,"J_4_CS-R_1.tif",697,0.000917150718434729,0,8.65151689929634e-05,3,1.27233412489295,0.0951705428026518,10.6248731678352,0.275254355426771,"CS-R","1.tif",3271,231.11217878516,"J_4_CS-R",173.106577390687,0.0173303640174761,0.0129807092632223,0.051922837052889,0.000346060675971854,0.0693214560699043,0.207691348211556,0.00138424270388741,0.277285824279617,"p3","Day33","pLNA-181c","J_4",33,"p6","p8"
"698","J","4",62411,38537,38,1,0,31,76,64,"J_4_CS-R_2.tif",698,0.00601241272304112,0,0.000496707311211165,31,1.9394620419725,0.103451662601194,19.3505414579995,0.462686944724797,"CS-R","2.tif",5156,364.296665795256,"J_4_CS-R",311.56288503663,0.0994983725239141,0.0850954809930178,0.208621179208689,0.00121773405329189,0.243931493929596,0.175680993017843,0.00102546025540369,0.205415994888081,"p3","Day33","pLNA-181c","J_4",33,"p6","p8"
"699","J","4",45725,30554,41,1,1,40,62,55,"J_4_CS-R_3.tif",699,0.00897464662328921,1,0.000874794969928923,40,3.04643787840201,0.128434281936684,19.5807805475864,0.37768296416739,"CS-R","3.tif",4457,314.908890506101,"J_4_CS-R",228.264455277113,0.175235342495353,0.127020866053399,0.196882342382769,0.00135593220338983,0.271614780867797,0.174653690823424,0.00120284308365227,0.24094859593111,"p3","Day33","pLNA-181c","J_4",33,"p6","p8"
"700","J","4",74337,79197,38,2,0,32,80,79,"J_4_CS-R_4.tif",700,0.00517883152613692,0,0.00043047203949581,16,2.28361028768122,0.113552409146798,13.96849610383,0.403965695886969,"CS-R","4.tif",6179,436.576628772088,"J_4_CS-R",371.098847718639,0.0862303943995588,0.0732975562388736,0.183243890597184,0.00107618009873952,0.215575985998897,0.180953341964719,0.00106272784750528,0.212881286173911,"p3","Day33","pLNA-181c","J_4",33,"p6","p8"
"701","J","4",69024,40940,10,1,0,10,16,69,"J_4_CS-R_5.tif",701,0.00201572263656521,0,0.000144877144181734,10,1.79957560868934,0.102624693042129,18.1059170684953,0.396322403616044,"CS-R","5.tif",4961,350.518960242488,"J_4_CS-R",344.575741083596,0.0290211956551344,0.0285291271920984,0.0456466035073574,0.000231803430690774,0.0464339130482151,0.196850977625479,0.000999652294853964,0.200246250020428,"p3","Day33","pLNA-181c","J_4",33,"p6","p8"
"702","J","4",22147,34902,26,1,0,21,40,34,"J_4_CS-R_6.tif",702,0.00939597315436242,0,0.000948209689799973,21,2.57710345573723,0.129670978770757,16.3494051383699,0.344772417861689,"CS-R","6.tif",2235,157.913702104809,"J_4_CS-R",110.560369404532,0.189941478244909,0.132984026845638,0.253302908277405,0.00180611369485709,0.361793291895065,0.215307472035794,0.00153519664062853,0.307524298110805,"p3","Day33","pLNA-181c","J_4",33,"p6","p8"
"703","J","4",61111,41575,21,1,0,19,47,73,"J_4_CS-R_7.tif",703,0.00387044204522306,0,0.000310909656199375,19,1.56465978238811,0.0993308552191402,11.6858432931851,0.279632032294927,"CS-R","7.tif",4909,346.844905428416,"J_4_CS-R",305.073135624705,0.062280147876978,0.0547795273986555,0.135507251986148,0.000769092307440559,0.154061418432524,0.210468710531677,0.00119454762645023,0.239286883948389,"p3","Day33","pLNA-181c","J_4",33,"p6","p8"
"704","J","4",59003,33417,37,1,1,33,66,76,"J_4_CS-R_8.tif",704,0.00622641509433962,1,0.00055929359524092,33,1.86638183316047,0.103639059255399,16.3873105149128,0.363666481181616,"CS-R","8.tif",5300,374.470971434224,"J_4_CS-R",294.549757347523,0.112035400392692,0.088124320754717,0.176248641509434,0.00111858719048184,0.224070800785384,0.202952981132075,0.0012880700981306,0.258020922116503,"p3","Day33","pLNA-181c","J_4",33,"p6","p8"
"705","J","5",72002,38590,35,1,1,31,72,85,"J_5_CS-L_1.tif",705,0.00696472702763424,1,0.000430543596011222,31,1.91205187260898,0.116751645713123,16.8595608038061,0.387941444339323,"CS-L","1.tif",4451,314.484961104477,"J_5_CS-L",359.442259351836,0.0862447283074081,0.0985738710402157,0.22894576499663,0.000999972222993806,0.20031033671398,0.270283194787688,0.00118052276325658,0.236477480842893,"p3","Day33","Empty","J_5",33,"p5","p7"
"706","J","5",33110,26911,30,1,0,30,52,55,"J_5_CS-L_2.tif",706,0.0107334525939177,0,0.000906070673512534,30,2.76114260992752,0.142442996019797,17.8903070753271,0.409667410655838,"CS-L","2.tif",2795,197.48044625635,"J_5_CS-L",165.288925406784,0.181500363234672,0.151913774597496,0.263317209302326,0.00157052250075506,0.314600629606765,0.278508586762075,0.00166112956810631,0.332750665930233,"p3","Day33","Empty","J_5",33,"p5","p7"
"707","J","5",31692,31688,10,1,0,13,21,38,"J_5_CS-L_3.tif",707,0.00531262770739681,0,0.000410198157263663,13,3.07398082848106,0.135420529719774,17.7268490532511,0.362247536679754,"CS-L","3.tif",2447,172.892540962178,"J_5_CS-L",158.210106432854,0.0821692134156885,0.0751912137310993,0.121462729873314,0.00066262779250284,0.132734883209958,0.219789701675521,0.00119904076738609,0.240186931522782,"p3","Day33","Empty","J_5",33,"p5","p7"
"708","J","5",67570,41317,25,1,1,30,65,65,"J_5_CS-L_4.tif",708,0.00680272108843537,1,0.000443984016575403,30,1.45498694227292,0.103337639924633,18.5560758709908,0.493044712168564,"CS-L","4.tif",4410,311.588110193382,"J_5_CS-L",337.317205972106,0.0889370582610626,0.0962809523809524,0.20860873015873,0.000961965369246707,0.192696959565636,0.20860873015873,0.000961965369246707,0.192696959565636,"p3","Day33","Empty","J_5",33,"p5","p7"
"709","J","5",43190,48058,38,1,0,32,55,44,"J_5_CS-L_5.tif",709,0.00972348830142814,0,0.000740912248205603,32,2.24479466243224,0.124342329592507,20.2246557988904,0.424988131478856,"CS-L","5.tif",3291,232.525276790572,"J_5_CS-L",215.60944392386,0.148416504479741,0.137619446976603,0.236533424491036,0.00127344292660338,0.255090867074554,0.189226739592829,0.0010187543412827,0.204072693659643,"p3","Day33","Empty","J_5",33,"p5","p7"
"710","J","5",88376,42083,57,1,0,59,105,118,"J_5_CS-L_6.tif",710,0.00817400942089221,0,0.000667602063908754,59,1.99881066708338,0.118504093826381,21.7189083793911,0.505603211615212,"CS-L","6.tif",7218,509.98707015325,"J_5_CS-L",441.183149252491,0.133731308867905,0.115689207536714,0.20588757273483,0.00118810536797321,0.237996397137798,0.231378415073428,0.00133520412781751,0.267462617735811,"p3","Day33","Empty","J_5",33,"p5","p7"
"711","J","5",48151,37925,12,1,0,15,35,69,"J_5_CS-L_7.tif",711,0.00637213254035684,0,0.00031152000996864,15,1.72697729979243,0.11256840239842,18.2775507800389,0.411741521039343,"CS-L","7.tif",2354,166.321635237012,"J_5_CS-L",240.375326102751,0.06240241144213,0.0901867034834325,0.210435641461342,0.000726880023260161,0.145605626698303,0.414858836023789,0.00143299204585575,0.287051092633798,"p3","Day33","Empty","J_5",33,"p5","p7"
"712","J","5",124601,77017,70,2,1,72,139,141,"J_5_CS-L_8.tif",712,0.00671641791044776,0.5,0.000577844479578816,36,1.91100784956658,0.103362957535627,17.7030425494444,0.469927168284117,"CS-L","8.tif",10720,757.420530900921,"J_5_CS-L",622.022512673232,0.115751437501144,0.0950594776119403,0.18351760261194,0.00111556087029799,0.223464580731375,0.186158143656716,0.00113161210584185,0.22667989843974,"p3","Day33","Empty","J_5",33,"p5","p7"
"713","J","5",41261,33141,16,1,0,15,51,40,"J_5_CS-R_1.tif",713,0.0050744248985115,0,0.000363539419791086,15,2.06276604080317,0.128814856293111,18.4691184021533,0.341384496683905,"CS-R","1.tif",2956,208.855885199918,"J_5_CS-R",205.979654219551,0.0728227263844793,0.0718198579161028,0.24418751691475,0.00123603402728969,0.24759726970723,0.191519621109608,0.000969438452776229,0.194193937025278,"p3","Day33","Empty","J_5",33,"p5","p7"
"714","J","5",40462,28909,25,1,0,24,57,37,"J_5_CS-R_2.tif",714,0.00815771583956492,0,0.000593149127576492,24,2.18664969987514,0.13147064198126,22.7759584011258,0.477693528611541,"CS-R","2.tif",2942,207.86671659613,"J_5_CS-R",201.990954388683,0.118817201852602,0.115458599592114,0.274214174031271,0.00140872917799417,0.282190854399931,0.177998674371176,0.000914438238347091,0.183176519522762,"p3","Day33","Empty","J_5",33,"p5","p7"
"715","J","5",69024,39250,25,1,0,20,57,57,"J_5_CS-R_3.tif",715,0.005249343832021,0,0.000289754288363468,20,1.59623129175682,0.104093200490227,14.7340290996066,0.410785976570027,"CS-R","3.tif",3810,269.195170031017,"J_5_CS-R",344.575741083596,0.0580423913102689,0.0742955380577428,0.211742283464567,0.000825799721835883,0.165420815234266,0.211742283464567,0.000825799721835883,0.165420815234266,"p3","Day33","Empty","J_5",33,"p5","p7"
"716","J","5",51131,43764,18,1,0,19,56,51,"J_5_CS-R_4.tif",716,0.00510615425960763,0,0.000371594531693102,19,1.75165179145655,0.120297716725458,19.6300800179734,0.579600311890403,"CS-R","4.tif",3721,262.906883906933,"J_5_CS-R",255.251828600854,0.0744362933819014,0.0722689330825047,0.21300317119054,0.00109522598814809,0.219391180494025,0.193985030905671,0.000997437953492011,0.19980268223563,"p3","Day33","Empty","J_5",33,"p5","p7"
"717","J","5",112965,41558,53,1,1,52,145,116,"J_5_CS-R_5.tif",717,0.00673139158576052,1,0.00046031956800779,52,2.46801177607528,0.147891781137684,20.9814287092665,0.576694960949286,"CS-R","5.tif",7725,545.809104590449,"J_5_CS-R",563.934263321576,0.0922093289627761,0.0952714045307443,0.265660647249191,0.00128358341079095,0.257122167300049,0.212528517799353,0.00102686672863276,0.205697733840039,"p3","Day33","Empty","J_5",33,"p5","p7"
"718","J","5",103447,38182,33,1,0,36,92,117,"J_5_CS-R_6.tif",718,0.00427756653992395,0,0.000348004292052935,36,2.34727875685886,0.134559747034654,18.8668339896915,0.552331819757175,"CS-R","6.tif",8416,594.631640677439,"J_5_CS-R",516.419313396424,0.0697107932761704,0.0605416825095057,0.154717633079848,0.000889344301913057,0.178149805039102,0.196760468155894,0.00113101394917204,0.226560078147554,"p3","Day33","Empty","J_5",33,"p5","p7"
"719","J","5",52951,32913,41,1,1,39,62,71,"J_5_CS-R_7.tif",719,0.0099160945842868,1,0.000736529999433438,39,2.32836430856297,0.14195644205418,21.9162318479847,0.42810454951652,"CS-R","7.tif",3933,277.885722764302,"J_5_CS-R",264.337477777549,0.14753867036902,0.140345461479786,0.223113297737096,0.00117089384525316,0.234548655458443,0.255500711924739,0.00134086230666088,0.268596040928217,"p3","Day33","Empty","J_5",33,"p5","p7"
"720","J","5",80250,35432,29,1,0,24,76,79,"J_5_CS-R_8.tif",720,0.00445516985335066,0,0.000299065420560748,24,2.36696180779683,0.142639086465363,20.7799741814408,0.500291485667203,"CS-R","8.tif",5387,380.617947757767,"J_5_CS-R",400.61722331303,0.0599075591446729,0.0630553554854279,0.199675292370522,0.000947040498442368,0.189707270624798,0.2075572118062,0.000984423676012461,0.197195715517882,"p3","Day33","Empty","J_5",33,"p5","p7"
"737","K","2",23315,22899,9,1,0,10,17,34,"K_2_CS-L_1.tif",737,0.00448229493500672,0,0.000428908428050611,10,1.46208178383463,0.0943715265202978,14.5900439422797,0.316817604171283,"CS-L","1.tif",2231,157.631082503727,"K_2_CS-L",116.391159645399,0.0859171781642719,0.0634392649036307,0.107846750336172,0.000729144327686039,0.146059202879262,0.215693500672344,0.00145828865537208,0.292118405758525,"p4","Day21","pLNA-Ctrl","K_2",21,"p6","p8"
"738","K","2",26022,20493,7,1,0,7,18,20,"K_2_CS-L_2.tif",738,0.00284206252537556,0,0.000269003151179771,7,1.26679043575293,0.095818994687388,11.3823865026236,0.320511114810227,"CS-L","2.tif",2463,174.023019366508,"K_2_CS-L",129.904814766999,0.0538856085708247,0.0402245635403979,0.103434591961023,0.000691722388747982,0.138562993467835,0.114927324401137,0.000768580431942203,0.153958881630928,"p4","Day21","pLNA-Ctrl","K_2",21,"p6","p8"
"739","K","2",25246,30079,15,1,0,18,26,33,"K_2_CS-L_3.tif",739,0.00826825907211759,0,0.000712984235126357,18,1.50996121176733,0.0992515957111753,14.3691250045191,0.346068476719357,"CS-L","3.tif",2177,153.815717889114,"K_2_CS-L",126.030933579573,0.142822079379704,0.117023151125402,0.169033440514469,0.00102986611740474,0.206298559104016,0.214542443729904,0.00130713776439832,0.26184047886279,"p4","Day21","pLNA-Ctrl","K_2",21,"p6","p8"
"740","K","2",32258,44508,4,2,0,3,20,32,"K_2_CS-L_4.tif",740,0.0011290929619872,0,9.3000186000372e-05,1.5,1.36360952183604,0.101252371002565,16.9315113043413,0.323855916565503,"CS-L","4.tif",2657,187.730070019006,"K_2_CS-L",161.035643484508,0.0186294160416021,0.0159803914188935,0.106535942792623,0.00062000124000248,0.124196106944014,0.170457508468197,0.000992001984003968,0.198713771110422,"p4","Day21","pLNA-Ctrl","K_2",21,"p6","p8"
"741","K","2",34343,30353,8,1,0,6,24,31,"K_2_CS-L_5.tif",741,0.00198216055500496,0,0.000174708091896456,6,1.17067534026379,0.0921931906468391,13.9699259561396,0.301559496849278,"CS-L","5.tif",3027,213.872383119131,"K_2_CS-L",171.444203118248,0.0349968088210116,0.0280541129831516,0.112216451932607,0.000698832367585825,0.139987235284046,0.14494625041295,0.000902658474798358,0.180816845575226,"p4","Day21","pLNA-Ctrl","K_2",21,"p6","p8"
"742","K","2",23395,28951,5,1,0,4,21,14,"K_2_CS-L_6.tif",742,0.00167294019238812,0,0.000170976704424022,4,1.3139158654071,0.102171953415492,10.8201070523688,0.276540148687716,"CS-L","6.tif",2391,168.935866547024,"K_2_CS-L",116.790528839979,0.0342493525779013,0.0236776244249268,0.124307528230866,0.000897627698226117,0.179809101033982,0.0828716854872438,0.000598418465484078,0.119872734022654,"p4","Day21","pLNA-Ctrl","K_2",21,"p6","p8"
"743","K","2",8610,19715,0,1,0,0,4,1,"K_2_CS-L_7.tif",743,0,0,0,0,1.16538490727544,0.102421469572182,14.0729534029961,0.343242765926733,"CS-L","7.tif",953,67.3341199578897,"K_2_CS-L",42.9821095666691,0,0,0.0594052465897167,0.000464576074332172,0.0930619748617886,0.0148513116474292,0.000116144018583043,0.0232654937154472,"p4","Day21","pLNA-Ctrl","K_2",21,"p6","p8"
"744","K","2",22640,23732,3,1,1,3,32,9,"K_2_CS-L_8.tif",744,0.00132333480370534,1,0.000132508833922261,3,1.59175249910913,0.107349149056837,4.58190449410015,0.243616587929235,"CS-L","8.tif",2267,160.174658913469,"K_2_CS-L",113.021482066131,0.0265436264430212,0.0187295544772828,0.199781914424349,0.00141342756183746,0.283132015392226,0.0561886634318483,0.000397526501766784,0.0796308793290636,"p4","Day21","pLNA-Ctrl","K_2",21,"p6","p8"
"745","K","2",24113,25735,2,1,1,1,8,8,"K_2_CS-R_1.tif",745,0.000585480093676815,1,4.14714054659312e-05,1,1.19296940602362,0.101577284940738,15.097541378811,0.307277767405835,"CS-R","1.tif",1708,120.678569662199,"K_2_CS-R",120.374867361335,0.00830738194708249,0.00828647540983607,0.0662918032786885,0.00033177124372745,0.0664590555766599,0.0662918032786885,0.00033177124372745,0.0664590555766599,"p4","Day21","pLNA-Ctrl","K_2",21,"p6","p8"
"746","K","2",19175,25881,3,1,0,2,18,10,"K_2_CS-R_2.tif",746,0.00089126559714795,0,0.000104302477183833,2,1.1478683989909,0.094672744185589,18.5622217401862,0.41727709536718,"CS-R","2.tif",2244,158.549596207245,"K_2_CS-R",95.7238038258861,0.0208934446821382,0.0126143493761141,0.113529144385027,0.000938722294654498,0.188041002139244,0.0630717468805704,0.000521512385919166,0.104467223410691,"p4","Day21","pLNA-Ctrl","K_2",21,"p6","p8"
"747","K","2",20111,25335,6,1,0,7,17,24,"K_2_CS-R_3.tif",747,0.00457516339869281,0,0.000348068221371389,7,1.52764620412798,0.102729281782274,17.6305956051995,0.364834266795147,"CS-R","3.tif",1530,108.101997414031,"K_2_CS-R",100.396423402472,0.0697235993351897,0.064753660130719,0.157258888888889,0.00084530853761623,0.169328741242604,0.222012549019608,0.00119337675898762,0.239052340577793,"p4","Day21","pLNA-Ctrl","K_2",21,"p6","p8"
"748","K","2",5486,24731,1,1,0,1,4,3,"K_2_CS-R_4.tif",748,0.00191938579654511,0,0.0001822821728035,1,1.39467842131853,0.114151954117485,7.87583226462205,0.272165955182303,"CS-R","4.tif",521,36.8112030409869,"K_2_CS-R",27.3867425183213,0.0365140176613197,0.0271656429942418,0.108662571976967,0.000729128691213999,0.146056070645279,0.0814969289827255,0.000546846518410499,0.109542052983959,"p4","Day21","pLNA-Ctrl","K_2",21,"p6","p8"
"749","K","2",34610,33654,0,1,0,0,13,22,"K_2_CS-R_5.tif",749,0,0,0,0,1.16837391801752,0.097338849690945,12.3890586048365,0.319840875641477,"CS-R","5.tif",2994,211.540771410201,"K_2_CS-R",172.777097805159,0,0,0.0614538744154977,0.000375613984397573,0.0752414536714822,0.103998864395458,0.000635654435134354,0.127331690828662,"p4","Day21","pLNA-Ctrl","K_2",21,"p6","p8"
"750","K","2",19950,27201,0,1,0,0,15,5,"K_2_CS-R_6.tif",750,0,0,0,0,1.13307392920057,0.0930744154388276,4.44048522412777,0.27328984880195,"CS-R","6.tif",1648,116.439275645962,"K_2_CS-R",99.5926928983795,0,0,0.128822512135922,0.00075187969924812,0.150613459315789,0.0429408373786408,0.00025062656641604,0.0502044864385965,"p4","Day21","pLNA-Ctrl","K_2",21,"p6","p8"
"751","K","2",29927,53031,4,2,0,4,18,8,"K_2_CS-R_7.tif",751,0.00159045725646123,0,0.000133658569185017,2,1.6300780756606,0.108322764036637,10.0476672686636,0.27879226470069,"CS-R","7.tif",2515,177.69707418058,"K_2_CS-R",149.399023577434,0.026773936697965,0.0225102186878728,0.101295984095427,0.000601463561332576,0.120482715140843,0.0450204373757455,0.000267317138370034,0.0535478733959301,"p4","Day21","pLNA-Ctrl","K_2",21,"p6","p8"
"752","K","2",11068,31246,0,1,0,0,3,4,"K_2_CS-R_8.tif",752,0,0,0,0,1.1466341043512,0.0960540889008414,6.23048752918839,0.253617652364992,"CS-R","8.tif",879,62.1056573378647,"K_2_CS-R",55.2527280701386,0,0,0.0483047781569966,0.000271051680520419,0.0542959615711962,0.0644063708759954,0.000361402240693892,0.0723946154282617,"p4","Day21","pLNA-Ctrl","K_2",21,"p6","p8"
"753","K","3",25585,29331,15,1,0,15,21,44,"K_3_CS-L_1.tif",753,0.00632911392405063,0,0.000586281024037522,15,2.12002383740175,0.118024411717703,15.6620983362875,0.314398577589231,"CS-L","1.tif",2370,167.452113641342,"K_3_CS-L",127.723260541606,0.117441411504788,0.0895778481012658,0.125408987341772,0.000820793433652531,0.164417976106703,0.262761687763713,0.00171975767051006,0.344494807080711,"p4","Day21","pLNA-1229","K_3",21,"p6","p8"
"754","K","3",8961,22544,1,1,0,1,9,8,"K_3_CS-L_2.tif",754,0.0014265335235378,0,0.000111594688092847,1,1.9748497373528,0.112069250845762,14.1947566326708,0.321570004388894,"CS-L","2.tif",701,49.5290850896964,"K_3_CS-L",44.7343419078887,0.0223541904798572,0.0201901569186876,0.181711412268188,0.00100435219283562,0.201187714318714,0.161521255349501,0.000892757504742774,0.178833523838857,"p4","Day21","pLNA-1229","K_3",21,"p6","p8"
"755","K","3",31404,31301,5,1,0,5,38,16,"K_3_CS-L_3.tif",755,0.00177367860943597,0,0.000159215386574959,5,1.30388583380141,0.0985669445238473,8.74124321248382,0.264075099833205,"CS-L","3.tif",2819,199.176163862845,"K_3_CS-L",156.772377332366,0.0318933735973124,0.0251034054629301,0.190785881518269,0.00121003693796969,0.242389639339575,0.0803308974813764,0.000509489237039868,0.1020587955114,"p4","Day21","pLNA-1229","K_3",21,"p6","p8"
"756","K","3",23837,22024,1,1,0,1,33,9,"K_3_CS-L_4.tif",756,0.000407331975560081,0,4.19515878676008e-05,1,1.41257158723293,0.102333126335641,7.62199333144559,0.265874663799514,"CS-L","4.tif",2455,173.457780164343,"K_3_CS-L",118.997043640034,0.00840357011746445,0.0057650916496945,0.190248024439919,0.00138440239963083,0.277317813876327,0.0518858248472505,0.000377564290808407,0.07563213105718,"p4","Day21","pLNA-1229","K_3",21,"p6","p8"
"757","K","3",19608,40478,2,2,0,2,25,6,"K_3_CS-L_5.tif",757,0.0010911074740862,0,0.000101999184006528,1,1.51443900495768,0.123047206622375,9.18253350506226,0.266526483141814,"CS-L","5.tif",1833,129.510432196025,"K_3_CS-L",97.8853895915502,0.0204320584343125,0.0154427714129842,0.193034642662302,0.0012749898000816,0.255400730428907,0.0463283142389525,0.000305997552019584,0.0612961753029376,"p4","Day21","pLNA-1229","K_3",21,"p6","p8"
"758","K","3",13536,23193,1,1,0,2,9,12,"K_3_CS-L_6.tif",758,0.00191754554170662,0,0.000147754137115839,2,1.54066105931997,0.0987619214956044,12.7766816876829,0.310888361855373,"CS-L","6.tif",1043,73.6930609822444,"K_3_CS-L",67.5732677229306,0.0295975030865839,0.0271395973154362,0.122128187919463,0.000664893617021277,0.133188763889628,0.162837583892617,0.000886524822695035,0.177585018519504,"p4","Day21","pLNA-1229","K_3",21,"p6","p8"
"759","K","3",21217,21986,13,1,0,12,30,24,"K_3_CS-L_7.tif",759,0.00489596083231334,0,0.000565584201347976,12,1.96406042675177,0.116835801077881,12.8389887176454,0.308360443082489,"CS-L","7.tif",2451,173.175160563261,"K_3_CS-L",105.91770251754,0.113295508822171,0.0692940024479804,0.173235006119951,0.00141396050336994,0.283238772055427,0.138588004895961,0.00113116840269595,0.226591017644342,"p4","Day21","pLNA-1229","K_3",21,"p6","p8"
"760","K","3",12856,41480,0,2,0,0,14,3,"K_3_CS-L_8.tif",760,0,0,0,0,1.28089243173599,0.108266326812049,7.12284019092719,0.251690346052249,"CS-L","8.tif",1324,93.5470879582853,"K_3_CS-L",64.1786295690009,0,0,0.149657250755287,0.00108898568761668,0.218141149071251,0.0320694108761329,0.000233354075917859,0.0467445319438394,"p4","Day21","pLNA-1229","K_3",21,"p6","p8"
"761","K","3",19476,25075,11,1,0,12,24,27,"K_3_CS-R_1.tif",761,0.00672268907563025,0,0.000616142945163278,12,2.07288471935317,0.113215037317585,16.2124835594937,0.344503106678429,"CS-R","1.tif",1785,126.118996983036,"K_3_CS-R",97.2264304204932,0.1234232291374,0.0951482352941176,0.190296470588235,0.00123228589032656,0.2468464582748,0.214083529411765,0.00138632162661738,0.27770226555915,"p4","Day21","pLNA-1229","K_3",21,"p6","p8"
"762","K","3",21494,26098,6,1,0,7,26,17,"K_3_CS-R_2.tif",762,0.00335088559119196,0,0.000325672280636457,7,1.67447635302177,0.102795758765302,9.69537067325676,0.289752949066466,"CS-R","2.tif",2089,147.598086665301,"K_3_CS-R",107.300518353773,0.0652373362905927,0.0474260890378171,0.176154044997607,0.00120963989950684,0.242310106222202,0.115177644806127,0.000790918395831395,0.158433530991439,"p4","Day21","pLNA-1229","K_3",21,"p6","p8"
"763","K","3",8042,18885,0,1,0,0,7,2,"K_3_CS-R_3.tif",763,0,0,0,0,1.04585989883968,0.0978405775478134,10.3425269126892,0.283727847511682,"CS-R","3.tif",815,57.5837437205457,"K_3_CS-R",40.1465882851513,0,0,0.121562085889571,0.000870430241233524,0.174361017934593,0.0347320245398773,0.00024869435463815,0.0498174336955981,"p4","Day21","pLNA-1229","K_3",21,"p6","p8"
"764","K","3",22488,36183,5,2,1,5,32,13,"K_3_CS-R_4.tif",764,0.00199123855037834,0.5,0.000222340803984347,2.5,1.64921559114009,0.107558820985198,17.2097388001589,0.328753390506276,"CS-R","4.tif",2511,177.414454579497,"K_3_CS-R",112.262680596429,0.0445383984547314,0.0281825965750697,0.180368618080446,0.00142298114549982,0.285045750110281,0.0732747510951812,0.000578086090359303,0.115799835982302,"p4","Day21","pLNA-1229","K_3",21,"p6","p8"
"765","K","3",31534,27036,7,1,0,6,16,42,"K_3_CS-R_5.tif",765,0.00189393939393939,0,0.000190270818798757,6,1.1806763575878,0.0942351875203941,17.3107303590292,0.359289592580718,"CS-R","5.tif",3168,223.834724057287,"K_3_CS-R",157.421352273559,0.0381142704807509,0.0268054924242424,0.0714813131313131,0.000507388850130018,0.101638054615336,0.187638446969697,0.0013318957315913,0.266799893365257,"p4","Day21","pLNA-1229","K_3",21,"p6","p8"
"766","K","3",8246,23733,6,1,0,5,10,10,"K_3_CS-R_6.tif",766,0.00663129973474801,0,0.000606354596167839,5,1.60831769183278,0.106191980515568,9.81484854519367,0.276347608261076,"CS-R","6.tif",754,53.2737948040386,"K_3_CS-R",41.1649797313302,0.121462467190153,0.093854774535809,0.187709549071618,0.00121270919233568,0.242924934380306,0.187709549071618,0.00121270919233568,0.242924934380306,"p4","Day21","pLNA-1229","K_3",21,"p6","p8"
"767","K","3",10606,24724,0,1,0,0,0,1,"K_3_CS-R_7.tif",767,0,0,0,0,0,0,8.92277407646179,0.270387093226115,"CS-R","7.tif",925,65.3557827503127,"K_3_CS-R",52.9463709714393,0,0,0,0,0,0.0153008648648649,9.42862530643032e-05,0.0188870357241184,"p4","Day21","pLNA-1229","K_3",21,"p6","p8"
"768","K","3",28767,47979,9,2,0,7,32,23,"K_3_CS-R_8.tif",768,0.00244328097731239,0,0.000243334376194946,3.5,1.38489881251007,0.102375152793951,15.002203942641,0.292237427136584,"CS-R","8.tif",2865,202.426289275293,"K_3_CS-R",143.608170256024,0.0487437447849967,0.0345804886561955,0.158082233856894,0.00111238571974832,0.222828547588556,0.113621605584642,0.000799527236069107,0.160158018579275,"p4","Day21","pLNA-1229","K_3",21,"p6","p8"
"769","K","4",33686,34069,11,1,0,9,39,20,"K_4_CS-L_1.tif",769,0.00323508267433501,0,0.000267173306418097,9,2.37953686981629,0.175090639536936,15.02794534266,0.484253442942537,"CS-L","1.tif",2782,196.561932552832,"K_4_CS-L",168.16438360776,0.053519061568901,0.0457870956146657,0.198410747663551,0.00115775099447842,0.231915933465238,0.101749101365924,0.000593718458706881,0.118931247930891,"p4","Day21","Empty","K_4",21,"p5","p7"
"770","K","4",18979,24762,4,1,0,3,16,7,"K_4_CS-L_2.tif",770,0.00183262064752596,0,0.000158069445176247,3,2.44636262534186,0.171312320047064,14.683848327824,0.437269928372945,"CS-L","2.tif",1637,115.662071742986,"K_4_CS-L",94.7453492991652,0.0316638233136625,0.0259376298106292,0.138334025656689,0.000843037040939986,0.168873724339533,0.0605211362248015,0.000368828705411244,0.0738822543985458,"p4","Day21","Empty","K_4",21,"p5","p7"
"771","K","4",19179,25990,1,1,0,1,14,1,"K_4_CS-L_3.tif",771,0.000754716981132075,0,5.21403618541113e-05,1,2.39834767207503,0.163683462347679,17.6739147305489,0.453177300783304,"CS-L","3.tif",1325,93.617742858556,"K_4_CS-L",95.7437722856151,0.0104445435575369,0.0106817358490566,0.149544301886792,0.000729965065957558,0.146223609805516,0.0106817358490566,5.21403618541113e-05,0.0104445435575369,"p4","Day21","Empty","K_4",21,"p5","p7"
"772","K","4",11910,26814,0,1,0,0,9,0,"K_4_CS-L_4.tif",772,0,0,0,0,1.5811839285824,0.15856139909844,0,0,"CS-L","4.tif",1001,70.7255551708789,"K_4_CS-L",59.4560888430927,0,0,0.127252447552448,0.000755667506297229,0.151372217297229,0,0,0,"p4","Day21","Empty","K_4",21,"p5","p7"
"773","K","4",19385,32785,0,1,0,0,18,4,"K_4_CS-L_5.tif",773,0,0,0,0,2.41839050667153,0.179721441318103,13.2373769693077,0.411481144185169,"CS-L","5.tif",1244,87.8946959366367,"K_4_CS-L",96.7721479616585,0,0,0.204790514469453,0.000928553004900696,0.1860039317008,0.0455090032154341,0.000206345112200155,0.0413342070446221,"p4","Day21","Empty","K_4",21,"p5","p7"
"774","K","4",41576,31509,3,1,0,2,33,18,"K_4_CS-L_6.tif",774,0.000753863550697324,0,4.81046757744853e-05,2,2.10430420280406,0.151738520925567,15.6579562723637,0.507580773323877,"CS-L","6.tif",2653,187.447450417924,"K_4_CS-L",207.552170423209,0.00963613146478738,0.0106696569920844,0.176049340369393,0.000793727150279007,0.158996169168992,0.0960269129287599,0.000432942081970368,0.0867251831830864,"p4","Day21","Empty","K_4",21,"p5","p7"
"775","K","4",29489,50412,5,2,0,4,25,13,"K_4_CS-L_7.tif",775,0.00177856825255669,0,0.000135643799382821,2,1.86397864043713,0.151432503516712,18.7208807972761,0.493044234659764,"CS-L","7.tif",2249,158.902870708598,"K_4_CS-L",147.212477237108,0.0271716098735122,0.0251726100489106,0.157328812805691,0.000847773746142629,0.169822561709451,0.0818109826589595,0.000440842347994167,0.0883077320889145,"p4","Day21","Empty","K_4",21,"p5","p7"
"776","K","4",27090,26697,4,1,3,4,28,15,"K_4_CS-L_8.tif",776,0.00186915887850467,3,0.00014765596160945,4,2.28017089648971,0.16789747380032,11.5945576220751,0.387802645102819,"CS-L","8.tif",2140,151.201486579102,"K_4_CS-L",135.236393514642,0.0295778369715762,0.0264547663551402,0.185183364485981,0.00103359173126615,0.207044858801034,0.0992053738317757,0.000553709856035437,0.110916888643411,"p4","Day21","Empty","K_4",21,"p5","p7"
"777","K","4",29000,50774,2,2,0,2,21,9,"K_4_CS-R_1.tif",777,0.000918273645546373,0,6.89655172413793e-05,1,1.98922640298094,0.144689066660585,8.57070607774788,0.307539576010631,"CS-R","1.tif",2178,153.886372789385,"K_4_CS-R",144.771333035238,0.0138148897165517,0.0129966023875115,0.136464325068871,0.000724137931034483,0.145056342023793,0.0584847107438017,0.000310344827586207,0.0621670037244828,"p4","Day21","Empty","K_4",21,"p5","p7"
"778","K","4",25604,29794,7,1,0,6,25,20,"K_4_CS-R_2.tif",778,0.00242228502220428,0,0.000234338384627402,6,2.54486122518778,0.148372472660478,10.2300953634083,0.279398143251943,"CS-R","2.tif",2477,175.012187970297,"K_4_CS-R",127.818110725319,0.0469417046297454,0.0342833266047638,0.142847194186516,0.000976409935947508,0.195590435957272,0.114277755349213,0.000781127948758007,0.156472348765818,"p4","Day21","Empty","K_4",21,"p5","p7"
"779","K","4",40194,42987,4,2,0,4,36,21,"K_4_CS-R_3.tif",779,0.00164271047227926,0,9.95173408966512e-05,2,2.28121487589346,0.167601119641862,13.1754031670945,0.380389266495911,"CS-R","3.tif",2435,172.044682158931,"K_4_CS-R",200.65306758684,0.0199349057958899,0.0232497741273101,0.209247967145791,0.000895656068069861,0.179414152163009,0.122061314168378,0.000522466039707419,0.104658255428422,"p4","Day21","Empty","K_4",21,"p5","p7"
"780","K","4",45121,26444,24,1,0,27,61,66,"K_4_CS-R_4.tif",780,0.0082518337408313,0,0.000598390993107422,27,2.60603181907877,0.152406712735376,20.0996014119098,0.517644135076862,"CS-R","4.tif",3272,231.18283368543,"K_4_CS-R",225.249217858034,0.119867230868775,0.116790678484108,0.263860421760391,0.00135192039183529,0.270811151222047,0.285488325183374,0.00146273353870703,0.293008786568117,"p4","Day21","Empty","K_4",21,"p5","p7"
"781","K","4",8892,19225,0,1,0,0,9,5,"K_4_CS-R_5.tif",781,0,0,0,0,1.88212066806025,0.145480062184303,19.0690928816795,0.368934116396042,"CS-R","5.tif",921,65.0731631492302,"K_4_CS-R",44.3898859775634,0,0,0.138305863192182,0.00101214574898785,0.202748887540486,0.0768365906623236,0.000562303193882141,0.112638270855825,"p4","Day21","Empty","K_4",21,"p5","p7"
"782","K","4",9311,29168,5,1,0,7,13,12,"K_4_CS-R_6.tif",782,0.0069790628115653,0,0.000751798947481474,7,2.16204846363801,0.134499666124771,12.1229584303995,0.284352424338125,"CS-R","6.tif",1003,70.8668649714201,"K_4_CS-R",46.481582134176,0.150597283452905,0.0987767696909272,0.183442572283151,0.00139619804532274,0.279680669269681,0.169331605184447,0.00128879819568253,0.258166771633552,"p4","Day21","Empty","K_4",21,"p5","p7"
"783","K","4",17432,22493,1,1,0,1,11,6,"K_4_CS-R_7.tif",783,0.000654450261780105,0,5.7365764111978e-05,1,1.5731982189146,0.136718459579456,11.6416952783863,0.332321456552746,"CS-R","7.tif",1528,107.960687613489,"K_4_CS-R",87.022547498975,0.0114912747183341,0.00926263089005236,0.101888939790576,0.000631023405231758,0.126404021901675,0.0555757853403141,0.000344194584671868,0.0689476483100046,"p4","Day21","Empty","K_4",21,"p5","p7"
"784","K","4",10420,23633,5,1,0,5,12,9,"K_4_CS-R_8.tif",784,0.00536480686695279,0,0.000479846449136276,5,2.34480938750009,0.13498868407159,12.4919627259175,0.396467441178874,"CS-R","8.tif",932,65.8503670522069,"K_4_CS-R",52.0178375940408,0.0961208737476008,0.0759297210300429,0.182231330472103,0.00115163147792706,0.230690096994242,0.136673497854077,0.000863723608445297,0.173017572745681,"p4","Day21","Empty","K_4",21,"p5","p7"
"785","K","5",15067,17990,1,1,0,1,15,7,"K_5_CS-L_1.tif",785,0.000684462696783025,0,6.63702130483839e-05,1,1.41732204357783,0.130409237276582,9.89642392524651,0.286552954957964,"CS-L","1.tif",1461,103.226809295359,"K_5_CS-L",75.2161956842047,0.0132950090190483,0.00968740588637919,0.145311088295688,0.000995553195725758,0.199425135285724,0.0678118412046543,0.000464591491338687,0.0930650631333378,"p4","Day21","pLNA-181c","K_5",21,"p6","p8"
"786","K","5",4885,23590,0,1,0,0,4,2,"K_5_CS-L_2.tif",786,0,0,0,0,1.66079193539917,0.150425500640025,38.2719235271215,0.569959434779646,"CS-L","2.tif",476,33.6317325288095,"K_5_CS-L",24.3864814440393,0,0,0.118935294117647,0.000818833162743091,0.16402530267349,0.0594676470588235,0.000409416581371546,0.0820126513367451,"p4","Day21","pLNA-181c","K_5",21,"p6","p8"
"787","K","5",11035,27664,0,1,0,0,9,1,"K_5_CS-L_3.tif",787,0,0,0,0,1.55580139698254,0.106584794278568,13.3296864181757,0.266593728363514,"CS-L","3.tif",804,56.806539817569,"K_5_CS-L",55.0879882773743,0,0,0.158432462686567,0.000815586769370186,0.163374998460353,0.0176036069651741,9.06207521522429e-05,0.0181527776067059,"p4","Day21","pLNA-181c","K_5",21,"p6","p8"
"788","K","5",9206,21821,1,1,0,1,9,2,"K_5_CS-L_4.tif",788,0.00122549019607843,0,0.000108624809906583,1,1.94418758816189,0.132662844469208,28.3809720426798,0.344740592025139,"CS-L","4.tif",816,57.6543986208163,"K_5_CS-L",45.9574100662898,0.0217592766554421,0.0173447303921569,0.156102573529412,0.000977623289159244,0.195833489898979,0.0346894607843137,0.000217249619813165,0.0435185533108842,"p4","Day21","pLNA-181c","K_5",21,"p6","p8"
"789","K","5",10397,25250,0,1,0,0,13,1,"K_5_CS-L_5.tif",789,0,0,0,0,1.69224078838642,0.118416546717624,6.44940876960754,0.257976350784302,"CS-L","5.tif",966,68.2526336614076,"K_5_CS-L",51.9030189505991,0,0,0.19046884057971,0.00125036068096566,0.250467126245071,0.0146514492753623,9.61815908435125e-05,0.0192667020188516,"p4","Day21","pLNA-181c","K_5",21,"p6","p8"
"790","K","5",15148,25286,1,1,0,1,13,4,"K_5_CS-L_6.tif",790,0.000600240096038415,0,6.60153155532083e-05,1,1.58506610932258,0.11986519166199,14.2541390582919,0.297049898745167,"CS-L","6.tif",1666,117.711063850833,"K_5_CS-L",75.6205569937169,0.0132239174075786,0.0084953781512605,0.110439915966387,0.000858199102191708,0.171910926298521,0.033981512605042,0.000264061262212833,0.0528956696303142,"p4","Day21","pLNA-181c","K_5",21,"p6","p8"
"791","K","5",22031,23794,12,1,0,12,23,36,"K_5_CS-L_7.tif",791,0.00703812316715543,0,0.000544687031909582,12,2.11727685967217,0.131570689384329,13.4634868597819,0.352801578948396,"CS-L","7.tif",1705,120.466604961387,"K_5_CS-L",109.981284072391,0.109109473500068,0.0996126686217009,0.190924281524927,0.0010439834778267,0.209126490875131,0.298838005865103,0.00163406109572875,0.327328420500204,"p4","Day21","pLNA-181c","K_5",21,"p6","p8"
"792","K","5",25850,25951,7,1,0,6,42,10,"K_5_CS-L_8.tif",792,0.00225903614457831,0,0.0002321083172147,6,2.14079064130783,0.128115588029801,16.1292423829436,0.291607321834688,"CS-L","8.tif",2656,187.659415118736,"K_5_CS-L",129.046170998652,0.0464949866669246,0.0319728162650602,0.223809713855422,0.0016247582205029,0.325464906668472,0.0532880271084337,0.000386847195357834,0.0774916444448743,"p4","Day21","pLNA-181c","K_5",21,"p6","p8"
"793","K","5",17644,26912,5,1,0,6,12,22,"K_5_CS-R_1.tif",793,0.00324675324675325,0,0.000340058943550215,6,2.47155083157122,0.177720315036897,18.0659272955223,0.37103819447263,"CS-R","1.tif",1848,130.570255700084,"K_5_CS-R",88.080875864612,0.068119213632963,0.0459522727272727,0.0919045454545454,0.000680117887100431,0.136238427265926,0.168491666666667,0.00124688279301746,0.249770449987531,"p4","Day21","pLNA-181c","K_5",21,"p6","p8"
"794","K","5",29567,23348,3,1,0,2,16,24,"K_5_CS-R_2.tif",794,0.000727802037845706,0,6.76429803497142e-05,2,1.794241622556,0.148494190137866,7.34998411374788,0.262520917298028,"CS-R","2.tif",2748,194.159665943632,"K_5_CS-R",147.601862201824,0.0135499645476376,0.0103008005822416,0.082406404657933,0.000541143842797714,0.108399716381101,0.1236096069869,0.00081171576419657,0.162599574571651,"p4","Day21","pLNA-181c","K_5",21,"p6","p8"
"795","K","5",21821,33994,3,1,0,2,15,20,"K_5_CS-R_3.tif",795,0.00113571834185122,0,9.16548279180606e-05,2,2.13022252867619,0.159961434761603,11.9220492824912,0.415467081724939,"CS-R","3.tif",1761,124.423279376541,"K_5_CS-R",108.932939936619,0.0183599194253242,0.0160741624077229,0.120556218057922,0.000687411209385454,0.137699395689932,0.160741624077229,0.000916548279180606,0.183599194253242,"p4","Day21","pLNA-181c","K_5",21,"p6","p8"
"796","K","5",25422,25436,13,1,0,13,38,53,"K_5_CS-R_4.tif",796,0.00719424460431655,0,0.000511368106364566,13,2.6214955456947,0.187719571947091,16.0619023914607,0.373607878037666,"CS-R","4.tif",1807,127.673404788989,"K_5_CS-R",126.909545807649,0.102435162912831,0.101822302158273,0.297634421693414,0.00149476831091181,0.299425860822123,0.415121693414499,0.00208480843364015,0.417620279567697,"p4","Day21","pLNA-181c","K_5",21,"p6","p8"
"797","K","5",8278,26487,0,1,0,0,3,0,"K_5_CS-R_5.tif",797,0,0,0,0,2.11142138888439,0.180374733692943,0,0,"CS-R","5.tif",733,51.7900418983559,"K_5_CS-R",41.3247274091622,0,0,0.0579261937244202,0.000362406378352259,0.072595760167915,0,0,0,"p4","Day21","pLNA-181c","K_5",21,"p6","p8"
"798","K","5",8075,27059,1,1,0,1,7,6,"K_5_CS-R_6.tif",798,0.00151057401812689,0,0.000123839009287926,1,2.01000554966075,0.157053238477772,12.83413699766,0.503473055417791,"CS-R","6.tif",662,46.7735439791427,"K_5_CS-R",40.3113280779155,0.0248069227108359,0.0213796072507553,0.149657250755287,0.00086687306501548,0.173648458975851,0.128277643504532,0.000743034055727554,0.148841536265015,"p4","Day21","pLNA-181c","K_5",21,"p6","p8"
"799","K","5",13098,27063,3,1,0,3,16,4,"K_5_CS-R_7.tif",799,0.00235478806907378,0,0.000229042601923958,3,2.71948862774298,0.167633178893435,9.60332644358277,0.376803056647011,"CS-R","7.tif",1274,90.0143429447549,"K_5_CS-R",65.3867213826053,0.0458808751465873,0.033328021978022,0.177749450549451,0.00122156054359444,0.244698000781799,0.0444373626373626,0.00030539013589861,0.0611745001954497,"p4","Day21","pLNA-181c","K_5",21,"p6","p8"
"800","K","5",15155,22645,0,1,0,0,17,10,"K_5_CS-R_8.tif",800,0,0,0,0,1.78364413012477,0.144898704954999,13.2419501304626,0.350082951577818,"CS-R","8.tif",1614,114.037009036762,"K_5_CS-R",75.6555017982427,0,0,0.149074411400248,0.00112174199934015,0.224702759163972,0.0876908302354399,0.000659848234905972,0.132178093625866,"p4","Day21","pLNA-181c","K_5",21,"p6","p8"
"897","M","2",84547,75046,24,2,0,22,48,82,"M_2_CS-L_1.tif",897,0.00323862799941116,0,0.000260210297231126,11,1.80767751430782,0.101112004778911,8.29006600997797,0.257847369071181,"CS-L","1.tif",6793,479.958737538242,"M_2_CS-L",422.068341176907,0.0521242601107077,0.0458372736640659,0.100008597085235,0.000567731557595184,0.113725658423362,0.170848020020609,0.000969874744225106,0.19428133313991,"p4","Day33","pLNA-1229","M_2",33,"p6","p8"
"898","M","2",44809,39661,14,1,0,9,29,41,"M_2_CS-L_2.tif",898,0.00389779125162408,0,0.0002008525073088,9,2.19903079201949,0.115567171753496,12.3920761005181,0.281920782085161,"CS-L","2.tif",2309,163.142164724834,"M_2_CS-L",223.691677999172,0.0402339509475775,0.0551666089216111,0.177759073191858,0.000647191412439465,0.129642730831083,0.251314551754006,0.000914994755517865,0.183287998761186,"p4","Day33","pLNA-1229","M_2",33,"p6","p8"
"899","M","2",78348,42079,6,1,1,5,41,50,"M_2_CS-L_3.tif",899,0.000909256228405165,1,6.3817838362179e-05,5,1.6369045054222,0.101083543910038,8.74231296211481,0.260491592214569,"CS-L","3.tif",5499,388.531296588075,"M_2_CS-L",391.122220711892,0.0127837277843723,0.0128689761774868,0.105525604655392,0.000523306274569868,0.104826567831853,0.128689761774868,0.00063817838362179,0.127837277843723,"p4","Day33","pLNA-1229","M_2",33,"p6","p8"
"900","M","2",39193,38402,10,1,0,10,19,36,"M_2_CS-L_4.tif",900,0.00452488687782805,0,0.000255147602888271,10,2.21769564696833,0.109753335776065,11.5780545642806,0.278298418445345,"CS-L","4.tif",2210,156.147329598044,"M_2_CS-L",195.655960539659,0.0511101219324879,0.0640420814479638,0.121679954751131,0.000484780445487715,0.0971092316717271,0.23055149321267,0.000918531370397775,0.183996438956957,"p4","Day33","pLNA-1229","M_2",33,"p6","p8"
"901","M","2",81963,37349,39,1,0,36,63,112,"M_2_CS-L_5.tif",901,0.00702713253952762,0,0.000439222576040408,36,2.58980600725091,0.130492470915792,12.4528922691409,0.284965558490871,"CS-L","5.tif",5123,361.965054086326,"M_2_CS-L",409.168716191974,0.087983266010761,0.0994571149716963,0.174049951200468,0.000768639508070715,0.153970715518832,0.309422135467499,0.00136647023657016,0.273725716477923,"p4","Day33","pLNA-1229","M_2",33,"p6","p8"
"902","M","2",54205,66735,23,2,3,23,68,72,"M_2_CS-L_6.tif",902,0.00439770554493308,1.5,0.000424315100083018,11.5,1.93559301808915,0.118569624292046,7.55567000102666,0.259419809546131,"CS-L","6.tif",5230,369.525128415281,"M_2_CS-L",270.59758990259,0.0849970615343603,0.0622420458891013,0.184019961759082,0.00125449681763675,0.251295660188543,0.194844665391969,0.00132829074808597,0.266077757846693,"p4","Day33","pLNA-1229","M_2",33,"p6","p8"
"903","M","2",105949,71771,29,2,2,24,96,88,"M_2_CS-L_7.tif",903,0.00251968503937008,1,0.000226524082341504,12,2.28485033428296,0.115096771831382,10.5050630467859,0.271999754285762,"CS-L","7.tif",9525,672.987925077544,"M_2_CS-L",528.909584956913,0.0453763756275189,0.0356618582677165,0.142647433070866,0.000906096329366016,0.181505502510076,0.130760146981627,0.000830588301918848,0.166380043967569,"p4","Day33","pLNA-1229","M_2",33,"p6","p8"
"904","M","2",38190,29083,11,1,0,12,25,56,"M_2_CS-L_8.tif",904,0.00489196901752956,0,0.000314218381775334,12,2.14290318340063,0.116204882978601,12.2344594988972,0.286636993334311,"CS-L","8.tif",2453,173.316470363802,"M_2_CS-L",190.648869262612,0.062942938221524,0.0692375050958011,0.144244802282919,0.000654621628698612,0.131131121294842,0.323108357113738,0.00146635244828489,0.293733711700445,"p4","Day33","pLNA-1229","M_2",33,"p6","p8"
"905","M","2",26152,31501,5,1,0,5,21,17,"M_2_CS-R_1.tif",905,0.00207900207900208,0,0.000191189966350566,5,1.56955898056428,0.11619955020545,10.5698688117897,0.285505435410701,"CS-R","1.tif",2405,169.925035150813,"M_2_CS-R",130.553789708192,0.0382983903506424,0.0294247401247401,0.123583908523909,0.000802997858672377,0.160853239472698,0.100044116424116,0.000650045885591924,0.130214527192184,"p4","Day33","pLNA-1229","M_2",33,"p6","p8"
"906","M","2",75906,41606,19,1,0,16,65,49,"M_2_CS-R_2.tif",906,0.00398604882909816,0,0.000210787026058546,16,1.89028082507161,0.114842407197865,8.47214154503783,0.260883319332935,"CS-R","2.tif",4014,283.608769686222,"M_2_CS-R",378.931476047338,0.0422239930208416,0.0564157448928749,0.229188963627304,0.000856322293362844,0.171534971647169,0.172773218734429,0.000645535267304297,0.129310978626327,"p4","Day33","pLNA-1229","M_2",33,"p6","p8"
"907","M","2",81550,33188,16,1,0,17,57,73,"M_2_CS-R_3.tif",907,0.00282064045130247,0,0.000208461066830166,17,1.84820753505878,0.112908939118657,10.481652701146,0.27429422728461,"CS-R","3.tif",6027,425.837083930956,"M_2_CS-R",407.106972724955,0.0417580664025751,0.0399213704994193,0.133854006968641,0.000698957694665849,0.140012340290987,0.17142706155633,0.000895156345800123,0.179314049846352,"p4","Day33","pLNA-1229","M_2",33,"p6","p8"
"908","M","2",81341,40026,19,1,1,17,62,70,"M_2_CS-R_4.tif",908,0.00330353672755538,1,0.000208996692934682,17,1.50361491673656,0.103019084046401,10.2115044283015,0.26488579482432,"CS-R","4.tif",5146,363.59011679255,"M_2_CS-R",406.063620704115,0.0418653608282416,0.0467559463661096,0.170521686746988,0.0007622232330559,0.152685433608881,0.192524485036922,0.000860574617966339,0.172386779880995,"p4","Day33","pLNA-1229","M_2",33,"p6","p8"
"909","M","2",56539,34024,19,1,0,15,43,47,"M_2_CS-R_5.tif",909,0.00287026406429392,0,0.000265303595748068,15,1.39970191758732,0.0952548532526896,9.37673160497178,0.261930261837629,"CS-R","5.tif",5226,369.242508814199,"M_2_CS-R",282.24918615446,0.0531445287916306,0.0406237083811711,0.11645463069269,0.000760536974477794,0.152347649202674,0.127287619594336,0.000831284600010612,0.166519523547109,"p4","Day33","pLNA-1229","M_2",33,"p6","p8"
"910","M","2",60869,32090,10,1,0,11,40,83,"M_2_CS-R_6.tif",910,0.00256949310908666,0,0.000180715963791092,11,1.50859731547534,0.106721670275714,10.3206325022571,0.280118364151576,"CS-R","6.tif",4281,302.473628058474,"M_2_CS-R",303.865043811101,0.0362002810920173,0.0363668068208363,0.13224293389395,0.000657148959240336,0.131637385789154,0.274404087829946,0.0013635840904237,0.273147575512494,"p4","Day33","pLNA-1229","M_2",33,"p6","p8"
"911","M","2",53747,30976,37,1,0,32,71,51,"M_2_CS-R_7.tif",911,0.00967059534602599,0,0.000595382067836344,32,2.84199347179121,0.129284611786832,11.7888764718584,0.278894366989395,"CS-R","7.tif",3309,233.797064995443,"M_2_CS-R",268.311201263619,0.119264495292388,0.13687083711091,0.303682169839831,0.00132100396301189,0.264618098929987,0.218137896645512,0.000948890170614174,0.190077789372244,"p4","Day33","pLNA-1229","M_2",33,"p6","p8"
"912","M","2",69649,29724,29,1,1,31,80,79,"M_2_CS-R_8.tif",912,0.00464907018596281,1,0.00044508894600066,31,1.40990329785272,0.0967749944431564,13.9232869053943,0.290457737143726,"CS-R","8.tif",6668,471.126875004416,"M_2_CS-R",347.695812916252,0.0891583931943029,0.0657996850629874,0.169805638872226,0.00114861663484041,0.230086175985298,0.167683068386323,0.00113425892690491,0.227210098785481,"p4","Day33","pLNA-1229","M_2",33,"p6","p8"
"913","M","3",34935,37842,36,1,0,35,53,40,"M_3_CS-L_1.tif",913,0.0140562248995984,0,0.0010018605982539,35,2.98557475813717,0.148390044612738,15.7730865184218,0.357999619804044,"CS-L","1.tif",2490,175.930701673815,"M_3_CS-L",174.39953515814,0.200688608305424,0.198941967871486,0.301254979919679,0.00151710319164162,0.303899892576785,0.227362248995984,0.0011449835408616,0.229358409491914,"p4","Day33","pLNA-181c","M_3",33,"p6","p8"
"914","M","3",50632,32709,28,1,0,26,52,49,"M_3_CS-L_2.tif",914,0.00965824665676077,0,0.000513509243166377,26,2.44502497478746,0.140510542492145,17.0864510961941,0.484139890422512,"CS-L","2.tif",2692,190.202991528477,"M_3_CS-L",252.760763249662,0.102864066660215,0.136696062407132,0.273392124814264,0.00102701848633275,0.20572813332043,0.257619502228826,0.000967767419813557,0.193859202551943,"p4","Day33","pLNA-181c","M_3",33,"p6","p8"
"915","M","3",92717,50607,50,1,3,42,92,93,"M_3_CS-L_3.tif",915,0.00807692307692308,3,0.000452991360807619,42,2.36240061072876,0.137358014336183,14.6420430444902,0.426712600034487,"CS-L","3.tif",5200,367.405481407163,"M_3_CS-L",462.853920173386,0.0907413725355652,0.114315115384615,0.250404538461538,0.000992266790340498,0.198766816030286,0.253126326923077,0.00100305229893116,0.20092732490018,"p4","Day33","pLNA-181c","M_3",33,"p6","p8"
"916","M","3",77108,42418,23,1,2,23,63,85,"M_3_CS-L_4.tif",916,0.00378538512179065,2,0.000298282927841469,23,2.04622587750828,0.134635615487056,14.445982258986,0.368440102815282,"CS-L","4.tif",6076,429.299174044216,"M_3_CS-L",384.931998195902,0.0597508134106707,0.0535756912442396,0.146750806451613,0.000817035845826633,0.163665271516185,0.197997119815668,0.00110234995071847,0.220818223474218,"p4","Day33","pLNA-181c","M_3",33,"p6","p8"
"917","M","3",113154,41207,65,1,2,61,124,168,"M_3_CS-L_5.tif",917,0.00655843457692721,2,0.000539088322109691,61,2.89993108833028,0.152725262645133,14.5283330936162,0.347703888769408,"CS-L","5.tif",9301,657.161227416928,"M_3_CS-L",564.877773043771,0.107987962902681,0.0928234920976239,0.188690377378776,0.0010958516711738,0.219516514752991,0.255645027416407,0.00148470226417095,0.297409471600827,"p4","Day33","pLNA-181c","M_3",33,"p6","p8"
"918","M","3",53908,28010,17,1,2,17,40,62,"M_3_CS-L_6.tif",918,0.0039324543141337,2,0.000315352081323737,17,2.72772983908653,0.133459344735868,13.8091714180285,0.358743608397098,"CS-L","6.tif",4323,305.44113386984,"M_3_CS-L",269.114931767711,0.0631700362679009,0.0556572056442285,0.130958130927597,0.000742004897232322,0.148635379453884,0.202985102937775,0.0011501075907101,0.230384838153521,"p4","Day33","pLNA-181c","M_3",33,"p6","p8"
"919","M","3",95074,32980,64,1,2,64,109,109,"M_3_CS-L_7.tif",919,0.00950965824665676,2,0.000673159854429181,64,3.28033707174686,0.167252368376603,15.233862989266,0.424056796062978,"CS-L","7.tif",6730,475.507478821194,"M_3_CS-L",474.620335068699,0.134844622682963,0.134593046062407,0.229228781575037,0.0011464753770747,0.229657248006921,0.229228781575037,0.0011464753770747,0.229657248006921,"p4","Day33","pLNA-181c","M_3",33,"p6","p8"
"920","M","3",48223,30370,18,1,0,17,39,76,"M_3_CS-L_8.tif",920,0.00523076923076923,0,0.000352528876262364,17,1.52821725817063,0.11506652763622,15.9683266858521,0.381459945280926,"CS-L","8.tif",3250,229.628425879477,"M_3_CS-L",240.734758377872,0.0706171394382349,0.0740326461538462,0.1698396,0.000808742716131307,0.162004025770068,0.330969476923077,0.00157601144681998,0.315700152782697,"p4","Day33","pLNA-181c","M_3",33,"p6","p8"
"921","M","3",39633,36618,12,1,1,11,35,33,"M_3_CS-R_1.tif",921,0.0039327851269217,1,0.000277546489036914,11,2.325654995335,0.105995249643056,11.2440805557099,0.278503278154061,"CS-R","1.tif",2797,197.621756056891,"M_3_CS-R",197.852491109848,0.0555969749902859,0.0556618877368609,0.177106006435467,0.000883102465117453,0.176899465878182,0.166985663210583,0.000832639467110741,0.166790924970858,"p4","Day33","pLNA-181c","M_3",33,"p6","p8"
"922","M","3",56380,34777,27,1,0,29,63,60,"M_3_CS-R_2.tif",922,0.00700652331481034,0,0.000514366796736431,29,2.02460674710927,0.119175580784322,22.467183170716,0.434471114117299,"CS-R","2.tif",4139,292.440632220048,"M_3_CS-R",281.455439880232,0.103035848276162,0.0991654264315052,0.215428340178787,0.00111741752394466,0.223836497979248,0.205169847789321,0.00106420716566158,0.213177617123093,"p4","Day33","pLNA-181c","M_3",33,"p6","p8"
"923","M","3",44409,38841,57,1,0,44,70,58,"M_3_CS-R_3.tif",923,0.0106511740498669,0,0.000990790155148731,44,2.94607810665454,0.131167745846744,19.677359576883,0.32531200727457,"CS-R","3.tif",4131,291.875393017883,"M_3_CS-R",221.694832026273,0.198471022521561,0.150749261679981,0.239828370854515,0.00157625706500934,0.315749354011574,0.198714935850884,0.0013060415681506,0.261620893323876,"p4","Day33","pLNA-181c","M_3",33,"p6","p8"
"924","M","3",82513,42555,37,1,0,35,89,98,"M_3_CS-R_4.tif",924,0.00560627903251642,0,0.000424175584453359,35,2.07171671749668,0.117186690089501,12.9176022197519,0.302866751119935,"CS-R","4.tif",6243,441.098542389407,"M_3_CS-R",411.914379404711,0.0849691143353169,0.0793473490309146,0.20176897325004,0.00107861791475283,0.216064319309806,0.222172577286561,0.0011876916364694,0.237913520138887,"p4","Day33","pLNA-181c","M_3",33,"p6","p8"
"925","M","3",139571,36938,41,1,1,40,88,156,"M_3_CS-R_5.tif",925,0.00444345700955343,1,0.000286592486977954,40,2.11451167532835,0.107648303433446,15.4038449770365,0.348813685127479,"CS-R","5.tif",9002,636.035412236016,"M_3_CS-R",696.754473209009,0.0574090322172944,0.0628895800933126,0.138357076205288,0.000630503471351499,0.126299870878048,0.245269362363919,0.00111771069921402,0.223895225647448,"p4","Day33","pLNA-181c","M_3",33,"p6","p8"
"926","M","3",42732,34414,28,1,0,29,38,81,"M_3_CS-R_6.tif",926,0.00951755825402035,0,0.000678648319760367,29,2.0020250396705,0.101079452330681,13.4158100478443,0.316282342312044,"CS-R","6.tif",3047,215.285481124543,"M_3_CS-R",213.32305528489,0.135944049560283,0.134704857236626,0.176509812930752,0.000889263315548067,0.178133582182439,0.376244601247128,0.0018955349620893,0.37970579359941,"p4","Day33","pLNA-181c","M_3",33,"p6","p8"
"927","M","3",51623,41779,26,1,1,24,56,61,"M_3_CS-R_7.tif",927,0.00551217271474506,1,0.00046490905216667,24,2.10960419229897,0.115221037437228,15.1308786243689,0.309911566658338,"CS-R","7.tif",4354,307.631435778228,"M_3_CS-R",257.707949147521,0.0931286756166825,0.0780154340836013,0.182036012861736,0.0010847877883889,0.217300243105592,0.19828922829582,0.00118164384092362,0.236702050525735,"p4","Day33","pLNA-181c","M_3",33,"p6","p8"
"928","M","3",47216,44053,8,1,0,10,18,48,"M_3_CS-R_8.tif",928,0.00351370344342937,0,0.00021179261267367,10,1.57028814694948,0.0985162055756437,11.0551632791758,0.275811884999756,"CS-R","8.tif",2846,201.083846170151,"M_3_CS-R",235.707698641097,0.042425428009573,0.049730498945889,0.0895148981026001,0.000381226702812606,0.0763657704172314,0.238706394940267,0.00101660454083362,0.203642054445951,"p4","Day33","pLNA-181c","M_3",33,"p6","p8"
"929","M","4",41073,32823,21,1,0,19,42,55,"M_4_CS-L_1.tif",929,0.00631229235880399,0,0.000462590996518394,19,2.48091496261103,0.137568618961676,18.2648355825381,0.400111185104639,"CS-L","1.tif",3010,212.671249814531,"M_4_CS-L",205.041136612288,0.092664332211185,0.0893397674418605,0.197487906976744,0.00102256957125119,0.204836944887883,0.25861511627907,0.00133907920044798,0.268238856400799,"p4","Day33","pLNA-Ctrl","M_4",33,"p6","p8"
"930","M","4",89035,41102,33,1,1,31,69,116,"M_4_CS-L_2.tif",930,0.00519176017417518,1,0.000348177682933678,31,1.79954554853232,0.131058773768104,14.7979510927509,0.419243382563134,"CS-L","2.tif",5971,421.880409515802,"M_4_CS-L",444.472952992843,0.0697455262266524,0.0734805392731536,0.163553458382181,0.000774976132981412,0.15524004224642,0.274959437280188,0.0013028584264615,0.260983259428764,"p4","Day33","pLNA-Ctrl","M_4",33,"p6","p8"
"931","M","4",154720,120809,63,3,1,63,162,198,"M_4_CS-L_3.tif",931,0.00503717917965939,0.333333333333333,0.000407187176835574,21,2.373540289884,0.143613282211937,10.6034106981724,0.304965946658986,"CS-L","3.tif",12507,883.680837684498,"M_4_CS-L",772.380022317658,0.0815660661586737,0.0712927080834733,0.18332410650036,0.00104705274043433,0.209741312979447,0.224062796833773,0.00127973112719752,0.256350493641546,"p4","Day33","pLNA-Ctrl","M_4",33,"p6","p8"
"932","M","4",131693,72734,37,2,1,33,104,108,"M_4_CS-L_4.tif",932,0.00403570991806286,0.5,0.000250582794833438,16.5,2.27492796350271,0.156658371735959,15.7808519091319,0.447943351743736,"CS-L","4.tif",8177,577.745119512764,"M_4_CS-L",657.426591772747,0.0501957182945942,0.0571186131833191,0.180010174880763,0.000789715474626594,0.1581925667466,0.186933643145408,0.000820089146727616,0.164276896236854,"p4","Day33","pLNA-Ctrl","M_4",33,"p6","p8"
"933","M","4",37822,35976,15,1,0,13,36,28,"M_4_CS-L_5.tif",933,0.00537190082644628,0,0.000343715297974724,13,3.20114315818581,0.154587794735649,20.1650939291077,0.383182535800067,"CS-L","5.tif",2420,170.984858654872,"M_4_CS-L",188.811770967544,0.0688516395634816,0.0760301239669421,0.210544958677686,0.000951826979006927,0.19066607879118,0.163757190082645,0.000740309872560943,0.148295839059806,"p4","Day33","pLNA-Ctrl","M_4",33,"p6","p8"
"934","M","4",72907,39712,42,1,3,38,60,116,"M_4_CS-L_6.tif",934,0.00951903807615231,3,0.000521211954956314,38,2.62375626427432,0.154205822649595,22.2326669312757,0.40332962751002,"CS-L","6.tif",3992,282.054361880268,"M_4_CS-L",363.960123365522,0.104407042311712,0.134725801603206,0.2127249498998,0.000822966244667865,0.164853224702703,0.411268236472946,0.00159106807302454,0.318716234425227,"p4","Day33","pLNA-Ctrl","M_4",33,"p6","p8"
"935","M","4",48250,29860,24,1,0,24,40,76,"M_4_CS-L_7.tif",935,0.00653772813947153,0,0.000497409326424871,24,1.94736934527755,0.134559357020055,14.5489943033378,0.322049691482375,"CS-L","7.tif",3671,259.374138893403,"M_4_CS-L",240.869545481043,0.099638997333886,0.0925304276763825,0.154217379460637,0.000829015544041451,0.166064995556477,0.293013020975211,0.00157512953367876,0.315523491557306,"p4","Day33","pLNA-Ctrl","M_4",33,"p6","p8"
"936","M","4",91425,36242,33,1,0,33,75,123,"M_4_CS-L_8.tif",936,0.005,0,0.000360951599671862,33,2.66266839633385,0.159668090535419,15.1461851532624,0.328951572947765,"CS-L","8.tif",6600,466.322341786015,"M_4_CS-L",456.40410768092,0.0723043448659557,0.0707665,0.160832954545455,0.000820344544708778,0.164328056513536,0.263766045454545,0.0013453650533224,0.269498012682199,"p4","Day33","pLNA-Ctrl","M_4",33,"p6","p8"
"937","M","4",72384,76446,36,2,0,35,72,94,"M_4_CS-R_1.tif",937,0.00573206681952178,0,0.000483532272325376,17.5,1.94098912712394,0.114346717467436,12.3645571784136,0.286697368313338,"CS-R","1.tif",6106,431.418821052334,"M_4_CS-R",361.349247255955,0.0968592027402465,0.0811276613167376,0.166891188994432,0.000994694960212202,0.19925321706565,0.217885718964953,0.00129862953138815,0.260136144502376,"p4","Day33","pLNA-Ctrl","M_4",33,"p6","p8"
"938","M","4",91300,43240,34,1,0,33,74,96,"M_4_CS-R_2.tif",938,0.00562659846547315,0,0.00036144578313253,33,1.86173388080017,0.103078461971833,11.5306202475913,0.279204870554906,"CS-R","2.tif",5865,414.390990087117,"M_4_CS-R",455.780093314389,0.0724033376710843,0.0796349360613811,0.178575311167945,0.000810514786418401,0.162358999626068,0.231665268542199,0.00105147864184009,0.210627891406791,"p4","Day33","pLNA-Ctrl","M_4",33,"p6","p8"
"939","M","4",75802,32746,35,1,0,35,74,113,"M_4_CS-R_3.tif",939,0.0065653723504033,0,0.000461729241972507,35,1.9638346785025,0.110671800375795,12.705733546707,0.299928048928373,"CS-R","3.tif",5331,376.661273342613,"M_4_CS-R",378.412296094384,0.0924917090729796,0.092921684486963,0.19646299005815,0.000976227540170444,0.195553899182871,0.300004295629338,0.00149072583836838,0.298616089292763,"p4","Day33","pLNA-Ctrl","M_4",33,"p6","p8"
"940","M","4",53971,27383,22,1,0,19,44,75,"M_4_CS-R_4.tif",940,0.00486555697823303,0,0.000352040910859536,19,1.59272734744644,0.104240494510135,14.3043843275309,0.300153949495251,"CS-R","4.tif",3905,275.907385556725,"M_4_CS-R",269.429435008443,0.0705193922089641,0.0688636875800256,0.159473802816901,0.000815252635674714,0.163308066168127,0.271830345710627,0.00138963517444554,0.27836602187749,"p4","Day33","pLNA-Ctrl","M_4",33,"p6","p8"
"941","M","4",40728,36870,14,1,0,12,31,51,"M_4_CS-R_5.tif",941,0.00646203554119548,0,0.000294637595757219,12,1.69777833670378,0.124165379091674,13.8503739205646,0.305373004001184,"CS-R","5.tif",1857,131.20614980252,"M_4_CS-R",203.318856960662,0.0590205954301709,0.0914591276252019,0.236269413031772,0.000761147122372815,0.152469871527941,0.388701292407108,0.00125220978196818,0.250837530578226,"p4","Day33","pLNA-Ctrl","M_4",33,"p6","p8"
"942","M","4",99040,44036,49,1,1,44,112,169,"M_4_CS-R_6.tif",942,0.00468683425649766,1,0.000444264943457189,44,2.72102761701015,0.136327333354739,13.7082862339076,0.341463208977913,"CS-R","6.tif",9388,663.30820374047,"M_4_CS-R",494.41906289,0.0889933323824717,0.0663341712824883,0.16885061780997,0.00113085621970921,0.22652848242811,0.25478352151683,0.00170638126009693,0.34181529937813,"p4","Day33","pLNA-Ctrl","M_4",33,"p6","p8"
"943","M","4",57114,37620,12,1,0,12,37,73,"M_4_CS-R_7.tif",943,0.00333982744224882,0,0.000210106103582309,12,1.44931262449638,0.10223883552122,9.86778559852136,0.279836717447089,"CS-R","7.tif",3593,253.863056672295,"M_4_CS-R",285.119652240504,0.0420875934215779,0.0472695797383802,0.145747870860006,0.00064782715271212,0.129770079716532,0.287556610075146,0.00127814546345905,0.256032859981266,"p4","Day33","pLNA-Ctrl","M_4",33,"p6","p8"
"944","M","4",64355,35971,22,1,1,22,46,101,"M_4_CS-R_8.tif",944,0.00474342388960759,1,0.000341853779815088,22,1.33859869068407,0.112317773796712,12.3561830381946,0.294879605572961,"CS-R","8.tif",4638,327.697427455081,"M_4_CS-R",321.267556464923,0.0684787478763111,0.0671351013367831,0.140373393704183,0.000714785175977003,0.14318283646865,0.308211147046141,0.00156941962551472,0.314379706159428,"p4","Day33","pLNA-Ctrl","M_4",33,"p6","p8"
"945","M","5",37569,38279,27,1,0,25,47,51,"M_5_CS-L_1.tif",945,0.00830013280212483,0,0.000665442252921291,25,2.47210212527437,0.115937292454181,12.3600809004377,0.284473358300354,"CS-L","1.tif",3012,212.812559615072,"M_5_CS-L",187.548765889685,0.1332986643842,0.117474269588313,0.220851626826029,0.00125103143549203,0.250601489042296,0.239647509960159,0.00135750219595943,0.271929275343767,"p4","Day33","Empty","M_5",33,"p5","p7"
"946","M","5",102850,67709,25,2,0,23,81,82,"M_5_CS-L_2.tif",946,0.00281345565749235,0,0.00022362664073894,11.5,1.45050039473507,0.0954464468191615,15.8490709567942,0.468287666977063,"CS-L","2.tif",8175,577.603809712223,"M_5_CS-L",513.439020781871,0.0447959720026252,0.0398196819571865,0.140234532110092,0.000787554691298007,0.157759727487506,0.141965822629969,0.000797277588721439,0.159707378444142,"p4","Day33","Empty","M_5",33,"p5","p7"
"947","M","5",109104,42026,22,1,0,22,41,116,"M_5_CS-L_3.tif",947,0.00344287949921753,0,0.000201642469570318,22,1.65233137285927,0.0982777211547129,13.6312469304379,0.301650905006743,"CS-L","3.tif",6390,451.484812729187,"M_5_CS-L",544.65970756816,0.0403921929496627,0.0487281064162754,0.0908114710485133,0.000375788238744684,0.0752763595880078,0.256930015649452,0.0010632057486435,0.212977017370949,"p4","Day33","Empty","M_5",33,"p5","p7"
"948","M","5",51463,36069,22,1,0,23,36,71,"M_5_CS-L_4.tif",948,0.00568181818181818,0,0.000446923032081301,23,1.90294668740696,0.114762936123355,15.5181961592654,0.306759559838902,"CS-L","4.tif",4048,286.011036295422,"M_5_CS-L",256.909210758361,0.0895257897998562,0.0804164772727273,0.125869268774704,0.000699531702388124,0.140127323164992,0.248242168972332,0.0013796319685988,0.276362220686513,"p4","Day33","Empty","M_5",33,"p5","p7"
"949","M","5",115967,41818,27,1,0,27,74,89,"M_5_CS-L_5.tif",949,0.00298342541436464,0,0.00023282485534678,27,1.55811604797035,0.0965854823383801,14.7908869566542,0.336679040418806,"CS-L","5.tif",9050,639.426847449005,"M_5_CS-L",578.920592348189,0.0466385206483741,0.0422253149171271,0.115728640883978,0.000638112566505989,0.127824093628877,0.139187149171271,0.000767459708365311,0.153734382877974,"p4","Day33","Empty","M_5",33,"p5","p7"
"950","M","5",87180,30320,8,1,0,8,39,71,"M_5_CS-L_6.tif",950,0.00133868808567604,0,9.17641660931406e-05,8,1.19659489297714,0.0925759341812495,10.4566086005997,0.281583346084381,"CS-L","6.tif",5976,422.233684017155,"M_5_CS-L",435.21257979352,0.0183818216003671,0.0189468540829987,0.0923659136546185,0.000447350309704061,0.0896113803017894,0.168153329986613,0.000814406974076623,0.163138666703258,"p4","Day33","Empty","M_5",33,"p5","p7"
"951","M","5",64952,32075,20,1,0,22,62,73,"M_5_CS-L_7.tif",951,0.00495830516114492,0,0.000338711663998029,22,2.0568622509318,0.128441648328883,15.6048973067983,0.352117409349008,"CS-L","7.tif",4437,313.495792500689,"M_5_CS-L",324.247849079476,0.0678493321157162,0.0701763804372324,0.197769799414018,0.000954551053085355,0.191211754144291,0.232857989632635,0.00112390688508437,0.225136420202149,"p4","Day33","Empty","M_5",33,"p5","p7"
"952","M","5",124614,42607,29,1,2,28,80,138,"M_5_CS-L_8.tif",952,0.00353713996968166,2,0.000224693854623076,28,1.6954104708042,0.103713813009389,13.8645115049853,0.311115725027125,"CS-L","8.tif",7916,559.304190542135,"M_5_CS-L",622.087410167352,0.0450097519132682,0.0500622031328954,0.143034866093987,0.000641982441780217,0.128599291180766,0.246735144012127,0.00110741971207087,0.221833777286822,"p4","Day33","Empty","M_5",33,"p5","p7"
"953","M","5",49920,31737,18,1,2,20,43,43,"M_5_CS-R_1.tif",953,0.00737191301142647,2,0.000400641025641026,20,2.1910546680176,0.110641734572698,12.144377672395,0.290433928208029,"CS-R","1.tif",2713,191.68674443416,"M_5_CS-R",249.2063774179,0.0802547679847756,0.104336896424622,0.224324327312938,0.000861378205128205,0.172547751167268,0.224324327312938,0.000861378205128205,0.172547751167268,"p4","Day33","Empty","M_5",33,"p5","p7"
"954","M","5",52270,36044,30,1,0,33,50,87,"M_5_CS-R_2.tif",954,0.011660777385159,0,0.000631337287162808,33,2.33959563478827,0.128325963386528,16.1352077419388,0.413615448585102,"CS-R","2.tif",2830,199.953367765821,"M_5_CS-R",260.937847508687,0.126466897443467,0.165038480565371,0.250058303886926,0.000956571647216377,0.19161651127798,0.435101448763251,0.0016644346661565,0.333412729623685,"p4","Day33","Empty","M_5",33,"p5","p7"
"955","M","5",73231,45080,11,1,0,8,34,59,"M_5_CS-R_3.tif",955,0.00224845418774592,0,0.000109243353224727,8,1.29980253165259,0.0949459143873822,12.2423161217722,0.290376251001762,"CS-R","3.tif",3558,251.390135162824,"M_5_CS-R",365.577568603571,0.0218831807174557,0.0318230466554244,0.135247948285554,0.000464284251205091,0.0930035180491868,0.234694969083755,0.000805669730032363,0.161388457791236,"p4","Day33","Empty","M_5",33,"p5","p7"
"956","M","5",72604,44574,9,1,0,9,40,77,"M_5_CS-R_4.tif",956,0.00171102661596958,0,0.000123960112390502,9,1.43978904532269,0.0935905019658335,11.3678478616012,0.28430645492675,"CS-R","4.tif",5260,371.644775423399,"M_5_CS-R",362.44751254105,0.024831181587929,0.0242166730038023,0.107629657794677,0.000550933832846675,0.110360807057462,0.207187091254753,0.00106054762822985,0.212444553585615,"p4","Day33","Empty","M_5",33,"p5","p7"
"957","M","5",32026,33878,12,1,2,13,32,32,"M_5_CS-R_5.tif",957,0.00566448801742919,2,0.00040592018984575,13,1.76746490341611,0.102987537524515,12.8546377806924,0.298021658741973,"CS-R","5.tif",2295,162.152996121046,"M_5_CS-R",159.877472820226,0.0813122685183913,0.0801711982570806,0.197344488017429,0.000999188159620309,0.200153276352963,0.197344488017429,0.000999188159620309,0.200153276352963,"p4","Day33","Empty","M_5",33,"p5","p7"
"958","M","5",72735,38384,46,1,1,44,89,79,"M_5_CS-R_6.tif",958,0.00806451612903226,1,0.000604935725579157,44,2.97443874130088,0.139753490906915,13.292962587521,0.296535810773281,"CS-R","6.tif",5456,385.493135876439,"M_5_CS-R",363.101479597175,0.121178244849935,0.114139516129032,0.230873112170088,0.00122361999037602,0.245110540719186,0.204932313049853,0.00108613459819894,0.217570030526019,"p4","Day33","Empty","M_5",33,"p5","p7"
"959","M","5",64767,41828,6,1,0,5,27,40,"M_5_CS-R_7.tif",959,0.00114337983077978,0,7.71998085444748e-05,5,1.16455894377497,0.0931448769509559,8.21188982203603,0.264077848711512,"CS-R","7.tif",4373,308.97387888337,"M_5_CS-R",323.32430781701,0.015464349197122,0.0161825977589755,0.0873860278984679,0.000416878966140164,0.0835074856644588,0.129460782071804,0.000617598468355798,0.123714793576976,"p4","Day33","Empty","M_5",33,"p5","p7"
"960","M","5",56963,34324,8,1,0,8,31,74,"M_5_CS-R_8.tif",960,0.00217805608494419,0,0.000140442041325071,8,1.43071985773502,0.0996854311245253,15.9138652974287,0.366917897749858,"CS-R","8.tif",3673,259.515448693944,"M_5_CS-R",284.365842885734,0.0281327740308621,0.0308266811870406,0.119453389599782,0.000544212910134649,0.109014499369591,0.285146800980125,0.0012990888822569,0.260228159785475,"p4","Day33","Empty","M_5",33,"p5","p7"
