"","Blinding","AreaOccupied_AreaOccupied_DendMapTubeSomaRm","AreaOccupied_AreaOccupied_Soma","Count_MaskPSDbySYNdend","Count_MaskedNuclei","Count_MaskedRotSynbyPSDDend","Count_MaskedSynByPSDdend","Count_PSDMaskByDEND","Count_SynMaskByDend","ImageNumber","Intensity_TotalIntensity_SkelSomaRm","Math_DensitySynByPSDdend","Math_RandomParticlesPerCell","Math_SynByPSDdendArea","Math_SynapseDensityPerCell","Mean_PSDMaskByDEND_Intensity_IntegratedIntensity_PSD95","Mean_PSDMaskByDEND_Intensity_MeanIntensity_PSD95","Mean_SynMaskByDend_Intensity_IntegratedIntensity_SYN","Mean_SynMaskByDend_Intensity_MeanIntensity_SYN","StDev_PSDMaskByDEND_Intensity_IntegratedIntensity_PSD95","StDev_PSDMaskByDEND_Intensity_MeanIntensity_PSD95","StDev_SynMaskByDend_Intensity_IntegratedIntensity_SYN","StDev_SynMaskByDend_Intensity_MeanIntensity_SYN","CVS_no","Picture_Info","Condition","Replicate","Day","SomaArea_per_um","DendArea_per_um","Length","Lenth_um","PSD_per_length_micron","Syn_per_length_micron","Co_Cluster_perCell","Co_Cluster_perArea_px","Co_Cluster_perArea_um","Co_Cluster_perLength_px","Co_Cluster_perLength_um","smooth"
"1","A2",44022,15289,12,1,0,16,38,71,1,4083,0.00391868723977468,0,0.000363454636318205,16,7.42116546826927,0.442519580685099,15.0814350427876,0.469192588253233,4.15005734772219,0.0755575855556302,9.40743765118289,0.0698442798242482,"1","1","SC1_27","s1",27,88.6052414583524,255.123287296723,4083,310.827579381694,0.122254273818271,0.228422458976243,16,0.000363454636318205,0.0627147767243651,0.00391868723977468,0.0514754837129562,"sm1"
"2","A2",33358,15063,12,1,0,13,26,36,2,2954,0.0044008124576845,0,0.00038971161340608,13,8.05559449241712,0.431291268005883,15.8752219006419,0.449941681809461,3.25941669476098,0.049178441883782,10.9181213651802,0.0728655468940031,"1","2","SC1_27","s1",27,87.295490358242,193.321580519833,2954,224.879909256313,0.115617264725796,0.160085443466486,13,0.00038971161340608,0.0672454671901793,0.0044008124576845,0.0578086323628978,"sm1"
"3","A2",66188,11013,29,1,1,30,62,90,3,6170,0.00486223662884927,1,0.000453254366350396,30,7.57081392070939,0.43161468984521,16.092332856026,0.507972827651324,4.98120934232876,0.0646954952546757,10.0793261860571,0.0666709722314398,"1","3","SC1_27","s1",27,63.824287015556,383.583211566841,6170,469.705159144025,0.131997698541329,0.191609562398703,30,0.000453254366350396,0.0782098879600532,0.00486223662884927,0.0638698541329011,"sm1"
"4","A2",44096,17133,32,1,1,30,60,70,4,4562,0.00657606313020605,1,0.00068033381712627,30,10.215641759336,0.467844839977074,14.8487804808787,0.447329495051517,5.31952061326081,0.07321548336303,9.04599156731538,0.0649143099033262,"1","4","SC1_27","s1",27,99.2918831778371,255.552143851626,4562,347.292534200169,0.172765015344147,0.201559184568172,30,0.00068033381712627,0.117392871559779,0.00657606313020605,0.0863825076720736,"sm1"
"5","A2",24569,13734,8,1,0,9,16,27,5,2188,0.00411334552102377,0,0.000366315275346982,9,6.25581942312419,0.404912919783848,12.9560511945574,0.45190558865817,3.03257433595499,0.0354940155913209,9.1430396990202,0.0511832971664491,"1","5","SC1_27","s1",27,79.593458446531,142.386171586779,2188,166.566432448481,0.0960577696526508,0.162097486288848,9,0.000366315275346982,0.0632083853347715,0.00411334552102377,0.0540324954296161,"sm1"
"6","A2",25680,14882,8,1,0,9,22,27,6,2459,0.00366002440016267,0,0.000350467289719626,9,7.05062806335363,0.412601453051132,15.3970561231728,0.463858849699643,4.07878039742985,0.0512771497488914,9.7970114372802,0.0527531697205266,"1","6","SC1_27","s1",27,86.2465304063837,148.82481526918,2459,187.196918368745,0.117523302155348,0.14423314355429,9,0.000350467289719626,0.0604737857978972,0.00366002440016267,0.0480777145180968,"sm1"
"7","A2",43599,12832,25,1,0,22,64,59,7,4411,0.00498753117206983,0,0.000504598729328654,22,7.79841449856758,0.430389443052355,15.2246885779551,0.474901622752675,4.95805334781891,0.0522576140228156,9.21131921209822,0.0554834433662166,"1","7","SC1_27","s1",27,74.3660447637895,252.671850503153,4411,335.797318798103,0.190591158467468,0.175701224212197,22,0.000504598729328654,0.0870694537448106,0.00498753117206983,0.065515710723192,"sm1"
"8","A2",38454,23733,23,2,1,21,46,75,8,3965,0.00529634300126103,0.5,0.000546107036979248,10.5,6.52394770312568,0.427064052719811,13.7226554832856,0.411961471716811,3.5360112112508,0.0572470856875381,8.14385254231007,0.0670799732978597,"1","8","SC1_27","s1",27,137.54125158814,222.854729219667,3965,301.844563372133,0.15239631778058,0.248472257250946,10.5,0.000546107036979248,0.094231789801061,0.00529634300126103,0.0695722320302648,"sm1"
"9","A2",53704,16756,34,1,2,32,54,81,9,4843,0.00660747470576089,2,0.000595858781468792,32,7.72178536267192,0.435995055134597,18.9705208668738,0.671048721022337,3.94232009370901,0.0515135214977941,7.20965085693196,0.0484043071496245,"2","1","SC1_27","s1",27,97.1070328913698,311.233951682867,4843,368.684292663617,0.146466776791245,0.219700165186868,32,0.000595858781468792,0.102816546289289,0.00660747470576089,0.0867951269874045,"sm1"
"10","A2",39385,16789,10,1,1,12,22,31,10,4634,0.00258955545964609,1,0.00030468452456519,12,6.4904270273718,0.404106042859565,12.4326562727651,0.56507708399831,3.69872407685247,0.0374132382867214,5.9419145171188,0.0598709963785527,"2","2","SC1_27","s1",27,97.2982797334214,228.25020830906,4634,352.773696511088,0.0623629261976694,0.0878750323694432,12,0.00030468452456519,0.0525738841112098,0.00258955545964609,0.0340161415623651,"sm1"
"11","A2",43686,17316,38,1,0,41,69,77,11,3762,0.0108984582668793,0,0.000938515771643089,41,8.17622976091461,0.44530456880065,16.6513384820579,0.595000569851886,4.13823307849695,0.0677424354710426,9.1120638511441,0.0657920629324089,"2","3","SC1_27","s1",27,100.352433847396,253.176046723107,3762,286.390730745514,0.240929585326954,0.268863450292398,41,0.000938515771643089,0.161942650304674,0.0108984582668793,0.1431610579479,"sm1"
"12","A2",29718,28554,10,3,0,9,25,31,12,3494,0.00257584430452204,0,0.000302846759539673,3,5.35377187609673,0.407485499658535,13.9481335998543,0.436982664431428,2.03608292169593,0.0437921142216544,9.57061254511438,0.0734511681073963,"2","4","SC1_27","s1",27,165.480676604212,172.226474305665,3494,265.988626588205,0.0939889811104751,0.116546336576989,3,0.000302846759539673,0.0522567743216232,0.00257584430452204,0.033836033199771,"sm1"
"13","A2",72384,25838,55,2,1,56,101,112,13,7466,0.00750066970265202,0.5,0.000773651635720601,28,7.91660671909847,0.434892870901972,16.5807687286288,0.575558470253088,3.60115827660677,0.0513223868385131,7.79914857299053,0.0515527853981928,"2","5","SC1_27","s1",27,149.740481967487,419.491255001726,7466,568.366080740566,0.177702370747388,0.197056094294133,28,0.000773651635720601,0.133495035551503,0.00750066970265202,0.0985280471470667,"sm1"
"14","A2",32439,11096,5,1,0,5,30,28,14,3604,0.0013873473917869,0,0.000154135454237184,5,6.57296050786972,0.423646068907104,17.1018959166748,0.547693505951479,2.79994365977625,0.0554686673807929,9.90819165760128,0.0692042594547495,"2","6","SC1_27","s1",27,64.3053018001098,187.99564573664,3604,274.36262456322,0.109344339622642,0.102054716981132,5,0.000154135454237184,0.0265963606785043,0.0013873473917869,0.0182240566037736,"sm1"
"15","A2",90928,15228,23,1,0,22,99,71,15,8198,0.00268358136130764,0,0.000241949674467711,22,7.17540353551658,0.429513598560802,15.5731353100757,0.581083774570823,4.4108101359235,0.0567920560065455,8.12494920199101,0.0536882249525057,"2","7","SC1_27","s1",27,88.2517245684996,526.960389516978,8198,624.091230901575,0.158630653818004,0.11376541839473,22,0.000241949674467711,0.0417488684873746,0.00268358136130764,0.035251256404001,"sm1"
"16","A2",42092,17701,5,1,0,8,11,44,16,4503,0.00177659338218965,0,0.00019005986885869,8,6.40945782444694,0.408419366099188,14.2562346959656,0.505538347724958,3.18754992024018,0.0358127041514434,7.78319867553703,0.0688594320722887,"2","8","SC1_27","s1",27,102.583647004663,243.938244716134,4503,342.801026195388,0.0320885853875194,0.128354341550078,8,0.00019005986885869,0.0327951855573506,0.00177659338218965,0.023337153009105,"sm1"
"17","B",78512,13633,1,1,0,1,17,35,17,6719,0.00014883167137967,0,1.2736906460159e-05,1,4.33873143704499,0.380714411971789,10.6576324760914,0.437421287036124,1.56507498603259,0.0334732485401288,5.26010306125574,0.0443305219293533,"1","1","SC1_15","s1",15,79.0081272026763,455.005214034807,6719,511.499021764782,0.0332356451852954,0.0684263283226671,1,1.2736906460159e-05,0.00219777701255859,0.00014883167137967,0.0019550379520762,"sm1"
"18","B",17899,24122,0,2,0,0,1,10,18,1972,0,0,0,0,3.50348672270775,0.389276302523083,10.322989231348,0.38041724492817,0,0,4.48356484206649,0.0370054921979164,"1","2","SC1_15","s1",15,139.795646180808,103.731128056972,1972,150.122945515724,0.00666120689655172,0.0666120689655172,0,0,0,0,0,"sm1"
"19","B",36185,21170,0,2,0,0,2,15,19,3230,0,0,0,0,11.2826275676489,0.499675266910344,9.50072176853816,0.443790992191569,8.14464025199413,0.1074268524535,6.24281565631418,0.0374469910658096,"1","3","SC1_15","s1",15,122.687746855473,209.705059988912,3230,245.891031448169,0.00813368421052632,0.0610026315789474,0,0,0,0,0,"sm1"
"20","B",57206,23438,3,2,0,3,16,19,20,4128,0.000726744186046512,0,5.2442051533056e-05,1.5,9.6086861724034,0.478529385964849,13.5428220080702,0.473638942603001,5.68155976021923,0.0675887385306759,7.08231152015608,0.05359726971359,"1","4","SC1_15","s1",15,135.831620727377,331.529298375728,4128,314.253305826019,0.0509143410852713,0.0604607800387597,1.5,5.2442051533056e-05,0.00904897399625913,0.000726744186046512,0.00954643895348837,"sm1"
"21","B",32490,26824,6,2,0,7,7,46,21,3262,0.00214592274678112,0,0.000215450907971684,3.5,9.50075315151896,0.442826636973959,11.2485658140934,0.407979199018043,4.26756812715453,0.0279803352424801,7.05058548200294,0.0704289814479649,"1","5","SC1_15","s1",15,155.454705793632,188.291209037993,3262,248.327103586355,0.0281886266094421,0.185239546290619,3.5,0.000215450907971684,0.0371764568073253,0.00214592274678112,0.0281886266094421,"sm1"
"22","B",37164,25797,3,2,0,2,5,43,22,2909,0.000687521485046408,0,5.38155203960822e-05,1,5.80859694480896,0.398925333157433,9.16192093768785,0.360668424333621,2.04980572617188,0.0168309800566807,4.60615991673317,0.0617097533957784,"1","6","SC1_15","s1",15,149.502872254635,215.378716303107,2909,221.454182811989,0.0225780336885528,0.194171089721554,1,5.38155203960822e-05,0.00928596861532666,0.000687521485046408,0.00903121347542111,"sm1"
"23","B",20162,10331,1,1,0,1,2,11,23,2213,0.000451875282422052,0,4.95982541414542e-05,1,6.84483863413334,0.386765850087007,12.3681072592735,0.437900701477121,1.50196842849255,0.0305745030442874,6.6370850572284,0.0912449476529055,"1","7","SC1_15","s1",15,59.8718522798246,116.846025134626,2213,168.469613806439,0.0118715770447357,0.0652936737460461,1,4.95982541414542e-05,0.00855827144182125,0.000451875282422052,0.00593578852236783,"sm1"
"24","B",37552,32067,0,2,0,0,3,32,24,2852,0,0,0,0,8.05107707778613,0.438090157657862,8.75920357368886,0.417011933664686,3.72254855490224,0.0444505370311534,3.76367016944528,0.0456759676123976,"1","8","SC1_15","s1",15,185.839772244423,217.627315536925,2852,217.114929315844,0.0138175666199158,0.147387377279102,0,0,0,0,0,"sm1"
"25","B",88626,40057,10,3,1,10,55,54,25,7379,0.00135519718118986,0.333333333333333,0.000112833705684562,3.33333333333333,8.49215838719498,0.45643230625547,15.1730017209495,0.595077433673294,5.11686091763215,0.0764942095764746,6.72200018594936,0.0487458654772457,"2","1","SC1_15","s1",15,232.14468945629,513.619473444172,7379,561.743009614872,0.0979095405881556,0.0961293671229164,3.33333333333333,0.000112833705684562,0.0194696667806287,0.00135519718118986,0.0178017346523919,"sm1"
"26","B",119660,28246,3,2,0,3,46,41,26,11924,0.000251593425025159,0,2.50710345980277e-05,1.5,6.00709545677123,0.414712403850786,13.4471552095762,0.623065034386254,3.52116830982073,0.0619514454552792,5.99874124177502,0.0463173526494769,"2","2","SC1_15","s1",15,163.695706078398,693.472639996498,11924,907.74138049163,0.0506752264340825,0.0451670496477692,1.5,2.50710345980277e-05,0.00432605387288985,0.000251593425025159,0.00330490607178799,"sm1"
"27","B",77975,10233,6,1,1,7,79,26,27,6131,0.0011417387049421,1,8.97723629368387e-05,7,4.77312326110617,0.388941963200485,16.1227582085591,0.584851605840645,2.13129700738785,0.0586063274714177,7.11388089750739,0.041011730703912,"2","3","SC1_15","s1",15,59.3039071125201,451.893106332332,6131,466.736196225611,0.169260495840809,0.0557059859729245,7,8.97723629368387e-05,0.0154903889922411,0.0011417387049421,0.0149977654542489,"sm1"
"28","B",37815,22596,6,2,0,8,18,38,28,2808,0.00284900284900285,0,0.000211556260743091,4,5.49494587547249,0.399154289283641,13.8283231634843,0.593547107044531,2.53022636822069,0.0515747615744843,7.48098578786003,0.0631216457059922,"2","4","SC1_15","s1",15,130.951928575638,219.151494914487,2808,213.765330125838,0.0842044871794872,0.177765028490028,4,0.000211556260743091,0.036504428149676,0.00284900284900285,0.0374242165242165,"sm1"
"29","B",32091,23817,1,2,0,1,8,15,29,2608,0.000383435582822086,0,3.1161384811941e-05,0.5,5.00418096780777,0.428740707701108,15.6588449239731,0.583403535430211,1.67774866339381,0.063914331580329,6.06109268005775,0.0568744160266058,"2","5","SC1_15","s1",15,138.028061731544,185.978860856824,2608,198.539879262175,0.0402941717791411,0.0755515720858896,0.5,3.1161384811941e-05,0.00537695518400798,0.000383435582822086,0.00503677147239264,"sm1"
"30","B",95844,46058,9,4,0,9,40,49,30,10120,0.000889328063241107,0,9.39025917115312e-05,2.25,6.74371939003468,0.416043157047877,13.8138657856961,0.502620301194201,5.27738685982941,0.0833177555307938,9.64647936318945,0.0538570786935658,"2","6","SC1_15","s1",15,266.922637915416,555.450373623803,10120,770.407813701383,0.0519205533596838,0.0636026778656126,2.25,9.39025917115312e-05,0.0162030676859271,0.000889328063241107,0.0116821245059289,"sm1"
"31","B",69778,23173,5,2,0,6,25,22,31,5163,0.00116211504938989,0,8.59869873025882e-05,3,6.08700022399425,0.415662610811305,13.4984615567056,0.526260539839821,3.14720729956984,0.0479851628448487,7.39449422898779,0.0546616457278325,"2","7","SC1_15","s1",15,134.295850632115,404.388549838506,5163,393.045014045478,0.063605946155336,0.0559732326166957,3,8.59869873025882e-05,0.0148372153524033,0.00116211504938989,0.0152654270772806,"sm1"
"32","B",78598,37370,1,3,0,1,6,39,32,8262,0.000121036068748487,0,1.27229700501285e-05,0.333333333333333,5.97896542648474,0.409313548995274,12.9230945370136,0.470301325632494,2.92465748958937,0.0643036398181576,8.19387660087001,0.0573961693334387,"2","8","SC1_15","s1",15,216.572560226217,455.503614895911,8262,628.963375177947,0.00953950617283951,0.0620067901234568,0.333333333333333,1.27229700501285e-05,0.00219537225896333,0.000121036068748487,0.00158991769547325,"sm1"
"33","C",223224,45505,86,3,2,82,244,267,33,25302,0.00324085052565015,0.666666666666667,0.000367344013188546,27.3333333333333,6.6854597201235,0.445378601733206,8.49187217069587,0.266602625152487,3.48414393962037,0.0522710419438771,5.12579112649108,0.0349287816970149,"1","1","SC3_40","s3",40,263.717804471341,1293.66318394266,25302,1926.17178876209,0.126676136273812,0.138616919611098,27.3333333333333,0.000367344013188546,0.0633858959718489,0.00324085052565015,0.0425714884198878,"sm1"
"34","C",342088,74205,99,5,4,97,373,271,34,35266,0.00275052458458572,0.8,0.000283552770047473,19.4,7.54175594576882,0.536695122223644,12.9694518297361,0.510581317312361,3.0470164499229,0.0465342547577679,6.62430156579805,0.0405992933678899,"1","2","SC3_40","s3",40,430.044603467659,1982.52271829452,35266,2684.70375078982,0.138935254919753,0.100942236148131,19.4,0.000283552770047473,0.0489275603779437,0.00275052458458572,0.0361306158906596,"sm1"
"35","C",255263,44913,111,3,1,98,288,319,35,24948,0.00392817059483726,0.333333333333333,0.000383917763248101,32.6666666666667,7.12237957984002,0.451235920529461,12.8154303604346,0.468784519682587,3.68095339164321,0.0554858813119345,6.80880704696194,0.0398070846331947,"1","3","SC3_40","s3",40,260.286952032113,1479.34068613928,24948,1899.22274073341,0.151640981240981,0.167963447971781,32.6666666666667,0.000383917763248101,0.0662457275178149,0.00392817059483726,0.0516000561167228,"sm1"
"36","C",217628,33053,108,2,3,106,291,273,36,22746,0.00466016002813681,1.5,0.000487069678534012,53,7.25475078790458,0.424740524091916,10.6309167438156,0.337343612164239,4.13239431748513,0.0533299666217535,6.94955264515783,0.0443143391089179,"1","4","SC3_40","s3",40,191.553996070569,1261.2323558178,22746,1731.59052672447,0.168053587443946,0.157658520179372,53,0.000487069678534012,0.0840447832717297,0.00466016002813681,0.0612153961136024,"sm1"
"37","C",222772,41864,141,2,4,136,308,302,37,23561,0.00577225075336361,2,0.00061048964860934,68,7.27510029454897,0.510966893011309,10.5291298293317,0.342970456561384,3.21335143717024,0.0495818833067382,6.39950126572162,0.0450632855870011,"1","5","SC3_40","s3",40,242.616902898323,1291.04368174243,23561,1793.6342389939,0.171718399049276,0.168373235431433,68,0.00061048964860934,0.105341129756702,0.00577225075336361,0.075823708671109,"sm1"
"38","C",336065,78015,102,4,2,94,298,343,38,30354,0.0030967911972063,0.5,0.000279707794623064,23.5,7.24424885998436,0.469190482524067,9.2679085621594,0.335846104224367,3.72610543860633,0.0577880325497699,5.20983699062996,0.0354490130897692,"1","6","SC3_40","s3",40,452.124920686334,1947.61727194069,30354,2310.76667757824,0.128961527311063,0.148435583448639,23.5,0.000279707794623064,0.0482641026829334,0.0030967911972063,0.0406791394873822,"sm1"
"39","C",324735,75892,118,5,5,100,405,299,39,33304,0.00300264232524622,1,0.000307943400003079,20,8.10285195090153,0.49345238085716,10.4803355374065,0.378121739374181,4.00574358846907,0.0573948063850658,5.60256775179476,0.0409167305171087,"1","7","SC3_40","s3",40,439.821373847687,1881.95585616967,33304,2535.34207781728,0.159741757746817,0.117932803867403,20,0.000307943400003079,0.0531362091582367,0.00300264232524622,0.0394424093202018,"sm1"
"40","C",304792,68642,111,3,4,103,312,294,40,27346,0.00376654720982959,1.33333333333333,0.000337935378881335,34.3333333333333,7.83429787680507,0.476253787449077,9.49325562197538,0.309447618638802,4.19267363448216,0.0582032081846656,5.71564587342765,0.0382267889860644,"1","8","SC3_40","s3",40,397.805022184854,1766.3790146232,27346,2081.77589658874,0.14987203978644,0.141225575952607,34.3333333333333,0.000337935378881335,0.0583113811629898,0.00376654720982959,0.0494769874936005,"sm1"
"41","C",332425,49651,70,3,4,60,256,264,41,35762,0.00167775851462446,1.33333333333333,0.000180491840264721,20,7.1087745341938,0.536572508320993,10.2609075382916,0.390448385797445,2.86748451106276,0.0501748437476093,5.85803496632085,0.0406444970442214,"2","1","SC3_40","s3",40,287.745362263631,1926.52216572652,35762,2722.46286893171,0.0940325037749566,0.096971019517924,20,0.000180491840264721,0.0311442043426337,0.00167775851462446,0.0220388680722555,"sm1"
"42","C",348888,44287,56,3,1,54,303,209,42,37342,0.00144609287129773,0.333333333333333,0.000154777464401183,18,7.63386113287592,0.560754708758604,11.195793467703,0.432435365538684,3.20713509740596,0.0433728602242038,6.28006605118538,0.0409163619867355,"2","2","SC3_40","s3",40,256.659057391985,2021.93115847483,37342,2842.74393075465,0.106587159230893,0.0735205157731241,18,0.000154777464401183,0.0267071407320974,0.00144609287129773,0.0189957313480799,"sm1"
"43","C",382503,37320,131,2,10,128,438,373,43,41091,0.00311503735611204,5,0.00033463789826485,64,7.73032754339856,0.491270350141979,10.6277097688923,0.3867975976272,4.05631641731583,0.0596712645610633,5.89959634519162,0.0416158771748854,"2","3","SC3_40","s3",40,216.282792283715,2216.74214621912,41091,3128.14500719403,0.140019084471052,0.119239996592928,64,0.00033463789826485,0.0577423947202505,0.00311503735611204,0.0409188192061522,"sm1"
"44","C",238776,49944,93,3,2,87,236,257,44,25338,0.00343357802510064,0.666666666666667,0.000364358226957483,29,7.79771075877598,0.511942597400519,9.46318980448441,0.338099841473559,3.51984240962915,0.0526894435434991,5.5271837057358,0.0413322521031401,"2","4","SC3_40","s3",40,289.443402406695,1383.79260477857,25338,1928.91236991755,0.122348741021391,0.13323570526482,29,0.000364358226957483,0.0628706929778118,0.00343357802510064,0.0451031375799195,"sm1"
"45","C",294519,53701,89,3,0,81,333,250,45,31704,0.00255488266464799,0,0.000275024701292616,27,7.63491938001401,0.526814837776327,10.8000589666367,0.393524921999753,3.5371652416343,0.0479940302490854,5.92315016116186,0.0350391239224943,"2","5","SC3_40","s3",40,311.216565606317,1706.84329315668,31704,2413.53847090797,0.137971697577593,0.103582355538733,27,0.000275024701292616,0.0474560261769529,0.00255488266464799,0.0335606831945496,"sm1"
"46","C",278274,38818,103,2,5,93,362,238,46,28900,0.00321799307958478,2.5,0.000334202979796891,46.5,7.89270985472268,0.500082383784243,12.0318723030451,0.406782833195415,3.88068190930272,0.0555703613250308,6.95160828344927,0.0426053254441639,"2","6","SC3_40","s3",40,224.964239841083,1612.69768863768,28900,2200.0776497994,0.164539647058824,0.108178,46.5,0.000334202979796891,0.0576673487258242,0.00321799307958478,0.0422712352941176,"sm1"
"47","C",223331,33227,98,2,3,95,264,268,47,23058,0.00412004510365166,1.5,0.000425377578571716,47.5,7.5110460834747,0.450015969367767,13.1599693782628,0.433721705759144,4.25222870780063,0.058750715301972,7.2819616852321,0.0462107608923266,"2","7","SC3_40","s3",40,192.562388510477,1294.28328733961,23058,1755.34223007179,0.15039802237835,0.152676780293174,47.5,0.000425377578571716,0.0733996961324223,0.00412004510365166,0.0541205004770579,"sm1"
"48","C",300151,64382,70,4,3,63,230,257,48,29745,0.00211800302571861,0.75,0.000209894353175568,15.75,7.43488590406335,0.533240994756327,10.3371413803518,0.378530028419509,3.58175737875841,0.0498196817335446,5.9758808589108,0.036658645334191,"2","8","SC3_40","s3",40,373.116793483658,1739.48275420014,29745,2264.40517969838,0.101571928055135,0.113495589174651,15.75,0.000209894353175568,0.0362176628931105,0.00211800302571861,0.0278218759455371,"sm1"
"49","D",153521,36002,108,3,1,105,246,220,49,17568,0.00597677595628415,0.333333333333333,0.000683945518854098,35,6.85525030673035,0.42081965672764,15.0683652778241,0.464345277442972,3.71445666272803,0.0524703669218818,8.67429554544625,0.0500271677770372,"1","1","SC2_33","s2",33,208.644509319354,889.709286017903,17568,1337.40360386422,0.183938490437158,0.164497836976321,35,0.000683945518854098,0.1180160774425,0.00597677595628415,0.078510331284153,"sm1"
"50","D",120980,16837,70,1,2,66,156,157,50,12644,0.00521986713065486,2,0.000545544718135229,66,7.60623633689605,0.423085947176309,15.126993743857,0.492823358358014,4.953054026544,0.0626842070902177,7.96592777115486,0.0473331309494633,"1","2","SC2_33","s2",33,97.5764569582236,701.122513678558,12644,962.553003600819,0.1620689971528,0.163107900980702,66,0.000545544718135229,0.0941347606336584,0.00521986713065486,0.0685676526415691,"sm1"
"51","D",201338,30077,80,2,3,84,183,261,51,22211,0.00378190986448156,1.5,0.000417208872642025,42,6.00888766959065,0.401329173979091,14.4264000968801,0.474888107995837,3.16988524643976,0.0511425519733673,7.47445473115022,0.0525787761854542,"1","3","SC2_33","s2",33,174.307008132832,1166.82596015055,22211,1690.86244566417,0.10822879203998,0.154359096843906,42,0.000417208872642025,0.0719901706584947,0.00378190986448156,0.0496787897888434,"sm1"
"52","D",191097,12718,71,1,2,72,162,219,52,18082,0.00398186041367105,2,0.000376772005839966,72,6.30887678716286,0.411647764518636,11.8828060495663,0.42070881092871,3.67635470798158,0.0514436485837069,6.51273191483074,0.041903531878306,"1","4","SC2_33","s2",33,73.7053738548843,1107.47569016723,18082,1376.53301258384,0.117686970467869,0.159095348965822,72,0.000376772005839966,0.0650127137229784,0.00398186041367105,0.0523053202079416,"sm1"
"53","D",137218,36922,92,3,2,86,208,199,53,14458,0.00594826393692074,0.666666666666667,0.000626739932078882,28.6666666666667,7.11129585195046,0.421390560440316,9.45097809108957,0.264633516261196,4.22642859938028,0.0580006457666427,6.27517550780648,0.0403741621784201,"1","5","SC2_33","s2",33,213.976239461396,795.227550685604,14458,1100.64784293425,0.188979609904551,0.180802607552912,28.6666666666667,0.000626739932078882,0.108145146538064,0.00594826393692074,0.0781358002489971,"sm1"
"54","D",200160,61635,44,3,1,40,190,223,54,21596,0.00185219485089831,0.333333333333333,0.000199840127897682,13.3333333333333,7.209091163309,0.529989486021659,9.44170838494205,0.290514936164995,3.01325859818689,0.0458478310268931,6.92603662548919,0.0414394792313203,"1","6","SC2_33","s2",33,357.196942722582,1159.9990274252,21596,1644.04418425841,0.115568670124097,0.135641123356177,13.3333333333333,0.000199840127897682,0.0344827875319744,0.00185219485089831,0.0243302463419152,"sm1"
"55","D",79695,16678,34,1,0,37,62,135,55,8795,0.00420693575895395,0,0.000464270029487421,37,6.22636415184505,0.398372382797906,12.261891280501,0.373466844263893,2.9695026454671,0.032453084836437,7.67635189454311,0.0480940313976181,"1","7","SC2_33","s2",33,96.6549949010662,461.861123554412,8795,669.539201729611,0.0926010005685048,0.201631210915293,37,0.000464270029487421,0.0801106612205282,0.00420693575895395,0.0552618874360432,"sm1"
"56","D",171736,69082,89,4,1,84,177,213,56,14928,0.00562700964630225,0.25,0.000489122839707458,21,6.85873050962464,0.419239084203889,14.8747750103753,0.452498561823906,3.6287234134573,0.0475103065460894,8.50870272184839,0.0424680074484632,"1","8","SC2_33","s2",33,400.354980078874,995.27174747149,14928,1136.42765246386,0.155751225884244,0.187429441318328,21,0.000489122839707458,0.0843990600691759,0.00562700964630225,0.0739158360128617,"sm1"
"57","D",143060,32211,59,2,1,65,90,208,57,16439,0.00395401180120445,0.5,0.000454354816161051,32.5,7.47036375883553,0.412565867680079,17.0361845126519,0.491948032224423,4.09642003111069,0.0491584133267227,10.1598609132011,0.0558358848972991,"2","1","SC2_33","s2",33,186.67430391883,829.084037087573,16439,1251.45593373884,0.0719162357807652,0.166206411582213,32.5,0.000454354816161051,0.0783997726314134,0.00395401180120445,0.0519395036194416,"sm1"
"58","D",190754,28597,85,2,4,92,159,347,58,21024,0.00437595129375951,2,0.000482296570451996,46,7.24703665733712,0.415704788730155,13.884597425502,0.502924690509052,4.07888425175962,0.0524016183395137,7.49421899095212,0.0471597055934223,"2","2","SC2_33","s2",33,165.729877034764,1105.48788208166,21024,1600.49939478833,0.0993439925799087,0.216807329718417,46,0.000482296570451996,0.0832211745521457,0.00437595129375951,0.0574820585996956,"sm1"
"59","D",193491,42135,35,3,0,36,78,269,59,20149,0.00178668916571542,0,0.000186055165356528,12,6.39917601702305,0.395396309076795,13.623201311244,0.424653746479111,3.6323393345488,0.0417258550797065,8.0455077852536,0.0503039279627024,"2","3","SC2_33","s2",33,244.187445146686,1121.34977925424,20149,1533.8880472598,0.0508511687924959,0.175371338527967,12,0.000186055165356528,0.0321041664840225,0.00178668916571542,0.0234697702119212,"sm1"
"60","D",144041,28079,48,2,0,47,75,247,60,15437,0.0030446330245514,0,0.000326295985170889,23.5,5.49012934625149,0.385556614385452,16.5689949670784,0.569339958740533,2.48250372645953,0.0369299326807901,8.27508087613478,0.045891769225587,"2","4","SC2_33","s2",33,162.72788115044,834.769284119468,15437,1175.17642491188,0.0638202047029863,0.210181207488502,23.5,0.000326295985170889,0.0563029820264369,0.0030446330245514,0.0399939949472048,"sm1"
"61","D",123277,13476,36,1,3,38,87,199,61,13579,0.00279843876574122,3,0.00030824890287726,38,6.70163139957806,0.403423333366023,13.9582247063143,0.458958344212891,3.47045832752732,0.0473113762372093,7.93145250874772,0.0530458133501489,"2","5","SC2_33","s2",33,78.0982558632191,714.434452957114,13579,1033.73198638845,0.0841610796082186,0.192506377494661,38,0.00030824890287726,0.0531889242501034,0.00279843876574122,0.0367600117829001,"sm1"
"62","D",201648,53547,74,3,1,77,118,244,62,19900,0.00386934673366834,0.333333333333333,0.000381853526938031,25.6666666666667,6.29568285836002,0.402877917023965,15.8654750216691,0.509311281547207,2.92782655406355,0.0457642332014255,8.11373076904726,0.0499734361927552,"2","6","SC2_33","s2",33,310.32408034341,1168.62252139406,19900,1514.93236093454,0.0778912663316583,0.161063296482412,25.6666666666667,0.000381853526938031,0.0658895396848469,0.00386934673366834,0.050827351758794,"sm1"
"63","D",92606,28877,31,2,0,36,54,150,63,8269,0.00435360986818237,0,0.000388743709910805,18,6.46837793373399,0.399237640142966,17.8954591319958,0.545275406301376,3.96123935060243,0.048452880006998,9.99125746163118,0.0558739099343865,"2","7","SC2_33","s2",33,167.352577512777,536.685001667355,8269,629.496265958176,0.0857828758011851,0.238285766114403,18,0.000388743709910805,0.0670784536332419,0.00435360986818237,0.0571885838674568,"sm1"
"64","D",215604,89449,87,4,2,91,151,297,64,16188,0.00562144798616259,0.5,0.00042207009146398,22.75,6.45960446718513,0.412254527169982,15.7951772773908,0.526449950332527,3.13150969285775,0.0429365537901984,8.35126016722281,0.0454066083734088,"2","8","SC2_33","s2",33,518.38905377776,1249.50254950531,16188,1232.34799290494,0.122530324932048,0.241003354336546,22.75,0.00042207009146398,0.0728289830509174,0.00562144798616259,0.0738427786014332,"sm1"
"65","E",111557,79729,23,6,1,23,63,76,65,9591,0.00239808153477218,0.166666666666667,0.000206172629238864,3.83333333333333,7.02102426711529,0.423016027337518,14.0211921706796,0.487939977032049,3.86841456825441,0.0582232300854643,9.78058939662621,0.0634711263305054,"1","1","SC1_21","s1",21,462.058165755313,646.512847234575,9591,730.136496166993,0.086285236158899,0.104090126159942,3.83333333333333,0.000206172629238864,0.0355754724726373,0.00239808153477218,0.0315009592326139,"sm1"
"66","E",80821,47513,25,4,0,25,104,74,66,8074,0.00309635868218974,0,0.000309325546578241,6.25,5.79055040358351,0.409996160924069,12.8243154428295,0.486710005205876,2.54598996386114,0.0439133655406622,7.42121297178203,0.0501940645675884,"1","2","SC1_21","s1",21,275.354885042233,468.386697619563,8074,614.651451366104,0.169201585335645,0.120393435719594,6.25,0.000309325546578241,0.0533747011327501,0.00309635868218974,0.0406734580133763,"sm1"
"67","E",47805,10214,27,1,1,28,81,55,67,5146,0.00544111931597357,1,0.000585712791549001,28,6.40181676491543,0.409930156673791,12.0165679649873,0.467579914772703,3.82754150614175,0.0556166517479296,8.07521326498926,0.0599774661666774,"1","3","SC1_21","s1",21,59.1937952943693,277.047129826446,5146,391.750850722067,0.206764069179946,0.140395355616012,28,0.000585712791549001,0.101065836767702,0.00544111931597357,0.0714739992226972,"sm1"
"68","E",63488,27699,30,2,2,34,78,64,68,6543,0.00519639309185389,1,0.000535534274193548,17,6.91682229324793,0.415668894869556,12.1773420255631,0.476413374538879,3.38558235476966,0.0429847652778634,6.72680842491572,0.05203797901204,"1","4","SC1_21","s1",21,160.525644787423,367.935742671717,6543,498.100625004758,0.156594864740945,0.128488094146416,17,0.000535534274193548,0.0924074398239037,0.00519639309185389,0.0682593000152835,"sm1"
"69","E",39887,13547,13,1,0,12,47,27,69,3586,0.00334634690462911,0,0.000300849900970241,12,6.91001755760071,0.426198407341154,10.8300082744272,0.424455792572695,3.59138289089844,0.0560501006498382,6.15360775080147,0.0537462737185504,"1","5","SC1_21","s1",21,78.5097263415724,231.159478451783,3586,272.99233398549,0.172166006692694,0.0989038761851645,12,0.000300849900970241,0.0519122126437185,0.00334634690462911,0.0439572783045176,"sm1"
"70","E",57535,49008,15,4,2,14,51,50,70,4719,0.00296673023945751,0.5,0.000243330146867124,3.5,6.48676129883411,0.441764953290581,12.0345113182068,0.456197869964164,3.02446729310971,0.0569276121472316,6.88312400774585,0.0572782067286815,"1","6","SC1_21","s1",21,284.018946523052,333.435971437393,4719,359.244513128145,0.141964589955499,0.139180970544607,3.5,0.000243330146867124,0.0419870715797341,0.00296673023945751,0.0389706717524899,"sm1"
"71","E",64026,24992,11,2,1,11,49,29,71,4947,0.00222356984030726,0.5,0.00017180520413582,5.5,7.26989596443517,0.444061396150753,12.7151350923653,0.515322980299977,5.10679651736328,0.0687884917513707,5.96448668976913,0.048637802871153,"1","7","SC1_21","s1",21,144.837608380348,371.053645733042,4947,376.601527112722,0.130110996563574,0.0770044673539519,5.5,0.00017180520413582,0.0296453090449192,0.00222356984030726,0.0292085910652921,"sm1"
"72","E",29427,11775,4,1,0,5,16,25,72,2648,0.00188821752265861,0,0.000169911985591464,5,7.81357290688902,0.44468212250244,10.0581319856644,0.399617808228369,3.79225021081787,0.0631109203827211,4.98933729249033,0.0389760438242883,"1","8","SC1_21","s1",21,68.240350459291,170.540024880302,2648,201.584969434907,0.079370996978852,0.124017182779456,5,0.000169911985591464,0.0293186306470248,0.00188821752265861,0.0248034365558912,"sm1"
"73","E",51603,22235,5,2,1,6,38,41,73,4891,0.00122674299734206,0.5,0.000116272309749433,3,6.09044985590797,0.41307058339888,11.1482529313099,0.514110580827556,4.01014429144251,0.0598396778387448,4.47403675652082,0.0496083075571355,"2","1","SC1_21","s1",21,128.859804030772,299.057902738921,4891,372.338400870896,0.102057697812308,0.110114884481701,3,0.000116272309749433,0.0200630043381199,0.00122674299734206,0.0161143733387855,"sm1"
"74","E",97992,41377,21,3,4,22,64,78,74,9490,0.00231822971548999,1.33333333333333,0.000224508123112091,7.33333333333333,7.80229219305329,0.442316129722038,15.4414041840877,0.621829540376402,5.1495344232648,0.0720566582827993,8.21561157036644,0.0569391726811301,"2","2","SC1_21","s1",21,239.794563138351,567.898804433702,9490,722.447643480843,0.0885877344573235,0.107966301369863,7.33333333333333,0.000224508123112091,0.0387392962060168,0.00231822971548999,0.030452033719705,"sm1"
"75","E",62079,9834,7,1,0,7,51,33,75,6629,0.00105596620908131,0,0.000112759548317466,7,7.49587691005538,0.417277441343615,13.1914512551192,0.443875707475742,4.57940699376142,0.062296464346072,6.6373933680322,0.0573619538850008,"2","3","SC1_21","s1",21,56.9915589313518,359.770082052002,6629,504.647568876133,0.101060627545633,0.0653921707648212,7,0.000112759548317466,0.0194568707883503,0.00105596620908131,0.0138710665258712,"sm1"
"76","E",70462,26123,38,2,1,35,138,65,76,7037,0.00497371038794941,0.5,0.000496721637194516,17.5,7.3516262481394,0.436679506122584,12.681648924259,0.483872295143891,3.59290496018914,0.0584551908164144,6.82515634409288,0.0460487703412192,"2","4","SC1_21","s1",21,151.39215923975,408.352575291937,7037,535.707488638007,0.257603268438255,0.12133487281512,17.5,0.000496721637194516,0.0857102467762766,0.00497371038794941,0.0653341622850647,"sm1"
"77","E",52344,25206,19,2,2,17,74,29,77,5138,0.00330868042039704,1,0.000324774568240868,8.5,8.01302213302335,0.452963268984412,18.3119180777977,0.532466924309982,4.61440140250322,0.0670324490371187,11.4401215849393,0.0582523617912328,"2","5","SC1_21","s1",21,146.077815174258,303.352263646805,5138,391.14183268752,0.189189684702219,0.074141903464383,8.5,0.000324774568240868,0.0560404586919227,0.00330868042039704,0.0434624951342935,"sm1"
"78","E",47370,12970,24,1,1,28,50,66,78,4388,0.00638103919781222,1,0.000591091408064176,28,7.42208499491215,0.427526089554308,15.8634208969095,0.540491704707479,4.23746637415084,0.0549543421856299,8.26315071379402,0.0619552540561203,"2","6","SC1_21","s1",21,75.1658042850959,274.526148726676,4388,334.046391948782,0.149679808568824,0.197577347310848,28,0.000591091408064176,0.101993927099008,0.00638103919781222,0.0838206927985415,"sm1"
"79","E",39655,37802,3,3,2,2,24,29,79,3352,0.000596658711217184,0.666666666666667,5.04350018913126e-05,0.666666666666667,5.63184747348229,0.402481255887322,13.7398247359128,0.448598862435185,2.93238292570394,0.045842298489451,10.5037308680276,0.0601323619443352,"2","7","SC1_21","s1",21,219.076155249437,229.814955198572,3352,255.178556475004,0.0940517899761336,0.113645912887828,0.666666666666667,5.04350018913126e-05,0.00870265382978187,0.000596658711217184,0.0078376491646778,"sm1"
"80","E",50101,26019,1,2,0,1,17,24,80,5246,0.000190621425848265,0,1.99596814434842e-05,0.5,5.79392241555102,0.402601333240549,9.73922904456655,0.418705882102214,3.29669804905323,0.0538189440231159,5.85662789982158,0.04874067403555,"2","8","SC1_21","s1",21,150.789441919345,290.353273746152,5246,399.363576153899,0.0425677277926039,0.0600956157072055,0.5,1.99596814434842e-05,0.00344408033392547,0.000190621425848265,0.00250398398780023,"sm1"
"81","F",59774,35439,4,3,0,4,16,47,81,6668,0.000599880023995201,0,6.69187272058085e-05,1.33333333333333,5.3068608418107,0.401163167282495,9.03594343332534,0.329692018139427,1.96002847712661,0.0328611719408366,7.14172621807729,0.0502605388272759,"1","1","SC3_21","s3",21,205.381722286778,346.411779902646,6668,507.616531794548,0.0315198560287942,0.0925895770845831,1.33333333333333,6.69187272058085e-05,0.0115469514377489,0.000599880023995201,0.00787996400719856,"sm1"
"82","F",54435,31395,3,2,0,4,6,62,82,5330,0.00075046904315197,0,7.34821346560118e-05,2,6.76811626553535,0.423393327558253,10.6055444380449,0.340041344476041,2.93362286921666,0.0264157217072516,7.67110192065012,0.048504828888026,"1","2","SC3_21","s3",21,181.945291097192,315.470359002251,5330,405.758265516638,0.0147871294559099,0.152800337711069,2,7.34821346560118e-05,0.0126794796590429,0.00075046904315197,0.00985808630393996,"sm1"
"83","F",36280,45428,3,3,1,3,12,20,83,2936,0.00102179836512262,0.333333333333333,8.26901874310915e-05,1,5.23708578199148,0.429542860964913,14.7548035480082,0.34776900371887,1.79030861757193,0.0368887755067187,12.7358120881361,0.0785140236228704,"1","3","SC3_21","s3",21,263.271561839887,210.255619079667,2936,223.509618678583,0.0536889645776567,0.0894816076294278,1,8.26901874310915e-05,0.014268346373484,0.00102179836512262,0.0134222411444142,"sm1"
"84","F",80211,34741,44,3,1,44,85,118,84,8865,0.00496333897349126,0.333333333333333,0.000548553190958846,14.6666666666667,6.70216902459369,0.414217863868188,11.7227103408363,0.318994537130585,3.62959188956964,0.0439013695211232,9.57316505996865,0.0511404085754402,"1","4","SC3_21","s3",21,201.336561809446,464.851528721035,8865,674.868109531894,0.125950535815003,0.174848979131416,14.6666666666667,0.000548553190958846,0.0946538782416377,0.00496333897349126,0.0651979244218838,"sm1"
"85","F",59959,21985,9,2,2,9,56,46,85,5749,0.00156548965037398,1,0.000150102570089561,4.5,5.88765108745013,0.419857580318196,9.35226249565249,0.332687736992117,2.94374981608703,0.0503075365782078,5.40135398766355,0.0384991782998269,"1","5","SC3_21","s3",21,127.41096431826,347.483921289905,5749,437.655585076013,0.127954496434162,0.105105479213776,4.5,0.000150102570089561,0.0259004789821378,0.00156548965037398,0.0205641154983475,"sm1"
"86","F",91143,19842,36,1,0,35,77,115,86,9291,0.00376708642772576,0,0.000384011937285365,35,7.74506633486841,0.44857542371562,12.0287442786538,0.351252435882923,3.48569047859814,0.0524601945404698,9.02426923646253,0.0640030917574316,"1","6","SC3_21","s3",21,114.991510302612,528.206391669737,9291,707.298319871497,0.108864955333118,0.162590517705306,35,0.000384011937285365,0.0662619774239382,0.00376708642772576,0.0494840706059628,"sm1"
"87","F",51778,30154,30,2,0,25,70,60,87,5465,0.00457456541628545,0,0.000482830545791649,12.5,6.41719538697175,0.426059861141848,12.4469197119276,0.343354811759362,2.58499307669095,0.0402183156755793,8.52537790347522,0.0492573260122322,"1","7","SC3_21","s3",21,174.753250764285,300.072090537679,5465,416.035444849611,0.168254894784995,0.144218481244282,12.5,0.000482830545791649,0.0833133129949013,0.00457456541628545,0.0600910338517841,"sm1"
"88","F",38020,14205,4,1,0,4,10,35,88,4270,0.000936768149882904,0,0.000105207785376118,4,7.98726176917553,0.435574554397353,10.3669777184725,0.323181260533004,3.56880553756112,0.0519674003589797,7.64004513454237,0.044235955068253,"1","8","SC3_21","s3",21,82.3230724649026,220.339543478747,4270,325.06337593922,0.0307632318501171,0.10767131147541,4,0.000105207785376118,0.0181537999800105,0.000936768149882904,0.0123052927400468,"sm1"
"89","F",62942,26334,16,2,0,17,44,58,89,6051,0.00280945298297802,0,0.000270089924057068,8.5,8.02440365878019,0.489460915693901,13.3984775101316,0.538324626598821,4.13014637337831,0.073297747058532,6.48064305940508,0.0638291091419534,"2","1","SC3_21","s3",21,152.61497995711,364.771476739592,6051,460.646015880145,0.0955180300776731,0.125910130556933,8.5,0.000270089924057068,0.0466045211427981,0.00280945298297802,0.036904693439101,"sm1"
"90","F",57701,59762,10,5,0,11,38,53,90,5631,0.00195347185224649,0,0.000190637943883122,2.2,6.45395389944315,0.427134775856976,13.4804812540423,0.42866290858596,2.69562122456456,0.0643737239875233,8.28236872787782,0.0617953660287046,"2","2","SC3_21","s3",21,346.342235596446,334.398001006501,5631,428.672569066452,0.0886457467590126,0.123637488900728,2.2,0.000190637943883122,0.0328949334831285,0.00195347185224649,0.0256606109039247,"sm1"
"91","F",26990,13337,9,1,0,8,18,19,91,2321,0.003446790176648,0,0.000296406076324565,8,7.65265635235442,0.442735814289923,13.3068942553119,0.438463697154278,3.79178432363958,0.0438600305328149,9.84216997152145,0.0439497982834311,"2","3","SC3_21","s3",21,77.2927009830628,156.41673536274,2321,176.691357272817,0.101872554933218,0.107532141318397,8,0.000296406076324565,0.0511454223964431,0.003446790176648,0.0452766910814304,"sm1"
"92","F",22162,29336,7,2,0,6,23,20,92,2583,0.00232288037166086,0,0.00027073368829528,3,7.30739168628402,0.433378003694093,15.4800602599978,0.418971703849196,3.57920272410727,0.0552890603878303,11.3052268250103,0.0515761053346503,"2","4","SC3_21","s3",21,170.012647224948,128.436742834718,2583,196.636697904217,0.11696697638405,0.101710414247,3,0.00027073368829528,0.0467156038651746,0.00232288037166086,0.0305131242740999,"sm1"
"93","F",46832,41210,20,3,0,18,47,46,93,4375,0.00411428571428571,0,0.000384352579432866,6,7.12696740411698,0.431128182333527,11.8645151500469,0.389541579191038,4.76516424521643,0.056363156975346,7.47772736285225,0.0493118770355262,"2","5","SC3_21","s3",21,238.826738210393,271.408245665352,4375,333.056737642643,0.141117097142857,0.138114605714286,6,0.000384352579432866,0.0663207558630851,0.00411428571428571,0.0540448457142857,"sm1"
"94","F",81486,27106,73,1,4,72,114,171,94,7034,0.0102359965880011,4,0.000883587364700685,72,7.9635656106106,0.440400775628516,16.9021313962532,0.447429839108468,4.34648865800471,0.0585002404226908,10.38768064484,0.0630680874171937,"2","6","SC3_21","s3",21,157.088996989345,472.240611254844,7034,535.479106875052,0.212893460335513,0.31934019050327,72,0.000883587364700685,0.152464651036006,0.0102359965880011,0.134459027580324,"sm1"
"95","F",48728,34123,10,3,0,9,36,51,95,4735,0.00190073917634636,0,0.000184698735839764,3,6.34427236765623,0.42309629214106,10.7237656306402,0.339601994626354,2.80836505166271,0.0385707849357599,6.79987066856081,0.0478460336947864,"2","7","SC3_21","s3",21,197.755030040118,282.396246045039,4735,360.462549197238,0.0998716789862724,0.141484878563886,3,0.000184698735839764,0.0318701120359957,0.00190073917634636,0.0249679197465681,"sm1"
"96","F",56924,23974,30,2,1,30,65,68,96,5810,0.00516351118760757,0.5,0.000527018480781393,15,7.34311506404326,0.424153796684944,15.0248021994005,0.356251660431183,3.93159330013689,0.0471899552552488,10.3535137386765,0.0705372801008011,"2","8","SC3_21","s3",21,138.937933071001,329.895007180015,5810,442.299347589431,0.146959294320138,0.153742030981067,15,0.000527018480781393,0.0909380237562364,0.00516351118760757,0.0678273666092943,"sm1"
"97","G",187467,39958,85,3,0,77,243,195,97,20296,0.00379385100512416,0,0.00041073895672305,25.6666666666667,8.32376774728544,0.442398807619513,11.9253657764349,0.411451123225335,4.77757108301562,0.0617900950866608,7.2202949350186,0.0485631662450616,"1","1","SC1_33","s1",33,231.570948930136,1086.43853754156,20296,1545.07875364459,0.157273536657469,0.126207159046117,25.6666666666667,0.00041073895672305,0.070873774575632,0.00379385100512416,0.0498356474182105,"sm1"
"98","G",138258,41360,94,2,3,91,171,193,98,11986,0.00759219088937093,1.5,0.000658189761171144,45.5,7.52296737341853,0.432385484091274,13.50939722143,0.480539096787319,3.97125666763533,0.0622092114203368,7.14038431770992,0.0516021985932276,"1","2","SC1_33","s1",33,239.6960420379,801.254723889652,11986,912.461270259366,0.18740521441682,0.211515826797931,45.5,0.000658189761171144,0.113571873321688,0.00759219088937093,0.0997302603036876,"sm1"
"100","G",91061,24209,45,2,1,45,113,117,100,9009,0.004995004995005,0.5,0.00049417423485356,22.5,7.34457936606048,0.42674439197968,11.3760428228694,0.349078235980751,3.93839007856725,0.0567757194271232,8.14902816248425,0.050861483885377,"1","4","SC1_33","s1",33,140.299842400762,527.731172244034,9009,685.830434153731,0.164763758463758,0.170596103896104,22.5,0.00049417423485356,0.0852706877417335,0.004995004995005,0.0656138861138861,"sm1"
"101","G",84275,22559,64,1,0,63,110,132,101,8573,0.00734865274699638,0,0.000747552654998517,63,7.9600033223629,0.4349178885971,12.3666625016115,0.379069165919266,4.36597955386829,0.0591601694124289,7.82494919549079,0.0472640923853207,"1","5","SC1_33","s1",33,130.737500298186,488.403867087622,8573,652.638951270945,0.168546483144757,0.202255779773708,63,0.000747552654998517,0.128991607653871,0.00734865274699638,0.0965311676192698,"sm1"
"102","G",77101,9459,47,1,0,41,103,115,102,9157,0.00447744894616141,0,0.0005317700159531,41,7.2336108830658,0.422137782030615,11.201478794865,0.356487001999396,3.95311446971476,0.0577313790363488,7.18608789297874,0.0461250298907343,"1","6","SC1_33","s1",33,54.8182993625846,446.827962697392,9157,697.097267792843,0.147755564049361,0.164969804521131,41,0.0005317700159531,0.091757910029831,0.00447744894616141,0.0588153216118816,"sm1"
"103","G",148193,46497,112,3,4,109,263,211,103,15466,0.00704771757403336,1.33333333333333,0.000735527319104141,36.3333333333333,7.71220208041568,0.434982506175654,13.8510436643074,0.433377018146173,4.14630432215175,0.0571249242080811,8.48533167726769,0.0524572010762243,"1","7","SC1_33","s1",33,269.466800450586,858.831614064859,15466,1177.38411528711,0.223376548558128,0.179210843139791,36.3333333333333,0.000735527319104141,0.126916613472229,0.00704771757403336,0.0925781132807449,"sm1"
"104","G",81069,22112,54,1,2,49,103,106,104,7916,0.0061899949469429,2,0.000604423392418804,49,6.55110876681735,0.418361258028454,13.6029369263154,0.424054775186473,3.11872442495622,0.0487021962363959,8.09106918925116,0.0490850549904501,"1","8","SC1_33","s1",33,128.146974892216,469.823946614375,7916,602.623345183809,0.170919365841334,0.175897599797878,49,0.000604423392418804,0.104294385914345,0.0061899949469429,0.0813111546235473,"sm1"
"105","G",106736,34195,51,2,1,48,111,114,105,10421,0.00460608386911045,0.5,0.000449707690001499,24,7.6212963675325,0.440859474894824,16.1748708018608,0.617170704667573,3.73571218154528,0.0635737144900354,7.16896097922014,0.0472231206850015,"2","1","SC1_33","s1",33,198.172295877321,618.573422218504,10421,793.322117251197,0.139917944535073,0.143699510603589,24,0.000449707690001499,0.0775979023279868,0.00460608386911045,0.060505057096248,"sm1"
"106","G",183511,29275,100,2,4,102,226,220,106,19108,0.00533807829181495,2,0.000555824991417408,51,8.04906774417753,0.435634637939566,14.5981726592915,0.504592448894846,4.54210449712787,0.0638637566228997,7.20953539798175,0.0520493554292988,"2","2","SC1_33","s1",33,169.659130335095,1063.51209793078,19108,1454.63957551443,0.155364946619217,0.151240213523132,51,0.000555824991417408,0.095908641000376,0.00533807829181495,0.070120462633452,"sm1"
"107","G",67665,11763,41,1,0,44,106,100,107,8132,0.00541072306935563,0,0.000650262321732062,44,7.0969362528819,0.414937372546641,16.0798135310411,0.580590256624126,4.43639055398203,0.0569271787035512,7.67021350941798,0.0502568526376607,"2","3","SC1_33","s1",33,68.1708061530904,392.142956588359,8132,619.066832116566,0.171225454992622,0.161533448106247,44,0.000650262321732062,0.112203978831597,0.00541072306935563,0.0710747171667487,"sm1"
"108","G",120443,16202,54,1,0,65,111,135,108,11836,0.00549172017573505,0,0.000539674368788556,65,8.07735621969442,0.432468838280494,17.1153806968972,0.62590858987576,4.62950006912523,0.0570111102513804,7.63719046736148,0.041886916508687,"2","4","SC1_33","s1",33,93.8964040884444,698.010405976084,11836,901.042182111618,0.123190680973302,0.149826503886448,65,0.000539674368788556,0.0931218208833224,0.00549172017573505,0.072138687056438,"sm1"
"109","G",110838,14389,80,1,1,86,143,199,109,11869,0.00724576628191086,1,0.000775907179848067,86,7.01459754461592,0.42312047080394,16.4296316350225,0.640949367067244,3.89958334686215,0.0573737027458597,7.57603218979346,0.0425934955604971,"2","5","SC1_33","s1",33,83.3894184933111,642.345984221392,11869,903.554381504122,0.158263855421687,0.220241309293116,86,0.000775907179848067,0.133884233905881,0.00724576628191086,0.0951796613025529,"sm1"
"110","G",92686,35632,61,2,5,58,110,142,110,7280,0.00796703296703297,2.5,0.000625768724510714,29,7.45633450353687,0.43276925710176,14.0874792048839,0.473541265414059,3.74985934641659,0.0567894157624269,8.64184360564678,0.0599096104679331,"2","6","SC1_33","s1",33,206.500226544837,537.148630375358,7280,554.206411437359,0.198482005494505,0.256222225274725,29,0.000625768724510714,0.107977562857174,0.00796703296703297,0.104654148351648,"sm1"
"111","G",131413,15891,104,1,1,100,175,221,111,11951,0.00836750062756255,1,0.000760959722401893,100,7.87155068933964,0.43224647017999,17.6718035616756,0.574209452835813,4.19919223024935,0.0530881613932624,9.27708007384314,0.0524612529114917,"2","7","SC1_33","s1",33,92.0940474860801,761.585492561088,11951,909.796816358224,0.192350640113798,0.242911379800853,100,0.000760959722401893,0.131305022189585,0.00836750062756255,0.109914651493599,"sm1"
"112","G",77691,16408,56,1,0,58,121,104,112,8875,0.00653521126760563,0,0.000746547219111609,58,8.70639309250126,0.445928828786271,16.7064076083211,0.533665094109072,5.20052582155963,0.0735386002854931,10.8646793709369,0.0610596457781726,"2","8","SC1_33","s1",33,95.0902480115538,450.247224418919,8875,675.629382075077,0.179092270422535,0.153930546478873,58,0.000746547219111609,0.128818117812617,0.00653521126760563,0.0858458816901408,"sm1"
"113","H",62203,14896,41,1,1,37,61,124,113,6893,0.00536776439866531,1,0.00059482661607961,37,6.33229721862762,0.401919476900285,15.421400540298,0.424405405869508,3.34471685889402,0.0492858623162432,10.4339871045206,0.0644770802714903,"1","1","SC3_27","s3",27,86.3276654302844,360.488706549408,6893,524.745164016169,0.116246902654867,0.236305179167271,37,0.00059482661607961,0.102638444222465,0.00536776439866531,0.0705104163644277,"sm1"
"114","H",62622,20831,42,1,0,49,92,112,114,6963,0.00703719661065633,0,0.000782472613458529,49,6.28525281843284,0.404484197025828,13.3745655312336,0.388385727370214,2.86832553194696,0.0452354080266502,9.12998913770647,0.0627623364955062,"1","2","SC3_27","s3",27,120.723120205307,362.916961907577,6963,530.074071818452,0.173560649145483,0.211291225046675,49,0.000782472613458529,0.135017111744914,0.00703719661065633,0.0924399109579204,"sm1"
"115","H",100230,29386,28,2,2,24,91,116,115,10294,0.00233145521663105,1,0.000239449266686621,12,6.70347696149742,0.489479613431026,14.4321783790044,0.483748247129217,2.93014456924132,0.0427349217473942,7.76270011437697,0.043781294287609,"1","3","SC3_27","s3",27,170.30241516745,580.868817540105,10294,783.653955952771,0.116122683116378,0.148024519137362,12,0.000239449266686621,0.0413174184519605,0.00233145521663105,0.0306257625801438,"sm1"
"116","H",70353,27746,42,2,0,41,78,119,116,7715,0.00531432274789371,0,0.000582775432462013,20.5,6.10200949509939,0.399643376359162,15.1394639895493,0.407179180760477,3.53006789390418,0.0535274027886493,10.6739014724116,0.0572619559696935,"1","4","SC3_27","s3",27,160.798026653375,407.720881177282,7715,587.321767065827,0.132806247569669,0.202614659753726,20.5,0.000582775432462013,0.100558989967876,0.00531432274789371,0.069808412184057,"sm1"
"117","H",57321,14083,7,1,0,7,19,53,117,5596,0.00125089349535382,0,0.000122119293103749,7,5.25780037672896,0.393595486723517,8.24324406430406,0.276607124359562,2.33725501441317,0.038337839836811,5.19685505203794,0.039749214741613,"1","5","SC3_27","s3",27,81.616038685197,332.195764643484,5596,426.00811516531,0.0446000893495354,0.124410775553967,7,0.000122119293103749,0.021071912242808,0.00125089349535382,0.0164316118656183,"sm1"
"118","H",135903,44332,38,2,1,41,75,208,118,13081,0.00313431694824555,0.5,0.000301685761167892,20.5,5.47356740554174,0.384005118563289,15.3080789919656,0.504732603658378,2.46398390495057,0.0340016821502381,8.58832015012114,0.0533524674766128,"1","6","SC3_27","s3",27,256.919848540237,787.606653797794,13081,995.820613737924,0.0753147695130342,0.208872960782815,20.5,0.000301685761167892,0.0520564418828871,0.00313431694824555,0.0411720740004587,"sm1"
"119","H",124121,21503,102,1,1,90,177,234,119,13095,0.00687285223367698,1,0.000725098895432683,90,8.02937922841411,0.430308168427993,15.1249625198861,0.410526092297909,3.83265079172646,0.0506138741674497,9.49508709983598,0.0506595954730176,"1","7","SC3_27","s3",27,124.617601352538,719.325735826553,13095,996.886395298381,0.17755282932417,0.234730859106529,90,0.000725098895432683,0.125117169478976,0.00687285223367698,0.0902810996563574,"sm1"
"120","H",90430,45068,46,3,1,48,84,124,120,7917,0.00606290261462675,0.333333333333333,0.000530797301780383,16,6.34066983312368,0.428744922766445,14.9650223836783,0.402513006198626,2.70598957424857,0.0510610657148371,9.78809205891819,0.0534119486860138,"1","8","SC3_27","s3",27,261.185232653871,524.074300809655,7917,602.699472438128,0.139372944297082,0.205741013009979,16,0.000530797301780383,0.0915900663815106,0.00606290261462675,0.0796416824554756,"sm1"
"121","H",104697,15098,43,1,1,44,106,142,121,8576,0.00513059701492537,1,0.000420260370402208,44,5.1446602875894,0.391155384059666,15.444542363286,0.561334549496699,2.51880301736425,0.0437218228441964,8.0874910684258,0.0591297618689486,"2","1","SC3_27","s3",27,87.4983279179937,606.75668552326,8576,652.8673330339,0.162360704291045,0.217502075559701,44,0.000420260370402208,0.0725167122996838,0.00513059701492537,0.0673950093283582,"sm1"
"122","H",74208,37230,31,2,1,26,71,100,122,6565,0.00396039603960396,0.5,0.000350366537300561,13,6.89651353489345,0.457154326188793,16.2085394003987,0.505440530470472,3.42364688171347,0.0554712473903057,8.42360975912354,0.0586135504214183,"2","2","SC3_27","s3",27,215.76120998721,430.061989544209,6565,499.775424599761,0.142063808073115,0.200089870525514,13,0.000350366537300561,0.0604564007797003,0.00396039603960396,0.0520233663366337,"sm1"
"123","H",100870,34988,48,2,0,50,117,130,123,8626,0.00579642939948991,0,0.000495687518588282,25,6.67511404299328,0.450791148872474,14.0903879840787,0.476953378601021,2.94266894925731,0.0484691018531809,7.67221891440844,0.0654505493083148,"2","3","SC3_27","s3",27,202.768015445407,584.577847204134,8626,656.673695749815,0.178170681660097,0.197967424066775,25,0.000495687518588282,0.0855318076781997,0.00579642939948991,0.0761413169487596,"sm1"
"124","H",53016,18480,29,1,0,29,63,89,124,4888,0.0059328968903437,0,0.000547004677833107,29,7.54584572830844,0.456865801693502,14.2408439393124,0.419797016855227,4.17777968284236,0.057869115875278,9.58073156670551,0.0634751317665085,"2","4","SC3_27","s3",27,107.098231548849,307.246744794036,4888,372.110019107941,0.169304766775777,0.239176575286416,29,0.000547004677833107,0.0943866794079146,0.0059328968903437,0.0779339402618658,"sm1"
"125","H",93293,29326,40,2,1,38,104,124,125,9021,0.00421239330451169,0.5,0.000407318877086169,19,5.65181421015698,0.414351321563899,12.4906088096961,0.435980308514425,2.97753905337023,0.0410470866438954,7.15772739884293,0.0522612996750032,"2","5","SC3_27","s3",27,169.954693636447,540.666413197336,9021,686.743961205551,0.151439263939696,0.180562199312715,19,0.000407318877086169,0.0702836334428092,0.00421239330451169,0.0553335772087352,"sm1"
"126","H",60412,30871,12,3,0,12,42,58,126,6829,0.00175721189046713,0,0.000198636032576309,4,6.3641274869442,0.496507254223674,14.7971431440834,0.45455880551108,2.23029026072148,0.0482740745445213,8.51530519041279,0.0618506280105008,"2","6","SC3_27","s3",27,178.908523059768,350.109218848976,6829,519.873019739797,0.0807889588519549,0.111565705081271,4,0.000198636032576309,0.0342750186340462,0.00175721189046713,0.0230825596719871,"sm1"
"127","H",62114,12839,35,1,1,37,103,87,127,6157,0.00600942017216177,1,0.000595678912966481,37,7.46566860247584,0.469455381375656,16.2514187046166,0.519254527728133,3.70559274702891,0.0579956861596019,8.7149528945628,0.0578764726633411,"2","7","SC3_27","s3",27,74.4066122757399,359.972919611754,6157,468.715504837887,0.219749504628878,0.185613659249635,37,0.000595678912966481,0.102785509643076,0.00600942017216177,0.0789391424394998,"sm1"
"128","H",118287,13167,53,1,1,50,121,155,128,11687,0.00427825789338581,1,0.000422700719436625,50,6.04512370063746,0.422307476889894,14.8817514366681,0.470770653301528,3.08356923033755,0.0499478753787104,8.66973835394008,0.0612705256353707,"2","8","SC3_27","s3",27,76.3074899785549,685.515612295385,11687,889.699221218188,0.136001018225379,0.174216180371353,50,0.000422700719436625,0.072937799086121,0.00427825789338581,0.0561987678617267,"sm1"
"129","I",24420,13781,13,1,1,13,26,38,129,2614,0.00497322111706197,1,0.000532350532350532,13,7.58578211699541,0.432486743680321,13.5306734442711,0.466431520204678,3.45785496989814,0.0555929746004046,9.08187403046129,0.0657652926035578,"1","1","SC2_21","s2",21,79.8658403124832,141.522663118122,2614,198.996642788085,0.130655470543229,0.190957995409334,13,0.000532350532350532,0.0918580792190827,0.00497322111706197,0.0653277352716144,"sm1"
"130","I",35520,10637,12,1,1,14,18,48,130,3199,0.00437636761487965,1,0.000394144144144144,14,7.06552478671074,0.413099958356566,13.6886908452337,0.414078388999181,3.51248393156384,0.0409125354489819,10.023137418661,0.0635735722640773,"1","2","SC2_21","s2",21,61.6452320879387,205.851146353632,3199,243.531086564301,0.0739125351672398,0.197100093779306,14,0.000394144144144144,0.0680103086525901,0.00437636761487965,0.0574875273522976,"sm1"
"131","I",56702,43880,10,3,0,11,27,46,131,5089,0.00216152485753586,0,0.000193996684420303,3.66666666666667,6.23855954739783,0.398302465450324,10.6745615637173,0.35186653713936,3.22114357881375,0.0428313999057301,7.39353176188257,0.0583881900409279,"1","3","SC2_21","s2",21,254.300346340016,328.608437515305,5089,387.411597225923,0.0696933189231676,0.118736765572804,3.66666666666667,0.000193996684420303,0.033474490439667,0.00216152485753586,0.0283935743761053,"sm1"
"132","I",32665,19090,4,2,2,5,8,23,132,4017,0.00124470998257406,1,0.000153069034134395,2.5,7.71964979171753,0.425208040879983,11.5791581519272,0.485023654685623,2.12959700561216,0.0275298084743875,4.28312845427214,0.0555540743852102,"1","4","SC2_21","s2",21,110.633400447377,189.305396836751,4017,305.803180596685,0.0261606173761514,0.0752117749564351,2.5,0.000153069034134395,0.0264123478968315,0.00124470998257406,0.0163503858600946,"sm1"
"133","I",35564,17023,3,1,0,3,4,17,133,3477,0.000862812769628991,0,8.43549656956473e-05,3,6.29374377429485,0.420407942185799,14.4572338830022,0.507477488531879,4.86198562463124,0.0559497104075215,5.96411509117564,0.0500551469433165,"1","5","SC2_21","s2",21,98.6543937043321,206.106142143034,3477,264.694463264793,0.0151117630140926,0.0642249928098936,3,8.43549656956473e-05,0.0145556069741874,0.000862812769628991,0.0113338222605695,"sm1"
"134","I",57942,17318,28,1,1,29,74,63,134,5851,0.00495641770637498,1,0.0005005005005005,29,7.743087561348,0.431158958553683,16.0607209801674,0.569141988912751,4.1282402877138,0.0520610559359002,6.90658305871218,0.0436290564127326,"1","6","SC2_21","s2",21,100.364024565096,335.794682489362,5851,445.420565016482,0.166135122201333,0.141439360793027,29,0.0005005005005005,0.0863622967017017,0.00495641770637498,0.0651070073491711,"sm1"
"135","I",48675,48852,7,4,0,7,36,37,135,4551,0.001538123489343,0,0.000143810991268618,1.75,6.4011787544522,0.410651514133087,12.9316218503424,0.553511820545593,2.61168401205458,0.0387441231020968,5.40233966262487,0.0415108296458244,"1","7","SC2_21","s2",21,283.114870542444,282.089092025986,4551,346.455134402668,0.103909558338827,0.10679593495935,1.75,0.000143810991268618,0.0248148552988187,0.001538123489343,0.0202046363436607,"sm1"
"136","I",42222,11367,24,1,0,21,50,43,136,4054,0.00518006906758757,0,0.000497371038794941,21,7.77215869188309,0.43625621096937,13.2344193985296,0.392854984697417,3.83063117649907,0.0504440040550477,8.98442979091331,0.0542217607662689,"1","8","SC2_21","s2",21,65.8758440484722,244.69164136664,4054,308.619889006463,0.162011593487913,0.139329970399605,21,0.000497371038794941,0.0858223022360381,0.00518006906758757,0.0680448692649235,"sm1"
"137","I",43521,12734,16,1,0,16,38,35,137,3974,0.00402617010568697,0,0.000367638611245146,16,7.1421197162647,0.428193093045176,15.4340577100004,0.547654476951074,4.3766717318714,0.057840317579575,7.77797705336918,0.053936860225805,"2","1","SC2_21","s2",21,73.798099596485,252.21981251285,3974,302.529708660998,0.125607498741822,0.115691117262204,16,0.000367638611245146,0.063436729417063,0.00402617010568697,0.0528873678912934,"sm1"
"138","I",24070,26642,3,2,0,2,13,6,138,2135,0.000936768149882904,0,8.30909846281678e-05,1,5.87269515601488,0.416964670930979,14.4440604348977,0.685810943818474,3.23024444919357,0.0536219971587269,5.77431467540773,0.0604084631278864,"2","2","SC2_21","s2",21,154.399950482924,139.494287520606,2135,162.53168796961,0.0799844028103044,0.0369158782201405,1,8.30909846281678e-05,0.0143375046788533,0.000936768149882904,0.0123052927400468,"sm1"
"139","I",33423,13055,6,1,0,7,22,17,139,3197,0.00218955270566156,0,0.000209436615504293,7,5.40296512232585,0.38375435961934,14.840183310649,0.601214903736468,3.57461634668074,0.0549061219085114,7.35916113637912,0.0472293446722962,"2","3","SC2_21","s2",21,75.6584097873498,193.698278845086,3197,243.378832055664,0.0903940569283704,0.0698499530810135,7,0.000209436615504293,0.0361386794025072,0.00218955270566156,0.0287617453862997,"sm1"
"140","I",20139,13779,8,1,0,6,24,25,140,2068,0.00290135396518375,0,0.000297929390734396,6,6.67365530443688,0.454552266044722,13.8832550501823,0.54821943618323,3.77629447341399,0.0783287429024283,7.41582081326891,0.0574341215074686,"2","4","SC2_21","s2",21,79.8542495947831,116.712731881075,2068,157.431161930283,0.152447582205029,0.158799564796905,6,0.000297929390734396,0.0514082731446447,0.00290135396518375,0.0381118955512573,"sm1"
"141","I",29933,24850,7,2,0,7,57,13,141,3061,0.00228683436785364,0,0.000233855610864264,3.5,7.8246864166699,0.470515071951783,13.1472296004112,0.597152468434801,4.13729658412769,0.0856341969902154,5.98568940841786,0.056284040848158,"2","5","SC2_21","s2",21,144.014667423642,173.472476458425,3061,233.025525468373,0.244608395949036,0.0557878797778504,3.5,0.000233855610864264,0.0403522226863328,0.00228683436785364,0.0300396275726887,"sm1"
"142","I",17313,13303,1,1,0,0,8,13,142,1669,0,0,0,0,6.02000266313553,0.400143715247525,14.2031738528839,0.613956462616873,3.17906801411009,0.0483661605432233,6.73509097992189,0.0471220586933523,"2","6","SC2_21","s2",21,77.0956587821612,100.335047770845,1669,127.056387457274,0.0629641701617735,0.102316776512882,0,0,0,0,0,"sm1"
"143","I",18135,20098,1,2,0,2,9,6,143,1625,0.00123076923076923,0,0.000110283981251723,1,8.8383968124787,0.446360010955257,23.9201800773541,0.603784038368432,5.78285861386648,0.0891606626935909,9.17329817296895,0.0594536585743285,"2","7","SC2_21","s2",21,116.475122168223,105.098832745583,1625,123.706788267268,0.0727526769230769,0.0485017846153846,1,0.000110283981251723,0.0190297070647918,0.00123076923076923,0.0161672615384615,"sm1"
"144","I",18441,22287,3,2,0,3,34,10,144,2214,0.0013550135501355,0,0.000162680982593135,1.5,6.37839006895528,0.431771955625335,10.3930739313364,0.499112256465965,3.80537584757669,0.0745445276379779,3.11531768515664,0.0448594010698737,"2","8","SC2_21","s2",21,129.161162690974,106.872212553697,2214,168.545741060757,0.201725654923216,0.0593310749774164,1.5,0.000162680982593135,0.0280709075662925,0.0013550135501355,0.0177993224932249,"sm1"
"145","J",34687,15472,0,1,0,0,8,7,145,2532,0,0,0,0,5.04465743713081,0.409208909500565,10.6728422343731,0.576894522990617,2.72883077866384,0.0500556844144291,3.12206165303367,0.0445631452444418,"1","1","SC2_15","s2",15,89.6657921279108,201.023612431544,2532,192.754207933982,0.0415036334913112,0.0363156793048973,0,0,0,0,0,"sm1"
"146","J",37079,23392,2,2,0,2,19,17,146,2759,0.000724900326205147,0,5.39388872407562e-05,1,4.73465445480849,0.420115931280851,11.2738052045598,0.49736125324758,1.86979705772373,0.065229620904493,5.60403546153752,0.0767720833727996,"1","2","SC2_15","s2",15,135.565034220275,214.886110800854,2759,210.035094664241,0.0904610728524828,0.0809388546574846,1,5.39388872407562e-05,0.00930725579492435,0.000724900326205147,0.00952221819499819,"sm1"
"147","J",40532,39768,6,3,0,5,21,29,147,3985,0.00125470514429109,0,0.000123359321030297,1.66666666666667,8.4112691283226,0.478328435366272,13.5201558470726,0.604281254464378,4.34445105100169,0.0673418960727381,5.90429053981009,0.0541866927992552,"1","3","SC2_15","s2",15,230.469830748627,234.897484910062,3985,303.367108458499,0.0692230614805521,0.0955937515683814,1.66666666666667,0.000123359321030297,0.0212858813789105,0.00125470514429109,0.0164816813048933,"sm1"
"149","J",49870,35382,13,3,0,15,56,53,149,5077,0.00295450068938349,0,0.000300782033286545,5,6.03957973181137,0.43600447354512,11.3165541707345,0.59468221959398,3.16069916439792,0.0731800327026091,4.17078018229483,0.057115669014185,"1","5","SC2_15","s2",15,205.051386832326,289.014545851791,5077,386.498070174103,0.144890762261178,0.137128757140043,5,0.000300782033286545,0.051900501948065,0.00295450068938349,0.0388100256056726,"sm1"
"150","J",24318,25556,5,2,1,5,26,16,150,1833,0.00272776868521549,0.5,0.000205609013899169,2.5,7.48918137470117,0.465868927926899,14.3947804756463,0.59220899740845,4.53868561698553,0.0813441039944857,6.23853886770933,0.0535959495462652,"1","6","SC2_15","s2",15,148.106190771774,140.931536515417,1833,139.541257165478,0.186324822695035,0.114661429350791,2.5,0.000205609013899169,0.0354782195924829,0.00272776868521549,0.0358316966721222,"sm1"
"151","J",15841,23342,1,2,0,1,3,15,151,1206,0.000829187396351575,0,6.31273278202134e-05,0.5,8.37000584602356,0.440847179134515,11.0923201560974,0.532043392359021,4.47610928271644,0.0351733863471138,2.73232507409958,0.0520352741003743,"1","7","SC2_15","s2",15,135.275266277772,91.8042795435778,1206,91.8094687078921,0.032676368159204,0.16338184079602,0.5,6.31273278202134e-05,0.0108927383883593,0.000829187396351575,0.0108921227197347,"sm1"
"152","J",27301,22596,1,2,0,2,11,29,152,2352,0.000850340136054422,0,7.32573898392e-05,1,5.54271068898114,0.400318539543886,13.1695587814882,0.521203119612302,2.63040159201485,0.0508076914757012,6.73386005044119,0.0581358434250775,"1","8","SC2_15","s2",15,130.951928575638,158.219091965104,2352,179.051302156685,0.061434906462585,0.161964753401361,1,7.32573898392e-05,0.0126406995208967,0.000850340136054422,0.0111699829931973,"sm1"
"153","J",10828,25022,3,2,0,3,11,6,153,995,0.00301507537688442,0,0.00027705947543406,1.5,7.66522676700895,0.467155175555404,12.455461482207,0.49689209752145,4.07802281597349,0.0656562722964621,6.5141274173693,0.0702296847847897,"2","1","SC2_15","s2",15,145.01146914585,62.7521456282975,995,75.7466180467269,0.145221005025126,0.0792114572864322,1.5,0.00027705947543406,0.0478071302576653,0.00301507537688442,0.0396057286432161,"sm1"
"154","J",28178,12555,4,1,0,3,19,14,154,2013,0.0014903129657228,0,0.00010646603733409,3,8.28254889343914,0.492489928671163,14.2046605455024,0.443212568906688,2.83911533527972,0.0886210188778092,10.2810915173496,0.0951712328580367,"2","2","SC2_15","s2",15,72.7607303623268,163.301621676595,2013,153.244162942775,0.123985146547442,0.091357476403378,3,0.00010646603733409,0.0183709137067925,0.0014903129657228,0.0195766020864382,"sm1"
"155","J",9420,13072,0,1,0,0,1,0,155,731,0,0,0,0,7.8653085231781,0.491581782698631,0,0,0,0,0,0,"2","3","SC2_15","s2",15,75.7569308878006,54.5922803674328,731,55.6490229066908,0.0179697674418605,0,0,0,0,0,0,"sm1"
"156","J",31107,29651,1,2,0,0,6,18,156,2934,0,0,0,0,7.80768039822578,0.427581688333761,9.09513492302762,0.380352337144997,7.35969059479021,0.0912692938808807,4.91731830823442,0.0476591475339746,"2","4","SC2_15","s2",15,171.838185262712,180.276227748379,2934,223.357364169946,0.0268627811860941,0.0805883435582822,0,0,0,0,0,"sm1"
"157","J",17699,11251,0,1,0,0,4,26,157,1237,0,0,0,0,3.88124283775687,0.367325092603763,18.4143933768456,0.462290775763281,0.648162012952328,0.0296512461879123,11.1311103077393,0.0439792755205501,"2","5","SC2_15","s2",15,65.2035824218669,102.572056286963,1237,94.16941359176,0.0424766370250606,0.276098140662894,0,0,0,0,0,"sm1"
"158","J",5962,12202,1,1,0,1,3,3,158,465,0.0021505376344086,0,0.000167728950016773,1,7.3874519666036,0.467977164579289,14.5902545849482,0.483042640042683,2.70171342866277,0.0205459155268563,5.98625330777401,0.0467666267161617,"2","6","SC2_15","s2",15,70.7149686882606,34.5519294639739,465,35.3991732580181,0.0847477419354839,0.0847477419354839,1,0.000167728950016773,0.0289419437789332,0.0021505376344086,0.028249247311828,"sm1"
"159","J",10635,12187,0,1,0,0,3,4,159,1103,0,0,0,0,4.54167493184408,0.409673266112804,17.2647058293223,0.48538928291487,2.21095845316855,0.0778673787466383,8.09145762944598,0.038015103287578,"2","7","SC2_15","s2",15,70.6280383055099,61.6336413702386,1103,83.9683615131053,0.0357277425203989,0.0476369900271985,0,0,0,0,0,"sm1"
"160","J",32970,12424,2,1,1,3,9,13,160,2094,0.00143266475644699,1,9.09918107370337e-05,3,8.30841361151801,0.454765972021348,9.38388414222461,0.431656485996766,3.67642687584533,0.0615536996887203,5.7535655268433,0.0597748117031146,"2","8","SC2_15","s2",15,72.0015383529708,191.072981286015,2094,159.410470542559,0.0564580229226361,0.0815504775549188,3,9.09918107370337e-05,0.015700806989081,0.00143266475644699,0.018819340974212,"sm1"
"161","K",307721,35071,110,2,3,97,325,355,161,31434,0.00308583062925495,1.5,0.00031522060567852,48.5,9.08036058636812,0.552162726229109,16.0971272325852,0.636250508358808,4.61600665254525,0.0600769085921365,6.98193180009205,0.0408659306290147,"1","1","SC2_40","s2",40,203.249030229961,1783.35362069499,31434,2392.98411224202,0.135813688999173,0.148350337214481,48.5,0.00031522060567852,0.0543919045972488,0.00308583062925495,0.0405351625628301,"sm1"
"162","K",116323,23376,28,1,1,25,104,133,162,11061,0.00226019347256125,1,0.000214918803675971,25,6.78438547439873,0.429146352931969,12.9783075234496,0.435201983173051,4.10983428207028,0.0588017804210046,6.7310495470011,0.0535672908271241,"1","2","SC2_40","s2",40,135.472308478674,674.133527513894,11061,842.043560014921,0.123509049814664,0.157949073320676,25,0.000214918803675971,0.0370846412166983,0.00226019347256125,0.0296896754362173,"sm1"
"163","K",157598,19862,98,1,6,107,210,289,163,14914,0.00717446694381118,6,0.000678942626175459,107,7.03110726028681,0.437098249486471,17.556282638266,0.674738712306793,3.71874377062633,0.0648263571180279,7.19015009775313,0.0444432812358952,"1","3","SC2_40","s2",40,115.107417479613,913.336964049541,14914,1135.3618709034,0.184963054847794,0.254544394528631,107,0.000678942626175459,0.117152818961345,0.00717446694381118,0.0942430803272093,"sm1"
"164","K",250113,40099,86,2,4,96,218,331,164,23809,0.00403208870595153,2,0.000383826510417291,48,7.24057115081253,0.458272246619136,16.6199669526423,0.683478057290644,4.43719942993369,0.0586386078531189,6.15002372273992,0.0351964653344804,"1","4","SC2_40","s2",40,232.388094527992,1449.49458806154,23809,1812.51379806485,0.120274946448822,0.182619299424587,48,0.000383826510417291,0.0662299816713245,0.00403208870595153,0.0529651140325087,"sm1"
"165","K",104064,22456,60,2,3,62,117,157,165,7670,0.00808344198174707,1.5,0.000595787207872079,31,6.32259984874827,0.406945826113475,16.4567970884074,0.5691357985237,3.40613741587763,0.0449527996260729,8.9903603704778,0.0572876496647147,"1","5","SC2_40","s2",40,130.140578336632,603.088223371181,7670,583.896040621503,0.20037813559322,0.268883481095176,31,0.000595787207872079,0.102804196131419,0.00808344198174707,0.106183285528031,"sm1"
"166","K",179946,21545,84,1,3,94,137,388,166,13569,0.00692755545729236,3,0.000522378935902993,94,6.52923879179641,0.40750364216273,17.4702058128782,0.698695392102655,3.07930697251951,0.0457872932973061,7.21566824400115,0.0350098573095047,"1","6","SC2_40","s2",40,124.86100642424,1042.85164363037,13569,1032.97071384526,0.1326271869703,0.375615682806397,94,0.000522378935902993,0.0901374616170407,0.00692755545729236,0.0909996757314467,"sm1"
"167","K",160870,20246,91,1,1,101,154,287,167,15130,0.00667547918043622,1,0.000627836140983403,101,6.93380190083733,0.412157058454707,18.3555511607941,0.609180210464149,4.15746644199363,0.0567350831250385,9.20238428167693,0.0474430730534744,"1","7","SC2_40","s2",40,117.33283527803,932.299378206891,15130,1151.80535783616,0.133703146067416,0.24917404494382,101,0.000627836140983403,0.108334299433145,0.00667547918043622,0.0876884269662921,"sm1"
"168","K",171286,20358,112,1,1,124,207,299,168,18433,0.00672706558888949,1,0.000723935406279556,124,7.36441242169355,0.463974413625571,16.8186785218907,0.571216930819148,4.0999822683925,0.0660502377035288,7.91037148365126,0.05330087642245,"1","8","SC2_40","s2",40,117.981915469235,992.663835988969,18433,1403.25367884956,0.147514311289535,0.213076227418217,124,0.000723935406279556,0.124916407251264,0.00672706558888949,0.0883660608690935,"sm1"
"169","K",247559,18196,93,1,5,82,273,299,169,25084,0.00326901610588423,5,0.000331234170440178,82,7.83706276506295,0.477529594251868,13.544148559654,0.481402295543907,4.04630410347213,0.0647147793572439,7.64435596051611,0.0480911551790525,"2","1","SC2_40","s2",40,105.452349635436,1434.69324155852,25084,1909.5760473207,0.14296367006857,0.156579257694148,82,0.000331234170440178,0.0571550751231827,0.00326901610588423,0.0429414686652846,"sm1"
"170","K",170725,17576,103,1,2,103,200,267,170,16987,0.00606346029316536,2,0.000603309415727046,103,6.96496993899345,0.431842294723735,13.7543676992257,0.489285848898064,3.92856992176017,0.0581100611550449,7.42883416430952,0.0462470332753205,"2","2","SC2_40","s2",40,101.859227148408,989.412639674094,16987,1293.17366910528,0.154658268087361,0.206468787896627,103,0.000603309415727046,0.104102167154371,0.00606346029316536,0.0796490080649909,"sm1"
"171","K",275074,44659,132,2,3,135,308,365,171,23997,0.00562570321290161,1.5,0.000490777027272661,67.5,8.40182068140863,0.472123668676784,14.6992354390556,0.579500055162981,4.76038287820287,0.0655423521750633,6.68472310375777,0.0401432227856591,"2","3","SC2_40","s2",40,258.814930884202,1594.15254031754,23997,1826.82572187669,0.168598458140601,0.199800120848439,67.5,0.000490777027272661,0.084684493224914,0.00562570321290161,0.0738986748343543,"sm1"
"172","K",152560,25986,136,1,1,130,260,275,172,15498,0.00838817911988644,1,0.000852123754588359,130,7.85009613197583,0.455901229166075,14.3595769660039,0.468646918223603,4.45505581320483,0.0672651369674455,8.00186981131395,0.0529374593246541,"2","4","SC2_40","s2",40,150.598195077294,884.139946163009,15498,1179.8201874253,0.220372564201832,0.233086365982707,130,0.000852123754588359,0.147035546311615,0.00838817911988644,0.110186282100916,"sm1"
"173","K",170743,44243,99,2,3,96,231,253,173,13415,0.00715616846813269,1.5,0.000562248525561809,48,7.50330000612643,0.461631133114525,15.0039978649305,0.509090752233203,4.00969561452626,0.0616780830553843,8.32405533050969,0.0473813271151585,"2","5","SC2_40","s2",40,256.404061602583,989.516956133395,13415,1021.24711668024,0.226194029071934,0.247736317554976,48,0.000562248525561809,0.0970170338213572,0.00715616846813269,0.0940027133805442,"sm1"
"175","K",200545,19415,126,1,5,130,246,318,175,20231,0.00642578221541199,5,0.000648233563539355,130,7.73929111308199,0.43700379276059,15.8087184174256,0.520804157280241,4.11832503259443,0.0592758651911022,8.48146855653064,0.0492965326022526,"2","7","SC2_40","s2",40,112.516892073642,1162.23024058246,20231,1540.1304821139,0.159726726311107,0.206476012060699,130,0.000648233563539355,0.111853912814082,0.00642578221541199,0.0844084326034304,"sm1"
"176","K",213427,44646,122,2,4,126,260,317,176,20866,0.00603853158247867,2,0.000590365792519222,63,6.39188484452092,0.405434627943141,14.7976025041158,0.521743421941776,3.616900933521,0.0505014679413949,7.15730458794748,0.0462864645629282,"2","8","SC2_40","s2",40,258.739591219151,1236.88605328876,20866,1588.47128860603,0.163679382727883,0.199562939710534,63,0.000590365792519222,0.101868720780688,0.00603853158247867,0.0793215470142816,"sm1"
"177","L",149384,42023,60,3,2,63,139,213,177,14175,0.00444444444444444,0.666666666666667,0.000421731912386869,21,7.66759670734834,0.491042959847778,13.4793461995645,0.453517941661507,4.30457032808415,0.0690905016588333,7.19637526337668,0.0533733123267331,"1","1","SC3_33","s3",33,243.538364955481,865.733886455263,14175,1079.10382996216,0.128810589065256,0.197386010582011,21,0.000421731912386869,0.0727706296191694,0.00444444444444444,0.0583817777777778,"sm1"
"178","L",104672,16541,81,1,3,81,167,239,178,10032,0.00807416267942584,3,0.000773845918679303,81,8.14569368940628,0.523968656629113,15.5516480521677,0.545571309607028,3.82665371383253,0.0612737689830349,7.99759640410377,0.0506547435547022,"1","2","SC3_33","s3",33,95.86103073861,606.611801552009,10032,763.708615321371,0.218669786682616,0.312946580940989,81,0.000773845918679303,0.133528559439105,0.00807416267942584,0.10606139354067,"sm1"
"179","L",141974,32404,47,2,2,55,133,173,179,15053,0.00365375672623397,1,0.000387394875117979,27.5,6.43563646559877,0.415174662272234,13.757055734365,0.438576156030969,3.79319028739248,0.0530264318187483,8.40146162835368,0.055559816482023,"1","3","SC3_33","s3",33,187.792808176889,822.790277376423,15053,1145.94355925365,0.11606156247924,0.150967295555703,27.5,0.000387394875117979,0.0668457096690239,0.00365375672623397,0.0479953829801368,"sm1"
"180","L",172367,22359,94,1,1,95,180,286,180,14623,0.00649661492169869,1,0.000551149581996554,95,6.89614794378479,0.46492072262789,14.5523582946483,0.48331449956609,3.53313057540264,0.0559137870601407,8.20104224917085,0.0520412981714953,"1","4","SC3_33","s3",33,129.578428528177,998.928618905869,14623,1113.20883989677,0.1616947274841,0.256914955891404,95,0.000551149581996554,0.0951018903673557,0.00649661492169869,0.0853388839499419,"sm1"
"181","L",163362,13440,90,1,4,84,177,254,181,16908,0.0049680624556423,4,0.000514195467734234,84,6.77595316446097,0.452687267697673,16.470600485567,0.551142324718029,3.3845913190096,0.0512995109087229,8.26938475969754,0.0483539179182529,"1","5","SC3_33","s3",33,77.8896229446175,946.741412461205,16908,1287.15961601413,0.137512083037615,0.197333723681098,84,0.000514195467734234,0.0887253888911742,0.0049680624556423,0.0652599716110717,"sm1"
"182","L",97277,18050,45,1,0,49,99,145,182,9390,0.00521831735889244,0,0.000503716191905589,49,7.18898360973055,0.471556347676629,16.1192051614153,0.515273175930594,3.71258580219475,0.0573419876260434,8.62169127898375,0.0547678782402369,"1","6","SC3_33","s3",33,104.606227243329,563.755122855919,9390,714.834918049011,0.138493514376997,0.202844036208733,49,0.000503716191905589,0.086917170263166,0.00521831735889244,0.0685472949946752,"sm1"
"183","L",203183,12783,104,1,1,100,225,322,183,19842,0.00503981453482512,1,0.000492167159654105,100,7.43114122490088,0.493875725796666,16.5720976867846,0.592516002841687,3.62286377778654,0.0563717880478014,7.72367994453911,0.0465941988094586,"1","7","SC3_33","s3",33,74.0820721801373,1177.51839722889,19842,1510.51698018408,0.148955624433021,0.21317204918859,100,0.000492167159654105,0.0849243631652254,0.00503981453482512,0.0662024997480093,"sm1"
"184","L",119825,17019,85,1,1,83,135,216,184,10415,0.00796927508401344,1,0.000692676820363029,83,8.49396054060371,0.506203398031448,15.3151964950893,0.50598438748197,3.94107963047466,0.0610083308294823,8.27461691945694,0.0577831738076155,"1","8","SC3_33","s3",33,98.6312122689319,694.428874206755,10415,792.865353725287,0.170268506961114,0.272429611137782,83,0.000692676820363029,0.119522679835009,0.00796927508401344,0.104683600576092,"sm1"
"185","L",229848,29426,79,2,2,75,215,265,185,24817,0.00302212193254624,1,0.000326302599979117,37.5,7.54636645525001,0.516373815736913,15.5689415036507,0.549616263044663,3.55205015574437,0.0560971196123774,8.11120018998879,0.0484959340839534,"2","1","SC3_33","s3",33,170.534229521452,1332.05164096536,24817,1889.25007041771,0.113801768948705,0.140267296611194,37.5,0.000326302599979117,0.0563041234239584,0.00302212193254624,0.0396982914937341,"sm1"
"186","L",193108,53374,92,3,2,84,184,247,186,17467,0.00480906852922654,0.666666666666667,0.000434989746670257,28,7.71587808705542,0.469031624237378,15.6551847140557,0.554095322141983,4.11217740232169,0.0573845797124307,7.88498876129119,0.0525887469697789,"2","2","SC3_33","s3",33,309.321483262352,1119.13015681467,17467,1329.71475117807,0.13837554245148,0.18575412492128,28,0.000434989746670257,0.0750582937011413,0.00480906852922654,0.0631714432930669,"sm1"
"187","L",144584,36434,85,2,4,84,207,198,187,13854,0.00606323083585968,2,0.00058097714823217,42,7.23707566039574,0.458922652924119,15.8067817830979,0.542749411490256,3.9053970116662,0.0643921729765058,8.21054216688833,0.0490136851926259,"2","3","SC3_33","s3",33,211.148104342574,837.916163975043,13854,1054.66698132598,0.196270485058467,0.187736985708099,42,0.00058097714823217,0.100248692663365,0.00606323083585968,0.0796459939367692,"sm1"
"188","L",258141,24094,71,2,4,70,211,280,188,28594,0.00244806602783801,2,0.000271169632100286,35,7.90430575482088,0.542689868591495,14.7806643639292,0.547246759027938,3.51877214834052,0.0536587270227963,7.18148996394654,0.0440710309198212,"2","4","SC3_33","s3",33,139.633376133007,1496.01972890971,28594,2176.782709978,0.0969320451843044,0.128630202140309,35,0.000271169632100286,0.0467908267834246,0.00244806602783801,0.0321575505350773,"sm1"
"189","L",215458,13280,91,1,3,98,222,342,189,22654,0.00432594685265295,3,0.000454845027801242,98,7.04046142302655,0.479550455893679,16.6681031129862,0.618499725308681,3.54857102433407,0.0522392954023218,7.7483964157913,0.0467565456704153,"2","5","SC3_33","s3",33,76.9623655286101,1248.6564271132,22654,1724.58681932719,0.128726485388894,0.19830836938289,98,0.000454845027801242,0.0784843595660407,0.00432594685265295,0.0568252052617639,"sm1"
"190","L",159220,29572,48,2,1,45,114,152,190,15626,0.00287981569179573,0.5,0.000282627810576561,22.5,6.79856056288669,0.470546038930788,14.9264332393282,0.476613315374193,3.64029538672375,0.0577240115363508,8.01974675208517,0.0514485823664315,"2","6","SC3_33","s3",33,171.380351913559,922.737036104315,15626,1189.56447597805,0.095833393062844,0.127777857417125,22.5,0.000282627810576561,0.0487679568926642,0.00287981569179573,0.0378289709458595,"sm1"
"191","L",143779,31064,91,2,6,82,193,216,191,13952,0.00587729357798165,3,0.000570319726802941,41,6.69537118316623,0.437626120121386,13.8866328839903,0.460023219376698,3.45511596420446,0.0549509523504486,8.66435727385418,0.0543248893096308,"2","7","SC3_33","s3",33,180.027027317827,833.250900100756,13952,1062.12745224918,0.181710772649083,0.203365424311927,41,0.000570319726802941,0.098409734679056,0.00587729357798165,0.0772035407110092,"sm1"
"192","L",167386,42724,111,2,2,108,207,283,192,13515,0.00799112097669256,1,0.000645215250976784,54,8.72039559440336,0.513228865589386,17.0375397850894,0.543342688297242,4.90365244043885,0.0641002291795108,9.0279338969768,0.0534137712307232,"2","8","SC3_33","s3",33,247.600911509363,970.06193647379,13515,1028.85984211207,0.20119358490566,0.275061761006289,54,0.000645215250976784,0.111333097340757,0.00799112097669256,0.104970566037736,"sm1"
"193","M",92781,18186,37,1,0,39,76,146,193,9396,0.0041507024265645,0,0.000420344682639765,39,7.38229472092108,0.420346792397633,11.1267349577113,0.373006176645858,4.13686563567589,0.051954757988803,7.37699486932092,0.0517353475961133,"1","1","SC1_40","s1",40,105.394396046936,537.699189466113,9396,715.291681574921,0.106250361856109,0.204112537249894,39,0.000420344682639765,0.0725312605338377,0.0041507024265645,0.0545232120051086,"sm1"
"194","M",166021,18367,115,1,4,108,257,201,194,19442,0.00555498405513836,4,0.00065052011492522,108,7.47040405753522,0.431901836461453,13.0178897213283,0.449708100050653,4.03354478402736,0.0544248538059946,7.16578842683866,0.0477091415961314,"1","2","SC1_40","s1",40,106.443355998794,962.151271643478,19442,1480.06607845675,0.173640895998354,0.135804747453966,108,0.00065052011492522,0.112248461528843,0.00555498405513836,0.072969715049892,"sm1"
"195","M",144855,39428,121,2,2,112,248,224,195,13457,0.00832280597458572,1,0.000773186980083532,56,7.97728885283634,0.445223730197915,12.9606831512813,0.416842940513473,4.45038994510434,0.0606489220929558,7.34809081580157,0.0519485024299776,"1","3","SC1_40","s1",40,228.499408739611,839.486706223405,13457,1024.44446136161,0.242082425503455,0.218655094003121,56,0.000773186980083532,0.133414858352974,0.00832280597458572,0.109327547001561,"sm1"
"196","M",164278,37186,112,2,1,107,193,236,196,16777,0.00637777910234249,0.5,0.000651334932248993,53.5,7.36783398232312,0.442749872209816,13.7708895349149,0.425432668604655,3.70313555167811,0.0606823595381725,8.06657742104554,0.0537224464959415,"1","4","SC1_40","s1",40,215.506214197808,952.049961167848,16777,1277.18694569843,0.151113351612326,0.184781093163259,53.5,0.000651334932248993,0.112389059780798,0.00637777910234249,0.0837778685104607,"sm1"
"197","M",127509,15072,93,1,2,91,156,180,197,13339,0.00682210060724192,2,0.000713675113129269,91,7.87069886473891,0.435636176189493,13.0046840940913,0.384891138880918,3.9513690827289,0.0469256086614072,7.98167955102989,0.0513662038069001,"1","5","SC1_40","s1",40,87.3476485878925,738.960411610508,13339,1015.46144535205,0.153624739485719,0.177259314791214,91,0.000713675113129269,0.123145974493644,0.00682210060724192,0.0896144313666692,"sm1"
"198","M",142796,20155,77,1,5,64,121,208,198,13914,0.00459968377174069,5,0.000448191826101571,64,7.03463029159495,0.423154562975469,12.5080533091409,0.394608285901614,3.67512782408572,0.0585405689858801,7.71810524814,0.0514307609619295,"1","6","SC1_40","s1",40,116.805457622676,827.554062351161,13914,1059.23461658508,0.11423342676441,0.196368204685928,64,0.000448191826101571,0.0773363371791927,0.00459968377174069,0.0604209860572086,"sm1"
"199","M",209355,38707,135,2,5,140,348,265,199,19837,0.00705751877804103,2.5,0.000668720594206014,70,9.03190288804043,0.457577800034496,13.8012497950275,0.440090432643587,5.34292144414954,0.0679779394661488,8.55671699583063,0.0522103652295992,"1","7","SC1_40","s1",40,224.320955008728,1213.28735205137,19837,1510.13634391248,0.230442768563795,0.175480843877602,70,0.000668720594206014,0.115388988241981,0.00705751877804103,0.0927068609164692,"sm1"
"200","M",234836,32798,109,2,6,111,304,272,200,27934,0.0039736521801389,3,0.000472670289052786,55.5,7.97463619012974,0.443486854604961,11.6834146794041,0.421092786340472,4.36671248828893,0.0619289822079797,6.96777565646491,0.0513783389441199,"1","8","SC1_40","s1",40,190.076179563807,1360.95889090939,27934,2126.53872212791,0.142955308942507,0.127907381685401,55.5,0.000472670289052786,0.0815601417070211,0.0039736521801389,0.0521974976730866,"sm1"
"201","M",108087,27268,103,1,2,113,143,223,201,9884,0.0114326183731283,2,0.00104545412491789,113,8.77172108265487,0.439758402857121,17.1474456045392,0.544213101157257,4.47592611337821,0.0524524328460317,9.09615689907481,0.0505191989784948,"2","1","SC1_40","s1",40,158.027845123053,626.402952024916,9884,752.44178168226,0.190047925940915,0.296368443949818,113,0.00104545412491789,0.180395063009705,0.0114326183731283,0.150177731687576,"sm1"
"202","M",94611,18761,34,1,0,34,44,165,202,7004,0.00485436893203883,0,0.000359366247053725,34,8.01702318238941,0.434290944163487,16.0844246649381,0.53177414142959,4.28542034189905,0.0589910079039662,7.320006555691,0.0485386414548121,"2","2","SC1_40","s1",40,108.726727385712,548.304696161697,7004,533.195289245503,0.082521359223301,0.309455097087379,34,0.000359366247053725,0.0620093175163564,0.00485436893203883,0.0637665048543689,"sm1"
"203","M",104875,12720,65,1,0,64,85,183,203,11879,0.00538765889384628,0,0.000610250297973778,64,6.9125880712972,0.424581966258063,15.8140361342437,0.491240627096192,3.6899801003196,0.0527965892015777,8.50092383294177,0.058803415556413,"2","3","SC1_40","s1",40,73.7169645725844,607.788259398568,11879,904.315654047306,0.0939937284283189,0.202362968263322,64,0.000610250297973778,0.105299829357235,0.00538765889384628,0.0707717484636754,"sm1"
"204","M",187725,37308,110,2,1,104,206,232,204,16469,0.00631489465055559,0.5,0.000554001864429351,52,8.47678783977205,0.453194421172751,14.1612440593669,0.46816516074041,4.73167294983784,0.0589798110872018,7.63997521730703,0.0484460625366628,"2","4","SC1_40","s1",40,216.213247977514,1087.93374012487,16469,1253.73975136839,0.164308421883539,0.185046378043597,52,0.000554001864429351,0.0955940570315088,0.00631489465055559,0.0829518246402332,"sm1"
"205","M",112025,34035,91,3,2,86,134,186,205,10482,0.00820454111810723,0.666666666666667,0.00076768578442312,28.6666666666667,7.96822252024466,0.443754873886614,16.8771204108032,0.508200508832066,4.35854606973506,0.0661965747658353,8.53464272093392,0.054855493275857,"2","5","SC1_40","s1",40,197.245038461314,649.225075176397,10482,797.965879764615,0.167926979584049,0.233092673153978,28.6666666666667,0.00076768578442312,0.13246561676108,0.00820454111810723,0.107774031673345,"sm1"
"206","M",134395,20820,43,1,0,46,83,213,206,12380,0.0037156704361874,0,0.000342274638193385,46,7.65495490991926,0.427430373768025,15.6267938399819,0.552018136838969,4.4486659071884,0.0519016675371476,7.12174505135637,0.0512627984876887,"2","6","SC1_40","s1",40,120.659371257957,778.867252651925,12380,942.455408460783,0.0880678271405493,0.226005387722132,46,0.000342274638193385,0.0590601284665352,0.0037156704361874,0.0488086752827141,"sm1"
"207","M",105848,20194,58,1,2,58,98,148,207,8847,0.00655589465355488,2,0.00054795555891467,58,8.60823722928762,0.446534060054472,16.0302637981603,0.498574149242432,4.55286529507373,0.0586857000522399,9.36308079874646,0.0506019496866752,"2","7","SC1_40","s1",40,117.031476617828,613.427143559663,8847,673.497818954164,0.145509008703515,0.21974829885837,58,0.00054795555891467,0.0945507557155544,0.00655589465355488,0.0861175765796315,"sm1"
"208","M",180453,26767,115,1,4,117,245,271,208,19183,0.00609915028931867,4,0.000648368273179166,117,8.24246983801832,0.447840506620044,14.9027669263722,0.508284465786664,4.6576134839813,0.0642696807181122,7.22369260367892,0.0494989805357851,"2","8","SC1_40","s1",40,155.12437033918,1045.78989056734,19183,1460.3491195883,0.167768101965282,0.185572063806495,117,0.000648368273179166,0.111877157214178,0.00609915028931867,0.0801178282854611,"sm1"
"209","N",48219,18866,37,1,0,38,70,84,209,4509,0.00842758926591262,0,0.000788071092308011,38,8.92236971684865,0.453372664605366,16.4867133824598,0.517927518118469,4.92899418757088,0.0615312482826851,9.38935978011977,0.0718081232377597,"1","1","SC2_27","s2",27,109.335240064967,279.446408390365,4509,343.257789721298,0.20392836549124,0.244714038589488,38,0.000788071092308011,0.135983139732885,0.00842758926591262,0.110703969838102,"sm1"
"210","N",28871,35000,19,2,0,20,35,29,210,3108,0.00643500643500643,0,0.000692736656160161,10,9.35536910891533,0.469061104667557,15.7495726341831,0.480560071402195,4.63084250267023,0.0603552516905089,8.61326886254482,0.0543065254281575,"1","2","SC2_27","s2",27,202.837559751608,167.317805359676,3108,236.603506421334,0.147926801801802,0.122567921492921,10,0.000692736656160161,0.119533004613626,0.00643500643500643,0.084529601029601,"sm1"
"211","N",62635,13317,26,1,0,27,43,112,211,7403,0.00364717006618938,0,0.000431068891195019,27,7.22700811541358,0.421302792651344,13.7040710160509,0.449468745091145,3.84999092669493,0.0500833449375264,8.93162310653005,0.0639285027228906,"1","3","SC2_27","s2",27,77.1767938060618,362.992301572628,7403,563.570063718512,0.0762992975820613,0.19873305416723,27,0.000431068891195019,0.074381742761555,0.00364717006618938,0.0479088612724571,"sm1"
"212","N",36688,11417,20,1,1,20,61,55,212,4177,0.00478812544888676,1,0.000545137374618404,20,7.13430515200388,0.430465399612444,14.6581809788942,0.439173108667019,3.75721573107464,0.0631989427843745,8.40930192402372,0.0657484238129186,"1","4","SC2_27","s2",27,66.1656119909745,212.620125490486,4177,317.983541287616,0.191833828106296,0.172964926981087,20,0.000545137374618404,0.0940644727485826,0.00478812544888676,0.0628963370840316,"sm1"
"213","N",52359,45525,58,3,2,57,111,82,213,5302,0.0107506601282535,0.666666666666667,0.00108863805649459,19,8.32741681842117,0.452616992406853,15.6668499706358,0.44528726200426,4.23827573277788,0.0622250812729745,8.83783002582389,0.0552787980925136,"1","5","SC2_27","s2",27,263.833711648342,303.439194029556,5302,403.626702395725,0.275006582421728,0.203158015843078,19,0.00108863805649459,0.187846531105827,0.0107506601282535,0.141219596378725,"sm1"
"214","N",25048,13652,3,1,0,3,12,25,214,2450,0.00122448979591837,0,0.000119770041520281,3,5.85713868091504,0.406304482864012,10.8331957274675,0.375383535591769,3.02397079089295,0.0480614477198659,7.32375581089966,0.0505298866561167,"1","6","SC2_27","s2",27,79.1182390208272,145.162148475951,2450,186.51177307988,0.0643391020408163,0.134039795918367,3,0.000119770041520281,0.0206665444917758,0.00122448979591837,0.0160847755102041,"sm1"
"215","N",108173,17422,67,1,2,71,105,182,215,8615,0.00824143934997098,2,0.000656356022297616,71,8.1582931664728,0.437706089390564,17.4029133678465,0.511506020165294,4.33332064893309,0.0582332054856857,9.31077872766044,0.055728743275808,"1","7","SC2_27","s2",27,100.9667418855,626.90135288602,8615,655.836295952314,0.160100928612884,0.277508276262333,71,0.000656356022297616,0.113255458252152,0.00824143934997098,0.108258723157284,"sm1"
"216","N",55637,16261,31,1,1,30,81,62,216,5459,0.00549551199853453,1,0.000539209518845373,30,8.34892918592618,0.437166351135969,14.3614515289664,0.45277225665479,4.35134249235366,0.0586220242369629,7.64285899524758,0.0606291615917019,"1","8","SC2_27","s2",27,94.2383302605971,322.436380340006,5459,415.578681323701,0.194908939366184,0.149189558527203,30,0.000539209518845373,0.09304161015691,0.00549551199853453,0.0721884960615497,"sm1"
"217","N",37085,16059,22,1,0,23,49,51,217,3306,0.00695704779189353,0,0.000620196845085614,23,9.49479838475889,0.453945369927252,11.548815846151,0.381472637306992,5.1511378626195,0.0645240569983274,7.2244266518887,0.049138825586054,"2","1","SC2_27","s2",27,93.0676677728878,214.920882953954,3306,251.676702776361,0.194694222625529,0.202640925589837,23,0.000620196845085614,0.107016124649589,0.00695704779189353,0.0913870840895342,"sm1"
"218","N",59799,14296,58,1,0,54,102,117,218,6362,0.00848789688777114,0,0.000903025134199569,54,8.92496899544608,0.456241715129555,16.0409295201047,0.464369794226149,5.04348280939328,0.0652975441991815,10.0656840806312,0.0613258115437022,"2","2","SC2_27","s2",27,82.8504501202568,346.556663873897,6362,484.321591973142,0.210603866708582,0.241575023577491,54,0.000903025134199569,0.155818674488537,0.00848789688777114,0.111496164728073,"sm1"
"219","N",52437,12766,26,1,1,26,60,76,219,5745,0.00452567449956484,1,0.000495833094952038,26,7.87294447943568,0.434478273909642,15.0256855503509,0.500992871201699,4.13203455281289,0.0527019393307458,7.46657011673453,0.0564381904171797,"2","3","SC2_27","s2",27,73.9835510796865,303.891232019859,5745,437.35107605874,0.13718955613577,0.173773437771976,26,0.000495833094952038,0.0855569271518203,0.00452567449956484,0.0594488076588338,"sm1"
"220","N",86931,24785,34,2,2,35,73,106,220,9143,0.00382806518648146,1,0.000402618168432435,17.5,6.84682951908406,0.416649812737497,13.241657570145,0.417246166023955,3.92671668505156,0.0543782459781734,8.69173250193417,0.0630532829864951,"2","4","SC2_27","s2",27,143.637969098389,503.796340193344,9143,696.031486232386,0.104880312807612,0.152291961063108,17.5,0.000402618168432435,0.069472517379876,0.00382806518648146,0.0502850814831018,"sm1"
"221","N",52937,16376,37,1,4,42,72,98,221,5657,0.00742442990984621,4,0.000793395923456184,42,9.26983799826768,0.449966819889397,15.5578454047137,0.425874901914402,4.60675193403672,0.0614850359587277,10.2586622962478,0.0662701829752091,"2","5","SC2_27","s2",27,94.9047965283524,306.788911444882,5657,430.651877678728,0.167188403747569,0.227561993989747,42,0.000793395923456184,0.1369019492986,0.00742442990984621,0.0975265688527488,"sm1"
"222","N",72859,29780,40,2,1,37,70,58,222,7936,0.00466229838709677,0.5,0.000507830192563719,18.5,8.42427840424435,0.445012287249985,10.8710857388274,0.342890110826239,3.97735356700657,0.0553677321313304,6.54799032025533,0.0424685679094919,"2","6","SC2_27","s2",27,172.585786554368,422.244050455497,7936,604.145890270176,0.115866053427419,0.0960033014112903,18.5,0.000507830192563719,0.0876270487650119,0.00466229838709677,0.0612434853830645,"sm1"
"224","N",92722,17701,70,1,2,65,145,138,224,9566,0.00679489859920552,2,0.00070102025409288,65,8.11098475877581,0.438319575916525,13.4553884785028,0.39158001120108,4.32338616795379,0.063445031493672,9.13334825859412,0.0607368147099143,"2","8","SC2_27","s2",27,102.583647004663,537.35726329396,9566,728.233314809035,0.199112011289985,0.189499707296676,65,0.00070102025409288,0.120962354917387,0.00679489859920552,0.0892571085093038,"sm1"
"225","O",13746,9193,1,1,0,1,12,6,225,1140,0.00087719298245614,0,7.2748435908628e-05,1,6.47705421845118,0.434675930140342,11.1307799766461,0.581856736264615,3.09861327238362,0.0480678273747985,2.61457198143739,0.016900495767085,"1","1","SC3_15","s3",15,53.2767339084724,79.6630027527315,1140,86.7850699228831,0.138272631578947,0.0691363157894737,1,7.2748435908628e-05,0.0125528785690383,0.00087719298245614,0.0115227192982456,"sm1"
"226","O",6857,19318,0,2,0,0,10,0,226,779,0,0,0,0,5.78568704426289,0.445132273105941,0,0,1.87393351886928,0.0468537661333545,0,0,"1","2","SC3_15","s3",15,111.954742265188,39.738775634765,779,59.3031311139701,0.168625160462131,0,0,0,0,0,0,"sm1"
"227","O",21923,24854,0,2,0,0,6,2,227,1783,0,0,0,0,4.43948017557462,0.419042342545572,10.6933318376541,0.538043762867649,0.962927525795204,0.106039663113552,1.81445795297623,0.0168858549247186,"1","3","SC3_15","s3",15,144.037848859042,127.051652069557,1783,135.734894449562,0.0442038137969714,0.0147346045989905,0,0,0,0,0,"sm1"
"228","O",33273,21917,1,2,0,1,13,7,228,2847,0.000351246926589392,0,3.00543984612148e-05,0.5,5.00489228963852,0.401021928616006,9.26733587895121,0.51586113249845,2.63761159683311,0.0550517943994426,2.31497059497064,0.0337822505926651,"1","4","SC3_15","s3",15,127.016879916457,192.828975017579,2847,216.734293044253,0.0599812785388128,0.0322976115208992,0.5,3.00543984612148e-05,0.005185942620443,0.000351246926589392,0.0046139445029856,"sm1"
"229","O",20652,39349,6,4,1,7,21,14,229,1982,0.00353178607467205,0.25,0.000338950222738718,1.75,8.20360983979134,0.448130239302902,15.2819856192384,0.636733597417205,4.5552625047408,0.0636052504517289,6.0425148077045,0.0481576262306125,"1","5","SC3_15","s3",15,228.041575390458,119.685750971149,1982,150.884218058907,0.139179566094854,0.0927863773965691,1.75,0.000338950222738718,0.0584864943671315,0.00353178607467205,0.0463931886982846,"sm1"
"230","O",48973,36013,1,3,0,1,24,29,230,4871,0.000205296653664545,0,2.04194147795724e-05,0.333333333333333,4.58908533801635,0.383108417472089,14.1064195756255,0.590401901045219,1.71990873375815,0.0414719685376218,6.23905324611926,0.0694838229594071,"1","6","SC3_15","s3",15,208.708258266705,283.8161089633,4871,370.815855784529,0.0647221515089304,0.0782059330732909,0.333333333333333,2.04194147795724e-05,0.00352340818022175,0.000205296653664545,0.0026967563128721,"sm1"
"231","O",26235,12951,0,1,0,0,10,7,231,1422,0,0,0,0,5.26100405454636,0.412184171940255,15.86442141022,0.661388851778793,3.24720296330254,0.0594965185928867,4.73189752626374,0.0349516861320419,"1","7","SC3_15","s3",15,75.055692466945,152.041239430955,1422,108.252955640649,0.0923762306610408,0.0646633614627286,0,0,0,0,0,"sm1"
"232","O",19119,10059,3,1,0,2,23,17,232,1979,0.00101061141990905,0,0.000104607981588995,2,5.0103721599216,0.415020361451329,14.1070940985399,0.553034960921063,2.74875757428498,0.0694738329660752,5.81332464353973,0.0428679169525266,"1","8","SC3_15","s3",15,58.2955146726121,110.801465854028,1979,150.655836295952,0.152665841334007,0.112839969681657,2,0.000104607981588995,0.0180503027156232,0.00101061141990905,0.0132752905507832,"sm1"
"233","O",18754,20396,1,2,0,1,14,18,233,1560,0.000641025641025641,0,5.33219579822971e-05,0.5,5.38892520964146,0.406398370155606,15.1758432454533,0.58754236287326,2.33979351370711,0.0518810824814248,6.92936735836491,0.0389267418941074,"2","1","SC3_15","s3",15,118.202139105537,108.686159873762,1560,118.758516736577,0.117886282051282,0.151568076923077,0.5,5.33219579822971e-05,0.00920080349845366,0.000641025641025641,0.00842044871794872,"sm1"
"234","O",20583,25480,0,2,0,0,12,5,234,1865,0,0,0,0,4.82121638953686,0.404537939557357,7.80272830724716,0.557324431160867,1.64937044693371,0.0407451142049625,0.617574524911592,0.0239425138622742,"2","2","SC3_15","s3",15,147.665743499171,119.285871210496,1865,141.977329303664,0.0845205361930295,0.0352168900804289,0,0,0,0,0,"sm1"
"235","O",32192,22174,1,2,0,1,19,14,235,2811,0.000355745286374956,0,3.10636182902584e-05,0.5,5.82740681736093,0.440511045155346,12.3422173517091,0.656866748302999,2.5119232348341,0.0793422380812342,4.37762590369121,0.0512786375322173,"2","3","SC3_15","s3",15,128.506287140919,186.564192100679,2811,213.993711888793,0.0887876556385628,0.0654224831020989,0.5,3.10636182902584e-05,0.00536008538798459,0.000355745286374956,0.00467303450729278,"sm1"
"236","O",18261,21630,6,2,0,4,29,18,236,1822,0.0021953896816685,0,0.000219046054432945,2,5.70932404902475,0.423090286575287,13.9294346736537,0.503816451873947,2.90967775747444,0.0747230180380389,7.21097483354388,0.069290309301142,"2","4","SC3_15","s3",15,125.353611926494,105.829047960689,1822,138.703857367976,0.209078540065862,0.129772886937431,2,0.000219046054432945,0.0377968060478616,0.0021953896816685,0.0288384193194292,"sm1"
"237","O",9936,28481,2,2,0,2,12,9,237,949,0.00210748155953635,0,0.000201288244766506,1,6.50595482935508,0.410791297585023,18.6934463414881,0.614211860134226,4.62275369535308,0.0566631905994299,9.15654834126135,0.0417167343932607,"2","5","SC3_15","s3",15,165.057615408159,57.5826855340565,949,72.2447643480843,0.166102002107482,0.124576501580611,1,0.000201288244766506,0.0347326628039452,0.00210748155953635,0.0276836670179136,"sm1"
"238","O",27522,55921,2,4,0,2,16,16,238,2847,0.000702493853178785,0,7.26691374173389e-05,0.5,5.43152513168752,0.420063099425768,8.71651026699692,0.42597490374996,2.15949971840073,0.0585866523563408,2.4281405233317,0.0370989340386811,"2","6","SC3_15","s3",15,324.082262253419,159.499866270964,2847,216.734293044253,0.0738231120477696,0.0738231120477696,0.5,7.26691374173389e-05,0.0125391954661725,0.000702493853178785,0.0092278890059712,"sm1"
"239","O",20980,10655,0,1,0,0,5,1,239,2466,0,0,0,0,4.71922179460526,0.360903964050305,13.6180360615253,0.592088524414145,1.51186709159123,0.0269258886082328,0,0,"2","7","SC3_15","s3",15,61.7495485472395,121.586628673964,2466,187.729809148973,0.0266340227088402,0.00532680454176805,0,0,0,0,0,"sm1"
"240","O",9267,13542,1,1,0,2,9,11,240,778,0.0025706940874036,0,0.000215819574835438,2,5.68134077058898,0.43313801142478,11.3111855523153,0.560568472394859,2.58337005144462,0.0662740904945265,3.99082851806622,0.0681269234354779,"2","8","SC3_15","s3",15,78.4807495473222,53.7055904633758,778,59.2270038596518,0.151957712082262,0.185726092544987,2,0.000215819574835438,0.0372400709636344,0.0025706940874036,0.0337683804627249,"sm1"
